{"id": 14630, "crash_type": "Use-of-uninitialized-value", "crash_address": "", "crash_state": "sha512_compress\nsha512_process\nfinish_kexhashbuf\n", "crash_state_lines": ["sha512_compress", "sha512_process", "finish_kexhashbuf"], "crash_revision": 1, "csrf_token": "D6S+cXG/eQvjQp1jhkN2Yfq5FoCaAiuUjD0oLthouNSAPb8xaAgWvNikB3AHnFnrgfWQIz/OKB4owWUbxHHo3A==", "external_user": false, "footer": "[2021-11-29 00:09:26 UTC] comput7-20211128-16:41: Fuzz task : Fuzzer libFuzzer_fuzzer-kexecdh generated testcase crashed in 6 seconds (r1).\n[2021-11-29 00:11:36 UTC] snode3-20211128-16:45: Minimize task started.\n[2021-11-30 00:10:54 UTC] snode11-20211129-17:27: Progression task started.\n[2021-11-30 00:12:25 UTC] snode11-20211129-17:27: Progression task finished: still crashes on latest custom build.\n", "formatted_reproduction_help": "", "fixed": "NO", "fixed_full": null, "issue_url": null, "is_admin": true, "metadata": {"build_key": "da3bfdd8-005e-407c-95df-0c5c98d9ce82", "env": {"MSAN_OPTIONS": {}}, "fuzzer_binary_name": "fuzzer-kexecdh", "fuzzing_strategies": {"mutator_plugin_radamsa": 1}, "last_tested_crash_revision": null, "last_tested_crash_time": 1638231145, "last_tested_revision": null}, "minimized_testcase_size": "142 B", "needs_refresh": false, "original_testcase_size": "142 B", "privileged_user": true, "regression": "NA", "crash_stacktrace": {"lines": [{"lineNumber": 1, "content": "[Environment] MSAN_OPTIONS=allocator_release_to_os_interval_ms=500:exitcode=77:halt_on_error=1:handle_abort=2:handle_segv=2:handle_sigbus=2:handle_sigfpe=2:handle_sigill=2:print_stats=1:print_summary=1:symbolize=0:use_sigaltstack=1", "important": false, "type": "Line"}, {"lineNumber": 2, "content": "+----------------------------------------Release Build Stacktrace----------------------------------------+", "important": false, "type": "Line"}, {"lineNumber": 3, "content": "Dropbear fuzzer: Disabling stderr output", "important": false, "type": "Line"}, {"lineNumber": 4, "content": "Dropbear fuzzer: Disabling stderr output", "important": false, "type": "Line"}, {"lineNumber": 5, "content": "INFO: found LLVMFuzzerCustomMutator (0x7f8d5336cf90). Disabling -len_control by default.", "important": false, "type": "Line"}, {"lineNumber": 6, "content": "INFO: Running with entropic power schedule (0xFF, 100).", "important": false, "type": "Line"}, {"lineNumber": 7, "content": "INFO: Seed: 1069882741", "important": false, "type": "Line"}, {"lineNumber": 8, "content": "INFO: Loaded 1 modules   (6906 inline 8-bit counters): 6906 [0x6d5b6d, 0x6d7667),", "important": false, "type": "Line"}, {"lineNumber": 9, "content": "INFO: Loaded 1 PC tables (6906 PCs): 6906 [0x669d78,0x684d18),", "important": false, "type": "Line"}, {"lineNumber": 10, "content": "INFO:        0 files found in /clusterfuzz/run_bot/clusterfuzz/bot/inputs/fuzzer-testcases-disk/temp-19/new", "important": false, "type": "Line"}, {"lineNumber": 11, "content": "INFO:        0 files found in /clusterfuzz/run_bot/clusterfuzz/bot/inputs/fuzzer-testcases-disk/temp-19/mutations", "important": false, "type": "Line"}, {"lineNumber": 12, "content": "INFO:     1404 files found in /clusterfuzz/run_bot/clusterfuzz/bot/inputs/data-bundles/fuzzer-kexecdh", "important": false, "type": "Line"}, {"lineNumber": 13, "content": "INFO: seed corpus: files: 1404 min: 1b max: 32767b total: 882698b rss: 81Mb", "important": false, "type": "Line"}, {"lineNumber": 14, "content": "==129443==WARNING: MemorySanitizer: use-of-uninitialized-value", "important": false, "type": "Line"}, {"lineNumber": 15, "content": "    #0 0x5e62ca in sha512_compress /src/dropbear/libtomcrypt/src/hashes/sha2/sha512.c:112:16", "important": true, "type": "Line"}, {"lineNumber": 16, "content": "    #1 0x5e4ba9 in sha512_process /src/dropbear/libtomcrypt/src/hashes/sha2/sha512.c:196:1", "important": true, "type": "Line"}, {"lineNumber": 17, "content": "    #2 0x588b05 in finish_kexhashbuf /src/dropbear/common-kex.c:793:2", "important": true, "type": "Line"}, {"lineNumber": 18, "content": "    #3 0x58945a in kexecdh_comb_key /src/dropbear/common-kex.c:719:2", "important": false, "type": "Line"}, {"lineNumber": 19, "content": "    #4 0x52a59f in LLVMFuzzerTestOneInput /src/dropbear/fuzz/fuzzer-kexecdh.c:64:3", "important": false, "type": "Line"}, {"lineNumber": 20, "content": "    #5 0x457ba3 in fuzzer::Fuzzer::ExecuteCallback(unsigned char const*, unsigned long) cxa_noexception.cpp:0", "important": false, "type": "Line"}, {"lineNumber": 21, "content": "    #6 0x45738a in fuzzer::Fuzzer::RunOne(unsigned char const*, unsigned long, bool, fuzzer::InputInfo*, bool, bool*) cxa_noexception.cpp:0", "important": false, "type": "Line"}, {"lineNumber": 22, "content": "    #7 0x4591e4 in fuzzer::Fuzzer::ReadAndExecuteSeedCorpora(std::__Fuzzer::vector&lt;fuzzer::SizedFile, std::__Fuzzer::allocator&lt;fuzzer::SizedFile&gt; &gt;&amp;) cxa_noexception.cpp:0", "important": false, "type": "Line"}, {"lineNumber": 23, "content": "    #8 0x459419 in fuzzer::Fuzzer::Loop(std::__Fuzzer::vector&lt;fuzzer::SizedFile, std::__Fuzzer::allocator&lt;fuzzer::SizedFile&gt; &gt;&amp;) cxa_noexception.cpp:0", "important": false, "type": "Line"}, {"lineNumber": 24, "content": "    #9 0x448e5d in fuzzer::FuzzerDriver(int*, char***, int (*)(unsigned char const*, unsigned long)) cxa_noexception.cpp:0", "important": false, "type": "Line"}, {"lineNumber": 25, "content": "    #10 0x471ea2 in main /src/llvm-project/compiler-rt/lib/fuzzer/FuzzerMain.cpp:20:10", "important": false, "type": "Line"}, {"lineNumber": 26, "content": "    #11 0x7f8d52f860b2 in __libc_start_main", "important": false, "type": "Line"}, {"lineNumber": 27, "content": "    #12 0x42073d in _start", "important": false, "type": "Line"}, {"lineNumber": 28, "content": "", "important": false, "type": "Line"}, {"lineNumber": 29, "content": "  Uninitialized value was stored to memory at", "important": false, "type": "Line"}, {"lineNumber": 30, "content": "    #0 0x5e5992 in sha512_compress /src/dropbear/libtomcrypt/src/hashes/sha2/sha512.c:107:9", "important": true, "type": "Line"}, {"lineNumber": 31, "content": "    #1 0x5e4ba9 in sha512_process /src/dropbear/libtomcrypt/src/hashes/sha2/sha512.c:196:1", "important": true, "type": "Line"}, {"lineNumber": 32, "content": "    #2 0x588b05 in finish_kexhashbuf /src/dropbear/common-kex.c:793:2", "important": true, "type": "Line"}, {"lineNumber": 33, "content": "    #3 0x58945a in kexecdh_comb_key /src/dropbear/common-kex.c:719:2", "important": false, "type": "Line"}, {"lineNumber": 34, "content": "    #4 0x52a59f in LLVMFuzzerTestOneInput /src/dropbear/fuzz/fuzzer-kexecdh.c:64:3", "important": false, "type": "Line"}, {"lineNumber": 35, "content": "    #5 0x457ba3 in fuzzer::Fuzzer::ExecuteCallback(unsigned char const*, unsigned long) cxa_noexception.cpp:0", "important": false, "type": "Line"}, {"lineNumber": 36, "content": "    #6 0x45738a in fuzzer::Fuzzer::RunOne(unsigned char const*, unsigned long, bool, fuzzer::InputInfo*, bool, bool*) cxa_noexception.cpp:0", "important": false, "type": "Line"}, {"lineNumber": 37, "content": "    #7 0x4591e4 in fuzzer::Fuzzer::ReadAndExecuteSeedCorpora(std::__Fuzzer::vector&lt;fuzzer::SizedFile, std::__Fuzzer::allocator&lt;fuzzer::SizedFile&gt; &gt;&amp;) cxa_noexception.cpp:0", "important": false, "type": "Line"}, {"lineNumber": 38, "content": "    #8 0x459419 in fuzzer::Fuzzer::Loop(std::__Fuzzer::vector&lt;fuzzer::SizedFile, std::__Fuzzer::allocator&lt;fuzzer::SizedFile&gt; &gt;&amp;) cxa_noexception.cpp:0", "important": false, "type": "Line"}, {"lineNumber": 39, "content": "    #9 0x448e5d in fuzzer::FuzzerDriver(int*, char***, int (*)(unsigned char const*, unsigned long)) cxa_noexception.cpp:0", "important": false, "type": "Line"}, {"lineNumber": 40, "content": "    #10 0x471ea2 in main /src/llvm-project/compiler-rt/lib/fuzzer/FuzzerMain.cpp:20:10", "important": false, "type": "Line"}, {"lineNumber": 41, "content": "    #11 0x7f8d52f860b2 in __libc_start_main", "important": false, "type": "Line"}, {"lineNumber": 42, "content": "", "important": false, "type": "Line"}, {"lineNumber": 43, "content": "  Uninitialized value was stored to memory at", "important": false, "type": "Line"}, {"lineNumber": 44, "content": "    #0 0x4cfc99 in __msan_memcpy /src/llvm-project/compiler-rt/lib/msan/msan_interceptors.cpp:1585:3", "important": false, "type": "Line"}, {"lineNumber": 45, "content": "    #1 0x5f71db in ecc_ansi_x963_export /src/dropbear/libtomcrypt/src/pk/ecc/ecc_ansi_x963_export.c:62:4", "important": false, "type": "Line"}, {"lineNumber": 46, "content": "    #2 0x546fef in buf_put_ecc_raw_pubkey_string /src/dropbear/ecc.c:139:8", "important": false, "type": "Line"}, {"lineNumber": 47, "content": "    #3 0x5893ba in kexecdh_comb_key /src/dropbear/common-kex.c:709:2", "important": false, "type": "Line"}, {"lineNumber": 48, "content": "    #4 0x52a59f in LLVMFuzzerTestOneInput /src/dropbear/fuzz/fuzzer-kexecdh.c:64:3", "important": false, "type": "Line"}, {"lineNumber": 49, "content": "    #5 0x457ba3 in fuzzer::Fuzzer::ExecuteCallback(unsigned char const*, unsigned long) cxa_noexception.cpp:0", "important": false, "type": "Line"}, {"lineNumber": 50, "content": "    #6 0x45738a in fuzzer::Fuzzer::RunOne(unsigned char const*, unsigned long, bool, fuzzer::InputInfo*, bool, bool*) cxa_noexception.cpp:0", "important": false, "type": "Line"}, {"lineNumber": 51, "content": "    #7 0x4591e4 in fuzzer::Fuzzer::ReadAndExecuteSeedCorpora(std::__Fuzzer::vector&lt;fuzzer::SizedFile, std::__Fuzzer::allocator&lt;fuzzer::SizedFile&gt; &gt;&amp;) cxa_noexception.cpp:0", "important": false, "type": "Line"}, {"lineNumber": 52, "content": "    #8 0x459419 in fuzzer::Fuzzer::Loop(std::__Fuzzer::vector&lt;fuzzer::SizedFile, std::__Fuzzer::allocator&lt;fuzzer::SizedFile&gt; &gt;&amp;) cxa_noexception.cpp:0", "important": false, "type": "Line"}, {"lineNumber": 53, "content": "    #9 0x448e5d in fuzzer::FuzzerDriver(int*, char***, int (*)(unsigned char const*, unsigned long)) cxa_noexception.cpp:0", "important": false, "type": "Line"}, {"lineNumber": 54, "content": "    #10 0x471ea2 in main /src/llvm-project/compiler-rt/lib/fuzzer/FuzzerMain.cpp:20:10", "important": false, "type": "Line"}, {"lineNumber": 55, "content": "    #11 0x7f8d52f860b2 in __libc_start_main", "important": false, "type": "Line"}, {"lineNumber": 56, "content": "", "important": false, "type": "Line"}, {"lineNumber": 57, "content": "  Uninitialized value was created by an allocation of &#x27;buf&#x27; in the stack frame of function &#x27;ecc_ansi_x963_export&#x27;", "important": false, "type": "Line"}, {"lineNumber": 58, "content": "    #0 0x5f6b10 in ecc_ansi_x963_export /src/dropbear/libtomcrypt/src/pk/ecc/ecc_ansi_x963_export.c:31", "important": false, "type": "Line"}, {"lineNumber": 59, "content": "", "important": false, "type": "Line"}, {"lineNumber": 60, "content": "SUMMARY: MemorySanitizer: use-of-uninitialized-value (/clusterfuzz/run_bot/clusterfuzz/bot/builds/dropbear_libfuzzer_msan/custom/fuzzer-kexecdh+0x5e62ca)", "important": false, "type": "Line"}, {"lineNumber": 61, "content": "Unique heap origins: 479", "important": false, "type": "Line"}, {"lineNumber": 62, "content": "Stack depot allocated bytes: 1900544", "important": false, "type": "Line"}, {"lineNumber": 63, "content": "Unique origin histories: 221", "important": false, "type": "Line"}, {"lineNumber": 64, "content": "History depot allocated bytes: 196608", "important": false, "type": "Line"}, {"lineNumber": 65, "content": "Exiting", "important": false, "type": "Line"}, {"lineNumber": 66, "content": "MS: 0 ; base unit: 0000000000000000000000000000000000000000", "important": false, "type": "Line"}, {"lineNumber": 67, "content": "0x2,0x0,0x0,0x1,0xf1,0x0,0x0,0x0,0x85,0x4,0x1,0xea,0x34,0xc9,0xa8,0xae,0x22,0x99,0xf8,0xb8,0x16,0xa8,0x5b,0x62,0x1e,0xe2,0x97,0x9d,0x6f,0xa9,0x41,0x34,0x4,0x64,0x93,0x1b,0x55,0x9a,0x20,0x69,0xfb,0xdf,0xc2,0xaf,0xf9,0xb9,0x68,0x2e,0xee,0xdd,0xae,0x87,0x3c,0xea,0xfd,0x63,0x88,0x35,0x5a,0x12,0x73,0x28,0x68,0x5a,0x66,0x60,0x7a,0x68,0xee,0xae,0x9e,0x91,0xd3,0x57,0x62,0xfa,0x1,0x91,0x90,0x2d,0x4,0x8a,0xb8,0xc6,0xe4,0x4b,0x70,0x7a,0x28,0x8d,0x22,0xe6,0xb8,0x84,0xc7,0x68,0x41,0xd4,0x77,0xea,0xa,0x3e,0x4a,0xbe,0xec,0xc,0x57,0x47,0x82,0x1d,0x17,0xb0,0xdc,0xf,0x20,0x73,0x2,0x57,0x2f,0x27,0xf7,0x40,0x1d,0x8,0x7e,0xa5,0xff,0xea,0xd2,0x5,0x90,0xeb,0x41,0xfe,0xe,0x50,0xdd,0xa0,0x61,0xc9,0xec,0x1,", "important": false, "type": "Line"}, {"lineNumber": 68, "content": "\\002\\000\\000\\001\\361\\000\\000\\000\\205\\004\\001\\3524\\311\\250\\256\\&quot;\\231\\370\\270\\026\\250[b\\036\\342\\227\\235o\\251A4\\004d\\223\\033U\\232 i\\373\\337\\302\\257\\371\\271h.\\356\\335\\256\\207&lt;\\352\\375c\\2105Z\\022s(hZf`zh\\356\\256\\236\\221\\323Wb\\372\\001\\221\\220-\\004\\212\\270\\306\\344Kpz(\\215\\&quot;\\346\\270\\204\\307hA\\324w\\352\\012&gt;J\\276\\354\\014WG\\202\\035\\027\\260\\334\\017 s\\002W/&#x27;\\367@\\035\\010~\\245\\377\\352\\322\\005\\220\\353A\\376\\016P\\335\\240a\\311\\354\\001", "important": false, "type": "Line"}, {"lineNumber": 69, "content": "artifact_prefix=&#x27;/clusterfuzz/run_bot/clusterfuzz/bot/inputs/fuzzer-testcases/&#x27;; Test unit written to /clusterfuzz/run_bot/clusterfuzz/bot/inputs/fuzzer-testcases/crash-70314e9086a7430b88d378ec537db3987f1946d8", "important": false, "type": "Line"}, {"lineNumber": 70, "content": "Base64: AgAAAfEAAACFBAHqNMmoriKZ+LgWqFtiHuKXnW+pQTQEZJMbVZogafvfwq/5uWgu7t2uhzzq/WOINVoScyhoWmZgemjurp6R01di+gGRkC0EirjG5EtweiiNIua4hMdoQdR36go+Sr7sDFdHgh0XsNwPIHMCVy8n90AdCH6l/+rSBZDrQf4OUN2gYcnsAQ==", "important": false, "type": "Line"}, {"lineNumber": 71, "content": "stat::number_of_executed_units: 945", "important": false, "type": "Line"}, {"lineNumber": 72, "content": "stat::average_exec_per_sec:     315", "important": false, "type": "Line"}, {"lineNumber": 73, "content": "stat::new_units_added:          0", "important": false, "type": "Line"}, {"lineNumber": 74, "content": "stat::slowest_unit_time_sec:    0", "important": false, "type": "Line"}, {"lineNumber": 75, "content": "stat::peak_rss_mb:              81", "important": false, "type": "Line"}, {"lineNumber": 76, "content": "", "important": false, "type": "Line"}, {"lineNumber": 77, "content": "", "important": false, "type": "Line"}, {"lineNumber": 78, "content": "+----------------------------------------Release Build Unsymbolized Stacktrace (diff)----------------------------------------+", "important": false, "type": "Line"}, {"lineNumber": 79, "content": "", "important": false, "type": "Line"}, {"lineNumber": 80, "content": "INFO: seed corpus: files: 1404 min: 1b max: 32767b total: 882698b rss: 81Mb", "important": false, "type": "Line"}, {"lineNumber": 81, "content": "==129443==WARNING: MemorySanitizer: use-of-uninitialized-value", "important": false, "type": "Line"}, {"lineNumber": 82, "content": "    #0 0x5e62ca  (/clusterfuzz/run_bot/clusterfuzz/bot/builds/dropbear_libfuzzer_msan/custom/fuzzer-kexecdh+0x5e62ca)", "important": false, "type": "Line"}, {"lineNumber": 83, "content": "    #1 0x5e4ba9  (/clusterfuzz/run_bot/clusterfuzz/bot/builds/dropbear_libfuzzer_msan/custom/fuzzer-kexecdh+0x5e4ba9)", "important": false, "type": "Line"}, {"lineNumber": 84, "content": "    #2 0x588b05  (/clusterfuzz/run_bot/clusterfuzz/bot/builds/dropbear_libfuzzer_msan/custom/fuzzer-kexecdh+0x588b05)", "important": false, "type": "Line"}, {"lineNumber": 85, "content": "    #3 0x58945a  (/clusterfuzz/run_bot/clusterfuzz/bot/builds/dropbear_libfuzzer_msan/custom/fuzzer-kexecdh+0x58945a)", "important": false, "type": "Line"}, {"lineNumber": 86, "content": "    #4 0x52a59f  (/clusterfuzz/run_bot/clusterfuzz/bot/builds/dropbear_libfuzzer_msan/custom/fuzzer-kexecdh+0x52a59f)", "important": false, "type": "Line"}, {"lineNumber": 87, "content": "    #5 0x457ba3  (/clusterfuzz/run_bot/clusterfuzz/bot/builds/dropbear_libfuzzer_msan/custom/fuzzer-kexecdh+0x457ba3)", "important": false, "type": "Line"}, {"lineNumber": 88, "content": "    #6 0x45738a  (/clusterfuzz/run_bot/clusterfuzz/bot/builds/dropbear_libfuzzer_msan/custom/fuzzer-kexecdh+0x45738a)", "important": false, "type": "Line"}, {"lineNumber": 89, "content": "    #7 0x4591e4  (/clusterfuzz/run_bot/clusterfuzz/bot/builds/dropbear_libfuzzer_msan/custom/fuzzer-kexecdh+0x4591e4)", "important": false, "type": "Line"}, {"lineNumber": 90, "content": "    #8 0x459419  (/clusterfuzz/run_bot/clusterfuzz/bot/builds/dropbear_libfuzzer_msan/custom/fuzzer-kexecdh+0x459419)", "important": false, "type": "Line"}, {"lineNumber": 91, "content": "    #9 0x448e5d  (/clusterfuzz/run_bot/clusterfuzz/bot/builds/dropbear_libfuzzer_msan/custom/fuzzer-kexecdh+0x448e5d)", "important": false, "type": "Line"}, {"lineNumber": 92, "content": "    #10 0x471ea2  (/clusterfuzz/run_bot/clusterfuzz/bot/builds/dropbear_libfuzzer_msan/custom/fuzzer-kexecdh+0x471ea2)", "important": false, "type": "Line"}, {"lineNumber": 93, "content": "    #11 0x7f8d52f860b2  (/lib/x86_64-linux-gnu/libc.so.6+0x270b2)", "important": false, "type": "Line"}, {"lineNumber": 94, "content": "    #12 0x42073d  (/clusterfuzz/run_bot/clusterfuzz/bot/builds/dropbear_libfuzzer_msan/custom/fuzzer-kexecdh+0x42073d)", "important": false, "type": "Line"}, {"lineNumber": 95, "content": "", "important": false, "type": "Line"}, {"lineNumber": 96, "content": "  Uninitialized value was stored to memory at", "important": false, "type": "Line"}, {"lineNumber": 97, "content": "    #0 0x5e5992  (/clusterfuzz/run_bot/clusterfuzz/bot/builds/dropbear_libfuzzer_msan/custom/fuzzer-kexecdh+0x5e5992)", "important": false, "type": "Line"}, {"lineNumber": 98, "content": "    #1 0x5e4ba9  (/clusterfuzz/run_bot/clusterfuzz/bot/builds/dropbear_libfuzzer_msan/custom/fuzzer-kexecdh+0x5e4ba9)", "important": false, "type": "Line"}, {"lineNumber": 99, "content": "    #2 0x588b05  (/clusterfuzz/run_bot/clusterfuzz/bot/builds/dropbear_libfuzzer_msan/custom/fuzzer-kexecdh+0x588b05)", "important": false, "type": "Line"}, {"lineNumber": 100, "content": "    #3 0x58945a  (/clusterfuzz/run_bot/clusterfuzz/bot/builds/dropbear_libfuzzer_msan/custom/fuzzer-kexecdh+0x58945a)", "important": false, "type": "Line"}, {"lineNumber": 101, "content": "    #4 0x52a59f  (/clusterfuzz/run_bot/clusterfuzz/bot/builds/dropbear_libfuzzer_msan/custom/fuzzer-kexecdh+0x52a59f)", "important": false, "type": "Line"}, {"lineNumber": 102, "content": "    #5 0x457ba3  (/clusterfuzz/run_bot/clusterfuzz/bot/builds/dropbear_libfuzzer_msan/custom/fuzzer-kexecdh+0x457ba3)", "important": false, "type": "Line"}, {"lineNumber": 103, "content": "    #6 0x45738a  (/clusterfuzz/run_bot/clusterfuzz/bot/builds/dropbear_libfuzzer_msan/custom/fuzzer-kexecdh+0x45738a)", "important": false, "type": "Line"}, {"lineNumber": 104, "content": "    #7 0x4591e4  (/clusterfuzz/run_bot/clusterfuzz/bot/builds/dropbear_libfuzzer_msan/custom/fuzzer-kexecdh+0x4591e4)", "important": false, "type": "Line"}, {"lineNumber": 105, "content": "    #8 0x459419  (/clusterfuzz/run_bot/clusterfuzz/bot/builds/dropbear_libfuzzer_msan/custom/fuzzer-kexecdh+0x459419)", "important": false, "type": "Line"}, {"lineNumber": 106, "content": "    #9 0x448e5d  (/clusterfuzz/run_bot/clusterfuzz/bot/builds/dropbear_libfuzzer_msan/custom/fuzzer-kexecdh+0x448e5d)", "important": false, "type": "Line"}, {"lineNumber": 107, "content": "    #10 0x471ea2  (/clusterfuzz/run_bot/clusterfuzz/bot/builds/dropbear_libfuzzer_msan/custom/fuzzer-kexecdh+0x471ea2)", "important": false, "type": "Line"}, {"lineNumber": 108, "content": "    #11 0x7f8d52f860b2  (/lib/x86_64-linux-gnu/libc.so.6+0x270b2)", "important": false, "type": "Line"}, {"lineNumber": 109, "content": "", "important": false, "type": "Line"}, {"lineNumber": 110, "content": "  Uninitialized value was stored to memory at", "important": false, "type": "Line"}, {"lineNumber": 111, "content": "    #0 0x4cfc99  (/clusterfuzz/run_bot/clusterfuzz/bot/builds/dropbear_libfuzzer_msan/custom/fuzzer-kexecdh+0x4cfc99)", "important": false, "type": "Line"}, {"lineNumber": 112, "content": "    #1 0x5f71db  (/clusterfuzz/run_bot/clusterfuzz/bot/builds/dropbear_libfuzzer_msan/custom/fuzzer-kexecdh+0x5f71db)", "important": false, "type": "Line"}, {"lineNumber": 113, "content": "    #2 0x546fef  (/clusterfuzz/run_bot/clusterfuzz/bot/builds/dropbear_libfuzzer_msan/custom/fuzzer-kexecdh+0x546fef)", "important": false, "type": "Line"}, {"lineNumber": 114, "content": "    #3 0x5893ba  (/clusterfuzz/run_bot/clusterfuzz/bot/builds/dropbear_libfuzzer_msan/custom/fuzzer-kexecdh+0x5893ba)", "important": false, "type": "Line"}, {"lineNumber": 115, "content": "    #4 0x52a59f  (/clusterfuzz/run_bot/clusterfuzz/bot/builds/dropbear_libfuzzer_msan/custom/fuzzer-kexecdh+0x52a59f)", "important": false, "type": "Line"}, {"lineNumber": 116, "content": "    #5 0x457ba3  (/clusterfuzz/run_bot/clusterfuzz/bot/builds/dropbear_libfuzzer_msan/custom/fuzzer-kexecdh+0x457ba3)", "important": false, "type": "Line"}, {"lineNumber": 117, "content": "    #6 0x45738a  (/clusterfuzz/run_bot/clusterfuzz/bot/builds/dropbear_libfuzzer_msan/custom/fuzzer-kexecdh+0x45738a)", "important": false, "type": "Line"}, {"lineNumber": 118, "content": "    #7 0x4591e4  (/clusterfuzz/run_bot/clusterfuzz/bot/builds/dropbear_libfuzzer_msan/custom/fuzzer-kexecdh+0x4591e4)", "important": false, "type": "Line"}, {"lineNumber": 119, "content": "    #8 0x459419  (/clusterfuzz/run_bot/clusterfuzz/bot/builds/dropbear_libfuzzer_msan/custom/fuzzer-kexecdh+0x459419)", "important": false, "type": "Line"}, {"lineNumber": 120, "content": "    #9 0x448e5d  (/clusterfuzz/run_bot/clusterfuzz/bot/builds/dropbear_libfuzzer_msan/custom/fuzzer-kexecdh+0x448e5d)", "important": false, "type": "Line"}, {"lineNumber": 121, "content": "    #10 0x471ea2  (/clusterfuzz/run_bot/clusterfuzz/bot/builds/dropbear_libfuzzer_msan/custom/fuzzer-kexecdh+0x471ea2)", "important": false, "type": "Line"}, {"lineNumber": 122, "content": "    #11 0x7f8d52f860b2  (/lib/x86_64-linux-gnu/libc.so.6+0x270b2)", "important": false, "type": "Line"}, {"lineNumber": 123, "content": "", "important": false, "type": "Line"}, {"lineNumber": 124, "content": "  Uninitialized value was created by an allocation of &#x27;buf&#x27; in the stack frame of function &#x27;ecc_ansi_x963_export&#x27;", "important": false, "type": "Line"}, {"lineNumber": 125, "content": "    #0 0x5f6b10  (/clusterfuzz/run_bot/clusterfuzz/bot/builds/dropbear_libfuzzer_msan/custom/fuzzer-kexecdh+0x5f6b10)", "important": false, "type": "Line"}], "revision": "1"}, "last_tested_crash_stacktrace": {"lines": [{"lineNumber": 1, "content": "[Environment] MSAN_OPTIONS=exitcode=77", "important": false, "type": "Line"}, {"lineNumber": 2, "content": "+----------------------------------------Release Build Stacktrace----------------------------------------+", "important": false, "type": "Line"}, {"lineNumber": 3, "content": "Command: /clusterfuzz/run_bot/clusterfuzz/bot/builds/dropbear_libfuzzer_msan/custom/fuzzer-kexecdh -rss_limit_mb=2560 -timeout=60 -runs=100 /clusterfuzz/run_bot/clusterfuzz/bot/inputs/fuzzer-testcases/crash-70314e9086a7430b88d378ec537db3987f1946d8", "important": false, "type": "Line"}, {"lineNumber": 4, "content": "Time ran: 2.7259116172790527", "important": false, "type": "Line"}, {"lineNumber": 5, "content": "", "important": false, "type": "Line"}, {"lineNumber": 6, "content": "Dropbear fuzzer: Disabling stderr output", "important": false, "type": "Line"}, {"lineNumber": 7, "content": "Dropbear fuzzer: Disabling stderr output", "important": false, "type": "Line"}, {"lineNumber": 8, "content": "INFO: Running with entropic power schedule (0xFF, 100).", "important": false, "type": "Line"}, {"lineNumber": 9, "content": "INFO: Seed: 1769224693", "important": false, "type": "Line"}, {"lineNumber": 10, "content": "INFO: Loaded 1 modules   (6906 inline 8-bit counters): 6906 [0x6d5b6d, 0x6d7667),", "important": false, "type": "Line"}, {"lineNumber": 11, "content": "INFO: Loaded 1 PC tables (6906 PCs): 6906 [0x669d78,0x684d18),", "important": false, "type": "Line"}, {"lineNumber": 12, "content": "/clusterfuzz/run_bot/clusterfuzz/bot/builds/dropbear_libfuzzer_msan/custom/fuzzer-kexecdh: Running 1 inputs 100 time(s) each.", "important": false, "type": "Line"}, {"lineNumber": 13, "content": "Running: /clusterfuzz/run_bot/clusterfuzz/bot/inputs/fuzzer-testcases/crash-70314e9086a7430b88d378ec537db3987f1946d8", "important": false, "type": "Line"}, {"lineNumber": 14, "content": "==136057==WARNING: MemorySanitizer: use-of-uninitialized-value", "important": false, "type": "Line"}, {"lineNumber": 15, "content": "    #0 0x5e62ca in sha512_compress /src/dropbear/libtomcrypt/src/hashes/sha2/sha512.c:112:16", "important": true, "type": "Line"}, {"lineNumber": 16, "content": "    #1 0x5e4ba9 in sha512_process /src/dropbear/libtomcrypt/src/hashes/sha2/sha512.c:196:1", "important": true, "type": "Line"}, {"lineNumber": 17, "content": "    #2 0x588b05 in finish_kexhashbuf /src/dropbear/common-kex.c:793:2", "important": true, "type": "Line"}, {"lineNumber": 18, "content": "    #3 0x58945a in kexecdh_comb_key /src/dropbear/common-kex.c:719:2", "important": false, "type": "Line"}, {"lineNumber": 19, "content": "    #4 0x52a59f in LLVMFuzzerTestOneInput /src/dropbear/fuzz/fuzzer-kexecdh.c:64:3", "important": false, "type": "Line"}, {"lineNumber": 20, "content": "    #5 0x457ba3 in fuzzer::Fuzzer::ExecuteCallback(unsigned char const*, unsigned long) cxa_noexception.cpp:0", "important": false, "type": "Line"}, {"lineNumber": 21, "content": "    #6 0x4434b2 in fuzzer::RunOneTest(fuzzer::Fuzzer*, char const*, unsigned long) /src/llvm-project/compiler-rt/lib/fuzzer/FuzzerDriver.cpp:324:6", "important": false, "type": "Line"}, {"lineNumber": 22, "content": "    #7 0x448f7a in fuzzer::FuzzerDriver(int*, char***, int (*)(unsigned char const*, unsigned long)) cxa_noexception.cpp:0", "important": false, "type": "Line"}, {"lineNumber": 23, "content": "    #8 0x471ea2 in main /src/llvm-project/compiler-rt/lib/fuzzer/FuzzerMain.cpp:20:10", "important": false, "type": "Line"}, {"lineNumber": 24, "content": "    #9 0x7fbf7012a0b2 in __libc_start_main", "important": false, "type": "Line"}, {"lineNumber": 25, "content": "    #10 0x42073d in _start", "important": false, "type": "Line"}, {"lineNumber": 26, "content": "", "important": false, "type": "Line"}, {"lineNumber": 27, "content": "  Uninitialized value was stored to memory at", "important": false, "type": "Line"}, {"lineNumber": 28, "content": "    #0 0x5e5992 in sha512_compress /src/dropbear/libtomcrypt/src/hashes/sha2/sha512.c:107:9", "important": true, "type": "Line"}, {"lineNumber": 29, "content": "    #1 0x5e4ba9 in sha512_process /src/dropbear/libtomcrypt/src/hashes/sha2/sha512.c:196:1", "important": true, "type": "Line"}, {"lineNumber": 30, "content": "    #2 0x588b05 in finish_kexhashbuf /src/dropbear/common-kex.c:793:2", "important": true, "type": "Line"}, {"lineNumber": 31, "content": "    #3 0x58945a in kexecdh_comb_key /src/dropbear/common-kex.c:719:2", "important": false, "type": "Line"}, {"lineNumber": 32, "content": "    #4 0x52a59f in LLVMFuzzerTestOneInput /src/dropbear/fuzz/fuzzer-kexecdh.c:64:3", "important": false, "type": "Line"}, {"lineNumber": 33, "content": "    #5 0x457ba3 in fuzzer::Fuzzer::ExecuteCallback(unsigned char const*, unsigned long) cxa_noexception.cpp:0", "important": false, "type": "Line"}, {"lineNumber": 34, "content": "    #6 0x4434b2 in fuzzer::RunOneTest(fuzzer::Fuzzer*, char const*, unsigned long) /src/llvm-project/compiler-rt/lib/fuzzer/FuzzerDriver.cpp:324:6", "important": false, "type": "Line"}, {"lineNumber": 35, "content": "    #7 0x448f7a in fuzzer::FuzzerDriver(int*, char***, int (*)(unsigned char const*, unsigned long)) cxa_noexception.cpp:0", "important": false, "type": "Line"}, {"lineNumber": 36, "content": "    #8 0x471ea2 in main /src/llvm-project/compiler-rt/lib/fuzzer/FuzzerMain.cpp:20:10", "important": false, "type": "Line"}, {"lineNumber": 37, "content": "    #9 0x7fbf7012a0b2 in __libc_start_main", "important": false, "type": "Line"}, {"lineNumber": 38, "content": "", "important": false, "type": "Line"}, {"lineNumber": 39, "content": "  Uninitialized value was stored to memory at", "important": false, "type": "Line"}, {"lineNumber": 40, "content": "    #0 0x4cfc99 in __msan_memcpy /src/llvm-project/compiler-rt/lib/msan/msan_interceptors.cpp:1585:3", "important": false, "type": "Line"}, {"lineNumber": 41, "content": "    #1 0x5f71db in ecc_ansi_x963_export /src/dropbear/libtomcrypt/src/pk/ecc/ecc_ansi_x963_export.c:62:4", "important": false, "type": "Line"}, {"lineNumber": 42, "content": "    #2 0x546fef in buf_put_ecc_raw_pubkey_string /src/dropbear/ecc.c:139:8", "important": false, "type": "Line"}, {"lineNumber": 43, "content": "    #3 0x5893ba in kexecdh_comb_key /src/dropbear/common-kex.c:709:2", "important": false, "type": "Line"}, {"lineNumber": 44, "content": "    #4 0x52a59f in LLVMFuzzerTestOneInput /src/dropbear/fuzz/fuzzer-kexecdh.c:64:3", "important": false, "type": "Line"}, {"lineNumber": 45, "content": "    #5 0x457ba3 in fuzzer::Fuzzer::ExecuteCallback(unsigned char const*, unsigned long) cxa_noexception.cpp:0", "important": false, "type": "Line"}, {"lineNumber": 46, "content": "    #6 0x4434b2 in fuzzer::RunOneTest(fuzzer::Fuzzer*, char const*, unsigned long) /src/llvm-project/compiler-rt/lib/fuzzer/FuzzerDriver.cpp:324:6", "important": false, "type": "Line"}, {"lineNumber": 47, "content": "    #7 0x448f7a in fuzzer::FuzzerDriver(int*, char***, int (*)(unsigned char const*, unsigned long)) cxa_noexception.cpp:0", "important": false, "type": "Line"}, {"lineNumber": 48, "content": "    #8 0x471ea2 in main /src/llvm-project/compiler-rt/lib/fuzzer/FuzzerMain.cpp:20:10", "important": false, "type": "Line"}, {"lineNumber": 49, "content": "    #9 0x7fbf7012a0b2 in __libc_start_main", "important": false, "type": "Line"}, {"lineNumber": 50, "content": "", "important": false, "type": "Line"}, {"lineNumber": 51, "content": "  Uninitialized value was created by an allocation of &#x27;buf&#x27; in the stack frame of function &#x27;ecc_ansi_x963_export&#x27;", "important": false, "type": "Line"}, {"lineNumber": 52, "content": "    #0 0x5f6b10 in ecc_ansi_x963_export /src/dropbear/libtomcrypt/src/pk/ecc/ecc_ansi_x963_export.c:31", "important": false, "type": "Line"}, {"lineNumber": 53, "content": "", "important": false, "type": "Line"}, {"lineNumber": 54, "content": "SUMMARY: MemorySanitizer: use-of-uninitialized-value (/clusterfuzz/run_bot/clusterfuzz/bot/builds/dropbear_libfuzzer_msan/custom/fuzzer-kexecdh+0x5e62ca)", "important": false, "type": "Line"}, {"lineNumber": 55, "content": "Exiting", "important": false, "type": "Line"}, {"lineNumber": 56, "content": "", "important": false, "type": "Line"}, {"lineNumber": 57, "content": "", "important": false, "type": "Line"}, {"lineNumber": 58, "content": "+----------------------------------------Release Build Unsymbolized Stacktrace (diff)----------------------------------------+", "important": false, "type": "Line"}, {"lineNumber": 59, "content": "", "important": false, "type": "Line"}, {"lineNumber": 60, "content": "Running: /clusterfuzz/run_bot/clusterfuzz/bot/inputs/fuzzer-testcases/crash-70314e9086a7430b88d378ec537db3987f1946d8", "important": false, "type": "Line"}, {"lineNumber": 61, "content": "==136057==WARNING: MemorySanitizer: use-of-uninitialized-value", "important": false, "type": "Line"}, {"lineNumber": 62, "content": "    #0 0x5e62ca  (/clusterfuzz/run_bot/clusterfuzz/bot/builds/dropbear_libfuzzer_msan/custom/fuzzer-kexecdh+0x5e62ca)", "important": false, "type": "Line"}, {"lineNumber": 63, "content": "    #1 0x5e4ba9  (/clusterfuzz/run_bot/clusterfuzz/bot/builds/dropbear_libfuzzer_msan/custom/fuzzer-kexecdh+0x5e4ba9)", "important": false, "type": "Line"}, {"lineNumber": 64, "content": "    #2 0x588b05  (/clusterfuzz/run_bot/clusterfuzz/bot/builds/dropbear_libfuzzer_msan/custom/fuzzer-kexecdh+0x588b05)", "important": false, "type": "Line"}, {"lineNumber": 65, "content": "    #3 0x58945a  (/clusterfuzz/run_bot/clusterfuzz/bot/builds/dropbear_libfuzzer_msan/custom/fuzzer-kexecdh+0x58945a)", "important": false, "type": "Line"}, {"lineNumber": 66, "content": "    #4 0x52a59f  (/clusterfuzz/run_bot/clusterfuzz/bot/builds/dropbear_libfuzzer_msan/custom/fuzzer-kexecdh+0x52a59f)", "important": false, "type": "Line"}, {"lineNumber": 67, "content": "    #5 0x457ba3  (/clusterfuzz/run_bot/clusterfuzz/bot/builds/dropbear_libfuzzer_msan/custom/fuzzer-kexecdh+0x457ba3)", "important": false, "type": "Line"}, {"lineNumber": 68, "content": "    #6 0x4434b2  (/clusterfuzz/run_bot/clusterfuzz/bot/builds/dropbear_libfuzzer_msan/custom/fuzzer-kexecdh+0x4434b2)", "important": false, "type": "Line"}, {"lineNumber": 69, "content": "    #7 0x448f7a  (/clusterfuzz/run_bot/clusterfuzz/bot/builds/dropbear_libfuzzer_msan/custom/fuzzer-kexecdh+0x448f7a)", "important": false, "type": "Line"}, {"lineNumber": 70, "content": "    #8 0x471ea2  (/clusterfuzz/run_bot/clusterfuzz/bot/builds/dropbear_libfuzzer_msan/custom/fuzzer-kexecdh+0x471ea2)", "important": false, "type": "Line"}, {"lineNumber": 71, "content": "    #9 0x7fbf7012a0b2  (/lib/x86_64-linux-gnu/libc.so.6+0x270b2)", "important": false, "type": "Line"}, {"lineNumber": 72, "content": "    #10 0x42073d  (/clusterfuzz/run_bot/clusterfuzz/bot/builds/dropbear_libfuzzer_msan/custom/fuzzer-kexecdh+0x42073d)", "important": false, "type": "Line"}, {"lineNumber": 73, "content": "", "important": false, "type": "Line"}, {"lineNumber": 74, "content": "  Uninitialized value was stored to memory at", "important": false, "type": "Line"}, {"lineNumber": 75, "content": "    #0 0x5e5992  (/clusterfuzz/run_bot/clusterfuzz/bot/builds/dropbear_libfuzzer_msan/custom/fuzzer-kexecdh+0x5e5992)", "important": false, "type": "Line"}, {"lineNumber": 76, "content": "    #1 0x5e4ba9  (/clusterfuzz/run_bot/clusterfuzz/bot/builds/dropbear_libfuzzer_msan/custom/fuzzer-kexecdh+0x5e4ba9)", "important": false, "type": "Line"}, {"lineNumber": 77, "content": "    #2 0x588b05  (/clusterfuzz/run_bot/clusterfuzz/bot/builds/dropbear_libfuzzer_msan/custom/fuzzer-kexecdh+0x588b05)", "important": false, "type": "Line"}, {"lineNumber": 78, "content": "    #3 0x58945a  (/clusterfuzz/run_bot/clusterfuzz/bot/builds/dropbear_libfuzzer_msan/custom/fuzzer-kexecdh+0x58945a)", "important": false, "type": "Line"}, {"lineNumber": 79, "content": "    #4 0x52a59f  (/clusterfuzz/run_bot/clusterfuzz/bot/builds/dropbear_libfuzzer_msan/custom/fuzzer-kexecdh+0x52a59f)", "important": false, "type": "Line"}, {"lineNumber": 80, "content": "    #5 0x457ba3  (/clusterfuzz/run_bot/clusterfuzz/bot/builds/dropbear_libfuzzer_msan/custom/fuzzer-kexecdh+0x457ba3)", "important": false, "type": "Line"}, {"lineNumber": 81, "content": "    #6 0x4434b2  (/clusterfuzz/run_bot/clusterfuzz/bot/builds/dropbear_libfuzzer_msan/custom/fuzzer-kexecdh+0x4434b2)", "important": false, "type": "Line"}, {"lineNumber": 82, "content": "    #7 0x448f7a  (/clusterfuzz/run_bot/clusterfuzz/bot/builds/dropbear_libfuzzer_msan/custom/fuzzer-kexecdh+0x448f7a)", "important": false, "type": "Line"}, {"lineNumber": 83, "content": "    #8 0x471ea2  (/clusterfuzz/run_bot/clusterfuzz/bot/builds/dropbear_libfuzzer_msan/custom/fuzzer-kexecdh+0x471ea2)", "important": false, "type": "Line"}, {"lineNumber": 84, "content": "    #9 0x7fbf7012a0b2  (/lib/x86_64-linux-gnu/libc.so.6+0x270b2)", "important": false, "type": "Line"}, {"lineNumber": 85, "content": "", "important": false, "type": "Line"}, {"lineNumber": 86, "content": "  Uninitialized value was stored to memory at", "important": false, "type": "Line"}, {"lineNumber": 87, "content": "    #0 0x4cfc99  (/clusterfuzz/run_bot/clusterfuzz/bot/builds/dropbear_libfuzzer_msan/custom/fuzzer-kexecdh+0x4cfc99)", "important": false, "type": "Line"}, {"lineNumber": 88, "content": "    #1 0x5f71db  (/clusterfuzz/run_bot/clusterfuzz/bot/builds/dropbear_libfuzzer_msan/custom/fuzzer-kexecdh+0x5f71db)", "important": false, "type": "Line"}, {"lineNumber": 89, "content": "    #2 0x546fef  (/clusterfuzz/run_bot/clusterfuzz/bot/builds/dropbear_libfuzzer_msan/custom/fuzzer-kexecdh+0x546fef)", "important": false, "type": "Line"}, {"lineNumber": 90, "content": "    #3 0x5893ba  (/clusterfuzz/run_bot/clusterfuzz/bot/builds/dropbear_libfuzzer_msan/custom/fuzzer-kexecdh+0x5893ba)", "important": false, "type": "Line"}, {"lineNumber": 91, "content": "    #4 0x52a59f  (/clusterfuzz/run_bot/clusterfuzz/bot/builds/dropbear_libfuzzer_msan/custom/fuzzer-kexecdh+0x52a59f)", "important": false, "type": "Line"}, {"lineNumber": 92, "content": "    #5 0x457ba3  (/clusterfuzz/run_bot/clusterfuzz/bot/builds/dropbear_libfuzzer_msan/custom/fuzzer-kexecdh+0x457ba3)", "important": false, "type": "Line"}, {"lineNumber": 93, "content": "    #6 0x4434b2  (/clusterfuzz/run_bot/clusterfuzz/bot/builds/dropbear_libfuzzer_msan/custom/fuzzer-kexecdh+0x4434b2)", "important": false, "type": "Line"}, {"lineNumber": 94, "content": "    #7 0x448f7a  (/clusterfuzz/run_bot/clusterfuzz/bot/builds/dropbear_libfuzzer_msan/custom/fuzzer-kexecdh+0x448f7a)", "important": false, "type": "Line"}, {"lineNumber": 95, "content": "    #8 0x471ea2  (/clusterfuzz/run_bot/clusterfuzz/bot/builds/dropbear_libfuzzer_msan/custom/fuzzer-kexecdh+0x471ea2)", "important": false, "type": "Line"}, {"lineNumber": 96, "content": "    #9 0x7fbf7012a0b2  (/lib/x86_64-linux-gnu/libc.so.6+0x270b2)", "important": false, "type": "Line"}, {"lineNumber": 97, "content": "", "important": false, "type": "Line"}, {"lineNumber": 98, "content": "  Uninitialized value was created by an allocation of &#x27;buf&#x27; in the stack frame of function &#x27;ecc_ansi_x963_export&#x27;", "important": false, "type": "Line"}, {"lineNumber": 99, "content": "    #0 0x5f6b10  (/clusterfuzz/run_bot/clusterfuzz/bot/builds/dropbear_libfuzzer_msan/custom/fuzzer-kexecdh+0x5f6b10)", "important": false, "type": "Line"}], "revision": null}, "security_severity": "Medium", "security_severities": [{"value": 0, "name": "Critical"}, {"value": 1, "name": "High", "default": true}, {"value": 2, "name": "Medium"}, {"value": 3, "name": "Low"}, {"value": 4, "name": "Missing"}], "stats": {"min_hour": 1, "max_hour": 1}, "suspected_cls": null, "testcase": {"absolute_path": "/clusterfuzz/run_bot/clusterfuzz/bot/inputs/fuzzer-testcases/crash-70314e9086a7430b88d378ec537db3987f1946d8", "additional_metadata": "{\"build_key\": \"da3bfdd8-005e-407c-95df-0c5c98d9ce82\", \"env\": {\"MSAN_OPTIONS\": {}}, \"fuzzer_binary_name\": \"fuzzer-kexecdh\", \"fuzzing_strategies\": {\"mutator_plugin_radamsa\": 1}, \"last_tested_crash_revision\": null, \"last_tested_crash_time\": {\"__type__\": \"datetime\", \"day\": 30, \"hour\": 0, \"microsecond\": 58782, \"minute\": 12, \"month\": 11, \"second\": 25, \"year\": 2021}, \"last_tested_revision\": null}", "archive_filename": null, "archive_state": 0, "binary_flag": true, "bug_indices": [], "bug_information": "", "comments": "[2021-11-29 00:09:26 UTC] comput7-20211128-16:41: Fuzz task : Fuzzer libFuzzer_fuzzer-kexecdh generated testcase crashed in 6 seconds (r1).\n[2021-11-29 00:11:36 UTC] snode3-20211128-16:45: Minimize task started.\n[2021-11-30 00:10:54 UTC] snode11-20211129-17:27: Progression task started.\n[2021-11-30 00:12:25 UTC] snode11-20211129-17:27: Progression task finished: still crashes on latest custom build.\n", "crash_address": "", "crash_revision": 1, "crash_stacktrace": "[Environment] MSAN_OPTIONS=allocator_release_to_os_interval_ms=500:exitcode=77:halt_on_error=1:handle_abort=2:handle_segv=2:handle_sigbus=2:handle_sigfpe=2:handle_sigill=2:print_stats=1:print_summary=1:symbolize=0:use_sigaltstack=1\n+----------------------------------------Release Build Stacktrace----------------------------------------+\nDropbear fuzzer: Disabling stderr output\nDropbear fuzzer: Disabling stderr output\nINFO: found LLVMFuzzerCustomMutator (0x7f8d5336cf90). Disabling -len_control by default.\nINFO: Running with entropic power schedule (0xFF, 100).\nINFO: Seed: 1069882741\nINFO: Loaded 1 modules   (6906 inline 8-bit counters): 6906 [0x6d5b6d, 0x6d7667),\nINFO: Loaded 1 PC tables (6906 PCs): 6906 [0x669d78,0x684d18),\nINFO:        0 files found in /clusterfuzz/run_bot/clusterfuzz/bot/inputs/fuzzer-testcases-disk/temp-19/new\nINFO:        0 files found in /clusterfuzz/run_bot/clusterfuzz/bot/inputs/fuzzer-testcases-disk/temp-19/mutations\nINFO:     1404 files found in /clusterfuzz/run_bot/clusterfuzz/bot/inputs/data-bundles/fuzzer-kexecdh\nINFO: seed corpus: files: 1404 min: 1b max: 32767b total: 882698b rss: 81Mb\n==129443==WARNING: MemorySanitizer: use-of-uninitialized-value\n    #0 0x5e62ca in sha512_compress /src/dropbear/libtomcrypt/src/hashes/sha2/sha512.c:112:16\n    #1 0x5e4ba9 in sha512_process /src/dropbear/libtomcrypt/src/hashes/sha2/sha512.c:196:1\n    #2 0x588b05 in finish_kexhashbuf /src/dropbear/common-kex.c:793:2\n    #3 0x58945a in kexecdh_comb_key /src/dropbear/common-kex.c:719:2\n    #4 0x52a59f in LLVMFuzzerTestOneInput /src/dropbear/fuzz/fuzzer-kexecdh.c:64:3\n    #5 0x457ba3 in fuzzer::Fuzzer::ExecuteCallback(unsigned char const*, unsigned long) cxa_noexception.cpp:0\n    #6 0x45738a in fuzzer::Fuzzer::RunOne(unsigned char const*, unsigned long, bool, fuzzer::InputInfo*, bool, bool*) cxa_noexception.cpp:0\n    #7 0x4591e4 in fuzzer::Fuzzer::ReadAndExecuteSeedCorpora(std::__Fuzzer::vector<fuzzer::SizedFile, std::__Fuzzer::allocator<fuzzer::SizedFile> >&) cxa_noexception.cpp:0\n    #8 0x459419 in fuzzer::Fuzzer::Loop(std::__Fuzzer::vector<fuzzer::SizedFile, std::__Fuzzer::allocator<fuzzer::SizedFile> >&) cxa_noexception.cpp:0\n    #9 0x448e5d in fuzzer::FuzzerDriver(int*, char***, int (*)(unsigned char const*, unsigned long)) cxa_noexception.cpp:0\n    #10 0x471ea2 in main /src/llvm-project/compiler-rt/lib/fuzzer/FuzzerMain.cpp:20:10\n    #11 0x7f8d52f860b2 in __libc_start_main\n    #12 0x42073d in _start\n\n  Uninitialized value was stored to memory at\n    #0 0x5e5992 in sha512_compress /src/dropbear/libtomcrypt/src/hashes/sha2/sha512.c:107:9\n    #1 0x5e4ba9 in sha512_process /src/dropbear/libtomcrypt/src/hashes/sha2/sha512.c:196:1\n    #2 0x588b05 in finish_kexhashbuf /src/dropbear/common-kex.c:793:2\n    #3 0x58945a in kexecdh_comb_key /src/dropbear/common-kex.c:719:2\n    #4 0x52a59f in LLVMFuzzerTestOneInput /src/dropbear/fuzz/fuzzer-kexecdh.c:64:3\n    #5 0x457ba3 in fuzzer::Fuzzer::ExecuteCallback(unsigned char const*, unsigned long) cxa_noexception.cpp:0\n    #6 0x45738a in fuzzer::Fuzzer::RunOne(unsigned char const*, unsigned long, bool, fuzzer::InputInfo*, bool, bool*) cxa_noexception.cpp:0\n    #7 0x4591e4 in fuzzer::Fuzzer::ReadAndExecuteSeedCorpora(std::__Fuzzer::vector<fuzzer::SizedFile, std::__Fuzzer::allocator<fuzzer::SizedFile> >&) cxa_noexception.cpp:0\n    #8 0x459419 in fuzzer::Fuzzer::Loop(std::__Fuzzer::vector<fuzzer::SizedFile, std::__Fuzzer::allocator<fuzzer::SizedFile> >&) cxa_noexception.cpp:0\n    #9 0x448e5d in fuzzer::FuzzerDriver(int*, char***, int (*)(unsigned char const*, unsigned long)) cxa_noexception.cpp:0\n    #10 0x471ea2 in main /src/llvm-project/compiler-rt/lib/fuzzer/FuzzerMain.cpp:20:10\n    #11 0x7f8d52f860b2 in __libc_start_main\n\n  Uninitialized value was stored to memory at\n    #0 0x4cfc99 in __msan_memcpy /src/llvm-project/compiler-rt/lib/msan/msan_interceptors.cpp:1585:3\n    #1 0x5f71db in ecc_ansi_x963_export /src/dropbear/libtomcrypt/src/pk/ecc/ecc_ansi_x963_export.c:62:4\n    #2 0x546fef in buf_put_ecc_raw_pubkey_string /src/dropbear/ecc.c:139:8\n    #3 0x5893ba in kexecdh_comb_key /src/dropbear/common-kex.c:709:2\n    #4 0x52a59f in LLVMFuzzerTestOneInput /src/dropbear/fuzz/fuzzer-kexecdh.c:64:3\n    #5 0x457ba3 in fuzzer::Fuzzer::ExecuteCallback(unsigned char const*, unsigned long) cxa_noexception.cpp:0\n    #6 0x45738a in fuzzer::Fuzzer::RunOne(unsigned char const*, unsigned long, bool, fuzzer::InputInfo*, bool, bool*) cxa_noexception.cpp:0\n    #7 0x4591e4 in fuzzer::Fuzzer::ReadAndExecuteSeedCorpora(std::__Fuzzer::vector<fuzzer::SizedFile, std::__Fuzzer::allocator<fuzzer::SizedFile> >&) cxa_noexception.cpp:0\n    #8 0x459419 in fuzzer::Fuzzer::Loop(std::__Fuzzer::vector<fuzzer::SizedFile, std::__Fuzzer::allocator<fuzzer::SizedFile> >&) cxa_noexception.cpp:0\n    #9 0x448e5d in fuzzer::FuzzerDriver(int*, char***, int (*)(unsigned char const*, unsigned long)) cxa_noexception.cpp:0\n    #10 0x471ea2 in main /src/llvm-project/compiler-rt/lib/fuzzer/FuzzerMain.cpp:20:10\n    #11 0x7f8d52f860b2 in __libc_start_main\n\n  Uninitialized value was created by an allocation of 'buf' in the stack frame of function 'ecc_ansi_x963_export'\n    #0 0x5f6b10 in ecc_ansi_x963_export /src/dropbear/libtomcrypt/src/pk/ecc/ecc_ansi_x963_export.c:31\n\nSUMMARY: MemorySanitizer: use-of-uninitialized-value (/clusterfuzz/run_bot/clusterfuzz/bot/builds/dropbear_libfuzzer_msan/custom/fuzzer-kexecdh+0x5e62ca)\nUnique heap origins: 479\nStack depot allocated bytes: 1900544\nUnique origin histories: 221\nHistory depot allocated bytes: 196608\nExiting\nMS: 0 ; base unit: 0000000000000000000000000000000000000000\n0x2,0x0,0x0,0x1,0xf1,0x0,0x0,0x0,0x85,0x4,0x1,0xea,0x34,0xc9,0xa8,0xae,0x22,0x99,0xf8,0xb8,0x16,0xa8,0x5b,0x62,0x1e,0xe2,0x97,0x9d,0x6f,0xa9,0x41,0x34,0x4,0x64,0x93,0x1b,0x55,0x9a,0x20,0x69,0xfb,0xdf,0xc2,0xaf,0xf9,0xb9,0x68,0x2e,0xee,0xdd,0xae,0x87,0x3c,0xea,0xfd,0x63,0x88,0x35,0x5a,0x12,0x73,0x28,0x68,0x5a,0x66,0x60,0x7a,0x68,0xee,0xae,0x9e,0x91,0xd3,0x57,0x62,0xfa,0x1,0x91,0x90,0x2d,0x4,0x8a,0xb8,0xc6,0xe4,0x4b,0x70,0x7a,0x28,0x8d,0x22,0xe6,0xb8,0x84,0xc7,0x68,0x41,0xd4,0x77,0xea,0xa,0x3e,0x4a,0xbe,0xec,0xc,0x57,0x47,0x82,0x1d,0x17,0xb0,0xdc,0xf,0x20,0x73,0x2,0x57,0x2f,0x27,0xf7,0x40,0x1d,0x8,0x7e,0xa5,0xff,0xea,0xd2,0x5,0x90,0xeb,0x41,0xfe,0xe,0x50,0xdd,0xa0,0x61,0xc9,0xec,0x1,\n\\002\\000\\000\\001\\361\\000\\000\\000\\205\\004\\001\\3524\\311\\250\\256\\\"\\231\\370\\270\\026\\250[b\\036\\342\\227\\235o\\251A4\\004d\\223\\033U\\232 i\\373\\337\\302\\257\\371\\271h.\\356\\335\\256\\207<\\352\\375c\\2105Z\\022s(hZf`zh\\356\\256\\236\\221\\323Wb\\372\\001\\221\\220-\\004\\212\\270\\306\\344Kpz(\\215\\\"\\346\\270\\204\\307hA\\324w\\352\\012>J\\276\\354\\014WG\\202\\035\\027\\260\\334\\017 s\\002W/'\\367@\\035\\010~\\245\\377\\352\\322\\005\\220\\353A\\376\\016P\\335\\240a\\311\\354\\001\nartifact_prefix='/clusterfuzz/run_bot/clusterfuzz/bot/inputs/fuzzer-testcases/'; Test unit written to /clusterfuzz/run_bot/clusterfuzz/bot/inputs/fuzzer-testcases/crash-70314e9086a7430b88d378ec537db3987f1946d8\nBase64: AgAAAfEAAACFBAHqNMmoriKZ+LgWqFtiHuKXnW+pQTQEZJMbVZogafvfwq/5uWgu7t2uhzzq/WOINVoScyhoWmZgemjurp6R01di+gGRkC0EirjG5EtweiiNIua4hMdoQdR36go+Sr7sDFdHgh0XsNwPIHMCVy8n90AdCH6l/+rSBZDrQf4OUN2gYcnsAQ==\nstat::number_of_executed_units: 945\nstat::average_exec_per_sec:     315\nstat::new_units_added:          0\nstat::slowest_unit_time_sec:    0\nstat::peak_rss_mb:              81\n\n\n+----------------------------------------Release Build Unsymbolized Stacktrace (diff)----------------------------------------+\n\nINFO: seed corpus: files: 1404 min: 1b max: 32767b total: 882698b rss: 81Mb\n==129443==WARNING: MemorySanitizer: use-of-uninitialized-value\n    #0 0x5e62ca  (/clusterfuzz/run_bot/clusterfuzz/bot/builds/dropbear_libfuzzer_msan/custom/fuzzer-kexecdh+0x5e62ca)\n    #1 0x5e4ba9  (/clusterfuzz/run_bot/clusterfuzz/bot/builds/dropbear_libfuzzer_msan/custom/fuzzer-kexecdh+0x5e4ba9)\n    #2 0x588b05  (/clusterfuzz/run_bot/clusterfuzz/bot/builds/dropbear_libfuzzer_msan/custom/fuzzer-kexecdh+0x588b05)\n    #3 0x58945a  (/clusterfuzz/run_bot/clusterfuzz/bot/builds/dropbear_libfuzzer_msan/custom/fuzzer-kexecdh+0x58945a)\n    #4 0x52a59f  (/clusterfuzz/run_bot/clusterfuzz/bot/builds/dropbear_libfuzzer_msan/custom/fuzzer-kexecdh+0x52a59f)\n    #5 0x457ba3  (/clusterfuzz/run_bot/clusterfuzz/bot/builds/dropbear_libfuzzer_msan/custom/fuzzer-kexecdh+0x457ba3)\n    #6 0x45738a  (/clusterfuzz/run_bot/clusterfuzz/bot/builds/dropbear_libfuzzer_msan/custom/fuzzer-kexecdh+0x45738a)\n    #7 0x4591e4  (/clusterfuzz/run_bot/clusterfuzz/bot/builds/dropbear_libfuzzer_msan/custom/fuzzer-kexecdh+0x4591e4)\n    #8 0x459419  (/clusterfuzz/run_bot/clusterfuzz/bot/builds/dropbear_libfuzzer_msan/custom/fuzzer-kexecdh+0x459419)\n    #9 0x448e5d  (/clusterfuzz/run_bot/clusterfuzz/bot/builds/dropbear_libfuzzer_msan/custom/fuzzer-kexecdh+0x448e5d)\n    #10 0x471ea2  (/clusterfuzz/run_bot/clusterfuzz/bot/builds/dropbear_libfuzzer_msan/custom/fuzzer-kexecdh+0x471ea2)\n    #11 0x7f8d52f860b2  (/lib/x86_64-linux-gnu/libc.so.6+0x270b2)\n    #12 0x42073d  (/clusterfuzz/run_bot/clusterfuzz/bot/builds/dropbear_libfuzzer_msan/custom/fuzzer-kexecdh+0x42073d)\n\n  Uninitialized value was stored to memory at\n    #0 0x5e5992  (/clusterfuzz/run_bot/clusterfuzz/bot/builds/dropbear_libfuzzer_msan/custom/fuzzer-kexecdh+0x5e5992)\n    #1 0x5e4ba9  (/clusterfuzz/run_bot/clusterfuzz/bot/builds/dropbear_libfuzzer_msan/custom/fuzzer-kexecdh+0x5e4ba9)\n    #2 0x588b05  (/clusterfuzz/run_bot/clusterfuzz/bot/builds/dropbear_libfuzzer_msan/custom/fuzzer-kexecdh+0x588b05)\n    #3 0x58945a  (/clusterfuzz/run_bot/clusterfuzz/bot/builds/dropbear_libfuzzer_msan/custom/fuzzer-kexecdh+0x58945a)\n    #4 0x52a59f  (/clusterfuzz/run_bot/clusterfuzz/bot/builds/dropbear_libfuzzer_msan/custom/fuzzer-kexecdh+0x52a59f)\n    #5 0x457ba3  (/clusterfuzz/run_bot/clusterfuzz/bot/builds/dropbear_libfuzzer_msan/custom/fuzzer-kexecdh+0x457ba3)\n    #6 0x45738a  (/clusterfuzz/run_bot/clusterfuzz/bot/builds/dropbear_libfuzzer_msan/custom/fuzzer-kexecdh+0x45738a)\n    #7 0x4591e4  (/clusterfuzz/run_bot/clusterfuzz/bot/builds/dropbear_libfuzzer_msan/custom/fuzzer-kexecdh+0x4591e4)\n    #8 0x459419  (/clusterfuzz/run_bot/clusterfuzz/bot/builds/dropbear_libfuzzer_msan/custom/fuzzer-kexecdh+0x459419)\n    #9 0x448e5d  (/clusterfuzz/run_bot/clusterfuzz/bot/builds/dropbear_libfuzzer_msan/custom/fuzzer-kexecdh+0x448e5d)\n    #10 0x471ea2  (/clusterfuzz/run_bot/clusterfuzz/bot/builds/dropbear_libfuzzer_msan/custom/fuzzer-kexecdh+0x471ea2)\n    #11 0x7f8d52f860b2  (/lib/x86_64-linux-gnu/libc.so.6+0x270b2)\n\n  Uninitialized value was stored to memory at\n    #0 0x4cfc99  (/clusterfuzz/run_bot/clusterfuzz/bot/builds/dropbear_libfuzzer_msan/custom/fuzzer-kexecdh+0x4cfc99)\n    #1 0x5f71db  (/clusterfuzz/run_bot/clusterfuzz/bot/builds/dropbear_libfuzzer_msan/custom/fuzzer-kexecdh+0x5f71db)\n    #2 0x546fef  (/clusterfuzz/run_bot/clusterfuzz/bot/builds/dropbear_libfuzzer_msan/custom/fuzzer-kexecdh+0x546fef)\n    #3 0x5893ba  (/clusterfuzz/run_bot/clusterfuzz/bot/builds/dropbear_libfuzzer_msan/custom/fuzzer-kexecdh+0x5893ba)\n    #4 0x52a59f  (/clusterfuzz/run_bot/clusterfuzz/bot/builds/dropbear_libfuzzer_msan/custom/fuzzer-kexecdh+0x52a59f)\n    #5 0x457ba3  (/clusterfuzz/run_bot/clusterfuzz/bot/builds/dropbear_libfuzzer_msan/custom/fuzzer-kexecdh+0x457ba3)\n    #6 0x45738a  (/clusterfuzz/run_bot/clusterfuzz/bot/builds/dropbear_libfuzzer_msan/custom/fuzzer-kexecdh+0x45738a)\n    #7 0x4591e4  (/clusterfuzz/run_bot/clusterfuzz/bot/builds/dropbear_libfuzzer_msan/custom/fuzzer-kexecdh+0x4591e4)\n    #8 0x459419  (/clusterfuzz/run_bot/clusterfuzz/bot/builds/dropbear_libfuzzer_msan/custom/fuzzer-kexecdh+0x459419)\n    #9 0x448e5d  (/clusterfuzz/run_bot/clusterfuzz/bot/builds/dropbear_libfuzzer_msan/custom/fuzzer-kexecdh+0x448e5d)\n    #10 0x471ea2  (/clusterfuzz/run_bot/clusterfuzz/bot/builds/dropbear_libfuzzer_msan/custom/fuzzer-kexecdh+0x471ea2)\n    #11 0x7f8d52f860b2  (/lib/x86_64-linux-gnu/libc.so.6+0x270b2)\n\n  Uninitialized value was created by an allocation of 'buf' in the stack frame of function 'ecc_ansi_x963_export'\n    #0 0x5f6b10  (/clusterfuzz/run_bot/clusterfuzz/bot/builds/dropbear_libfuzzer_msan/custom/fuzzer-kexecdh+0x5f6b10)\n", "crash_state": "sha512_compress\nsha512_process\nfinish_kexhashbuf\n", "crash_type": "Use-of-uninitialized-value", "disable_ubsan": false, "duplicate_of": null, "fixed": "", "flaky_stack": false, "fuzzed_keys": "bdb6cec2-48c4-4579-8a97-024e63d42eef", "fuzzer_name": "libFuzzer", "fuzzer_name_indices": ["libFuzzer", "libFuzzer_fuzzer-kexecdh"], "gestures": [], "group_bug_information": 0, "group_id": 0, "has_bug_flag": false, "http_flag": false, "impact_beta_version": null, "impact_beta_version_indices": [], "impact_beta_version_likely": null, "impact_extended_stable_version": null, "impact_extended_stable_version_indices": [], "impact_extended_stable_version_likely": null, "impact_head_version": null, "impact_head_version_indices": [], "impact_head_version_likely": null, "impact_indices": [], "impact_stable_version": null, "impact_stable_version_indices": [], "impact_stable_version_likely": null, "impact_version_indices": [], "is_a_duplicate_flag": false, "is_impact_set_flag": null, "is_leader": true, "job_type": "dropbear_libfuzzer_msan", "keywords": ["kexecdh", "libfuzzer_fuzzer-kexecdh", "sha512_process", "dropbear", "sha512", "fuzzer_fuzzer", "finish_kexhashbuf", "uninitialized-value", "libfuzzer", "finish", "use-of-uninitialized-value", "uninitialized", "use", "libfuzzer_fuzzer", "dropbear_libfuzzer_msan", "of-uninitialized-value", "fuzzer-kexecdh", "use-of-uninitialized", "fuzzer", "kexhashbuf", "sha512_compress", "of-uninitialized", "lib", "fuzzer_fuzzer-kexecdh", "use-of", "dropbear_libfuzzer", "of", "compress", "process", "libfuzzer_msan", "msan", "value", "linux"], "last_tested_crash_stacktrace": "[Environment] MSAN_OPTIONS=exitcode=77\n+----------------------------------------Release Build Stacktrace----------------------------------------+\nCommand: /clusterfuzz/run_bot/clusterfuzz/bot/builds/dropbear_libfuzzer_msan/custom/fuzzer-kexecdh -rss_limit_mb=2560 -timeout=60 -runs=100 /clusterfuzz/run_bot/clusterfuzz/bot/inputs/fuzzer-testcases/crash-70314e9086a7430b88d378ec537db3987f1946d8\nTime ran: 2.7259116172790527\n\nDropbear fuzzer: Disabling stderr output\nDropbear fuzzer: Disabling stderr output\nINFO: Running with entropic power schedule (0xFF, 100).\nINFO: Seed: 1769224693\nINFO: Loaded 1 modules   (6906 inline 8-bit counters): 6906 [0x6d5b6d, 0x6d7667),\nINFO: Loaded 1 PC tables (6906 PCs): 6906 [0x669d78,0x684d18),\n/clusterfuzz/run_bot/clusterfuzz/bot/builds/dropbear_libfuzzer_msan/custom/fuzzer-kexecdh: Running 1 inputs 100 time(s) each.\nRunning: /clusterfuzz/run_bot/clusterfuzz/bot/inputs/fuzzer-testcases/crash-70314e9086a7430b88d378ec537db3987f1946d8\n==136057==WARNING: MemorySanitizer: use-of-uninitialized-value\n    #0 0x5e62ca in sha512_compress /src/dropbear/libtomcrypt/src/hashes/sha2/sha512.c:112:16\n    #1 0x5e4ba9 in sha512_process /src/dropbear/libtomcrypt/src/hashes/sha2/sha512.c:196:1\n    #2 0x588b05 in finish_kexhashbuf /src/dropbear/common-kex.c:793:2\n    #3 0x58945a in kexecdh_comb_key /src/dropbear/common-kex.c:719:2\n    #4 0x52a59f in LLVMFuzzerTestOneInput /src/dropbear/fuzz/fuzzer-kexecdh.c:64:3\n    #5 0x457ba3 in fuzzer::Fuzzer::ExecuteCallback(unsigned char const*, unsigned long) cxa_noexception.cpp:0\n    #6 0x4434b2 in fuzzer::RunOneTest(fuzzer::Fuzzer*, char const*, unsigned long) /src/llvm-project/compiler-rt/lib/fuzzer/FuzzerDriver.cpp:324:6\n    #7 0x448f7a in fuzzer::FuzzerDriver(int*, char***, int (*)(unsigned char const*, unsigned long)) cxa_noexception.cpp:0\n    #8 0x471ea2 in main /src/llvm-project/compiler-rt/lib/fuzzer/FuzzerMain.cpp:20:10\n    #9 0x7fbf7012a0b2 in __libc_start_main\n    #10 0x42073d in _start\n\n  Uninitialized value was stored to memory at\n    #0 0x5e5992 in sha512_compress /src/dropbear/libtomcrypt/src/hashes/sha2/sha512.c:107:9\n    #1 0x5e4ba9 in sha512_process /src/dropbear/libtomcrypt/src/hashes/sha2/sha512.c:196:1\n    #2 0x588b05 in finish_kexhashbuf /src/dropbear/common-kex.c:793:2\n    #3 0x58945a in kexecdh_comb_key /src/dropbear/common-kex.c:719:2\n    #4 0x52a59f in LLVMFuzzerTestOneInput /src/dropbear/fuzz/fuzzer-kexecdh.c:64:3\n    #5 0x457ba3 in fuzzer::Fuzzer::ExecuteCallback(unsigned char const*, unsigned long) cxa_noexception.cpp:0\n    #6 0x4434b2 in fuzzer::RunOneTest(fuzzer::Fuzzer*, char const*, unsigned long) /src/llvm-project/compiler-rt/lib/fuzzer/FuzzerDriver.cpp:324:6\n    #7 0x448f7a in fuzzer::FuzzerDriver(int*, char***, int (*)(unsigned char const*, unsigned long)) cxa_noexception.cpp:0\n    #8 0x471ea2 in main /src/llvm-project/compiler-rt/lib/fuzzer/FuzzerMain.cpp:20:10\n    #9 0x7fbf7012a0b2 in __libc_start_main\n\n  Uninitialized value was stored to memory at\n    #0 0x4cfc99 in __msan_memcpy /src/llvm-project/compiler-rt/lib/msan/msan_interceptors.cpp:1585:3\n    #1 0x5f71db in ecc_ansi_x963_export /src/dropbear/libtomcrypt/src/pk/ecc/ecc_ansi_x963_export.c:62:4\n    #2 0x546fef in buf_put_ecc_raw_pubkey_string /src/dropbear/ecc.c:139:8\n    #3 0x5893ba in kexecdh_comb_key /src/dropbear/common-kex.c:709:2\n    #4 0x52a59f in LLVMFuzzerTestOneInput /src/dropbear/fuzz/fuzzer-kexecdh.c:64:3\n    #5 0x457ba3 in fuzzer::Fuzzer::ExecuteCallback(unsigned char const*, unsigned long) cxa_noexception.cpp:0\n    #6 0x4434b2 in fuzzer::RunOneTest(fuzzer::Fuzzer*, char const*, unsigned long) /src/llvm-project/compiler-rt/lib/fuzzer/FuzzerDriver.cpp:324:6\n    #7 0x448f7a in fuzzer::FuzzerDriver(int*, char***, int (*)(unsigned char const*, unsigned long)) cxa_noexception.cpp:0\n    #8 0x471ea2 in main /src/llvm-project/compiler-rt/lib/fuzzer/FuzzerMain.cpp:20:10\n    #9 0x7fbf7012a0b2 in __libc_start_main\n\n  Uninitialized value was created by an allocation of 'buf' in the stack frame of function 'ecc_ansi_x963_export'\n    #0 0x5f6b10 in ecc_ansi_x963_export /src/dropbear/libtomcrypt/src/pk/ecc/ecc_ansi_x963_export.c:31\n\nSUMMARY: MemorySanitizer: use-of-uninitialized-value (/clusterfuzz/run_bot/clusterfuzz/bot/builds/dropbear_libfuzzer_msan/custom/fuzzer-kexecdh+0x5e62ca)\nExiting\n\n\n+----------------------------------------Release Build Unsymbolized Stacktrace (diff)----------------------------------------+\n\nRunning: /clusterfuzz/run_bot/clusterfuzz/bot/inputs/fuzzer-testcases/crash-70314e9086a7430b88d378ec537db3987f1946d8\n==136057==WARNING: MemorySanitizer: use-of-uninitialized-value\n    #0 0x5e62ca  (/clusterfuzz/run_bot/clusterfuzz/bot/builds/dropbear_libfuzzer_msan/custom/fuzzer-kexecdh+0x5e62ca)\n    #1 0x5e4ba9  (/clusterfuzz/run_bot/clusterfuzz/bot/builds/dropbear_libfuzzer_msan/custom/fuzzer-kexecdh+0x5e4ba9)\n    #2 0x588b05  (/clusterfuzz/run_bot/clusterfuzz/bot/builds/dropbear_libfuzzer_msan/custom/fuzzer-kexecdh+0x588b05)\n    #3 0x58945a  (/clusterfuzz/run_bot/clusterfuzz/bot/builds/dropbear_libfuzzer_msan/custom/fuzzer-kexecdh+0x58945a)\n    #4 0x52a59f  (/clusterfuzz/run_bot/clusterfuzz/bot/builds/dropbear_libfuzzer_msan/custom/fuzzer-kexecdh+0x52a59f)\n    #5 0x457ba3  (/clusterfuzz/run_bot/clusterfuzz/bot/builds/dropbear_libfuzzer_msan/custom/fuzzer-kexecdh+0x457ba3)\n    #6 0x4434b2  (/clusterfuzz/run_bot/clusterfuzz/bot/builds/dropbear_libfuzzer_msan/custom/fuzzer-kexecdh+0x4434b2)\n    #7 0x448f7a  (/clusterfuzz/run_bot/clusterfuzz/bot/builds/dropbear_libfuzzer_msan/custom/fuzzer-kexecdh+0x448f7a)\n    #8 0x471ea2  (/clusterfuzz/run_bot/clusterfuzz/bot/builds/dropbear_libfuzzer_msan/custom/fuzzer-kexecdh+0x471ea2)\n    #9 0x7fbf7012a0b2  (/lib/x86_64-linux-gnu/libc.so.6+0x270b2)\n    #10 0x42073d  (/clusterfuzz/run_bot/clusterfuzz/bot/builds/dropbear_libfuzzer_msan/custom/fuzzer-kexecdh+0x42073d)\n\n  Uninitialized value was stored to memory at\n    #0 0x5e5992  (/clusterfuzz/run_bot/clusterfuzz/bot/builds/dropbear_libfuzzer_msan/custom/fuzzer-kexecdh+0x5e5992)\n    #1 0x5e4ba9  (/clusterfuzz/run_bot/clusterfuzz/bot/builds/dropbear_libfuzzer_msan/custom/fuzzer-kexecdh+0x5e4ba9)\n    #2 0x588b05  (/clusterfuzz/run_bot/clusterfuzz/bot/builds/dropbear_libfuzzer_msan/custom/fuzzer-kexecdh+0x588b05)\n    #3 0x58945a  (/clusterfuzz/run_bot/clusterfuzz/bot/builds/dropbear_libfuzzer_msan/custom/fuzzer-kexecdh+0x58945a)\n    #4 0x52a59f  (/clusterfuzz/run_bot/clusterfuzz/bot/builds/dropbear_libfuzzer_msan/custom/fuzzer-kexecdh+0x52a59f)\n    #5 0x457ba3  (/clusterfuzz/run_bot/clusterfuzz/bot/builds/dropbear_libfuzzer_msan/custom/fuzzer-kexecdh+0x457ba3)\n    #6 0x4434b2  (/clusterfuzz/run_bot/clusterfuzz/bot/builds/dropbear_libfuzzer_msan/custom/fuzzer-kexecdh+0x4434b2)\n    #7 0x448f7a  (/clusterfuzz/run_bot/clusterfuzz/bot/builds/dropbear_libfuzzer_msan/custom/fuzzer-kexecdh+0x448f7a)\n    #8 0x471ea2  (/clusterfuzz/run_bot/clusterfuzz/bot/builds/dropbear_libfuzzer_msan/custom/fuzzer-kexecdh+0x471ea2)\n    #9 0x7fbf7012a0b2  (/lib/x86_64-linux-gnu/libc.so.6+0x270b2)\n\n  Uninitialized value was stored to memory at\n    #0 0x4cfc99  (/clusterfuzz/run_bot/clusterfuzz/bot/builds/dropbear_libfuzzer_msan/custom/fuzzer-kexecdh+0x4cfc99)\n    #1 0x5f71db  (/clusterfuzz/run_bot/clusterfuzz/bot/builds/dropbear_libfuzzer_msan/custom/fuzzer-kexecdh+0x5f71db)\n    #2 0x546fef  (/clusterfuzz/run_bot/clusterfuzz/bot/builds/dropbear_libfuzzer_msan/custom/fuzzer-kexecdh+0x546fef)\n    #3 0x5893ba  (/clusterfuzz/run_bot/clusterfuzz/bot/builds/dropbear_libfuzzer_msan/custom/fuzzer-kexecdh+0x5893ba)\n    #4 0x52a59f  (/clusterfuzz/run_bot/clusterfuzz/bot/builds/dropbear_libfuzzer_msan/custom/fuzzer-kexecdh+0x52a59f)\n    #5 0x457ba3  (/clusterfuzz/run_bot/clusterfuzz/bot/builds/dropbear_libfuzzer_msan/custom/fuzzer-kexecdh+0x457ba3)\n    #6 0x4434b2  (/clusterfuzz/run_bot/clusterfuzz/bot/builds/dropbear_libfuzzer_msan/custom/fuzzer-kexecdh+0x4434b2)\n    #7 0x448f7a  (/clusterfuzz/run_bot/clusterfuzz/bot/builds/dropbear_libfuzzer_msan/custom/fuzzer-kexecdh+0x448f7a)\n    #8 0x471ea2  (/clusterfuzz/run_bot/clusterfuzz/bot/builds/dropbear_libfuzzer_msan/custom/fuzzer-kexecdh+0x471ea2)\n    #9 0x7fbf7012a0b2  (/lib/x86_64-linux-gnu/libc.so.6+0x270b2)\n\n  Uninitialized value was created by an allocation of 'buf' in the stack frame of function 'ecc_ansi_x963_export'\n    #0 0x5f6b10  (/clusterfuzz/run_bot/clusterfuzz/bot/builds/dropbear_libfuzzer_msan/custom/fuzzer-kexecdh+0x5f6b10)\n", "minidump_keys": "", "minimized_arguments": "-rss_limit_mb=2560 -timeout=60", "minimized_keys": "0e966bbb-e247-4270-be0c-d2660c290a53", "one_time_crasher_flag": false, "open": true, "overridden_fuzzer_name": "libFuzzer_fuzzer-kexecdh", "platform": "linux", "platform_id": "linux", "project_name": "test-project", "queue": "jobs-linux", "redzone": 16, "regression": "NA", "security_flag": true, "security_severity": 2, "status": "Processed", "symbolized": false, "timeout_multiplier": 1.0, "timestamp": 1638144566, "triaged": false, "uploader_email": null, "window_argument": "", "id": 14630}, "timestamp": 1638144566.132502, "show_blame": false, "show_impact": false, "impacts_production": false, "find_similar_issues_options": [{"type": "open", "label": "Open"}, {"type": "all", "label": "All"}], "auto_delete_timestamp": null, "auto_close_timestamp": null, "memory_tool_display_label": "Sanitizer", "memory_tool_display_value": "memory (MSAN)", "last_tested": "1:1 (No component revisions found!)", "is_admin_or_not_oss_fuzz": true, "has_issue_tracker": false, "reproduction_help_url": "", "is_local_development": true, "fuzzer_display": {"engine": "libFuzzer", "target": "fuzzer-kexecdh", "name": "libFuzzer", "fully_qualified_name": "libFuzzer_fuzzer-kexecdh"}}