{"id": 25574, "crash_type": "Heap-buffer-overflow READ 1", "crash_address": "0x6020000000b3", "crash_state": "ucl_maybe_parse_number\nucl_state_machine\nucl_parser_add_chunk_full\n", "crash_state_lines": ["ucl_maybe_parse_number", "ucl_state_machine", "ucl_parser_add_chunk_full"], "crash_revision": 1, "csrf_token": "D6S+cXG/eQvjQp1jhkN2Yfq5FoCaAiuUjD0oLthouNSAPb8xaAgWvNikB3AHnFnrgfWQIz/OKB4owWUbxHHo3A==", "external_user": false, "footer": "[2021-11-29 09:41:27 UTC] snode7-20211129-17:24: Fuzz task : Fuzzer libFuzzer_ucl_add_string_fuzzer generated testcase crashed in 0 seconds (r1).\n[2021-11-29 09:45:07 UTC] snode1-20211129-17:27: Minimize task started.\n[2021-11-29 09:47:17 UTC] snode1-20211129-17:27: Minimize task errored out: LibFuzzer minimization failed.\n[2021-11-30 00:09:34 UTC] comput17-20211129-15:14: Progression task started.\n[2021-11-30 00:10:50 UTC] comput17-20211129-15:14: Progression task finished: still crashes on latest custom build.\n", "formatted_reproduction_help": "", "fixed": "NO", "fixed_full": null, "issue_url": null, "is_admin": true, "metadata": {"build_key": "c6ffe6bf-a1a6-4f26-ad86-66ee18aa66ea", "env": {"ASAN_OPTIONS": {}}, "fuzzer_binary_name": "ucl_add_string_fuzzer", "fuzzing_strategies": {"value_profile": 1}, "last_tested_crash_revision": null, "last_tested_crash_time": 1638231050, "last_tested_revision": null}, "minimized_testcase_size": "3 B", "needs_refresh": false, "original_testcase_size": "3 B", "privileged_user": true, "regression": "NA", "crash_stacktrace": {"lines": [{"lineNumber": 1, "content": "[Environment] ASAN_OPTIONS=exitcode=77", "important": false, "type": "Line"}, {"lineNumber": 2, "content": "+----------------------------------------Release Build Stacktrace----------------------------------------+", "important": false, "type": "Line"}, {"lineNumber": 3, "content": "Command: /clusterfuzz/run_bot/clusterfuzz/bot/builds/libucl_libfuzzer_asan/custom/ucl_add_string_fuzzer -detect_leaks=0 -rss_limit_mb=2560 -timeout=60 -runs=100 /clusterfuzz/run_bot/clusterfuzz/bot/inputs/fuzzer-testcases/crash-5151ba89f8ad4288c06a17dbe1551efbf20850cf", "important": false, "type": "Line"}, {"lineNumber": 4, "content": "Time ran: 0.017618179321289062", "important": false, "type": "Line"}, {"lineNumber": 5, "content": "", "important": false, "type": "Line"}, {"lineNumber": 6, "content": "INFO: Running with entropic power schedule (0xFF, 100).", "important": false, "type": "Line"}, {"lineNumber": 7, "content": "INFO: Seed: 1347827294", "important": false, "type": "Line"}, {"lineNumber": 8, "content": "INFO: Loaded 1 modules   (3760 inline 8-bit counters): 3760 [0x623b30, 0x6249e0),", "important": false, "type": "Line"}, {"lineNumber": 9, "content": "INFO: Loaded 1 PC tables (3760 PCs): 3760 [0x5cdd28,0x5dc828),", "important": false, "type": "Line"}, {"lineNumber": 10, "content": "/clusterfuzz/run_bot/clusterfuzz/bot/builds/libucl_libfuzzer_asan/custom/ucl_add_string_fuzzer: Running 1 inputs 100 time(s) each.", "important": false, "type": "Line"}, {"lineNumber": 11, "content": "Running: /clusterfuzz/run_bot/clusterfuzz/bot/inputs/fuzzer-testcases/crash-5151ba89f8ad4288c06a17dbe1551efbf20850cf", "important": false, "type": "Line"}, {"lineNumber": 12, "content": "=================================================================", "important": false, "type": "Line"}, {"lineNumber": 13, "content": "==19483==ERROR: AddressSanitizer: heap-buffer-overflow on address 0x6020000000b3 at pc 0x00000055dcc6 bp 0x7fff7014b770 sp 0x7fff7014b768", "important": false, "type": "Line"}, {"lineNumber": 14, "content": "READ of size 1 at 0x6020000000b3 thread T0", "important": false, "type": "Line"}, {"lineNumber": 15, "content": "SCARINESS: 12 (1-byte-read-heap-buffer-overflow)", "important": false, "type": "Line"}, {"lineNumber": 16, "content": "    #0 0x55dcc5 in ucl_maybe_parse_number /src/libucl/src/ucl_parser.c:823:45", "important": true, "type": "Line"}, {"lineNumber": 17, "content": "    #1 0x56c9c7 in ucl_lex_number /src/libucl/src/ucl_parser.c:987:8", "important": false, "type": "Line"}, {"lineNumber": 18, "content": "    #2 0x56c9c7 in ucl_parse_value /src/libucl/src/ucl_parser.c:1855:10", "important": false, "type": "Line"}, {"lineNumber": 19, "content": "    #3 0x56c9c7 in ucl_state_machine /src/libucl/src/ucl_parser.c:2465:29", "important": true, "type": "Line"}, {"lineNumber": 20, "content": "    #4 0x562c3e in ucl_parser_add_chunk_full /src/libucl/src/ucl_parser.c:2951:12", "important": true, "type": "Line"}, {"lineNumber": 21, "content": "    #5 0x571e11 in ucl_parser_add_chunk_priority /src/libucl/src/ucl_parser.c:2986:9", "important": false, "type": "Line"}, {"lineNumber": 22, "content": "    #6 0x571e11 in ucl_parser_add_string_priority /src/libucl/src/ucl_parser.c:3049:9", "important": false, "type": "Line"}, {"lineNumber": 23, "content": "    #7 0x571e11 in ucl_parser_add_string /src/libucl/src/ucl_parser.c:3061:9", "important": false, "type": "Line"}, {"lineNumber": 24, "content": "    #8 0x55c99e in LLVMFuzzerTestOneInput /src/libucl/tests/fuzzers/ucl_add_string_fuzzer.c:17:2", "important": false, "type": "Line"}, {"lineNumber": 25, "content": "    #9 0x456b63 in fuzzer::Fuzzer::ExecuteCallback(unsigned char const*, unsigned long) cxa_noexception.cpp:0", "important": false, "type": "Line"}, {"lineNumber": 26, "content": "    #10 0x442472 in fuzzer::RunOneTest(fuzzer::Fuzzer*, char const*, unsigned long) /src/llvm-project/compiler-rt/lib/fuzzer/FuzzerDriver.cpp:324:6", "important": false, "type": "Line"}, {"lineNumber": 27, "content": "    #11 0x447f3a in fuzzer::FuzzerDriver(int*, char***, int (*)(unsigned char const*, unsigned long)) cxa_noexception.cpp:0", "important": false, "type": "Line"}, {"lineNumber": 28, "content": "    #12 0x470e62 in main /src/llvm-project/compiler-rt/lib/fuzzer/FuzzerMain.cpp:20:10", "important": false, "type": "Line"}, {"lineNumber": 29, "content": "    #13 0x7f6bec3450b2 in __libc_start_main", "important": false, "type": "Line"}, {"lineNumber": 30, "content": "    #14 0x41f6fd in _start", "important": false, "type": "Line"}, {"lineNumber": 31, "content": "", "important": false, "type": "Line"}, {"lineNumber": 32, "content": "0x6020000000b3 is located 0 bytes to the right of 3-byte region [0x6020000000b0,0x6020000000b3)", "important": false, "type": "Line"}, {"lineNumber": 33, "content": "allocated by thread T0 here:", "important": false, "type": "Line"}, {"lineNumber": 34, "content": "    #0 0x525d2d in malloc /src/llvm-project/compiler-rt/lib/asan/asan_malloc_linux.cpp:129:3", "important": false, "type": "Line"}, {"lineNumber": 35, "content": "    #1 0x4384a7 in operator new(unsigned long) cxa_noexception.cpp:0", "important": false, "type": "Line"}, {"lineNumber": 36, "content": "    #2 0x442472 in fuzzer::RunOneTest(fuzzer::Fuzzer*, char const*, unsigned long) /src/llvm-project/compiler-rt/lib/fuzzer/FuzzerDriver.cpp:324:6", "important": false, "type": "Line"}, {"lineNumber": 37, "content": "    #3 0x447f3a in fuzzer::FuzzerDriver(int*, char***, int (*)(unsigned char const*, unsigned long)) cxa_noexception.cpp:0", "important": false, "type": "Line"}, {"lineNumber": 38, "content": "    #4 0x470e62 in main /src/llvm-project/compiler-rt/lib/fuzzer/FuzzerMain.cpp:20:10", "important": false, "type": "Line"}, {"lineNumber": 39, "content": "    #5 0x7f6bec3450b2 in __libc_start_main", "important": false, "type": "Line"}, {"lineNumber": 40, "content": "", "important": false, "type": "Line"}, {"lineNumber": 41, "content": "SUMMARY: AddressSanitizer: heap-buffer-overflow (/clusterfuzz/run_bot/clusterfuzz/bot/builds/libucl_libfuzzer_asan/custom/ucl_add_string_fuzzer+0x55dcc5)", "important": false, "type": "Line"}, {"lineNumber": 42, "content": "Shadow bytes around the buggy address:", "important": false, "type": "Line"}, {"lineNumber": 43, "content": "  0x0c047fff7fc0: 00 00 00 00 00 00 00 00 00 00 00 00 00 00 00 00", "important": false, "type": "Line"}, {"lineNumber": 44, "content": "  0x0c047fff7fd0: 00 00 00 00 00 00 00 00 00 00 00 00 00 00 00 00", "important": false, "type": "Line"}, {"lineNumber": 45, "content": "  0x0c047fff7fe0: 00 00 00 00 00 00 00 00 00 00 00 00 00 00 00 00", "important": false, "type": "Line"}, {"lineNumber": 46, "content": "  0x0c047fff7ff0: 00 00 00 00 00 00 00 00 00 00 00 00 00 00 00 00", "important": false, "type": "Line"}, {"lineNumber": 47, "content": "  0x0c047fff8000: fa fa 00 00 fa fa 00 fa fa fa 00 fa fa fa 00 fa", "important": false, "type": "Line"}, {"lineNumber": 48, "content": "=&gt;0x0c047fff8010: fa fa 03 fa fa fa[03]fa fa fa 00 fa fa fa 00 04", "important": false, "type": "Line"}, {"lineNumber": 49, "content": "  0x0c047fff8020: fa fa 00 01 fa fa 00 01 fa fa 05 fa fa fa 00 fa", "important": false, "type": "Line"}, {"lineNumber": 50, "content": "  0x0c047fff8030: fa fa 00 01 fa fa 06 fa fa fa 07 fa fa fa fa fa", "important": false, "type": "Line"}, {"lineNumber": 51, "content": "  0x0c047fff8040: fa fa fa fa fa fa fa fa fa fa fa fa fa fa fa fa", "important": false, "type": "Line"}, {"lineNumber": 52, "content": "  0x0c047fff8050: fa fa fa fa fa fa fa fa fa fa fa fa fa fa fa fa", "important": false, "type": "Line"}, {"lineNumber": 53, "content": "  0x0c047fff8060: fa fa fa fa fa fa fa fa fa fa fa fa fa fa fa fa", "important": false, "type": "Line"}, {"lineNumber": 54, "content": "Shadow byte legend (one shadow byte represents 8 application bytes):", "important": false, "type": "Line"}, {"lineNumber": 55, "content": "  Addressable:           00", "important": false, "type": "Line"}, {"lineNumber": 56, "content": "  Partially addressable: 01 02 03 04 05 06 07", "important": false, "type": "Line"}, {"lineNumber": 57, "content": "  Heap left redzone:       fa", "important": false, "type": "Line"}, {"lineNumber": 58, "content": "  Freed heap region:       fd", "important": false, "type": "Line"}, {"lineNumber": 59, "content": "  Stack left redzone:      f1", "important": false, "type": "Line"}, {"lineNumber": 60, "content": "  Stack mid redzone:       f2", "important": false, "type": "Line"}, {"lineNumber": 61, "content": "  Stack right redzone:     f3", "important": false, "type": "Line"}, {"lineNumber": 62, "content": "  Stack after return:      f5", "important": false, "type": "Line"}, {"lineNumber": 63, "content": "  Stack use after scope:   f8", "important": false, "type": "Line"}, {"lineNumber": 64, "content": "  Global redzone:          f9", "important": false, "type": "Line"}, {"lineNumber": 65, "content": "  Global init order:       f6", "important": false, "type": "Line"}, {"lineNumber": 66, "content": "  Poisoned by user:        f7", "important": false, "type": "Line"}, {"lineNumber": 67, "content": "  Container overflow:      fc", "important": false, "type": "Line"}, {"lineNumber": 68, "content": "  Array cookie:            ac", "important": false, "type": "Line"}, {"lineNumber": 69, "content": "  Intra object redzone:    bb", "important": false, "type": "Line"}, {"lineNumber": 70, "content": "  ASan internal:           fe", "important": false, "type": "Line"}, {"lineNumber": 71, "content": "  Left alloca redzone:     ca", "important": false, "type": "Line"}, {"lineNumber": 72, "content": "  Right alloca redzone:    cb", "important": false, "type": "Line"}, {"lineNumber": 73, "content": "==19483==ABORTING", "important": false, "type": "Line"}, {"lineNumber": 74, "content": "", "important": false, "type": "Line"}, {"lineNumber": 75, "content": "", "important": false, "type": "Line"}, {"lineNumber": 76, "content": "+----------------------------------------Release Build Unsymbolized Stacktrace (diff)----------------------------------------+", "important": false, "type": "Line"}, {"lineNumber": 77, "content": "", "important": false, "type": "Line"}, {"lineNumber": 78, "content": "READ of size 1 at 0x6020000000b3 thread T0", "important": false, "type": "Line"}, {"lineNumber": 79, "content": "SCARINESS: 12 (1-byte-read-heap-buffer-overflow)", "important": false, "type": "Line"}, {"lineNumber": 80, "content": "    #0 0x55dcc5  (/clusterfuzz/run_bot/clusterfuzz/bot/builds/libucl_libfuzzer_asan/custom/ucl_add_string_fuzzer+0x55dcc5)", "important": false, "type": "Line"}, {"lineNumber": 81, "content": "    #1 0x56c9c7  (/clusterfuzz/run_bot/clusterfuzz/bot/builds/libucl_libfuzzer_asan/custom/ucl_add_string_fuzzer+0x56c9c7)", "important": false, "type": "Line"}, {"lineNumber": 82, "content": "    #2 0x562c3e  (/clusterfuzz/run_bot/clusterfuzz/bot/builds/libucl_libfuzzer_asan/custom/ucl_add_string_fuzzer+0x562c3e)", "important": false, "type": "Line"}, {"lineNumber": 83, "content": "    #3 0x571e11  (/clusterfuzz/run_bot/clusterfuzz/bot/builds/libucl_libfuzzer_asan/custom/ucl_add_string_fuzzer+0x571e11)", "important": false, "type": "Line"}, {"lineNumber": 84, "content": "    #4 0x55c99e  (/clusterfuzz/run_bot/clusterfuzz/bot/builds/libucl_libfuzzer_asan/custom/ucl_add_string_fuzzer+0x55c99e)", "important": false, "type": "Line"}, {"lineNumber": 85, "content": "    #5 0x456b63  (/clusterfuzz/run_bot/clusterfuzz/bot/builds/libucl_libfuzzer_asan/custom/ucl_add_string_fuzzer+0x456b63)", "important": false, "type": "Line"}, {"lineNumber": 86, "content": "    #6 0x442472  (/clusterfuzz/run_bot/clusterfuzz/bot/builds/libucl_libfuzzer_asan/custom/ucl_add_string_fuzzer+0x442472)", "important": false, "type": "Line"}, {"lineNumber": 87, "content": "    #7 0x447f3a  (/clusterfuzz/run_bot/clusterfuzz/bot/builds/libucl_libfuzzer_asan/custom/ucl_add_string_fuzzer+0x447f3a)", "important": false, "type": "Line"}, {"lineNumber": 88, "content": "    #8 0x470e62  (/clusterfuzz/run_bot/clusterfuzz/bot/builds/libucl_libfuzzer_asan/custom/ucl_add_string_fuzzer+0x470e62)", "important": false, "type": "Line"}, {"lineNumber": 89, "content": "    #9 0x7f6bec3450b2  (/lib/x86_64-linux-gnu/libc.so.6+0x270b2)", "important": false, "type": "Line"}, {"lineNumber": 90, "content": "    #10 0x41f6fd  (/clusterfuzz/run_bot/clusterfuzz/bot/builds/libucl_libfuzzer_asan/custom/ucl_add_string_fuzzer+0x41f6fd)", "important": false, "type": "Line"}, {"lineNumber": 91, "content": "", "important": false, "type": "Line"}, {"lineNumber": 92, "content": "0x6020000000b3 is located 0 bytes to the right of 3-byte region [0x6020000000b0,0x6020000000b3)", "important": false, "type": "Line"}, {"lineNumber": 93, "content": "allocated by thread T0 here:", "important": false, "type": "Line"}, {"lineNumber": 94, "content": "    #0 0x525d2d  (/clusterfuzz/run_bot/clusterfuzz/bot/builds/libucl_libfuzzer_asan/custom/ucl_add_string_fuzzer+0x525d2d)", "important": false, "type": "Line"}, {"lineNumber": 95, "content": "    #1 0x4384a7  (/clusterfuzz/run_bot/clusterfuzz/bot/builds/libucl_libfuzzer_asan/custom/ucl_add_string_fuzzer+0x4384a7)", "important": false, "type": "Line"}, {"lineNumber": 96, "content": "    #2 0x442472  (/clusterfuzz/run_bot/clusterfuzz/bot/builds/libucl_libfuzzer_asan/custom/ucl_add_string_fuzzer+0x442472)", "important": false, "type": "Line"}, {"lineNumber": 97, "content": "    #3 0x447f3a  (/clusterfuzz/run_bot/clusterfuzz/bot/builds/libucl_libfuzzer_asan/custom/ucl_add_string_fuzzer+0x447f3a)", "important": false, "type": "Line"}, {"lineNumber": 98, "content": "    #4 0x470e62  (/clusterfuzz/run_bot/clusterfuzz/bot/builds/libucl_libfuzzer_asan/custom/ucl_add_string_fuzzer+0x470e62)", "important": false, "type": "Line"}, {"lineNumber": 99, "content": "    #5 0x7f6bec3450b2  (/lib/x86_64-linux-gnu/libc.so.6+0x270b2)", "important": false, "type": "Line"}], "revision": "1"}, "last_tested_crash_stacktrace": {"lines": [{"lineNumber": 1, "content": "[Environment] ASAN_OPTIONS=exitcode=77", "important": false, "type": "Line"}, {"lineNumber": 2, "content": "+----------------------------------------Release Build Stacktrace----------------------------------------+", "important": false, "type": "Line"}, {"lineNumber": 3, "content": "Command: /clusterfuzz/run_bot/clusterfuzz/bot/builds/libucl_libfuzzer_asan/custom/ucl_add_string_fuzzer -detect_leaks=0 -rss_limit_mb=2560 -timeout=60 -runs=100 /clusterfuzz/run_bot/clusterfuzz/bot/inputs/fuzzer-testcases/crash-5151ba89f8ad4288c06a17dbe1551efbf20850cf", "important": false, "type": "Line"}, {"lineNumber": 4, "content": "Time ran: 0.014810562133789062", "important": false, "type": "Line"}, {"lineNumber": 5, "content": "", "important": false, "type": "Line"}, {"lineNumber": 6, "content": "INFO: Running with entropic power schedule (0xFF, 100).", "important": false, "type": "Line"}, {"lineNumber": 7, "content": "INFO: Seed: 1675064870", "important": false, "type": "Line"}, {"lineNumber": 8, "content": "INFO: Loaded 1 modules   (3760 inline 8-bit counters): 3760 [0x623b30, 0x6249e0),", "important": false, "type": "Line"}, {"lineNumber": 9, "content": "INFO: Loaded 1 PC tables (3760 PCs): 3760 [0x5cdd28,0x5dc828),", "important": false, "type": "Line"}, {"lineNumber": 10, "content": "/clusterfuzz/run_bot/clusterfuzz/bot/builds/libucl_libfuzzer_asan/custom/ucl_add_string_fuzzer: Running 1 inputs 100 time(s) each.", "important": false, "type": "Line"}, {"lineNumber": 11, "content": "Running: /clusterfuzz/run_bot/clusterfuzz/bot/inputs/fuzzer-testcases/crash-5151ba89f8ad4288c06a17dbe1551efbf20850cf", "important": false, "type": "Line"}, {"lineNumber": 12, "content": "=================================================================", "important": false, "type": "Line"}, {"lineNumber": 13, "content": "==11029==ERROR: AddressSanitizer: heap-buffer-overflow on address 0x6020000000b3 at pc 0x00000055dcc6 bp 0x7ffff06f2350 sp 0x7ffff06f2348", "important": false, "type": "Line"}, {"lineNumber": 14, "content": "READ of size 1 at 0x6020000000b3 thread T0", "important": false, "type": "Line"}, {"lineNumber": 15, "content": "    #0 0x55dcc5 in ucl_maybe_parse_number /src/libucl/src/ucl_parser.c:823:45", "important": true, "type": "Line"}, {"lineNumber": 16, "content": "    #1 0x56c9c7 in ucl_lex_number /src/libucl/src/ucl_parser.c:987:8", "important": false, "type": "Line"}, {"lineNumber": 17, "content": "    #2 0x56c9c7 in ucl_parse_value /src/libucl/src/ucl_parser.c:1855:10", "important": false, "type": "Line"}, {"lineNumber": 18, "content": "    #3 0x56c9c7 in ucl_state_machine /src/libucl/src/ucl_parser.c:2465:29", "important": true, "type": "Line"}, {"lineNumber": 19, "content": "    #4 0x562c3e in ucl_parser_add_chunk_full /src/libucl/src/ucl_parser.c:2951:12", "important": true, "type": "Line"}, {"lineNumber": 20, "content": "    #5 0x571e11 in ucl_parser_add_chunk_priority /src/libucl/src/ucl_parser.c:2986:9", "important": false, "type": "Line"}, {"lineNumber": 21, "content": "    #6 0x571e11 in ucl_parser_add_string_priority /src/libucl/src/ucl_parser.c:3049:9", "important": false, "type": "Line"}, {"lineNumber": 22, "content": "    #7 0x571e11 in ucl_parser_add_string /src/libucl/src/ucl_parser.c:3061:9", "important": false, "type": "Line"}, {"lineNumber": 23, "content": "    #8 0x55c99e in LLVMFuzzerTestOneInput /src/libucl/tests/fuzzers/ucl_add_string_fuzzer.c:17:2", "important": false, "type": "Line"}, {"lineNumber": 24, "content": "    #9 0x456b63 in fuzzer::Fuzzer::ExecuteCallback(unsigned char const*, unsigned long) cxa_noexception.cpp:0", "important": false, "type": "Line"}, {"lineNumber": 25, "content": "    #10 0x442472 in fuzzer::RunOneTest(fuzzer::Fuzzer*, char const*, unsigned long) /src/llvm-project/compiler-rt/lib/fuzzer/FuzzerDriver.cpp:324:6", "important": false, "type": "Line"}, {"lineNumber": 26, "content": "    #11 0x447f3a in fuzzer::FuzzerDriver(int*, char***, int (*)(unsigned char const*, unsigned long)) cxa_noexception.cpp:0", "important": false, "type": "Line"}, {"lineNumber": 27, "content": "    #12 0x470e62 in main /src/llvm-project/compiler-rt/lib/fuzzer/FuzzerMain.cpp:20:10", "important": false, "type": "Line"}, {"lineNumber": 28, "content": "    #13 0x7f94a11a60b2 in __libc_start_main", "important": false, "type": "Line"}, {"lineNumber": 29, "content": "    #14 0x41f6fd in _start", "important": false, "type": "Line"}, {"lineNumber": 30, "content": "", "important": false, "type": "Line"}, {"lineNumber": 31, "content": "0x6020000000b3 is located 0 bytes to the right of 3-byte region [0x6020000000b0,0x6020000000b3)", "important": false, "type": "Line"}, {"lineNumber": 32, "content": "allocated by thread T0 here:", "important": false, "type": "Line"}, {"lineNumber": 33, "content": "    #0 0x525d2d in malloc /src/llvm-project/compiler-rt/lib/asan/asan_malloc_linux.cpp:129:3", "important": false, "type": "Line"}, {"lineNumber": 34, "content": "    #1 0x4384a7 in operator new(unsigned long) cxa_noexception.cpp:0", "important": false, "type": "Line"}, {"lineNumber": 35, "content": "    #2 0x442472 in fuzzer::RunOneTest(fuzzer::Fuzzer*, char const*, unsigned long) /src/llvm-project/compiler-rt/lib/fuzzer/FuzzerDriver.cpp:324:6", "important": false, "type": "Line"}, {"lineNumber": 36, "content": "    #3 0x447f3a in fuzzer::FuzzerDriver(int*, char***, int (*)(unsigned char const*, unsigned long)) cxa_noexception.cpp:0", "important": false, "type": "Line"}, {"lineNumber": 37, "content": "    #4 0x470e62 in main /src/llvm-project/compiler-rt/lib/fuzzer/FuzzerMain.cpp:20:10", "important": false, "type": "Line"}, {"lineNumber": 38, "content": "    #5 0x7f94a11a60b2 in __libc_start_main", "important": false, "type": "Line"}, {"lineNumber": 39, "content": "", "important": false, "type": "Line"}, {"lineNumber": 40, "content": "SUMMARY: AddressSanitizer: heap-buffer-overflow (/clusterfuzz/run_bot/clusterfuzz/bot/builds/libucl_libfuzzer_asan/custom/ucl_add_string_fuzzer+0x55dcc5)", "important": false, "type": "Line"}, {"lineNumber": 41, "content": "Shadow bytes around the buggy address:", "important": false, "type": "Line"}, {"lineNumber": 42, "content": "  0x0c047fff7fc0: 00 00 00 00 00 00 00 00 00 00 00 00 00 00 00 00", "important": false, "type": "Line"}, {"lineNumber": 43, "content": "  0x0c047fff7fd0: 00 00 00 00 00 00 00 00 00 00 00 00 00 00 00 00", "important": false, "type": "Line"}, {"lineNumber": 44, "content": "  0x0c047fff7fe0: 00 00 00 00 00 00 00 00 00 00 00 00 00 00 00 00", "important": false, "type": "Line"}, {"lineNumber": 45, "content": "  0x0c047fff7ff0: 00 00 00 00 00 00 00 00 00 00 00 00 00 00 00 00", "important": false, "type": "Line"}, {"lineNumber": 46, "content": "  0x0c047fff8000: fa fa 00 00 fa fa 00 fa fa fa 00 fa fa fa 00 fa", "important": false, "type": "Line"}, {"lineNumber": 47, "content": "=&gt;0x0c047fff8010: fa fa 03 fa fa fa[03]fa fa fa 00 fa fa fa 00 04", "important": false, "type": "Line"}, {"lineNumber": 48, "content": "  0x0c047fff8020: fa fa 00 01 fa fa 00 01 fa fa 05 fa fa fa 00 fa", "important": false, "type": "Line"}, {"lineNumber": 49, "content": "  0x0c047fff8030: fa fa 00 01 fa fa 06 fa fa fa 07 fa fa fa fa fa", "important": false, "type": "Line"}, {"lineNumber": 50, "content": "  0x0c047fff8040: fa fa fa fa fa fa fa fa fa fa fa fa fa fa fa fa", "important": false, "type": "Line"}, {"lineNumber": 51, "content": "  0x0c047fff8050: fa fa fa fa fa fa fa fa fa fa fa fa fa fa fa fa", "important": false, "type": "Line"}, {"lineNumber": 52, "content": "  0x0c047fff8060: fa fa fa fa fa fa fa fa fa fa fa fa fa fa fa fa", "important": false, "type": "Line"}, {"lineNumber": 53, "content": "Shadow byte legend (one shadow byte represents 8 application bytes):", "important": false, "type": "Line"}, {"lineNumber": 54, "content": "  Addressable:           00", "important": false, "type": "Line"}, {"lineNumber": 55, "content": "  Partially addressable: 01 02 03 04 05 06 07", "important": false, "type": "Line"}, {"lineNumber": 56, "content": "  Heap left redzone:       fa", "important": false, "type": "Line"}, {"lineNumber": 57, "content": "  Freed heap region:       fd", "important": false, "type": "Line"}, {"lineNumber": 58, "content": "  Stack left redzone:      f1", "important": false, "type": "Line"}, {"lineNumber": 59, "content": "  Stack mid redzone:       f2", "important": false, "type": "Line"}, {"lineNumber": 60, "content": "  Stack right redzone:     f3", "important": false, "type": "Line"}, {"lineNumber": 61, "content": "  Stack after return:      f5", "important": false, "type": "Line"}, {"lineNumber": 62, "content": "  Stack use after scope:   f8", "important": false, "type": "Line"}, {"lineNumber": 63, "content": "  Global redzone:          f9", "important": false, "type": "Line"}, {"lineNumber": 64, "content": "  Global init order:       f6", "important": false, "type": "Line"}, {"lineNumber": 65, "content": "  Poisoned by user:        f7", "important": false, "type": "Line"}, {"lineNumber": 66, "content": "  Container overflow:      fc", "important": false, "type": "Line"}, {"lineNumber": 67, "content": "  Array cookie:            ac", "important": false, "type": "Line"}, {"lineNumber": 68, "content": "  Intra object redzone:    bb", "important": false, "type": "Line"}, {"lineNumber": 69, "content": "  ASan internal:           fe", "important": false, "type": "Line"}, {"lineNumber": 70, "content": "  Left alloca redzone:     ca", "important": false, "type": "Line"}, {"lineNumber": 71, "content": "  Right alloca redzone:    cb", "important": false, "type": "Line"}, {"lineNumber": 72, "content": "==11029==ABORTING", "important": false, "type": "Line"}, {"lineNumber": 73, "content": "", "important": false, "type": "Line"}, {"lineNumber": 74, "content": "", "important": false, "type": "Line"}, {"lineNumber": 75, "content": "+----------------------------------------Release Build Unsymbolized Stacktrace (diff)----------------------------------------+", "important": false, "type": "Line"}, {"lineNumber": 76, "content": "", "important": false, "type": "Line"}, {"lineNumber": 77, "content": "==11029==ERROR: AddressSanitizer: heap-buffer-overflow on address 0x6020000000b3 at pc 0x00000055dcc6 bp 0x7ffff06f2350 sp 0x7ffff06f2348", "important": false, "type": "Line"}, {"lineNumber": 78, "content": "READ of size 1 at 0x6020000000b3 thread T0", "important": false, "type": "Line"}, {"lineNumber": 79, "content": "    #0 0x55dcc5  (/clusterfuzz/run_bot/clusterfuzz/bot/builds/libucl_libfuzzer_asan/custom/ucl_add_string_fuzzer+0x55dcc5)", "important": false, "type": "Line"}, {"lineNumber": 80, "content": "    #1 0x56c9c7  (/clusterfuzz/run_bot/clusterfuzz/bot/builds/libucl_libfuzzer_asan/custom/ucl_add_string_fuzzer+0x56c9c7)", "important": false, "type": "Line"}, {"lineNumber": 81, "content": "    #2 0x562c3e  (/clusterfuzz/run_bot/clusterfuzz/bot/builds/libucl_libfuzzer_asan/custom/ucl_add_string_fuzzer+0x562c3e)", "important": false, "type": "Line"}, {"lineNumber": 82, "content": "    #3 0x571e11  (/clusterfuzz/run_bot/clusterfuzz/bot/builds/libucl_libfuzzer_asan/custom/ucl_add_string_fuzzer+0x571e11)", "important": false, "type": "Line"}, {"lineNumber": 83, "content": "    #4 0x55c99e  (/clusterfuzz/run_bot/clusterfuzz/bot/builds/libucl_libfuzzer_asan/custom/ucl_add_string_fuzzer+0x55c99e)", "important": false, "type": "Line"}, {"lineNumber": 84, "content": "    #5 0x456b63  (/clusterfuzz/run_bot/clusterfuzz/bot/builds/libucl_libfuzzer_asan/custom/ucl_add_string_fuzzer+0x456b63)", "important": false, "type": "Line"}, {"lineNumber": 85, "content": "    #6 0x442472  (/clusterfuzz/run_bot/clusterfuzz/bot/builds/libucl_libfuzzer_asan/custom/ucl_add_string_fuzzer+0x442472)", "important": false, "type": "Line"}, {"lineNumber": 86, "content": "    #7 0x447f3a  (/clusterfuzz/run_bot/clusterfuzz/bot/builds/libucl_libfuzzer_asan/custom/ucl_add_string_fuzzer+0x447f3a)", "important": false, "type": "Line"}, {"lineNumber": 87, "content": "    #8 0x470e62  (/clusterfuzz/run_bot/clusterfuzz/bot/builds/libucl_libfuzzer_asan/custom/ucl_add_string_fuzzer+0x470e62)", "important": false, "type": "Line"}, {"lineNumber": 88, "content": "    #9 0x7f94a11a60b2  (/lib/x86_64-linux-gnu/libc.so.6+0x270b2)", "important": false, "type": "Line"}, {"lineNumber": 89, "content": "    #10 0x41f6fd  (/clusterfuzz/run_bot/clusterfuzz/bot/builds/libucl_libfuzzer_asan/custom/ucl_add_string_fuzzer+0x41f6fd)", "important": false, "type": "Line"}, {"lineNumber": 90, "content": "", "important": false, "type": "Line"}, {"lineNumber": 91, "content": "0x6020000000b3 is located 0 bytes to the right of 3-byte region [0x6020000000b0,0x6020000000b3)", "important": false, "type": "Line"}, {"lineNumber": 92, "content": "allocated by thread T0 here:", "important": false, "type": "Line"}, {"lineNumber": 93, "content": "    #0 0x525d2d  (/clusterfuzz/run_bot/clusterfuzz/bot/builds/libucl_libfuzzer_asan/custom/ucl_add_string_fuzzer+0x525d2d)", "important": false, "type": "Line"}, {"lineNumber": 94, "content": "    #1 0x4384a7  (/clusterfuzz/run_bot/clusterfuzz/bot/builds/libucl_libfuzzer_asan/custom/ucl_add_string_fuzzer+0x4384a7)", "important": false, "type": "Line"}, {"lineNumber": 95, "content": "    #2 0x442472  (/clusterfuzz/run_bot/clusterfuzz/bot/builds/libucl_libfuzzer_asan/custom/ucl_add_string_fuzzer+0x442472)", "important": false, "type": "Line"}, {"lineNumber": 96, "content": "    #3 0x447f3a  (/clusterfuzz/run_bot/clusterfuzz/bot/builds/libucl_libfuzzer_asan/custom/ucl_add_string_fuzzer+0x447f3a)", "important": false, "type": "Line"}, {"lineNumber": 97, "content": "    #4 0x470e62  (/clusterfuzz/run_bot/clusterfuzz/bot/builds/libucl_libfuzzer_asan/custom/ucl_add_string_fuzzer+0x470e62)", "important": false, "type": "Line"}, {"lineNumber": 98, "content": "    #5 0x7f94a11a60b2  (/lib/x86_64-linux-gnu/libc.so.6+0x270b2)", "important": false, "type": "Line"}], "revision": null}, "security_severity": "Medium", "security_severities": [{"value": 0, "name": "Critical"}, {"value": 1, "name": "High", "default": true}, {"value": 2, "name": "Medium"}, {"value": 3, "name": "Low"}, {"value": 4, "name": "Missing"}], "stats": {"min_hour": 1, "max_hour": 1}, "suspected_cls": null, "testcase": {"absolute_path": "/clusterfuzz/run_bot/clusterfuzz/bot/inputs/fuzzer-testcases/crash-5151ba89f8ad4288c06a17dbe1551efbf20850cf", "additional_metadata": "{\"build_key\": \"c6ffe6bf-a1a6-4f26-ad86-66ee18aa66ea\", \"env\": {\"ASAN_OPTIONS\": {}}, \"fuzzer_binary_name\": \"ucl_add_string_fuzzer\", \"fuzzing_strategies\": {\"value_profile\": 1}, \"last_tested_crash_revision\": null, \"last_tested_crash_time\": {\"__type__\": \"datetime\", \"day\": 30, \"hour\": 0, \"microsecond\": 875480, \"minute\": 10, \"month\": 11, \"second\": 50, \"year\": 2021}, \"last_tested_revision\": null}", "archive_filename": null, "archive_state": 0, "binary_flag": true, "bug_indices": [], "bug_information": "", "comments": "[2021-11-29 09:41:27 UTC] snode7-20211129-17:24: Fuzz task : Fuzzer libFuzzer_ucl_add_string_fuzzer generated testcase crashed in 0 seconds (r1).\n[2021-11-29 09:45:07 UTC] snode1-20211129-17:27: Minimize task started.\n[2021-11-29 09:47:17 UTC] snode1-20211129-17:27: Minimize task errored out: LibFuzzer minimization failed.\n[2021-11-30 00:09:34 UTC] comput17-20211129-15:14: Progression task started.\n[2021-11-30 00:10:50 UTC] comput17-20211129-15:14: Progression task finished: still crashes on latest custom build.\n", "crash_address": "0x6020000000b3", "crash_revision": 1, "crash_stacktrace": "[Environment] ASAN_OPTIONS=exitcode=77\n+----------------------------------------Release Build Stacktrace----------------------------------------+\nCommand: /clusterfuzz/run_bot/clusterfuzz/bot/builds/libucl_libfuzzer_asan/custom/ucl_add_string_fuzzer -detect_leaks=0 -rss_limit_mb=2560 -timeout=60 -runs=100 /clusterfuzz/run_bot/clusterfuzz/bot/inputs/fuzzer-testcases/crash-5151ba89f8ad4288c06a17dbe1551efbf20850cf\nTime ran: 0.017618179321289062\n\nINFO: Running with entropic power schedule (0xFF, 100).\nINFO: Seed: 1347827294\nINFO: Loaded 1 modules   (3760 inline 8-bit counters): 3760 [0x623b30, 0x6249e0),\nINFO: Loaded 1 PC tables (3760 PCs): 3760 [0x5cdd28,0x5dc828),\n/clusterfuzz/run_bot/clusterfuzz/bot/builds/libucl_libfuzzer_asan/custom/ucl_add_string_fuzzer: Running 1 inputs 100 time(s) each.\nRunning: /clusterfuzz/run_bot/clusterfuzz/bot/inputs/fuzzer-testcases/crash-5151ba89f8ad4288c06a17dbe1551efbf20850cf\n=================================================================\n==19483==ERROR: AddressSanitizer: heap-buffer-overflow on address 0x6020000000b3 at pc 0x00000055dcc6 bp 0x7fff7014b770 sp 0x7fff7014b768\nREAD of size 1 at 0x6020000000b3 thread T0\nSCARINESS: 12 (1-byte-read-heap-buffer-overflow)\n    #0 0x55dcc5 in ucl_maybe_parse_number /src/libucl/src/ucl_parser.c:823:45\n    #1 0x56c9c7 in ucl_lex_number /src/libucl/src/ucl_parser.c:987:8\n    #2 0x56c9c7 in ucl_parse_value /src/libucl/src/ucl_parser.c:1855:10\n    #3 0x56c9c7 in ucl_state_machine /src/libucl/src/ucl_parser.c:2465:29\n    #4 0x562c3e in ucl_parser_add_chunk_full /src/libucl/src/ucl_parser.c:2951:12\n    #5 0x571e11 in ucl_parser_add_chunk_priority /src/libucl/src/ucl_parser.c:2986:9\n    #6 0x571e11 in ucl_parser_add_string_priority /src/libucl/src/ucl_parser.c:3049:9\n    #7 0x571e11 in ucl_parser_add_string /src/libucl/src/ucl_parser.c:3061:9\n    #8 0x55c99e in LLVMFuzzerTestOneInput /src/libucl/tests/fuzzers/ucl_add_string_fuzzer.c:17:2\n    #9 0x456b63 in fuzzer::Fuzzer::ExecuteCallback(unsigned char const*, unsigned long) cxa_noexception.cpp:0\n    #10 0x442472 in fuzzer::RunOneTest(fuzzer::Fuzzer*, char const*, unsigned long) /src/llvm-project/compiler-rt/lib/fuzzer/FuzzerDriver.cpp:324:6\n    #11 0x447f3a in fuzzer::FuzzerDriver(int*, char***, int (*)(unsigned char const*, unsigned long)) cxa_noexception.cpp:0\n    #12 0x470e62 in main /src/llvm-project/compiler-rt/lib/fuzzer/FuzzerMain.cpp:20:10\n    #13 0x7f6bec3450b2 in __libc_start_main\n    #14 0x41f6fd in _start\n\n0x6020000000b3 is located 0 bytes to the right of 3-byte region [0x6020000000b0,0x6020000000b3)\nallocated by thread T0 here:\n    #0 0x525d2d in malloc /src/llvm-project/compiler-rt/lib/asan/asan_malloc_linux.cpp:129:3\n    #1 0x4384a7 in operator new(unsigned long) cxa_noexception.cpp:0\n    #2 0x442472 in fuzzer::RunOneTest(fuzzer::Fuzzer*, char const*, unsigned long) /src/llvm-project/compiler-rt/lib/fuzzer/FuzzerDriver.cpp:324:6\n    #3 0x447f3a in fuzzer::FuzzerDriver(int*, char***, int (*)(unsigned char const*, unsigned long)) cxa_noexception.cpp:0\n    #4 0x470e62 in main /src/llvm-project/compiler-rt/lib/fuzzer/FuzzerMain.cpp:20:10\n    #5 0x7f6bec3450b2 in __libc_start_main\n\nSUMMARY: AddressSanitizer: heap-buffer-overflow (/clusterfuzz/run_bot/clusterfuzz/bot/builds/libucl_libfuzzer_asan/custom/ucl_add_string_fuzzer+0x55dcc5)\nShadow bytes around the buggy address:\n  0x0c047fff7fc0: 00 00 00 00 00 00 00 00 00 00 00 00 00 00 00 00\n  0x0c047fff7fd0: 00 00 00 00 00 00 00 00 00 00 00 00 00 00 00 00\n  0x0c047fff7fe0: 00 00 00 00 00 00 00 00 00 00 00 00 00 00 00 00\n  0x0c047fff7ff0: 00 00 00 00 00 00 00 00 00 00 00 00 00 00 00 00\n  0x0c047fff8000: fa fa 00 00 fa fa 00 fa fa fa 00 fa fa fa 00 fa\n=>0x0c047fff8010: fa fa 03 fa fa fa[03]fa fa fa 00 fa fa fa 00 04\n  0x0c047fff8020: fa fa 00 01 fa fa 00 01 fa fa 05 fa fa fa 00 fa\n  0x0c047fff8030: fa fa 00 01 fa fa 06 fa fa fa 07 fa fa fa fa fa\n  0x0c047fff8040: fa fa fa fa fa fa fa fa fa fa fa fa fa fa fa fa\n  0x0c047fff8050: fa fa fa fa fa fa fa fa fa fa fa fa fa fa fa fa\n  0x0c047fff8060: fa fa fa fa fa fa fa fa fa fa fa fa fa fa fa fa\nShadow byte legend (one shadow byte represents 8 application bytes):\n  Addressable:           00\n  Partially addressable: 01 02 03 04 05 06 07\n  Heap left redzone:       fa\n  Freed heap region:       fd\n  Stack left redzone:      f1\n  Stack mid redzone:       f2\n  Stack right redzone:     f3\n  Stack after return:      f5\n  Stack use after scope:   f8\n  Global redzone:          f9\n  Global init order:       f6\n  Poisoned by user:        f7\n  Container overflow:      fc\n  Array cookie:            ac\n  Intra object redzone:    bb\n  ASan internal:           fe\n  Left alloca redzone:     ca\n  Right alloca redzone:    cb\n==19483==ABORTING\n\n\n+----------------------------------------Release Build Unsymbolized Stacktrace (diff)----------------------------------------+\n\nREAD of size 1 at 0x6020000000b3 thread T0\nSCARINESS: 12 (1-byte-read-heap-buffer-overflow)\n    #0 0x55dcc5  (/clusterfuzz/run_bot/clusterfuzz/bot/builds/libucl_libfuzzer_asan/custom/ucl_add_string_fuzzer+0x55dcc5)\n    #1 0x56c9c7  (/clusterfuzz/run_bot/clusterfuzz/bot/builds/libucl_libfuzzer_asan/custom/ucl_add_string_fuzzer+0x56c9c7)\n    #2 0x562c3e  (/clusterfuzz/run_bot/clusterfuzz/bot/builds/libucl_libfuzzer_asan/custom/ucl_add_string_fuzzer+0x562c3e)\n    #3 0x571e11  (/clusterfuzz/run_bot/clusterfuzz/bot/builds/libucl_libfuzzer_asan/custom/ucl_add_string_fuzzer+0x571e11)\n    #4 0x55c99e  (/clusterfuzz/run_bot/clusterfuzz/bot/builds/libucl_libfuzzer_asan/custom/ucl_add_string_fuzzer+0x55c99e)\n    #5 0x456b63  (/clusterfuzz/run_bot/clusterfuzz/bot/builds/libucl_libfuzzer_asan/custom/ucl_add_string_fuzzer+0x456b63)\n    #6 0x442472  (/clusterfuzz/run_bot/clusterfuzz/bot/builds/libucl_libfuzzer_asan/custom/ucl_add_string_fuzzer+0x442472)\n    #7 0x447f3a  (/clusterfuzz/run_bot/clusterfuzz/bot/builds/libucl_libfuzzer_asan/custom/ucl_add_string_fuzzer+0x447f3a)\n    #8 0x470e62  (/clusterfuzz/run_bot/clusterfuzz/bot/builds/libucl_libfuzzer_asan/custom/ucl_add_string_fuzzer+0x470e62)\n    #9 0x7f6bec3450b2  (/lib/x86_64-linux-gnu/libc.so.6+0x270b2)\n    #10 0x41f6fd  (/clusterfuzz/run_bot/clusterfuzz/bot/builds/libucl_libfuzzer_asan/custom/ucl_add_string_fuzzer+0x41f6fd)\n\n0x6020000000b3 is located 0 bytes to the right of 3-byte region [0x6020000000b0,0x6020000000b3)\nallocated by thread T0 here:\n    #0 0x525d2d  (/clusterfuzz/run_bot/clusterfuzz/bot/builds/libucl_libfuzzer_asan/custom/ucl_add_string_fuzzer+0x525d2d)\n    #1 0x4384a7  (/clusterfuzz/run_bot/clusterfuzz/bot/builds/libucl_libfuzzer_asan/custom/ucl_add_string_fuzzer+0x4384a7)\n    #2 0x442472  (/clusterfuzz/run_bot/clusterfuzz/bot/builds/libucl_libfuzzer_asan/custom/ucl_add_string_fuzzer+0x442472)\n    #3 0x447f3a  (/clusterfuzz/run_bot/clusterfuzz/bot/builds/libucl_libfuzzer_asan/custom/ucl_add_string_fuzzer+0x447f3a)\n    #4 0x470e62  (/clusterfuzz/run_bot/clusterfuzz/bot/builds/libucl_libfuzzer_asan/custom/ucl_add_string_fuzzer+0x470e62)\n    #5 0x7f6bec3450b2  (/lib/x86_64-linux-gnu/libc.so.6+0x270b2)\n", "crash_state": "ucl_maybe_parse_number\nucl_state_machine\nucl_parser_add_chunk_full\n", "crash_type": "Heap-buffer-overflow\nREAD 1", "disable_ubsan": false, "duplicate_of": null, "fixed": "", "flaky_stack": false, "fuzzed_keys": "235b8dc3-d8e1-4e7d-b5ea-dbc7f43c171f", "fuzzer_name": "libFuzzer", "fuzzer_name_indices": ["libFuzzer", "libFuzzer_ucl_add_string_fuzzer"], "gestures": [], "group_bug_information": 0, "group_id": 0, "has_bug_flag": false, "http_flag": false, "impact_beta_version": null, "impact_beta_version_indices": [], "impact_beta_version_likely": null, "impact_extended_stable_version": null, "impact_extended_stable_version_indices": [], "impact_extended_stable_version_likely": null, "impact_head_version": null, "impact_head_version_indices": [], "impact_head_version_likely": null, "impact_indices": [], "impact_stable_version": null, "impact_stable_version_indices": [], "impact_stable_version_likely": null, "impact_version_indices": [], "is_a_duplicate_flag": false, "is_impact_set_flag": null, "is_leader": true, "job_type": "libucl_libfuzzer_asan", "keywords": ["ucl_add_string", "ucl", "1", "lib", "fuzzer_ucl_add", "parser_add_chunk_full", "add_string", "heap-buffer", "fuzzer", "parser", "overflow", "ucl_maybe_parse_number", "maybe", "maybe_parse_number", "buffer-overflow", "add_string_fuzzer", "libfuzzer", "maybe_parse", "ucl_parser_add_chunk", "ucl_maybe_parse", "ucl_state", "libucl", "string_fuzzer", "asan", "machine", "ucl_maybe", "parse_number", "state", "chunk_full", "ucl_parser_add_chunk_full", "full", "fuzzer_ucl_add_string", "read", "ucl_parser", "add_chunk", "libfuzzer_ucl_add_string", "fuzzer_ucl", "ucl_state_machine", "parser_add", "add", "ucl_add_string_fuzzer", "buffer", "state_machine", "libfuzzer_ucl_add_string_fuzzer", "parse", "add_chunk_full", "number", "parser_add_chunk", "ucl_add", "read 1", "ucl_parser_add", "libfuzzer_ucl_add", "heap-buffer-overflow", "libfuzzer_asan", "libucl_libfuzzer_asan", "fuzzer_ucl_add_string_fuzzer", "chunk", "linux", "libucl_libfuzzer", "heap", "string", "libfuzzer_ucl"], "last_tested_crash_stacktrace": "[Environment] ASAN_OPTIONS=exitcode=77\n+----------------------------------------Release Build Stacktrace----------------------------------------+\nCommand: /clusterfuzz/run_bot/clusterfuzz/bot/builds/libucl_libfuzzer_asan/custom/ucl_add_string_fuzzer -detect_leaks=0 -rss_limit_mb=2560 -timeout=60 -runs=100 /clusterfuzz/run_bot/clusterfuzz/bot/inputs/fuzzer-testcases/crash-5151ba89f8ad4288c06a17dbe1551efbf20850cf\nTime ran: 0.014810562133789062\n\nINFO: Running with entropic power schedule (0xFF, 100).\nINFO: Seed: 1675064870\nINFO: Loaded 1 modules   (3760 inline 8-bit counters): 3760 [0x623b30, 0x6249e0),\nINFO: Loaded 1 PC tables (3760 PCs): 3760 [0x5cdd28,0x5dc828),\n/clusterfuzz/run_bot/clusterfuzz/bot/builds/libucl_libfuzzer_asan/custom/ucl_add_string_fuzzer: Running 1 inputs 100 time(s) each.\nRunning: /clusterfuzz/run_bot/clusterfuzz/bot/inputs/fuzzer-testcases/crash-5151ba89f8ad4288c06a17dbe1551efbf20850cf\n=================================================================\n==11029==ERROR: AddressSanitizer: heap-buffer-overflow on address 0x6020000000b3 at pc 0x00000055dcc6 bp 0x7ffff06f2350 sp 0x7ffff06f2348\nREAD of size 1 at 0x6020000000b3 thread T0\n    #0 0x55dcc5 in ucl_maybe_parse_number /src/libucl/src/ucl_parser.c:823:45\n    #1 0x56c9c7 in ucl_lex_number /src/libucl/src/ucl_parser.c:987:8\n    #2 0x56c9c7 in ucl_parse_value /src/libucl/src/ucl_parser.c:1855:10\n    #3 0x56c9c7 in ucl_state_machine /src/libucl/src/ucl_parser.c:2465:29\n    #4 0x562c3e in ucl_parser_add_chunk_full /src/libucl/src/ucl_parser.c:2951:12\n    #5 0x571e11 in ucl_parser_add_chunk_priority /src/libucl/src/ucl_parser.c:2986:9\n    #6 0x571e11 in ucl_parser_add_string_priority /src/libucl/src/ucl_parser.c:3049:9\n    #7 0x571e11 in ucl_parser_add_string /src/libucl/src/ucl_parser.c:3061:9\n    #8 0x55c99e in LLVMFuzzerTestOneInput /src/libucl/tests/fuzzers/ucl_add_string_fuzzer.c:17:2\n    #9 0x456b63 in fuzzer::Fuzzer::ExecuteCallback(unsigned char const*, unsigned long) cxa_noexception.cpp:0\n    #10 0x442472 in fuzzer::RunOneTest(fuzzer::Fuzzer*, char const*, unsigned long) /src/llvm-project/compiler-rt/lib/fuzzer/FuzzerDriver.cpp:324:6\n    #11 0x447f3a in fuzzer::FuzzerDriver(int*, char***, int (*)(unsigned char const*, unsigned long)) cxa_noexception.cpp:0\n    #12 0x470e62 in main /src/llvm-project/compiler-rt/lib/fuzzer/FuzzerMain.cpp:20:10\n    #13 0x7f94a11a60b2 in __libc_start_main\n    #14 0x41f6fd in _start\n\n0x6020000000b3 is located 0 bytes to the right of 3-byte region [0x6020000000b0,0x6020000000b3)\nallocated by thread T0 here:\n    #0 0x525d2d in malloc /src/llvm-project/compiler-rt/lib/asan/asan_malloc_linux.cpp:129:3\n    #1 0x4384a7 in operator new(unsigned long) cxa_noexception.cpp:0\n    #2 0x442472 in fuzzer::RunOneTest(fuzzer::Fuzzer*, char const*, unsigned long) /src/llvm-project/compiler-rt/lib/fuzzer/FuzzerDriver.cpp:324:6\n    #3 0x447f3a in fuzzer::FuzzerDriver(int*, char***, int (*)(unsigned char const*, unsigned long)) cxa_noexception.cpp:0\n    #4 0x470e62 in main /src/llvm-project/compiler-rt/lib/fuzzer/FuzzerMain.cpp:20:10\n    #5 0x7f94a11a60b2 in __libc_start_main\n\nSUMMARY: AddressSanitizer: heap-buffer-overflow (/clusterfuzz/run_bot/clusterfuzz/bot/builds/libucl_libfuzzer_asan/custom/ucl_add_string_fuzzer+0x55dcc5)\nShadow bytes around the buggy address:\n  0x0c047fff7fc0: 00 00 00 00 00 00 00 00 00 00 00 00 00 00 00 00\n  0x0c047fff7fd0: 00 00 00 00 00 00 00 00 00 00 00 00 00 00 00 00\n  0x0c047fff7fe0: 00 00 00 00 00 00 00 00 00 00 00 00 00 00 00 00\n  0x0c047fff7ff0: 00 00 00 00 00 00 00 00 00 00 00 00 00 00 00 00\n  0x0c047fff8000: fa fa 00 00 fa fa 00 fa fa fa 00 fa fa fa 00 fa\n=>0x0c047fff8010: fa fa 03 fa fa fa[03]fa fa fa 00 fa fa fa 00 04\n  0x0c047fff8020: fa fa 00 01 fa fa 00 01 fa fa 05 fa fa fa 00 fa\n  0x0c047fff8030: fa fa 00 01 fa fa 06 fa fa fa 07 fa fa fa fa fa\n  0x0c047fff8040: fa fa fa fa fa fa fa fa fa fa fa fa fa fa fa fa\n  0x0c047fff8050: fa fa fa fa fa fa fa fa fa fa fa fa fa fa fa fa\n  0x0c047fff8060: fa fa fa fa fa fa fa fa fa fa fa fa fa fa fa fa\nShadow byte legend (one shadow byte represents 8 application bytes):\n  Addressable:           00\n  Partially addressable: 01 02 03 04 05 06 07\n  Heap left redzone:       fa\n  Freed heap region:       fd\n  Stack left redzone:      f1\n  Stack mid redzone:       f2\n  Stack right redzone:     f3\n  Stack after return:      f5\n  Stack use after scope:   f8\n  Global redzone:          f9\n  Global init order:       f6\n  Poisoned by user:        f7\n  Container overflow:      fc\n  Array cookie:            ac\n  Intra object redzone:    bb\n  ASan internal:           fe\n  Left alloca redzone:     ca\n  Right alloca redzone:    cb\n==11029==ABORTING\n\n\n+----------------------------------------Release Build Unsymbolized Stacktrace (diff)----------------------------------------+\n\n==11029==ERROR: AddressSanitizer: heap-buffer-overflow on address 0x6020000000b3 at pc 0x00000055dcc6 bp 0x7ffff06f2350 sp 0x7ffff06f2348\nREAD of size 1 at 0x6020000000b3 thread T0\n    #0 0x55dcc5  (/clusterfuzz/run_bot/clusterfuzz/bot/builds/libucl_libfuzzer_asan/custom/ucl_add_string_fuzzer+0x55dcc5)\n    #1 0x56c9c7  (/clusterfuzz/run_bot/clusterfuzz/bot/builds/libucl_libfuzzer_asan/custom/ucl_add_string_fuzzer+0x56c9c7)\n    #2 0x562c3e  (/clusterfuzz/run_bot/clusterfuzz/bot/builds/libucl_libfuzzer_asan/custom/ucl_add_string_fuzzer+0x562c3e)\n    #3 0x571e11  (/clusterfuzz/run_bot/clusterfuzz/bot/builds/libucl_libfuzzer_asan/custom/ucl_add_string_fuzzer+0x571e11)\n    #4 0x55c99e  (/clusterfuzz/run_bot/clusterfuzz/bot/builds/libucl_libfuzzer_asan/custom/ucl_add_string_fuzzer+0x55c99e)\n    #5 0x456b63  (/clusterfuzz/run_bot/clusterfuzz/bot/builds/libucl_libfuzzer_asan/custom/ucl_add_string_fuzzer+0x456b63)\n    #6 0x442472  (/clusterfuzz/run_bot/clusterfuzz/bot/builds/libucl_libfuzzer_asan/custom/ucl_add_string_fuzzer+0x442472)\n    #7 0x447f3a  (/clusterfuzz/run_bot/clusterfuzz/bot/builds/libucl_libfuzzer_asan/custom/ucl_add_string_fuzzer+0x447f3a)\n    #8 0x470e62  (/clusterfuzz/run_bot/clusterfuzz/bot/builds/libucl_libfuzzer_asan/custom/ucl_add_string_fuzzer+0x470e62)\n    #9 0x7f94a11a60b2  (/lib/x86_64-linux-gnu/libc.so.6+0x270b2)\n    #10 0x41f6fd  (/clusterfuzz/run_bot/clusterfuzz/bot/builds/libucl_libfuzzer_asan/custom/ucl_add_string_fuzzer+0x41f6fd)\n\n0x6020000000b3 is located 0 bytes to the right of 3-byte region [0x6020000000b0,0x6020000000b3)\nallocated by thread T0 here:\n    #0 0x525d2d  (/clusterfuzz/run_bot/clusterfuzz/bot/builds/libucl_libfuzzer_asan/custom/ucl_add_string_fuzzer+0x525d2d)\n    #1 0x4384a7  (/clusterfuzz/run_bot/clusterfuzz/bot/builds/libucl_libfuzzer_asan/custom/ucl_add_string_fuzzer+0x4384a7)\n    #2 0x442472  (/clusterfuzz/run_bot/clusterfuzz/bot/builds/libucl_libfuzzer_asan/custom/ucl_add_string_fuzzer+0x442472)\n    #3 0x447f3a  (/clusterfuzz/run_bot/clusterfuzz/bot/builds/libucl_libfuzzer_asan/custom/ucl_add_string_fuzzer+0x447f3a)\n    #4 0x470e62  (/clusterfuzz/run_bot/clusterfuzz/bot/builds/libucl_libfuzzer_asan/custom/ucl_add_string_fuzzer+0x470e62)\n    #5 0x7f94a11a60b2  (/lib/x86_64-linux-gnu/libc.so.6+0x270b2)\n", "minidump_keys": "", "minimized_arguments": "-detect_leaks=0 -rss_limit_mb=2560 -timeout=60", "minimized_keys": "235b8dc3-d8e1-4e7d-b5ea-dbc7f43c171f", "one_time_crasher_flag": false, "open": true, "overridden_fuzzer_name": "libFuzzer_ucl_add_string_fuzzer", "platform": "linux", "platform_id": "linux", "project_name": "test-project", "queue": "jobs-linux", "redzone": 16, "regression": "NA", "security_flag": true, "security_severity": 2, "status": "Processed", "symbolized": false, "timeout_multiplier": 1.0, "timestamp": 1638178887, "triaged": false, "uploader_email": null, "window_argument": "", "id": 25574}, "timestamp": 1638178887.054324, "show_blame": false, "show_impact": false, "impacts_production": false, "find_similar_issues_options": [{"type": "open", "label": "Open"}, {"type": "all", "label": "All"}], "auto_delete_timestamp": null, "auto_close_timestamp": null, "memory_tool_display_label": "Sanitizer", "memory_tool_display_value": "address (ASAN)", "last_tested": "1:1 (No component revisions found!)", "is_admin_or_not_oss_fuzz": true, "has_issue_tracker": false, "reproduction_help_url": "", "is_local_development": true, "fuzzer_display": {"engine": "libFuzzer", "target": "ucl_add_string_fuzzer", "name": "libFuzzer", "fully_qualified_name": "libFuzzer_ucl_add_string_fuzzer"}}