{"id": 14626, "crash_type": "Bus on unknown address", "crash_address": "", "crash_state": "do_stuff_fuzzer.cpp\n", "crash_state_lines": ["do_stuff_fuzzer.cpp"], "crash_revision": 1, "csrf_token": "D6S+cXG/eQvjQp1jhkN2Yfq5FoCaAiuUjD0oLthouNSAPb8xaAgWvNikB3AHnFnrgfWQIz/OKB4owWUbxHHo3A==", "external_user": false, "footer": "[2021-11-29 00:08:50 UTC] comput12-20211128-16:40: Fuzz task : Fuzzer honggfuzz_do_stuff_fuzzer generated testcase crashed in 2 seconds (r1).\n", "formatted_reproduction_help": "", "fixed": "NA", "fixed_full": null, "issue_url": null, "is_admin": true, "metadata": {"build_key": "c20190b7-31ed-4f59-bd30-8d0885aff5d9", "fuzzer_binary_name": "do_stuff_fuzzer"}, "minimized_testcase_size": null, "needs_refresh": false, "original_testcase_size": "0 B", "privileged_user": true, "regression": "NA", "crash_stacktrace": {"lines": [{"lineNumber": 1, "content": "[Environment] MSAN_OPTIONS=allocator_release_to_os_interval_ms=500:halt_on_error=1:handle_abort=2:handle_segv=2:handle_sigbus=2:handle_sigfpe=2:handle_sigill=2:print_stats=1:print_summary=1:symbolize=0:use_sigaltstack=1", "important": false, "type": "Line"}, {"lineNumber": 2, "content": "+----------------------------------------Release Build Stacktrace----------------------------------------+", "important": false, "type": "Line"}, {"lineNumber": 3, "content": "==56611==ERROR: MemorySanitizer: BUS on unknown address (pc 0x0000004a2945 bp 0x7fffffffcfd0 sp 0x7fffffffcf50 T56611)", "important": false, "type": "Line"}, {"lineNumber": 4, "content": "==56611==The signal is caused by a READ memory access.", "important": false, "type": "Line"}, {"lineNumber": 5, "content": "==56611==Hint: this fault was caused by a dereference of a high value address (see register values below).  Disassemble the provided pc to learn which register was used.", "important": false, "type": "Line"}, {"lineNumber": 6, "content": "    #0 0x4a2945 in LLVMFuzzerTestOneInput /src/cifuzz-example/do_stuff_fuzzer.cpp:13:7", "important": true, "type": "Line"}, {"lineNumber": 7, "content": "    #1 0x4a4a5e in main", "important": false, "type": "Line"}, {"lineNumber": 8, "content": "    #2 0x7ffff7c5b0b2 in __libc_start_main", "important": false, "type": "Line"}, {"lineNumber": 9, "content": "    #3 0x41e4cd in _start", "important": false, "type": "Line"}, {"lineNumber": 10, "content": "", "important": false, "type": "Line"}, {"lineNumber": 11, "content": "MemorySanitizer can not provide additional info.", "important": false, "type": "Line"}, {"lineNumber": 12, "content": "SUMMARY: MemorySanitizer: BUS (/clusterfuzz/run_bot/clusterfuzz/bot/builds/cifuzz-example_honggfuzz_msan/custom/do_stuff_fuzzer+0x4a2945)", "important": false, "type": "Line"}, {"lineNumber": 13, "content": "==56611==ABORTING", "important": false, "type": "Line"}, {"lineNumber": 14, "content": "", "important": false, "type": "Line"}, {"lineNumber": 15, "content": "", "important": false, "type": "Line"}, {"lineNumber": 16, "content": "+----------------------------------------Release Build Unsymbolized Stacktrace (diff)----------------------------------------+", "important": false, "type": "Line"}, {"lineNumber": 17, "content": "", "important": false, "type": "Line"}, {"lineNumber": 18, "content": "==56611==The signal is caused by a READ memory access.", "important": false, "type": "Line"}, {"lineNumber": 19, "content": "==56611==Hint: this fault was caused by a dereference of a high value address (see register values below).  Disassemble the provided pc to learn which register was used.", "important": false, "type": "Line"}, {"lineNumber": 20, "content": "    #0 0x4a2945  (/clusterfuzz/run_bot/clusterfuzz/bot/builds/cifuzz-example_honggfuzz_msan/custom/do_stuff_fuzzer+0x4a2945)", "important": false, "type": "Line"}, {"lineNumber": 21, "content": "    #1 0x4a4a5e  (/clusterfuzz/run_bot/clusterfuzz/bot/builds/cifuzz-example_honggfuzz_msan/custom/do_stuff_fuzzer+0x4a4a5e)", "important": false, "type": "Line"}, {"lineNumber": 22, "content": "    #2 0x7ffff7c5b0b2  (/lib/x86_64-linux-gnu/libc.so.6+0x270b2)", "important": false, "type": "Line"}, {"lineNumber": 23, "content": "    #3 0x41e4cd  (/clusterfuzz/run_bot/clusterfuzz/bot/builds/cifuzz-example_honggfuzz_msan/custom/do_stuff_fuzzer+0x41e4cd)", "important": false, "type": "Line"}], "revision": "1"}, "last_tested_crash_stacktrace": {"lines": [], "revision": null}, "security_severity": null, "security_severities": [{"value": 0, "name": "Critical"}, {"value": 1, "name": "High", "default": true}, {"value": 2, "name": "Medium"}, {"value": 3, "name": "Low"}, {"value": 4, "name": "Missing"}], "stats": {"min_hour": 1, "max_hour": 1}, "suspected_cls": null, "testcase": {"absolute_path": "/clusterfuzz/run_bot/clusterfuzz/bot/inputs/fuzzer-testcases/SIGABRT.PC.7ffff7c7a18b.STACK.17c128e767.CODE.-6.ADDR.0.INSTR.[UNKNOWN].fuzz", "additional_metadata": "{\"build_key\": \"c20190b7-31ed-4f59-bd30-8d0885aff5d9\", \"fuzzer_binary_name\": \"do_stuff_fuzzer\"}", "archive_filename": null, "archive_state": 0, "binary_flag": false, "bug_indices": [], "bug_information": "", "comments": "[2021-11-29 00:08:50 UTC] comput12-20211128-16:40: Fuzz task : Fuzzer honggfuzz_do_stuff_fuzzer generated testcase crashed in 2 seconds (r1).\n", "crash_address": "", "crash_revision": 1, "crash_stacktrace": "[Environment] MSAN_OPTIONS=allocator_release_to_os_interval_ms=500:halt_on_error=1:handle_abort=2:handle_segv=2:handle_sigbus=2:handle_sigfpe=2:handle_sigill=2:print_stats=1:print_summary=1:symbolize=0:use_sigaltstack=1\n+----------------------------------------Release Build Stacktrace----------------------------------------+\n==56611==ERROR: MemorySanitizer: BUS on unknown address (pc 0x0000004a2945 bp 0x7fffffffcfd0 sp 0x7fffffffcf50 T56611)\n==56611==The signal is caused by a READ memory access.\n==56611==Hint: this fault was caused by a dereference of a high value address (see register values below).  Disassemble the provided pc to learn which register was used.\n    #0 0x4a2945 in LLVMFuzzerTestOneInput /src/cifuzz-example/do_stuff_fuzzer.cpp:13:7\n    #1 0x4a4a5e in main\n    #2 0x7ffff7c5b0b2 in __libc_start_main\n    #3 0x41e4cd in _start\n\nMemorySanitizer can not provide additional info.\nSUMMARY: MemorySanitizer: BUS (/clusterfuzz/run_bot/clusterfuzz/bot/builds/cifuzz-example_honggfuzz_msan/custom/do_stuff_fuzzer+0x4a2945)\n==56611==ABORTING\n\n\n+----------------------------------------Release Build Unsymbolized Stacktrace (diff)----------------------------------------+\n\n==56611==The signal is caused by a READ memory access.\n==56611==Hint: this fault was caused by a dereference of a high value address (see register values below).  Disassemble the provided pc to learn which register was used.\n    #0 0x4a2945  (/clusterfuzz/run_bot/clusterfuzz/bot/builds/cifuzz-example_honggfuzz_msan/custom/do_stuff_fuzzer+0x4a2945)\n    #1 0x4a4a5e  (/clusterfuzz/run_bot/clusterfuzz/bot/builds/cifuzz-example_honggfuzz_msan/custom/do_stuff_fuzzer+0x4a4a5e)\n    #2 0x7ffff7c5b0b2  (/lib/x86_64-linux-gnu/libc.so.6+0x270b2)\n    #3 0x41e4cd  (/clusterfuzz/run_bot/clusterfuzz/bot/builds/cifuzz-example_honggfuzz_msan/custom/do_stuff_fuzzer+0x41e4cd)\n", "crash_state": "do_stuff_fuzzer.cpp\n", "crash_type": "Bus on unknown address", "disable_ubsan": false, "duplicate_of": null, "fixed": "NA", "flaky_stack": false, "fuzzed_keys": "01a2ce52-d652-4dc6-9a09-3b48270ba4d0", "fuzzer_name": "honggfuzz", "fuzzer_name_indices": ["honggfuzz_do_stuff_fuzzer", "honggfuzz"], "gestures": [], "group_bug_information": 0, "group_id": 0, "has_bug_flag": false, "http_flag": false, "impact_beta_version": null, "impact_beta_version_indices": [], "impact_beta_version_likely": null, "impact_extended_stable_version": null, "impact_extended_stable_version_indices": [], "impact_extended_stable_version_likely": null, "impact_head_version": null, "impact_head_version_indices": [], "impact_head_version_likely": null, "impact_indices": [], "impact_stable_version": null, "impact_stable_version_indices": [], "impact_stable_version_likely": null, "impact_version_indices": [], "is_a_duplicate_flag": false, "is_impact_set_flag": null, "is_leader": true, "job_type": "cifuzz-example_honggfuzz_msan", "keywords": ["cifuzz-example", "unknown address", "on", "do_stuff_fuzzer.cpp", "do_stuff_fuzzer", "example", "msan", "bus on unknown address", "unknown", "honggfuzz_do_stuff_fuzzer", "fuzzer", "address", "example_honggfuzz_msan", "cpp", "linux", "honggfuzz", "bus", "honggfuzz_msan", "honggfuzz_do", "stuff_fuzzer.cpp", "cifuzz-example_honggfuzz", "do_stuff", "cifuzz-example_honggfuzz_msan", "cifuzz", "fuzzer.cpp", "do", "on unknown", "honggfuzz_do_stuff", "stuff_fuzzer", "on unknown address", "bus on", "bus on unknown", "stuff", "example_honggfuzz"], "last_tested_crash_stacktrace": null, "minidump_keys": "", "minimized_arguments": "", "minimized_keys": "NA", "one_time_crasher_flag": true, "open": true, "overridden_fuzzer_name": "honggfuzz_do_stuff_fuzzer", "platform": "linux", "platform_id": "linux", "project_name": "test-project", "queue": "jobs-linux", "redzone": 128, "regression": "NA", "security_flag": false, "security_severity": null, "status": "Processed", "symbolized": false, "timeout_multiplier": 1.0, "timestamp": 1638144530, "triaged": false, "uploader_email": null, "window_argument": "", "id": 14626}, "timestamp": 1638144530.68407, "show_blame": false, "show_impact": false, "impacts_production": false, "find_similar_issues_options": [{"type": "open", "label": "Open"}, {"type": "all", "label": "All"}], "auto_delete_timestamp": 1638749330.68407, "auto_close_timestamp": null, "memory_tool_display_label": "Sanitizer", "memory_tool_display_value": "memory (MSAN)", "last_tested": "1:1 (No component revisions found!)", "is_admin_or_not_oss_fuzz": true, "has_issue_tracker": false, "reproduction_help_url": "", "is_local_development": true, "fuzzer_display": {"engine": "honggfuzz", "target": "do_stuff_fuzzer", "name": "honggfuzz", "fully_qualified_name": "honggfuzz_do_stuff_fuzzer"}}