{"id": 14629, "crash_type": "Heap-buffer-overflow WRITE 1", "crash_address": "0x6090006b6c9c", "crash_state": "extract_name\nanswer_auth\nfuzz_auth.c\n", "crash_state_lines": ["extract_name", "answer_auth", "fuzz_auth.c"], "crash_revision": 1, "csrf_token": "D6S+cXG/eQvjQp1jhkN2Yfq5FoCaAiuUjD0oLthouNSAPb8xaAgWvNikB3AHnFnrgfWQIz/OKB4owWUbxHHo3A==", "external_user": false, "footer": "[2021-11-29 00:10:10 UTC] snode5-20211128-16:40: Fuzz task : Fuzzer honggfuzz_fuzz_auth generated testcase crashed in 1 seconds (r1).\n[2021-11-29 00:13:34 UTC] snode9-20211128-16:42: Minimize task started.\n[2021-11-29 00:14:58 UTC] snode9-20211128-16:42: Minimize task errored out: Engine does not support minimization.\n[2021-11-30 00:10:15 UTC] comput13-20211129-15:14: Progression task started.\n[2021-11-30 00:11:35 UTC] comput13-20211129-15:14: Progression task finished: still crashes on latest custom build.\n", "formatted_reproduction_help": "", "fixed": "NO", "fixed_full": null, "issue_url": null, "is_admin": true, "metadata": {"build_key": "f3890ef0-6b86-4527-83c0-25e96cdad1f6", "fuzzer_binary_name": "fuzz_auth", "last_tested_crash_revision": null, "last_tested_crash_time": 1638231095, "last_tested_revision": null}, "minimized_testcase_size": "4 KB", "needs_refresh": false, "original_testcase_size": "4 KB", "privileged_user": true, "regression": "NA", "crash_stacktrace": {"lines": [{"lineNumber": 1, "content": "[Environment] ASAN_OPTIONS=alloc_dealloc_mismatch=0:allocator_may_return_null=1:allocator_release_to_os_interval_ms=500:allow_user_segv_handler=0:check_malloc_usable_size=0:detect_leaks=1:detect_odr_violation=0:detect_stack_use_after_return=1:fast_unwind_on_fatal=0:handle_abort=2:handle_segv=2:handle_sigbus=2:handle_sigfpe=2:handle_sigill=2:max_uar_stack_size_log=16:print_scariness=1:print_summary=1:print_suppressions=0:quarantine_size_mb=64:redzone=64:strict_memcmp=1:symbolize=0:use_sigaltstack=1", "important": false, "type": "Line"}, {"lineNumber": 2, "content": "+----------------------------------------Release Build Stacktrace----------------------------------------+", "important": false, "type": "Line"}, {"lineNumber": 3, "content": "=================================================================", "important": false, "type": "Line"}, {"lineNumber": 4, "content": "==84842==ERROR: AddressSanitizer: heap-buffer-overflow on address 0x6090006b6c9c at pc 0x00000057808a bp 0x7fffffffcb90 sp 0x7fffffffcb88", "important": false, "type": "Line"}, {"lineNumber": 5, "content": "WRITE of size 1 at 0x6090006b6c9c thread T0", "important": false, "type": "Line"}, {"lineNumber": 6, "content": "SCARINESS: 31 (1-byte-write-heap-buffer-overflow)", "important": false, "type": "Line"}, {"lineNumber": 7, "content": "    #0 0x578089 in extract_name /src/dnsmasq/src/rfc1035.c:106:11", "important": true, "type": "Line"}, {"lineNumber": 8, "content": "    #1 0x4e5455 in answer_auth /src/dnsmasq/src/auth.c:140:12", "important": true, "type": "Line"}, {"lineNumber": 9, "content": "    #2 0x4e4bd2 in FuzzAuth /src/fuzz_auth.c:35:3", "important": true, "type": "Line"}, {"lineNumber": 10, "content": "    #3 0x4e4bd2 in LLVMFuzzerTestOneInput /src/fuzz_auth.c:62:3", "important": true, "type": "Line"}, {"lineNumber": 11, "content": "    #4 0x4d5c9e in main", "important": false, "type": "Line"}, {"lineNumber": 12, "content": "    #5 0x7ffff7c5b0b2 in __libc_start_main", "important": false, "type": "Line"}, {"lineNumber": 13, "content": "    #6 0x41d79d in _start", "important": false, "type": "Line"}, {"lineNumber": 14, "content": "", "important": false, "type": "Line"}, {"lineNumber": 15, "content": "0x6090006b6c9c is located 0 bytes to the right of 76-byte region [0x6090006b6c50,0x6090006b6c9c)", "important": false, "type": "Line"}, {"lineNumber": 16, "content": "allocated by thread T0 here:", "important": false, "type": "Line"}, {"lineNumber": 17, "content": "    #0 0x49ea1d in __interceptor_malloc /src/llvm-project/compiler-rt/lib/asan/asan_malloc_linux.cpp:129:3", "important": false, "type": "Line"}, {"lineNumber": 18, "content": "    #1 0x4e0cb8 in get_null_terminated /src/fuzz_header.h:47:17", "important": false, "type": "Line"}, {"lineNumber": 19, "content": "    #2 0x4e0cb8 in gb_get_null_terminated /src/fuzz_header.h:74:16", "important": false, "type": "Line"}, {"lineNumber": 20, "content": "    #3 0x4e0cb8 in init_daemon /src/fuzz_header.h:238:27", "important": false, "type": "Line"}, {"lineNumber": 21, "content": "    #4 0x4e49c5 in LLVMFuzzerTestOneInput /src/fuzz_auth.c:56:14", "important": true, "type": "Line"}, {"lineNumber": 22, "content": "    #5 0x4d5c9e in main", "important": false, "type": "Line"}, {"lineNumber": 23, "content": "", "important": false, "type": "Line"}, {"lineNumber": 24, "content": "SUMMARY: AddressSanitizer: heap-buffer-overflow (/clusterfuzz/run_bot/clusterfuzz/bot/builds/dnsmasq_honggfuzz_asan/custom/fuzz_auth+0x578089)", "important": false, "type": "Line"}, {"lineNumber": 25, "content": "Shadow bytes around the buggy address:", "important": false, "type": "Line"}, {"lineNumber": 26, "content": "  0x0c12800ced40: fa fa fd fd fd fd fd fd fd fd fd fd fa fa fa fa", "important": false, "type": "Line"}, {"lineNumber": 27, "content": "  0x0c12800ced50: fa fa fa fa fd fd fd fd fd fd fd fd fd fd fa fa", "important": false, "type": "Line"}, {"lineNumber": 28, "content": "  0x0c12800ced60: fa fa fa fa fa fa fd fd fd fd fd fd fd fd fd fd", "important": false, "type": "Line"}, {"lineNumber": 29, "content": "  0x0c12800ced70: fa fa fa fa fa fa fa fa fd fd fd fd fd fd fd fd", "important": false, "type": "Line"}, {"lineNumber": 30, "content": "  0x0c12800ced80: fd fd fa fa fa fa fa fa fa fa 00 00 00 00 00 00", "important": false, "type": "Line"}, {"lineNumber": 31, "content": "=&gt;0x0c12800ced90: 00 00 00[04]fa fa fa fa fa fa fa fa 00 00 00 00", "important": false, "type": "Line"}, {"lineNumber": 32, "content": "  0x0c12800ceda0: 00 00 00 00 00 04 fa fa fa fa fa fa fa fa 00 00", "important": false, "type": "Line"}, {"lineNumber": 33, "content": "  0x0c12800cedb0: 00 00 00 00 00 00 00 04 fa fa fa fa fa fa fa fa", "important": false, "type": "Line"}, {"lineNumber": 34, "content": "  0x0c12800cedc0: 00 00 00 00 00 00 00 00 00 04 fa fa fa fa fa fa", "important": false, "type": "Line"}, {"lineNumber": 35, "content": "  0x0c12800cedd0: fa fa 00 00 00 00 00 00 00 00 00 04 fa fa fa fa", "important": false, "type": "Line"}, {"lineNumber": 36, "content": "  0x0c12800cede0: fa fa fa fa 00 00 00 00 00 00 00 00 00 04 fa fa", "important": false, "type": "Line"}, {"lineNumber": 37, "content": "Shadow byte legend (one shadow byte represents 8 application bytes):", "important": false, "type": "Line"}, {"lineNumber": 38, "content": "  Addressable:           00", "important": false, "type": "Line"}, {"lineNumber": 39, "content": "  Partially addressable: 01 02 03 04 05 06 07", "important": false, "type": "Line"}, {"lineNumber": 40, "content": "  Heap left redzone:       fa", "important": false, "type": "Line"}, {"lineNumber": 41, "content": "  Freed heap region:       fd", "important": false, "type": "Line"}, {"lineNumber": 42, "content": "  Stack left redzone:      f1", "important": false, "type": "Line"}, {"lineNumber": 43, "content": "  Stack mid redzone:       f2", "important": false, "type": "Line"}, {"lineNumber": 44, "content": "  Stack right redzone:     f3", "important": false, "type": "Line"}, {"lineNumber": 45, "content": "  Stack after return:      f5", "important": false, "type": "Line"}, {"lineNumber": 46, "content": "  Stack use after scope:   f8", "important": false, "type": "Line"}, {"lineNumber": 47, "content": "  Global redzone:          f9", "important": false, "type": "Line"}, {"lineNumber": 48, "content": "  Global init order:       f6", "important": false, "type": "Line"}, {"lineNumber": 49, "content": "  Poisoned by user:        f7", "important": false, "type": "Line"}, {"lineNumber": 50, "content": "  Container overflow:      fc", "important": false, "type": "Line"}, {"lineNumber": 51, "content": "  Array cookie:            ac", "important": false, "type": "Line"}, {"lineNumber": 52, "content": "  Intra object redzone:    bb", "important": false, "type": "Line"}, {"lineNumber": 53, "content": "  ASan internal:           fe", "important": false, "type": "Line"}, {"lineNumber": 54, "content": "  Left alloca redzone:     ca", "important": false, "type": "Line"}, {"lineNumber": 55, "content": "  Right alloca redzone:    cb", "important": false, "type": "Line"}, {"lineNumber": 56, "content": "==84842==ABORTING", "important": false, "type": "Line"}, {"lineNumber": 57, "content": "", "important": false, "type": "Line"}, {"lineNumber": 58, "content": "", "important": false, "type": "Line"}, {"lineNumber": 59, "content": "+----------------------------------------Release Build Unsymbolized Stacktrace (diff)----------------------------------------+", "important": false, "type": "Line"}, {"lineNumber": 60, "content": "", "important": false, "type": "Line"}, {"lineNumber": 61, "content": "WRITE of size 1 at 0x6090006b6c9c thread T0", "important": false, "type": "Line"}, {"lineNumber": 62, "content": "SCARINESS: 31 (1-byte-write-heap-buffer-overflow)", "important": false, "type": "Line"}, {"lineNumber": 63, "content": "    #0 0x578089  (/clusterfuzz/run_bot/clusterfuzz/bot/builds/dnsmasq_honggfuzz_asan/custom/fuzz_auth+0x578089)", "important": false, "type": "Line"}, {"lineNumber": 64, "content": "    #1 0x4e5455  (/clusterfuzz/run_bot/clusterfuzz/bot/builds/dnsmasq_honggfuzz_asan/custom/fuzz_auth+0x4e5455)", "important": false, "type": "Line"}, {"lineNumber": 65, "content": "    #2 0x4e4bd2  (/clusterfuzz/run_bot/clusterfuzz/bot/builds/dnsmasq_honggfuzz_asan/custom/fuzz_auth+0x4e4bd2)", "important": false, "type": "Line"}, {"lineNumber": 66, "content": "    #3 0x4d5c9e  (/clusterfuzz/run_bot/clusterfuzz/bot/builds/dnsmasq_honggfuzz_asan/custom/fuzz_auth+0x4d5c9e)", "important": false, "type": "Line"}, {"lineNumber": 67, "content": "    #4 0x7ffff7c5b0b2  (/lib/x86_64-linux-gnu/libc.so.6+0x270b2)", "important": false, "type": "Line"}, {"lineNumber": 68, "content": "    #5 0x41d79d  (/clusterfuzz/run_bot/clusterfuzz/bot/builds/dnsmasq_honggfuzz_asan/custom/fuzz_auth+0x41d79d)", "important": false, "type": "Line"}, {"lineNumber": 69, "content": "", "important": false, "type": "Line"}, {"lineNumber": 70, "content": "0x6090006b6c9c is located 0 bytes to the right of 76-byte region [0x6090006b6c50,0x6090006b6c9c)", "important": false, "type": "Line"}, {"lineNumber": 71, "content": "allocated by thread T0 here:", "important": false, "type": "Line"}, {"lineNumber": 72, "content": "    #0 0x49ea1d  (/clusterfuzz/run_bot/clusterfuzz/bot/builds/dnsmasq_honggfuzz_asan/custom/fuzz_auth+0x49ea1d)", "important": false, "type": "Line"}, {"lineNumber": 73, "content": "    #1 0x4e0cb8  (/clusterfuzz/run_bot/clusterfuzz/bot/builds/dnsmasq_honggfuzz_asan/custom/fuzz_auth+0x4e0cb8)", "important": false, "type": "Line"}, {"lineNumber": 74, "content": "    #2 0x4e49c5  (/clusterfuzz/run_bot/clusterfuzz/bot/builds/dnsmasq_honggfuzz_asan/custom/fuzz_auth+0x4e49c5)", "important": false, "type": "Line"}, {"lineNumber": 75, "content": "    #3 0x4d5c9e  (/clusterfuzz/run_bot/clusterfuzz/bot/builds/dnsmasq_honggfuzz_asan/custom/fuzz_auth+0x4d5c9e)", "important": false, "type": "Line"}], "revision": "1"}, "last_tested_crash_stacktrace": {"lines": [{"lineNumber": 1, "content": "[Environment] ASAN_OPTIONS=alloc_dealloc_mismatch=0:allocator_may_return_null=1:allocator_release_to_os_interval_ms=500:allow_user_segv_handler=0:check_malloc_usable_size=0:detect_leaks=1:detect_odr_violation=0:detect_stack_use_after_return=1:fast_unwind_on_fatal=0:handle_abort=2:handle_segv=2:handle_sigbus=2:handle_sigfpe=2:handle_sigill=2:max_uar_stack_size_log=16:print_scariness=1:print_summary=1:print_suppressions=0:quarantine_size_mb=64:redzone=64:strict_memcmp=1:symbolize=0:use_sigaltstack=1", "important": false, "type": "Line"}, {"lineNumber": 2, "content": "+----------------------------------------Release Build Stacktrace----------------------------------------+", "important": false, "type": "Line"}, {"lineNumber": 3, "content": "Command: /clusterfuzz/run_bot/clusterfuzz/bot/builds/dnsmasq_honggfuzz_asan/custom/fuzz_auth", "important": false, "type": "Line"}, {"lineNumber": 4, "content": "Time ran: 0.007399320602416992", "important": false, "type": "Line"}, {"lineNumber": 5, "content": "", "important": false, "type": "Line"}, {"lineNumber": 6, "content": "Accepting input from &#x27;[STDIN]&#x27;", "important": false, "type": "Line"}, {"lineNumber": 7, "content": "Usage for fuzzing: honggfuzz -P [flags] -- /clusterfuzz/run_bot/clusterfuzz/bot/builds/dnsmasq_honggfuzz_asan/custom/fuzz_auth", "important": false, "type": "Line"}, {"lineNumber": 8, "content": "=================================================================", "important": false, "type": "Line"}, {"lineNumber": 9, "content": "==7083==ERROR: AddressSanitizer: heap-buffer-overflow on address 0x60900000008c at pc 0x00000057808a bp 0x7fff40b85fb0 sp 0x7fff40b85fa8", "important": false, "type": "Line"}, {"lineNumber": 10, "content": "WRITE of size 1 at 0x60900000008c thread T0", "important": false, "type": "Line"}, {"lineNumber": 11, "content": "SCARINESS: 31 (1-byte-write-heap-buffer-overflow)", "important": false, "type": "Line"}, {"lineNumber": 12, "content": "    #0 0x578089 in extract_name /src/dnsmasq/src/rfc1035.c:106:11", "important": true, "type": "Line"}, {"lineNumber": 13, "content": "    #1 0x4e5455 in answer_auth /src/dnsmasq/src/auth.c:140:12", "important": true, "type": "Line"}, {"lineNumber": 14, "content": "    #2 0x4e4bd2 in FuzzAuth /src/fuzz_auth.c:35:3", "important": true, "type": "Line"}, {"lineNumber": 15, "content": "    #3 0x4e4bd2 in LLVMFuzzerTestOneInput /src/fuzz_auth.c:62:3", "important": true, "type": "Line"}, {"lineNumber": 16, "content": "    #4 0x4d5bbb in main", "important": false, "type": "Line"}, {"lineNumber": 17, "content": "    #5 0x7f0c1d0490b2 in __libc_start_main", "important": false, "type": "Line"}, {"lineNumber": 18, "content": "    #6 0x41d79d in _start", "important": false, "type": "Line"}, {"lineNumber": 19, "content": "", "important": false, "type": "Line"}, {"lineNumber": 20, "content": "0x60900000008c is located 0 bytes to the right of 76-byte region [0x609000000040,0x60900000008c)", "important": false, "type": "Line"}, {"lineNumber": 21, "content": "allocated by thread T0 here:", "important": false, "type": "Line"}, {"lineNumber": 22, "content": "    #0 0x49ea1d in __interceptor_malloc /src/llvm-project/compiler-rt/lib/asan/asan_malloc_linux.cpp:129:3", "important": false, "type": "Line"}, {"lineNumber": 23, "content": "    #1 0x4e0cb8 in get_null_terminated /src/fuzz_header.h:47:17", "important": false, "type": "Line"}, {"lineNumber": 24, "content": "    #2 0x4e0cb8 in gb_get_null_terminated /src/fuzz_header.h:74:16", "important": false, "type": "Line"}, {"lineNumber": 25, "content": "    #3 0x4e0cb8 in init_daemon /src/fuzz_header.h:238:27", "important": false, "type": "Line"}, {"lineNumber": 26, "content": "    #4 0x4e49c5 in LLVMFuzzerTestOneInput /src/fuzz_auth.c:56:14", "important": true, "type": "Line"}, {"lineNumber": 27, "content": "    #5 0x4d5bbb in main", "important": false, "type": "Line"}, {"lineNumber": 28, "content": "", "important": false, "type": "Line"}, {"lineNumber": 29, "content": "SUMMARY: AddressSanitizer: heap-buffer-overflow (/clusterfuzz/run_bot/clusterfuzz/bot/builds/dnsmasq_honggfuzz_asan/custom/fuzz_auth+0x578089)", "important": false, "type": "Line"}, {"lineNumber": 30, "content": "Shadow bytes around the buggy address:", "important": false, "type": "Line"}, {"lineNumber": 31, "content": "  0x0c127fff7fc0: 00 00 00 00 00 00 00 00 00 00 00 00 00 00 00 00", "important": false, "type": "Line"}, {"lineNumber": 32, "content": "  0x0c127fff7fd0: 00 00 00 00 00 00 00 00 00 00 00 00 00 00 00 00", "important": false, "type": "Line"}, {"lineNumber": 33, "content": "  0x0c127fff7fe0: 00 00 00 00 00 00 00 00 00 00 00 00 00 00 00 00", "important": false, "type": "Line"}, {"lineNumber": 34, "content": "  0x0c127fff7ff0: 00 00 00 00 00 00 00 00 00 00 00 00 00 00 00 00", "important": false, "type": "Line"}, {"lineNumber": 35, "content": "  0x0c127fff8000: fa fa fa fa fa fa fa fa 00 00 00 00 00 00 00 00", "important": false, "type": "Line"}, {"lineNumber": 36, "content": "=&gt;0x0c127fff8010: 00[04]fa fa fa fa fa fa fa fa 00 00 00 00 00 00", "important": false, "type": "Line"}, {"lineNumber": 37, "content": "  0x0c127fff8020: 00 00 00 04 fa fa fa fa fa fa fa fa 00 00 00 00", "important": false, "type": "Line"}, {"lineNumber": 38, "content": "  0x0c127fff8030: 00 00 00 00 00 04 fa fa fa fa fa fa fa fa 00 00", "important": false, "type": "Line"}, {"lineNumber": 39, "content": "  0x0c127fff8040: 00 00 00 00 00 00 00 04 fa fa fa fa fa fa fa fa", "important": false, "type": "Line"}, {"lineNumber": 40, "content": "  0x0c127fff8050: 00 00 00 00 00 00 00 00 00 04 fa fa fa fa fa fa", "important": false, "type": "Line"}, {"lineNumber": 41, "content": "  0x0c127fff8060: fa fa 00 00 00 00 00 00 00 00 00 04 fa fa fa fa", "important": false, "type": "Line"}, {"lineNumber": 42, "content": "Shadow byte legend (one shadow byte represents 8 application bytes):", "important": false, "type": "Line"}, {"lineNumber": 43, "content": "  Addressable:           00", "important": false, "type": "Line"}, {"lineNumber": 44, "content": "  Partially addressable: 01 02 03 04 05 06 07", "important": false, "type": "Line"}, {"lineNumber": 45, "content": "  Heap left redzone:       fa", "important": false, "type": "Line"}, {"lineNumber": 46, "content": "  Freed heap region:       fd", "important": false, "type": "Line"}, {"lineNumber": 47, "content": "  Stack left redzone:      f1", "important": false, "type": "Line"}, {"lineNumber": 48, "content": "  Stack mid redzone:       f2", "important": false, "type": "Line"}, {"lineNumber": 49, "content": "  Stack right redzone:     f3", "important": false, "type": "Line"}, {"lineNumber": 50, "content": "  Stack after return:      f5", "important": false, "type": "Line"}, {"lineNumber": 51, "content": "  Stack use after scope:   f8", "important": false, "type": "Line"}, {"lineNumber": 52, "content": "  Global redzone:          f9", "important": false, "type": "Line"}, {"lineNumber": 53, "content": "  Global init order:       f6", "important": false, "type": "Line"}, {"lineNumber": 54, "content": "  Poisoned by user:        f7", "important": false, "type": "Line"}, {"lineNumber": 55, "content": "  Container overflow:      fc", "important": false, "type": "Line"}, {"lineNumber": 56, "content": "  Array cookie:            ac", "important": false, "type": "Line"}, {"lineNumber": 57, "content": "  Intra object redzone:    bb", "important": false, "type": "Line"}, {"lineNumber": 58, "content": "  ASan internal:           fe", "important": false, "type": "Line"}, {"lineNumber": 59, "content": "  Left alloca redzone:     ca", "important": false, "type": "Line"}, {"lineNumber": 60, "content": "  Right alloca redzone:    cb", "important": false, "type": "Line"}, {"lineNumber": 61, "content": "==7083==ABORTING", "important": false, "type": "Line"}, {"lineNumber": 62, "content": "", "important": false, "type": "Line"}, {"lineNumber": 63, "content": "", "important": false, "type": "Line"}, {"lineNumber": 64, "content": "+----------------------------------------Release Build Unsymbolized Stacktrace (diff)----------------------------------------+", "important": false, "type": "Line"}, {"lineNumber": 65, "content": "", "important": false, "type": "Line"}, {"lineNumber": 66, "content": "WRITE of size 1 at 0x60900000008c thread T0", "important": false, "type": "Line"}, {"lineNumber": 67, "content": "SCARINESS: 31 (1-byte-write-heap-buffer-overflow)", "important": false, "type": "Line"}, {"lineNumber": 68, "content": "    #0 0x578089  (/clusterfuzz/run_bot/clusterfuzz/bot/builds/dnsmasq_honggfuzz_asan/custom/fuzz_auth+0x578089)", "important": false, "type": "Line"}, {"lineNumber": 69, "content": "    #1 0x4e5455  (/clusterfuzz/run_bot/clusterfuzz/bot/builds/dnsmasq_honggfuzz_asan/custom/fuzz_auth+0x4e5455)", "important": false, "type": "Line"}, {"lineNumber": 70, "content": "    #2 0x4e4bd2  (/clusterfuzz/run_bot/clusterfuzz/bot/builds/dnsmasq_honggfuzz_asan/custom/fuzz_auth+0x4e4bd2)", "important": false, "type": "Line"}, {"lineNumber": 71, "content": "    #3 0x4d5bbb  (/clusterfuzz/run_bot/clusterfuzz/bot/builds/dnsmasq_honggfuzz_asan/custom/fuzz_auth+0x4d5bbb)", "important": false, "type": "Line"}, {"lineNumber": 72, "content": "    #4 0x7f0c1d0490b2  (/lib/x86_64-linux-gnu/libc.so.6+0x270b2)", "important": false, "type": "Line"}, {"lineNumber": 73, "content": "    #5 0x41d79d  (/clusterfuzz/run_bot/clusterfuzz/bot/builds/dnsmasq_honggfuzz_asan/custom/fuzz_auth+0x41d79d)", "important": false, "type": "Line"}, {"lineNumber": 74, "content": "", "important": false, "type": "Line"}, {"lineNumber": 75, "content": "0x60900000008c is located 0 bytes to the right of 76-byte region [0x609000000040,0x60900000008c)", "important": false, "type": "Line"}, {"lineNumber": 76, "content": "allocated by thread T0 here:", "important": false, "type": "Line"}, {"lineNumber": 77, "content": "    #0 0x49ea1d  (/clusterfuzz/run_bot/clusterfuzz/bot/builds/dnsmasq_honggfuzz_asan/custom/fuzz_auth+0x49ea1d)", "important": false, "type": "Line"}, {"lineNumber": 78, "content": "    #1 0x4e0cb8  (/clusterfuzz/run_bot/clusterfuzz/bot/builds/dnsmasq_honggfuzz_asan/custom/fuzz_auth+0x4e0cb8)", "important": false, "type": "Line"}, {"lineNumber": 79, "content": "    #2 0x4e49c5  (/clusterfuzz/run_bot/clusterfuzz/bot/builds/dnsmasq_honggfuzz_asan/custom/fuzz_auth+0x4e49c5)", "important": false, "type": "Line"}, {"lineNumber": 80, "content": "    #3 0x4d5bbb  (/clusterfuzz/run_bot/clusterfuzz/bot/builds/dnsmasq_honggfuzz_asan/custom/fuzz_auth+0x4d5bbb)", "important": false, "type": "Line"}], "revision": null}, "security_severity": "High", "security_severities": [{"value": 0, "name": "Critical"}, {"value": 1, "name": "High", "default": true}, {"value": 2, "name": "Medium"}, {"value": 3, "name": "Low"}, {"value": 4, "name": "Missing"}], "stats": {"min_hour": 1, "max_hour": 1}, "suspected_cls": null, "testcase": {"absolute_path": "/clusterfuzz/run_bot/clusterfuzz/bot/inputs/fuzzer-testcases/SIGABRT.PC.57808a.STACK.96a38c81.CODE.-6.ADDR.0.INSTR.[UNKNOWN].fuzz", "additional_metadata": "{\"build_key\": \"f3890ef0-6b86-4527-83c0-25e96cdad1f6\", \"fuzzer_binary_name\": \"fuzz_auth\", \"last_tested_crash_revision\": null, \"last_tested_crash_time\": {\"__type__\": \"datetime\", \"day\": 30, \"hour\": 0, \"microsecond\": 865785, \"minute\": 11, \"month\": 11, \"second\": 35, \"year\": 2021}, \"last_tested_revision\": null}", "archive_filename": null, "archive_state": 0, "binary_flag": true, "bug_indices": [], "bug_information": "", "comments": "[2021-11-29 00:10:10 UTC] snode5-20211128-16:40: Fuzz task : Fuzzer honggfuzz_fuzz_auth generated testcase crashed in 1 seconds (r1).\n[2021-11-29 00:13:34 UTC] snode9-20211128-16:42: Minimize task started.\n[2021-11-29 00:14:58 UTC] snode9-20211128-16:42: Minimize task errored out: Engine does not support minimization.\n[2021-11-30 00:10:15 UTC] comput13-20211129-15:14: Progression task started.\n[2021-11-30 00:11:35 UTC] comput13-20211129-15:14: Progression task finished: still crashes on latest custom build.\n", "crash_address": "0x6090006b6c9c", "crash_revision": 1, "crash_stacktrace": "[Environment] ASAN_OPTIONS=alloc_dealloc_mismatch=0:allocator_may_return_null=1:allocator_release_to_os_interval_ms=500:allow_user_segv_handler=0:check_malloc_usable_size=0:detect_leaks=1:detect_odr_violation=0:detect_stack_use_after_return=1:fast_unwind_on_fatal=0:handle_abort=2:handle_segv=2:handle_sigbus=2:handle_sigfpe=2:handle_sigill=2:max_uar_stack_size_log=16:print_scariness=1:print_summary=1:print_suppressions=0:quarantine_size_mb=64:redzone=64:strict_memcmp=1:symbolize=0:use_sigaltstack=1\n+----------------------------------------Release Build Stacktrace----------------------------------------+\n=================================================================\n==84842==ERROR: AddressSanitizer: heap-buffer-overflow on address 0x6090006b6c9c at pc 0x00000057808a bp 0x7fffffffcb90 sp 0x7fffffffcb88\nWRITE of size 1 at 0x6090006b6c9c thread T0\nSCARINESS: 31 (1-byte-write-heap-buffer-overflow)\n    #0 0x578089 in extract_name /src/dnsmasq/src/rfc1035.c:106:11\n    #1 0x4e5455 in answer_auth /src/dnsmasq/src/auth.c:140:12\n    #2 0x4e4bd2 in FuzzAuth /src/fuzz_auth.c:35:3\n    #3 0x4e4bd2 in LLVMFuzzerTestOneInput /src/fuzz_auth.c:62:3\n    #4 0x4d5c9e in main\n    #5 0x7ffff7c5b0b2 in __libc_start_main\n    #6 0x41d79d in _start\n\n0x6090006b6c9c is located 0 bytes to the right of 76-byte region [0x6090006b6c50,0x6090006b6c9c)\nallocated by thread T0 here:\n    #0 0x49ea1d in __interceptor_malloc /src/llvm-project/compiler-rt/lib/asan/asan_malloc_linux.cpp:129:3\n    #1 0x4e0cb8 in get_null_terminated /src/fuzz_header.h:47:17\n    #2 0x4e0cb8 in gb_get_null_terminated /src/fuzz_header.h:74:16\n    #3 0x4e0cb8 in init_daemon /src/fuzz_header.h:238:27\n    #4 0x4e49c5 in LLVMFuzzerTestOneInput /src/fuzz_auth.c:56:14\n    #5 0x4d5c9e in main\n\nSUMMARY: AddressSanitizer: heap-buffer-overflow (/clusterfuzz/run_bot/clusterfuzz/bot/builds/dnsmasq_honggfuzz_asan/custom/fuzz_auth+0x578089)\nShadow bytes around the buggy address:\n  0x0c12800ced40: fa fa fd fd fd fd fd fd fd fd fd fd fa fa fa fa\n  0x0c12800ced50: fa fa fa fa fd fd fd fd fd fd fd fd fd fd fa fa\n  0x0c12800ced60: fa fa fa fa fa fa fd fd fd fd fd fd fd fd fd fd\n  0x0c12800ced70: fa fa fa fa fa fa fa fa fd fd fd fd fd fd fd fd\n  0x0c12800ced80: fd fd fa fa fa fa fa fa fa fa 00 00 00 00 00 00\n=>0x0c12800ced90: 00 00 00[04]fa fa fa fa fa fa fa fa 00 00 00 00\n  0x0c12800ceda0: 00 00 00 00 00 04 fa fa fa fa fa fa fa fa 00 00\n  0x0c12800cedb0: 00 00 00 00 00 00 00 04 fa fa fa fa fa fa fa fa\n  0x0c12800cedc0: 00 00 00 00 00 00 00 00 00 04 fa fa fa fa fa fa\n  0x0c12800cedd0: fa fa 00 00 00 00 00 00 00 00 00 04 fa fa fa fa\n  0x0c12800cede0: fa fa fa fa 00 00 00 00 00 00 00 00 00 04 fa fa\nShadow byte legend (one shadow byte represents 8 application bytes):\n  Addressable:           00\n  Partially addressable: 01 02 03 04 05 06 07\n  Heap left redzone:       fa\n  Freed heap region:       fd\n  Stack left redzone:      f1\n  Stack mid redzone:       f2\n  Stack right redzone:     f3\n  Stack after return:      f5\n  Stack use after scope:   f8\n  Global redzone:          f9\n  Global init order:       f6\n  Poisoned by user:        f7\n  Container overflow:      fc\n  Array cookie:            ac\n  Intra object redzone:    bb\n  ASan internal:           fe\n  Left alloca redzone:     ca\n  Right alloca redzone:    cb\n==84842==ABORTING\n\n\n+----------------------------------------Release Build Unsymbolized Stacktrace (diff)----------------------------------------+\n\nWRITE of size 1 at 0x6090006b6c9c thread T0\nSCARINESS: 31 (1-byte-write-heap-buffer-overflow)\n    #0 0x578089  (/clusterfuzz/run_bot/clusterfuzz/bot/builds/dnsmasq_honggfuzz_asan/custom/fuzz_auth+0x578089)\n    #1 0x4e5455  (/clusterfuzz/run_bot/clusterfuzz/bot/builds/dnsmasq_honggfuzz_asan/custom/fuzz_auth+0x4e5455)\n    #2 0x4e4bd2  (/clusterfuzz/run_bot/clusterfuzz/bot/builds/dnsmasq_honggfuzz_asan/custom/fuzz_auth+0x4e4bd2)\n    #3 0x4d5c9e  (/clusterfuzz/run_bot/clusterfuzz/bot/builds/dnsmasq_honggfuzz_asan/custom/fuzz_auth+0x4d5c9e)\n    #4 0x7ffff7c5b0b2  (/lib/x86_64-linux-gnu/libc.so.6+0x270b2)\n    #5 0x41d79d  (/clusterfuzz/run_bot/clusterfuzz/bot/builds/dnsmasq_honggfuzz_asan/custom/fuzz_auth+0x41d79d)\n\n0x6090006b6c9c is located 0 bytes to the right of 76-byte region [0x6090006b6c50,0x6090006b6c9c)\nallocated by thread T0 here:\n    #0 0x49ea1d  (/clusterfuzz/run_bot/clusterfuzz/bot/builds/dnsmasq_honggfuzz_asan/custom/fuzz_auth+0x49ea1d)\n    #1 0x4e0cb8  (/clusterfuzz/run_bot/clusterfuzz/bot/builds/dnsmasq_honggfuzz_asan/custom/fuzz_auth+0x4e0cb8)\n    #2 0x4e49c5  (/clusterfuzz/run_bot/clusterfuzz/bot/builds/dnsmasq_honggfuzz_asan/custom/fuzz_auth+0x4e49c5)\n    #3 0x4d5c9e  (/clusterfuzz/run_bot/clusterfuzz/bot/builds/dnsmasq_honggfuzz_asan/custom/fuzz_auth+0x4d5c9e)\n", "crash_state": "extract_name\nanswer_auth\nfuzz_auth.c\n", "crash_type": "Heap-buffer-overflow\nWRITE 1", "disable_ubsan": false, "duplicate_of": null, "fixed": "", "flaky_stack": false, "fuzzed_keys": "d541f9cc-a066-4d36-ac6e-8ef7ef8eb4c3", "fuzzer_name": "honggfuzz", "fuzzer_name_indices": ["honggfuzz", "honggfuzz_fuzz_auth"], "gestures": [], "group_bug_information": 0, "group_id": 0, "has_bug_flag": false, "http_flag": false, "impact_beta_version": null, "impact_beta_version_indices": [], "impact_beta_version_likely": null, "impact_extended_stable_version": null, "impact_extended_stable_version_indices": [], "impact_extended_stable_version_likely": null, "impact_head_version": null, "impact_head_version_indices": [], "impact_head_version_likely": null, "impact_indices": [], "impact_stable_version": null, "impact_stable_version_indices": [], "impact_stable_version_likely": null, "impact_version_indices": [], "is_a_duplicate_flag": false, "is_impact_set_flag": null, "is_leader": true, "job_type": "dnsmasq_honggfuzz_asan", "keywords": ["fuzz", "auth", "heap-buffer", "write", "honggfuzz_asan", "fuzz_auth.c", "honggfuzz_fuzz_auth", "linux", "heap-buffer-overflow", "overflow", "honggfuzz", "honggfuzz_fuzz", "dnsmasq_honggfuzz", "extract_name", "write 1", "name", "extract", "buffer", "answer", "c", "answer_auth", "auth.c", "heap", "dnsmasq", "asan", "buffer-overflow", "1", "fuzz_auth", "dnsmasq_honggfuzz_asan"], "last_tested_crash_stacktrace": "[Environment] ASAN_OPTIONS=alloc_dealloc_mismatch=0:allocator_may_return_null=1:allocator_release_to_os_interval_ms=500:allow_user_segv_handler=0:check_malloc_usable_size=0:detect_leaks=1:detect_odr_violation=0:detect_stack_use_after_return=1:fast_unwind_on_fatal=0:handle_abort=2:handle_segv=2:handle_sigbus=2:handle_sigfpe=2:handle_sigill=2:max_uar_stack_size_log=16:print_scariness=1:print_summary=1:print_suppressions=0:quarantine_size_mb=64:redzone=64:strict_memcmp=1:symbolize=0:use_sigaltstack=1\n+----------------------------------------Release Build Stacktrace----------------------------------------+\nCommand: /clusterfuzz/run_bot/clusterfuzz/bot/builds/dnsmasq_honggfuzz_asan/custom/fuzz_auth\nTime ran: 0.007399320602416992\n\nAccepting input from '[STDIN]'\nUsage for fuzzing: honggfuzz -P [flags] -- /clusterfuzz/run_bot/clusterfuzz/bot/builds/dnsmasq_honggfuzz_asan/custom/fuzz_auth\n=================================================================\n==7083==ERROR: AddressSanitizer: heap-buffer-overflow on address 0x60900000008c at pc 0x00000057808a bp 0x7fff40b85fb0 sp 0x7fff40b85fa8\nWRITE of size 1 at 0x60900000008c thread T0\nSCARINESS: 31 (1-byte-write-heap-buffer-overflow)\n    #0 0x578089 in extract_name /src/dnsmasq/src/rfc1035.c:106:11\n    #1 0x4e5455 in answer_auth /src/dnsmasq/src/auth.c:140:12\n    #2 0x4e4bd2 in FuzzAuth /src/fuzz_auth.c:35:3\n    #3 0x4e4bd2 in LLVMFuzzerTestOneInput /src/fuzz_auth.c:62:3\n    #4 0x4d5bbb in main\n    #5 0x7f0c1d0490b2 in __libc_start_main\n    #6 0x41d79d in _start\n\n0x60900000008c is located 0 bytes to the right of 76-byte region [0x609000000040,0x60900000008c)\nallocated by thread T0 here:\n    #0 0x49ea1d in __interceptor_malloc /src/llvm-project/compiler-rt/lib/asan/asan_malloc_linux.cpp:129:3\n    #1 0x4e0cb8 in get_null_terminated /src/fuzz_header.h:47:17\n    #2 0x4e0cb8 in gb_get_null_terminated /src/fuzz_header.h:74:16\n    #3 0x4e0cb8 in init_daemon /src/fuzz_header.h:238:27\n    #4 0x4e49c5 in LLVMFuzzerTestOneInput /src/fuzz_auth.c:56:14\n    #5 0x4d5bbb in main\n\nSUMMARY: AddressSanitizer: heap-buffer-overflow (/clusterfuzz/run_bot/clusterfuzz/bot/builds/dnsmasq_honggfuzz_asan/custom/fuzz_auth+0x578089)\nShadow bytes around the buggy address:\n  0x0c127fff7fc0: 00 00 00 00 00 00 00 00 00 00 00 00 00 00 00 00\n  0x0c127fff7fd0: 00 00 00 00 00 00 00 00 00 00 00 00 00 00 00 00\n  0x0c127fff7fe0: 00 00 00 00 00 00 00 00 00 00 00 00 00 00 00 00\n  0x0c127fff7ff0: 00 00 00 00 00 00 00 00 00 00 00 00 00 00 00 00\n  0x0c127fff8000: fa fa fa fa fa fa fa fa 00 00 00 00 00 00 00 00\n=>0x0c127fff8010: 00[04]fa fa fa fa fa fa fa fa 00 00 00 00 00 00\n  0x0c127fff8020: 00 00 00 04 fa fa fa fa fa fa fa fa 00 00 00 00\n  0x0c127fff8030: 00 00 00 00 00 04 fa fa fa fa fa fa fa fa 00 00\n  0x0c127fff8040: 00 00 00 00 00 00 00 04 fa fa fa fa fa fa fa fa\n  0x0c127fff8050: 00 00 00 00 00 00 00 00 00 04 fa fa fa fa fa fa\n  0x0c127fff8060: fa fa 00 00 00 00 00 00 00 00 00 04 fa fa fa fa\nShadow byte legend (one shadow byte represents 8 application bytes):\n  Addressable:           00\n  Partially addressable: 01 02 03 04 05 06 07\n  Heap left redzone:       fa\n  Freed heap region:       fd\n  Stack left redzone:      f1\n  Stack mid redzone:       f2\n  Stack right redzone:     f3\n  Stack after return:      f5\n  Stack use after scope:   f8\n  Global redzone:          f9\n  Global init order:       f6\n  Poisoned by user:        f7\n  Container overflow:      fc\n  Array cookie:            ac\n  Intra object redzone:    bb\n  ASan internal:           fe\n  Left alloca redzone:     ca\n  Right alloca redzone:    cb\n==7083==ABORTING\n\n\n+----------------------------------------Release Build Unsymbolized Stacktrace (diff)----------------------------------------+\n\nWRITE of size 1 at 0x60900000008c thread T0\nSCARINESS: 31 (1-byte-write-heap-buffer-overflow)\n    #0 0x578089  (/clusterfuzz/run_bot/clusterfuzz/bot/builds/dnsmasq_honggfuzz_asan/custom/fuzz_auth+0x578089)\n    #1 0x4e5455  (/clusterfuzz/run_bot/clusterfuzz/bot/builds/dnsmasq_honggfuzz_asan/custom/fuzz_auth+0x4e5455)\n    #2 0x4e4bd2  (/clusterfuzz/run_bot/clusterfuzz/bot/builds/dnsmasq_honggfuzz_asan/custom/fuzz_auth+0x4e4bd2)\n    #3 0x4d5bbb  (/clusterfuzz/run_bot/clusterfuzz/bot/builds/dnsmasq_honggfuzz_asan/custom/fuzz_auth+0x4d5bbb)\n    #4 0x7f0c1d0490b2  (/lib/x86_64-linux-gnu/libc.so.6+0x270b2)\n    #5 0x41d79d  (/clusterfuzz/run_bot/clusterfuzz/bot/builds/dnsmasq_honggfuzz_asan/custom/fuzz_auth+0x41d79d)\n\n0x60900000008c is located 0 bytes to the right of 76-byte region [0x609000000040,0x60900000008c)\nallocated by thread T0 here:\n    #0 0x49ea1d  (/clusterfuzz/run_bot/clusterfuzz/bot/builds/dnsmasq_honggfuzz_asan/custom/fuzz_auth+0x49ea1d)\n    #1 0x4e0cb8  (/clusterfuzz/run_bot/clusterfuzz/bot/builds/dnsmasq_honggfuzz_asan/custom/fuzz_auth+0x4e0cb8)\n    #2 0x4e49c5  (/clusterfuzz/run_bot/clusterfuzz/bot/builds/dnsmasq_honggfuzz_asan/custom/fuzz_auth+0x4e49c5)\n    #3 0x4d5bbb  (/clusterfuzz/run_bot/clusterfuzz/bot/builds/dnsmasq_honggfuzz_asan/custom/fuzz_auth+0x4d5bbb)\n", "minidump_keys": "", "minimized_arguments": "", "minimized_keys": "d541f9cc-a066-4d36-ac6e-8ef7ef8eb4c3", "one_time_crasher_flag": false, "open": true, "overridden_fuzzer_name": "honggfuzz_fuzz_auth", "platform": "linux", "platform_id": "linux", "project_name": "test-project", "queue": "jobs-linux", "redzone": 64, "regression": "NA", "security_flag": true, "security_severity": 1, "status": "Processed", "symbolized": false, "timeout_multiplier": 1.0, "timestamp": 1638144610, "triaged": false, "uploader_email": null, "window_argument": "", "id": 14629}, "timestamp": 1638144610.646678, "show_blame": false, "show_impact": false, "impacts_production": false, "find_similar_issues_options": [{"type": "open", "label": "Open"}, {"type": "all", "label": "All"}], "auto_delete_timestamp": null, "auto_close_timestamp": null, "memory_tool_display_label": "Sanitizer", "memory_tool_display_value": "address (ASAN)", "last_tested": "1:1 (No component revisions found!)", "is_admin_or_not_oss_fuzz": true, "has_issue_tracker": false, "reproduction_help_url": "", "is_local_development": true, "fuzzer_display": {"engine": "honggfuzz", "target": "fuzz_auth", "name": "honggfuzz", "fully_qualified_name": "honggfuzz_fuzz_auth"}}