{"id": 14627, "crash_type": "Null-dereference READ", "crash_address": "0x000000000008", "crash_state": "Assimp::X3DImporter::InternReadFile\nAssimp::BaseImporter::ReadFile\nAssimp::Importer::ReadFile\n", "crash_state_lines": ["Assimp::X3DImporter::InternReadFile", "Assimp::BaseImporter::ReadFile", "Assimp::Importer::ReadFile"], "crash_revision": 1, "csrf_token": "D6S+cXG/eQvjQp1jhkN2Yfq5FoCaAiuUjD0oLthouNSAPb8xaAgWvNikB3AHnFnrgfWQIz/OKB4owWUbxHHo3A==", "external_user": false, "footer": "[2021-11-29 00:08:55 UTC] comput8-20211128-16:42: Fuzz task : Fuzzer honggfuzz_assimp_fuzzer generated testcase crashed in 1 seconds (r1).\n[2021-11-29 00:10:27 UTC] snode5-20211128-16:46: Minimize task started.\n[2021-11-29 00:11:53 UTC] snode5-20211128-16:46: Minimize task errored out: Engine does not support minimization.\n[2021-11-30 00:12:05 UTC] snode5-20211129-17:27: Progression task started.\n[2021-11-30 00:13:31 UTC] snode5-20211129-17:27: Progression task finished: still crashes on latest custom build.\n", "formatted_reproduction_help": "", "fixed": "NO", "fixed_full": null, "issue_url": null, "is_admin": true, "metadata": {"build_key": "3333b5d4-2108-42ac-8db8-9820e6da3649", "fuzzer_binary_name": "assimp_fuzzer", "last_tested_crash_revision": null, "last_tested_crash_time": 1638231211, "last_tested_revision": null}, "minimized_testcase_size": "1 B", "needs_refresh": false, "original_testcase_size": "1 B", "privileged_user": true, "regression": "NA", "crash_stacktrace": {"lines": [{"lineNumber": 1, "content": "[Environment] MSAN_OPTIONS=allocator_release_to_os_interval_ms=500:halt_on_error=1:handle_abort=2:handle_segv=2:handle_sigbus=2:handle_sigfpe=2:handle_sigill=2:print_stats=1:print_summary=1:symbolize=0:use_sigaltstack=1", "important": false, "type": "Line"}, {"lineNumber": 2, "content": "+----------------------------------------Release Build Stacktrace----------------------------------------+", "important": false, "type": "Line"}, {"lineNumber": 3, "content": "==82692==ERROR: MemorySanitizer: SEGV on unknown address 0x000000000008 (pc 0x0000017adfa3 bp 0x7fffffffc740 sp 0x7fffffffc5f0 T82692)", "important": false, "type": "Line"}, {"lineNumber": 4, "content": "==82692==The signal is caused by a READ memory access.", "important": false, "type": "Line"}, {"lineNumber": 5, "content": "==82692==Hint: address points to the zero page.", "important": false, "type": "Line"}, {"lineNumber": 6, "content": "    #0 0x17adfa3 in Assimp::X3DImporter::InternReadFile(std::__1::basic_string&lt;char, std::__1::char_traits&lt;char&gt;, std::__1::allocator&lt;char&gt; &gt; const&amp;, aiScene*, Assimp::IOSystem*) /src/assimp/code/AssetLib/X3D/X3DImporter.cpp:269:29", "important": true, "type": "Line"}, {"lineNumber": 7, "content": "    #1 0x1ca0a70 in Assimp::BaseImporter::ReadFile(Assimp::Importer*, std::__1::basic_string&lt;char, std::__1::char_traits&lt;char&gt;, std::__1::allocator&lt;char&gt; &gt; const&amp;, Assimp::IOSystem*) /src/assimp/code/Common/BaseImporter.cpp:111:9", "important": true, "type": "Line"}, {"lineNumber": 8, "content": "    #2 0x5da155 in Assimp::Importer::ReadFile(char const*, unsigned int) /src/assimp/code/Common/Importer.cpp:675:30", "important": true, "type": "Line"}, {"lineNumber": 9, "content": "    #3 0x5d7245 in Assimp::Importer::ReadFileFromMemory(void const*, unsigned long, unsigned int, char const*) /src/assimp/code/Common/Importer.cpp:512:5", "important": true, "type": "Line"}, {"lineNumber": 10, "content": "    #4 0x4b4920 in LLVMFuzzerTestOneInput /src/assimp/fuzz/assimp_fuzzer.cc:53:34", "important": false, "type": "Line"}, {"lineNumber": 11, "content": "    #5 0x4aab14 in main", "important": false, "type": "Line"}, {"lineNumber": 12, "content": "    #6 0x7ffff7c5b0b2 in __libc_start_main", "important": false, "type": "Line"}, {"lineNumber": 13, "content": "    #7 0x42638d in _start", "important": false, "type": "Line"}, {"lineNumber": 14, "content": "", "important": false, "type": "Line"}, {"lineNumber": 15, "content": "MemorySanitizer can not provide additional info.", "important": false, "type": "Line"}, {"lineNumber": 16, "content": "SUMMARY: MemorySanitizer: SEGV (/clusterfuzz/run_bot/clusterfuzz/bot/builds/assimp_honggfuzz_msan/custom/assimp_fuzzer+0x17adfa3)", "important": false, "type": "Line"}, {"lineNumber": 17, "content": "==82692==ABORTING", "important": false, "type": "Line"}, {"lineNumber": 18, "content": "", "important": false, "type": "Line"}, {"lineNumber": 19, "content": "", "important": false, "type": "Line"}, {"lineNumber": 20, "content": "+----------------------------------------Release Build Unsymbolized Stacktrace (diff)----------------------------------------+", "important": false, "type": "Line"}, {"lineNumber": 21, "content": "", "important": false, "type": "Line"}, {"lineNumber": 22, "content": "==82692==The signal is caused by a READ memory access.", "important": false, "type": "Line"}, {"lineNumber": 23, "content": "==82692==Hint: address points to the zero page.", "important": false, "type": "Line"}, {"lineNumber": 24, "content": "    #0 0x17adfa3  (/clusterfuzz/run_bot/clusterfuzz/bot/builds/assimp_honggfuzz_msan/custom/assimp_fuzzer+0x17adfa3)", "important": false, "type": "Line"}, {"lineNumber": 25, "content": "    #1 0x1ca0a70  (/clusterfuzz/run_bot/clusterfuzz/bot/builds/assimp_honggfuzz_msan/custom/assimp_fuzzer+0x1ca0a70)", "important": false, "type": "Line"}, {"lineNumber": 26, "content": "    #2 0x5da155  (/clusterfuzz/run_bot/clusterfuzz/bot/builds/assimp_honggfuzz_msan/custom/assimp_fuzzer+0x5da155)", "important": false, "type": "Line"}, {"lineNumber": 27, "content": "    #3 0x5d7245  (/clusterfuzz/run_bot/clusterfuzz/bot/builds/assimp_honggfuzz_msan/custom/assimp_fuzzer+0x5d7245)", "important": false, "type": "Line"}, {"lineNumber": 28, "content": "    #4 0x4b4920  (/clusterfuzz/run_bot/clusterfuzz/bot/builds/assimp_honggfuzz_msan/custom/assimp_fuzzer+0x4b4920)", "important": false, "type": "Line"}, {"lineNumber": 29, "content": "    #5 0x4aab14  (/clusterfuzz/run_bot/clusterfuzz/bot/builds/assimp_honggfuzz_msan/custom/assimp_fuzzer+0x4aab14)", "important": false, "type": "Line"}, {"lineNumber": 30, "content": "    #6 0x7ffff7c5b0b2  (/lib/x86_64-linux-gnu/libc.so.6+0x270b2)", "important": false, "type": "Line"}, {"lineNumber": 31, "content": "    #7 0x42638d  (/clusterfuzz/run_bot/clusterfuzz/bot/builds/assimp_honggfuzz_msan/custom/assimp_fuzzer+0x42638d)", "important": false, "type": "Line"}], "revision": "1"}, "last_tested_crash_stacktrace": {"lines": [{"lineNumber": 1, "content": "[Environment] MSAN_OPTIONS=allocator_release_to_os_interval_ms=500:halt_on_error=1:handle_abort=2:handle_segv=2:handle_sigbus=2:handle_sigfpe=2:handle_sigill=2:print_stats=1:print_summary=1:symbolize=0:use_sigaltstack=1", "important": false, "type": "Line"}, {"lineNumber": 2, "content": "+----------------------------------------Release Build Stacktrace----------------------------------------+", "important": false, "type": "Line"}, {"lineNumber": 3, "content": "Command: /clusterfuzz/run_bot/clusterfuzz/bot/builds/assimp_honggfuzz_msan/custom/assimp_fuzzer", "important": false, "type": "Line"}, {"lineNumber": 4, "content": "Time ran: 0.027199983596801758", "important": false, "type": "Line"}, {"lineNumber": 5, "content": "", "important": false, "type": "Line"}, {"lineNumber": 6, "content": "Accepting input from &#x27;[STDIN]&#x27;", "important": false, "type": "Line"}, {"lineNumber": 7, "content": "Usage for fuzzing: honggfuzz -P [flags] -- /clusterfuzz/run_bot/clusterfuzz/bot/builds/assimp_honggfuzz_msan/custom/assimp_fuzzer", "important": false, "type": "Line"}, {"lineNumber": 8, "content": "Info,  T0: Load $$$___magic___$$$.", "important": false, "type": "Line"}, {"lineNumber": 9, "content": "Info,  T0: File extension not known, trying signature-based detection", "important": false, "type": "Line"}, {"lineNumber": 10, "content": "Info,  T0: Found a matching importer for this file format: Extensible 3D(X3D) Importer.", "important": false, "type": "Line"}, {"lineNumber": 11, "content": "Info,  T0: Import root directory is &#x27;./&#x27;", "important": false, "type": "Line"}, {"lineNumber": 12, "content": "MemorySanitizer:DEADLYSIGNAL", "important": false, "type": "Line"}, {"lineNumber": 13, "content": "==12113==ERROR: MemorySanitizer: SEGV on unknown address 0x000000000008 (pc 0x0000017adfa3 bp 0x7ffed9e4a3c0 sp 0x7ffed9e4a270 T12113)", "important": false, "type": "Line"}, {"lineNumber": 14, "content": "==12113==The signal is caused by a READ memory access.", "important": false, "type": "Line"}, {"lineNumber": 15, "content": "==12113==Hint: address points to the zero page.", "important": false, "type": "Line"}, {"lineNumber": 16, "content": "    #0 0x17adfa3 in Assimp::X3DImporter::InternReadFile(std::__1::basic_string&lt;char, std::__1::char_traits&lt;char&gt;, std::__1::allocator&lt;char&gt; &gt; const&amp;, aiScene*, Assimp::IOSystem*) /src/assimp/code/AssetLib/X3D/X3DImporter.cpp:269:29", "important": true, "type": "Line"}, {"lineNumber": 17, "content": "    #1 0x1ca0a70 in Assimp::BaseImporter::ReadFile(Assimp::Importer*, std::__1::basic_string&lt;char, std::__1::char_traits&lt;char&gt;, std::__1::allocator&lt;char&gt; &gt; const&amp;, Assimp::IOSystem*) /src/assimp/code/Common/BaseImporter.cpp:111:9", "important": true, "type": "Line"}, {"lineNumber": 18, "content": "    #2 0x5da155 in Assimp::Importer::ReadFile(char const*, unsigned int) /src/assimp/code/Common/Importer.cpp:675:30", "important": true, "type": "Line"}, {"lineNumber": 19, "content": "    #3 0x5d7245 in Assimp::Importer::ReadFileFromMemory(void const*, unsigned long, unsigned int, char const*) /src/assimp/code/Common/Importer.cpp:512:5", "important": true, "type": "Line"}, {"lineNumber": 20, "content": "    #4 0x4b4920 in LLVMFuzzerTestOneInput /src/assimp/fuzz/assimp_fuzzer.cc:53:34", "important": false, "type": "Line"}, {"lineNumber": 21, "content": "    #5 0x4aaa7b in main", "important": false, "type": "Line"}, {"lineNumber": 22, "content": "    #6 0x7fda53cd40b2 in __libc_start_main", "important": false, "type": "Line"}, {"lineNumber": 23, "content": "    #7 0x42638d in _start", "important": false, "type": "Line"}, {"lineNumber": 24, "content": "", "important": false, "type": "Line"}, {"lineNumber": 25, "content": "MemorySanitizer can not provide additional info.", "important": false, "type": "Line"}, {"lineNumber": 26, "content": "SUMMARY: MemorySanitizer: SEGV (/clusterfuzz/run_bot/clusterfuzz/bot/builds/assimp_honggfuzz_msan/custom/assimp_fuzzer+0x17adfa3)", "important": false, "type": "Line"}, {"lineNumber": 27, "content": "==12113==ABORTING", "important": false, "type": "Line"}, {"lineNumber": 28, "content": "", "important": false, "type": "Line"}, {"lineNumber": 29, "content": "", "important": false, "type": "Line"}, {"lineNumber": 30, "content": "+----------------------------------------Release Build Unsymbolized Stacktrace (diff)----------------------------------------+", "important": false, "type": "Line"}, {"lineNumber": 31, "content": "", "important": false, "type": "Line"}, {"lineNumber": 32, "content": "==12113==The signal is caused by a READ memory access.", "important": false, "type": "Line"}, {"lineNumber": 33, "content": "==12113==Hint: address points to the zero page.", "important": false, "type": "Line"}, {"lineNumber": 34, "content": "    #0 0x17adfa3  (/clusterfuzz/run_bot/clusterfuzz/bot/builds/assimp_honggfuzz_msan/custom/assimp_fuzzer+0x17adfa3)", "important": false, "type": "Line"}, {"lineNumber": 35, "content": "    #1 0x1ca0a70  (/clusterfuzz/run_bot/clusterfuzz/bot/builds/assimp_honggfuzz_msan/custom/assimp_fuzzer+0x1ca0a70)", "important": false, "type": "Line"}, {"lineNumber": 36, "content": "    #2 0x5da155  (/clusterfuzz/run_bot/clusterfuzz/bot/builds/assimp_honggfuzz_msan/custom/assimp_fuzzer+0x5da155)", "important": false, "type": "Line"}, {"lineNumber": 37, "content": "    #3 0x5d7245  (/clusterfuzz/run_bot/clusterfuzz/bot/builds/assimp_honggfuzz_msan/custom/assimp_fuzzer+0x5d7245)", "important": false, "type": "Line"}, {"lineNumber": 38, "content": "    #4 0x4b4920  (/clusterfuzz/run_bot/clusterfuzz/bot/builds/assimp_honggfuzz_msan/custom/assimp_fuzzer+0x4b4920)", "important": false, "type": "Line"}, {"lineNumber": 39, "content": "    #5 0x4aaa7b  (/clusterfuzz/run_bot/clusterfuzz/bot/builds/assimp_honggfuzz_msan/custom/assimp_fuzzer+0x4aaa7b)", "important": false, "type": "Line"}, {"lineNumber": 40, "content": "    #6 0x7fda53cd40b2  (/lib/x86_64-linux-gnu/libc.so.6+0x270b2)", "important": false, "type": "Line"}, {"lineNumber": 41, "content": "    #7 0x42638d  (/clusterfuzz/run_bot/clusterfuzz/bot/builds/assimp_honggfuzz_msan/custom/assimp_fuzzer+0x42638d)", "important": false, "type": "Line"}], "revision": null}, "security_severity": null, "security_severities": [{"value": 0, "name": "Critical"}, {"value": 1, "name": "High", "default": true}, {"value": 2, "name": "Medium"}, {"value": 3, "name": "Low"}, {"value": 4, "name": "Missing"}], "stats": {"min_hour": 1, "max_hour": 1}, "suspected_cls": null, "testcase": {"absolute_path": "/clusterfuzz/run_bot/clusterfuzz/bot/inputs/fuzzer-testcases/SIGABRT.PC.17adfa3.STACK.17b19e2936.CODE.-6.ADDR.0.INSTR.[UNKNOWN].fuzz", "additional_metadata": "{\"build_key\": \"3333b5d4-2108-42ac-8db8-9820e6da3649\", \"fuzzer_binary_name\": \"assimp_fuzzer\", \"last_tested_crash_revision\": null, \"last_tested_crash_time\": {\"__type__\": \"datetime\", \"day\": 30, \"hour\": 0, \"microsecond\": 609850, \"minute\": 13, \"month\": 11, \"second\": 31, \"year\": 2021}, \"last_tested_revision\": null}", "archive_filename": null, "archive_state": 0, "binary_flag": true, "bug_indices": [], "bug_information": "", "comments": "[2021-11-29 00:08:55 UTC] comput8-20211128-16:42: Fuzz task : Fuzzer honggfuzz_assimp_fuzzer generated testcase crashed in 1 seconds (r1).\n[2021-11-29 00:10:27 UTC] snode5-20211128-16:46: Minimize task started.\n[2021-11-29 00:11:53 UTC] snode5-20211128-16:46: Minimize task errored out: Engine does not support minimization.\n[2021-11-30 00:12:05 UTC] snode5-20211129-17:27: Progression task started.\n[2021-11-30 00:13:31 UTC] snode5-20211129-17:27: Progression task finished: still crashes on latest custom build.\n", "crash_address": "0x000000000008", "crash_revision": 1, "crash_stacktrace": "[Environment] MSAN_OPTIONS=allocator_release_to_os_interval_ms=500:halt_on_error=1:handle_abort=2:handle_segv=2:handle_sigbus=2:handle_sigfpe=2:handle_sigill=2:print_stats=1:print_summary=1:symbolize=0:use_sigaltstack=1\n+----------------------------------------Release Build Stacktrace----------------------------------------+\n==82692==ERROR: MemorySanitizer: SEGV on unknown address 0x000000000008 (pc 0x0000017adfa3 bp 0x7fffffffc740 sp 0x7fffffffc5f0 T82692)\n==82692==The signal is caused by a READ memory access.\n==82692==Hint: address points to the zero page.\n    #0 0x17adfa3 in Assimp::X3DImporter::InternReadFile(std::__1::basic_string<char, std::__1::char_traits<char>, std::__1::allocator<char> > const&, aiScene*, Assimp::IOSystem*) /src/assimp/code/AssetLib/X3D/X3DImporter.cpp:269:29\n    #1 0x1ca0a70 in Assimp::BaseImporter::ReadFile(Assimp::Importer*, std::__1::basic_string<char, std::__1::char_traits<char>, std::__1::allocator<char> > const&, Assimp::IOSystem*) /src/assimp/code/Common/BaseImporter.cpp:111:9\n    #2 0x5da155 in Assimp::Importer::ReadFile(char const*, unsigned int) /src/assimp/code/Common/Importer.cpp:675:30\n    #3 0x5d7245 in Assimp::Importer::ReadFileFromMemory(void const*, unsigned long, unsigned int, char const*) /src/assimp/code/Common/Importer.cpp:512:5\n    #4 0x4b4920 in LLVMFuzzerTestOneInput /src/assimp/fuzz/assimp_fuzzer.cc:53:34\n    #5 0x4aab14 in main\n    #6 0x7ffff7c5b0b2 in __libc_start_main\n    #7 0x42638d in _start\n\nMemorySanitizer can not provide additional info.\nSUMMARY: MemorySanitizer: SEGV (/clusterfuzz/run_bot/clusterfuzz/bot/builds/assimp_honggfuzz_msan/custom/assimp_fuzzer+0x17adfa3)\n==82692==ABORTING\n\n\n+----------------------------------------Release Build Unsymbolized Stacktrace (diff)----------------------------------------+\n\n==82692==The signal is caused by a READ memory access.\n==82692==Hint: address points to the zero page.\n    #0 0x17adfa3  (/clusterfuzz/run_bot/clusterfuzz/bot/builds/assimp_honggfuzz_msan/custom/assimp_fuzzer+0x17adfa3)\n    #1 0x1ca0a70  (/clusterfuzz/run_bot/clusterfuzz/bot/builds/assimp_honggfuzz_msan/custom/assimp_fuzzer+0x1ca0a70)\n    #2 0x5da155  (/clusterfuzz/run_bot/clusterfuzz/bot/builds/assimp_honggfuzz_msan/custom/assimp_fuzzer+0x5da155)\n    #3 0x5d7245  (/clusterfuzz/run_bot/clusterfuzz/bot/builds/assimp_honggfuzz_msan/custom/assimp_fuzzer+0x5d7245)\n    #4 0x4b4920  (/clusterfuzz/run_bot/clusterfuzz/bot/builds/assimp_honggfuzz_msan/custom/assimp_fuzzer+0x4b4920)\n    #5 0x4aab14  (/clusterfuzz/run_bot/clusterfuzz/bot/builds/assimp_honggfuzz_msan/custom/assimp_fuzzer+0x4aab14)\n    #6 0x7ffff7c5b0b2  (/lib/x86_64-linux-gnu/libc.so.6+0x270b2)\n    #7 0x42638d  (/clusterfuzz/run_bot/clusterfuzz/bot/builds/assimp_honggfuzz_msan/custom/assimp_fuzzer+0x42638d)\n", "crash_state": "Assimp::X3DImporter::InternReadFile\nAssimp::BaseImporter::ReadFile\nAssimp::Importer::ReadFile\n", "crash_type": "Null-dereference READ", "disable_ubsan": false, "duplicate_of": null, "fixed": "", "flaky_stack": false, "fuzzed_keys": "d6c06a2e-62b7-4347-aa43-bfd1fd3137ba", "fuzzer_name": "honggfuzz", "fuzzer_name_indices": ["honggfuzz", "honggfuzz_assimp_fuzzer"], "gestures": [], "group_bug_information": 0, "group_id": 0, "has_bug_flag": false, "http_flag": false, "impact_beta_version": null, "impact_beta_version_indices": [], "impact_beta_version_likely": null, "impact_extended_stable_version": null, "impact_extended_stable_version_indices": [], "impact_extended_stable_version_likely": null, "impact_head_version": null, "impact_head_version_indices": [], "impact_head_version_likely": null, "impact_indices": [], "impact_stable_version": null, "impact_stable_version_indices": [], "impact_stable_version_likely": null, "impact_version_indices": [], "is_a_duplicate_flag": false, "is_impact_set_flag": null, "is_leader": true, "job_type": "assimp_honggfuzz_msan", "keywords": ["x3dimporter::intern", "assimp::importer::readfile", "null", "importer::readfile", "assimp::baseimporter::readfile", "readfile", "msan", "honggfuzz_msan", "assimp::x3d", "assimp::importer::read", "dereference read", "linux", "x3dimporter::internread", "importer::intern", "internread", "assimp_honggfuzz_msan", "assimp", "baseimporter::read", "base", "assimp::importer", "importer::internreadfile", "dereference", "x3d", "read", "file", "assimp_fuzzer", "importer", "assimp::x3dimporter::internread", "assimp::baseimporter::read", "honggfuzz_assimp_fuzzer", "assimp_honggfuzz", "null-dereference read", "importer::internread", "assimp::x3dimporter::internreadfile", "null-dereference", "honggfuzz", "fuzzer", "internreadfile", "baseimporter::readfile", "assimp::base", "assimp::x3dimporter", "assimp::x3dimporter::intern", "baseimporter", "assimp::baseimporter", "importer::read", "intern", "honggfuzz_assimp", "x3dimporter", "x3dimporter::internreadfile"], "last_tested_crash_stacktrace": "[Environment] MSAN_OPTIONS=allocator_release_to_os_interval_ms=500:halt_on_error=1:handle_abort=2:handle_segv=2:handle_sigbus=2:handle_sigfpe=2:handle_sigill=2:print_stats=1:print_summary=1:symbolize=0:use_sigaltstack=1\n+----------------------------------------Release Build Stacktrace----------------------------------------+\nCommand: /clusterfuzz/run_bot/clusterfuzz/bot/builds/assimp_honggfuzz_msan/custom/assimp_fuzzer\nTime ran: 0.027199983596801758\n\nAccepting input from '[STDIN]'\nUsage for fuzzing: honggfuzz -P [flags] -- /clusterfuzz/run_bot/clusterfuzz/bot/builds/assimp_honggfuzz_msan/custom/assimp_fuzzer\nInfo,  T0: Load $$$___magic___$$$.\nInfo,  T0: File extension not known, trying signature-based detection\nInfo,  T0: Found a matching importer for this file format: Extensible 3D(X3D) Importer.\nInfo,  T0: Import root directory is './'\nMemorySanitizer:DEADLYSIGNAL\n==12113==ERROR: MemorySanitizer: SEGV on unknown address 0x000000000008 (pc 0x0000017adfa3 bp 0x7ffed9e4a3c0 sp 0x7ffed9e4a270 T12113)\n==12113==The signal is caused by a READ memory access.\n==12113==Hint: address points to the zero page.\n    #0 0x17adfa3 in Assimp::X3DImporter::InternReadFile(std::__1::basic_string<char, std::__1::char_traits<char>, std::__1::allocator<char> > const&, aiScene*, Assimp::IOSystem*) /src/assimp/code/AssetLib/X3D/X3DImporter.cpp:269:29\n    #1 0x1ca0a70 in Assimp::BaseImporter::ReadFile(Assimp::Importer*, std::__1::basic_string<char, std::__1::char_traits<char>, std::__1::allocator<char> > const&, Assimp::IOSystem*) /src/assimp/code/Common/BaseImporter.cpp:111:9\n    #2 0x5da155 in Assimp::Importer::ReadFile(char const*, unsigned int) /src/assimp/code/Common/Importer.cpp:675:30\n    #3 0x5d7245 in Assimp::Importer::ReadFileFromMemory(void const*, unsigned long, unsigned int, char const*) /src/assimp/code/Common/Importer.cpp:512:5\n    #4 0x4b4920 in LLVMFuzzerTestOneInput /src/assimp/fuzz/assimp_fuzzer.cc:53:34\n    #5 0x4aaa7b in main\n    #6 0x7fda53cd40b2 in __libc_start_main\n    #7 0x42638d in _start\n\nMemorySanitizer can not provide additional info.\nSUMMARY: MemorySanitizer: SEGV (/clusterfuzz/run_bot/clusterfuzz/bot/builds/assimp_honggfuzz_msan/custom/assimp_fuzzer+0x17adfa3)\n==12113==ABORTING\n\n\n+----------------------------------------Release Build Unsymbolized Stacktrace (diff)----------------------------------------+\n\n==12113==The signal is caused by a READ memory access.\n==12113==Hint: address points to the zero page.\n    #0 0x17adfa3  (/clusterfuzz/run_bot/clusterfuzz/bot/builds/assimp_honggfuzz_msan/custom/assimp_fuzzer+0x17adfa3)\n    #1 0x1ca0a70  (/clusterfuzz/run_bot/clusterfuzz/bot/builds/assimp_honggfuzz_msan/custom/assimp_fuzzer+0x1ca0a70)\n    #2 0x5da155  (/clusterfuzz/run_bot/clusterfuzz/bot/builds/assimp_honggfuzz_msan/custom/assimp_fuzzer+0x5da155)\n    #3 0x5d7245  (/clusterfuzz/run_bot/clusterfuzz/bot/builds/assimp_honggfuzz_msan/custom/assimp_fuzzer+0x5d7245)\n    #4 0x4b4920  (/clusterfuzz/run_bot/clusterfuzz/bot/builds/assimp_honggfuzz_msan/custom/assimp_fuzzer+0x4b4920)\n    #5 0x4aaa7b  (/clusterfuzz/run_bot/clusterfuzz/bot/builds/assimp_honggfuzz_msan/custom/assimp_fuzzer+0x4aaa7b)\n    #6 0x7fda53cd40b2  (/lib/x86_64-linux-gnu/libc.so.6+0x270b2)\n    #7 0x42638d  (/clusterfuzz/run_bot/clusterfuzz/bot/builds/assimp_honggfuzz_msan/custom/assimp_fuzzer+0x42638d)\n", "minidump_keys": "", "minimized_arguments": "", "minimized_keys": "d6c06a2e-62b7-4347-aa43-bfd1fd3137ba", "one_time_crasher_flag": false, "open": true, "overridden_fuzzer_name": "honggfuzz_assimp_fuzzer", "platform": "linux", "platform_id": "linux", "project_name": "test-project", "queue": "jobs-linux", "redzone": 32, "regression": "NA", "security_flag": false, "security_severity": null, "status": "Processed", "symbolized": false, "timeout_multiplier": 1.0, "timestamp": 1638144535, "triaged": false, "uploader_email": null, "window_argument": "", "id": 14627}, "timestamp": 1638144535.306503, "show_blame": false, "show_impact": false, "impacts_production": false, "find_similar_issues_options": [{"type": "open", "label": "Open"}, {"type": "all", "label": "All"}], "auto_delete_timestamp": null, "auto_close_timestamp": null, "memory_tool_display_label": "Sanitizer", "memory_tool_display_value": "memory (MSAN)", "last_tested": "1:1 (No component revisions found!)", "is_admin_or_not_oss_fuzz": true, "has_issue_tracker": false, "reproduction_help_url": "", "is_local_development": true, "fuzzer_display": {"engine": "honggfuzz", "target": "assimp_fuzzer", "name": "honggfuzz", "fully_qualified_name": "honggfuzz_assimp_fuzzer"}}