{"id": 14636, "crash_type": "Use-of-uninitialized-value", "crash_address": "", "crash_state": "scanner_yyerror\nbase_yyerror\nbase_yyparse\n", "crash_state_lines": ["scanner_yyerror", "base_yyerror", "base_yyparse"], "crash_revision": 1, "csrf_token": "D6S+cXG/eQvjQp1jhkN2Yfq5FoCaAiuUjD0oLthouNSAPb8xaAgWvNikB3AHnFnrgfWQIz/OKB4owWUbxHHo3A==", "external_user": false, "footer": "[2021-11-29 00:11:08 UTC] snode11-20211128-16:40: Fuzz task : Fuzzer afl_fuzz_parser generated testcase crashed in 3 seconds (r1).\n[2021-11-29 00:11:36 UTC] comput10-20211128-16:39: Minimize task started.\n[2021-11-29 00:12:55 UTC] comput10-20211128-16:39: Minimize task errored out: Engine does not support minimization.\n[2021-11-30 00:10:23 UTC] comput7-20211129-15:14: Progression task started.\n[2021-11-30 00:11:41 UTC] comput7-20211129-15:14: Progression task finished: still crashes on latest custom build.\n", "formatted_reproduction_help": "", "fixed": "NO", "fixed_full": null, "issue_url": null, "is_admin": true, "metadata": {"build_key": "65c811dc-7aa0-4990-982f-daab4b4140e6", "fuzzer_binary_name": "fuzz_parser", "fuzzing_strategies": {"corpus_subset": 10}, "last_tested_crash_revision": null, "last_tested_crash_time": 1638231101, "last_tested_revision": null}, "minimized_testcase_size": "38 B", "needs_refresh": false, "original_testcase_size": "38 B", "privileged_user": true, "regression": "NA", "crash_stacktrace": {"lines": [{"lineNumber": 1, "content": "[Environment] MSAN_OPTIONS=allocator_release_to_os_interval_ms=500:exit_code=86:halt_on_error=1:handle_abort=2:handle_segv=2:handle_sigbus=2:handle_sigfpe=2:handle_sigill=2:print_stats=1:print_summary=1:symbolize=0:use_sigaltstack=1", "important": false, "type": "Line"}, {"lineNumber": 2, "content": "+----------------------------------------Release Build Stacktrace----------------------------------------+", "important": false, "type": "Line"}, {"lineNumber": 3, "content": "==12594==WARNING: MemorySanitizer: use-of-uninitialized-value", "important": false, "type": "Line"}, {"lineNumber": 4, "content": "<b>    #0 0x59e4ee in scanner_yyerror /src/libpg_query/scan.l:1220:6</b>", "important": true, "type": "Line"}, {"lineNumber": 5, "content": "<b>    #1 0x4a4912 in base_yyerror /src/libpg_query/gram.y:15961:2</b>", "important": true, "type": "Line"}, {"lineNumber": 6, "content": "<b>    #2 0x52ae9e in base_yyparse /src/libpg_query/gram.c:46301:7</b>", "important": true, "type": "Line"}, {"lineNumber": 7, "content": "<b>    #3 0x4a0df3 in raw_parser /src/libpg_query/src/postgres/src_backend_parser_parser.c:71:13</b>", "important": false, "type": "Line"}, {"lineNumber": 8, "content": "<b>    #4 0x4a014c in pg_query_raw_parse /src/libpg_query/src/pg_query_parse.c:45:17</b>", "important": false, "type": "Line"}, {"lineNumber": 9, "content": "<b>    #5 0x4a051c in pg_query_parse /src/libpg_query/src/pg_query_parse.c:95:24</b>", "important": false, "type": "Line"}, {"lineNumber": 10, "content": "<b>    #6 0x49faf0 in LLVMFuzzerTestOneInput /src/libpg_query/test/fuzz/fuzz_parser.c:16:30</b>", "important": false, "type": "Line"}, {"lineNumber": 11, "content": "<b>    #7 0x49f85f in main /src/aflplusplus/utils/aflpp_driver/aflpp_driver.c:303:7</b>", "important": false, "type": "Line"}, {"lineNumber": 12, "content": "<b>    #8 0x7ff0131960b2 in __libc_start_main</b>", "important": false, "type": "Line"}, {"lineNumber": 13, "content": "<b>    #9 0x41d3dd in _start</b>", "important": false, "type": "Line"}, {"lineNumber": 14, "content": "", "important": false, "type": "Line"}, {"lineNumber": 15, "content": "  Uninitialized value was created by an allocation of &#x27;base_yylloc&#x27; in the stack frame of function &#x27;base_yyparse&#x27;", "important": true, "type": "Line"}, {"lineNumber": 16, "content": "    #0 0x4a4920 in base_yyparse /src/libpg_query/gram.c:27710", "important": true, "type": "Line"}, {"lineNumber": 17, "content": "", "important": false, "type": "Line"}, {"lineNumber": 18, "content": "SUMMARY: MemorySanitizer: use-of-uninitialized-value (/clusterfuzz/run_bot/clusterfuzz/bot/builds/libpg_query_afl_msan/custom/fuzz_parser+0x59e4ee)", "important": false, "type": "Line"}, {"lineNumber": 19, "content": "Unique heap origins: 7", "important": false, "type": "Line"}, {"lineNumber": 20, "content": "Stack depot allocated bytes: 1900544", "important": false, "type": "Line"}, {"lineNumber": 21, "content": "Unique origin histories: 5", "important": false, "type": "Line"}, {"lineNumber": 22, "content": "History depot allocated bytes: 196608", "important": false, "type": "Line"}, {"lineNumber": 23, "content": "Exiting", "important": false, "type": "Line"}, {"lineNumber": 24, "content": "==12595==WARNING: MemorySanitizer: use-of-uninitialized-value", "important": false, "type": "Line"}, {"lineNumber": 25, "content": "<b>    #0 0x59e4ee in scanner_yyerror /src/libpg_query/scan.l:1220:6</b>", "important": true, "type": "Line"}, {"lineNumber": 26, "content": "<b>    #1 0x4a4912 in base_yyerror /src/libpg_query/gram.y:15961:2</b>", "important": true, "type": "Line"}, {"lineNumber": 27, "content": "<b>    #2 0x52ae9e in base_yyparse /src/libpg_query/gram.c:46301:7</b>", "important": true, "type": "Line"}, {"lineNumber": 28, "content": "<b>    #3 0x4a0df3 in raw_parser /src/libpg_query/src/postgres/src_backend_parser_parser.c:71:13</b>", "important": false, "type": "Line"}, {"lineNumber": 29, "content": "<b>    #4 0x4a014c in pg_query_raw_parse /src/libpg_query/src/pg_query_parse.c:45:17</b>", "important": false, "type": "Line"}, {"lineNumber": 30, "content": "<b>    #5 0x4a051c in pg_query_parse /src/libpg_query/src/pg_query_parse.c:95:24</b>", "important": false, "type": "Line"}, {"lineNumber": 31, "content": "<b>    #6 0x49faf0 in LLVMFuzzerTestOneInput /src/libpg_query/test/fuzz/fuzz_parser.c:16:30</b>", "important": false, "type": "Line"}, {"lineNumber": 32, "content": "<b>    #7 0x49f85f in main /src/aflplusplus/utils/aflpp_driver/aflpp_driver.c:303:7</b>", "important": false, "type": "Line"}, {"lineNumber": 33, "content": "<b>    #8 0x7ff0131960b2 in __libc_start_main</b>", "important": false, "type": "Line"}, {"lineNumber": 34, "content": "<b>    #9 0x41d3dd in _start</b>", "important": false, "type": "Line"}, {"lineNumber": 35, "content": "", "important": false, "type": "Line"}, {"lineNumber": 36, "content": "  Uninitialized value was created by an allocation of &#x27;base_yylloc&#x27; in the stack frame of function &#x27;base_yyparse&#x27;", "important": true, "type": "Line"}, {"lineNumber": 37, "content": "    #0 0x4a4920 in base_yyparse /src/libpg_query/gram.c:27710", "important": true, "type": "Line"}, {"lineNumber": 38, "content": "", "important": false, "type": "Line"}, {"lineNumber": 39, "content": "SUMMARY: MemorySanitizer: use-of-uninitialized-value (/clusterfuzz/run_bot/clusterfuzz/bot/builds/libpg_query_afl_msan/custom/fuzz_parser+0x59e4ee)", "important": false, "type": "Line"}, {"lineNumber": 40, "content": "Unique heap origins: 4", "important": false, "type": "Line"}, {"lineNumber": 41, "content": "Stack depot allocated bytes: 1900544", "important": false, "type": "Line"}, {"lineNumber": 42, "content": "Unique origin histories: 2", "important": false, "type": "Line"}, {"lineNumber": 43, "content": "History depot allocated bytes: 196608", "important": false, "type": "Line"}, {"lineNumber": 44, "content": "Exiting", "important": false, "type": "Line"}, {"lineNumber": 45, "content": "==12596==WARNING: MemorySanitizer: use-of-uninitialized-value", "important": false, "type": "Line"}, {"lineNumber": 46, "content": "    #0 0x59e4ee in scanner_yyerror /src/libpg_query/scan.l:1220:6", "important": true, "type": "Line"}, {"lineNumber": 47, "content": "    #1 0x4a4912 in base_yyerror /src/libpg_query/gram.y:15961:2", "important": true, "type": "Line"}, {"lineNumber": 48, "content": "    #2 0x52ae9e in base_yyparse /src/libpg_query/gram.c:46301:7", "important": true, "type": "Line"}, {"lineNumber": 49, "content": "    #3 0x4a0df3 in raw_parser /src/libpg_query/src/postgres/src_backend_parser_parser.c:71:13", "important": false, "type": "Line"}, {"lineNumber": 50, "content": "    #4 0x4a014c in pg_query_raw_parse /src/libpg_query/src/pg_query_parse.c:45:17", "important": false, "type": "Line"}, {"lineNumber": 51, "content": "    #5 0x4a051c in pg_query_parse /src/libpg_query/src/pg_query_parse.c:95:24", "important": false, "type": "Line"}, {"lineNumber": 52, "content": "    #6 0x49faf0 in LLVMFuzzerTestOneInput /src/libpg_query/test/fuzz/fuzz_parser.c:16:30", "important": false, "type": "Line"}, {"lineNumber": 53, "content": "    #7 0x49f85f in main /src/aflplusplus/utils/aflpp_driver/aflpp_driver.c:303:7", "important": false, "type": "Line"}, {"lineNumber": 54, "content": "    #8 0x7ff0131960b2 in __libc_start_main", "important": false, "type": "Line"}, {"lineNumber": 55, "content": "    #9 0x41d3dd in _start", "important": false, "type": "Line"}, {"lineNumber": 56, "content": "", "important": false, "type": "Line"}, {"lineNumber": 57, "content": "  Uninitialized value was created by an allocation of &#x27;base_yylloc&#x27; in the stack frame of function &#x27;base_yyparse&#x27;", "important": true, "type": "Line"}, {"lineNumber": 58, "content": "    #0 0x4a4920 in base_yyparse /src/libpg_query/gram.c:27710", "important": true, "type": "Line"}, {"lineNumber": 59, "content": "", "important": false, "type": "Line"}, {"lineNumber": 60, "content": "SUMMARY: MemorySanitizer: use-of-uninitialized-value (/clusterfuzz/run_bot/clusterfuzz/bot/builds/libpg_query_afl_msan/custom/fuzz_parser+0x59e4ee)", "important": false, "type": "Line"}, {"lineNumber": 61, "content": "Unique heap origins: 5", "important": false, "type": "Line"}, {"lineNumber": 62, "content": "Stack depot allocated bytes: 1900544", "important": false, "type": "Line"}, {"lineNumber": 63, "content": "Unique origin histories: 3", "important": false, "type": "Line"}, {"lineNumber": 64, "content": "History depot allocated bytes: 196608", "important": false, "type": "Line"}, {"lineNumber": 65, "content": "Exiting", "important": false, "type": "Line"}, {"lineNumber": 66, "content": "==12598==WARNING: MemorySanitizer: use-of-uninitialized-value", "important": false, "type": "Line"}, {"lineNumber": 67, "content": "    #0 0x59e4ee in scanner_yyerror /src/libpg_query/scan.l:1220:6", "important": true, "type": "Line"}, {"lineNumber": 68, "content": "    #1 0x4a4912 in base_yyerror /src/libpg_query/gram.y:15961:2", "important": true, "type": "Line"}, {"lineNumber": 69, "content": "    #2 0x52ae9e in base_yyparse /src/libpg_query/gram.c:46301:7", "important": true, "type": "Line"}, {"lineNumber": 70, "content": "    #3 0x4a0df3 in raw_parser /src/libpg_query/src/postgres/src_backend_parser_parser.c:71:13", "important": false, "type": "Line"}, {"lineNumber": 71, "content": "    #4 0x4a014c in pg_query_raw_parse /src/libpg_query/src/pg_query_parse.c:45:17", "important": false, "type": "Line"}, {"lineNumber": 72, "content": "    #5 0x4a051c in pg_query_parse /src/libpg_query/src/pg_query_parse.c:95:24", "important": false, "type": "Line"}, {"lineNumber": 73, "content": "    #6 0x49faf0 in LLVMFuzzerTestOneInput /src/libpg_query/test/fuzz/fuzz_parser.c:16:30", "important": false, "type": "Line"}, {"lineNumber": 74, "content": "    #7 0x49f85f in main /src/aflplusplus/utils/aflpp_driver/aflpp_driver.c:303:7", "important": false, "type": "Line"}, {"lineNumber": 75, "content": "    #8 0x7ff0131960b2 in __libc_start_main", "important": false, "type": "Line"}, {"lineNumber": 76, "content": "    #9 0x41d3dd in _start", "important": false, "type": "Line"}, {"lineNumber": 77, "content": "", "important": false, "type": "Line"}, {"lineNumber": 78, "content": "  Uninitialized value was created by an allocation of &#x27;base_yylloc&#x27; in the stack frame of function &#x27;base_yyparse&#x27;", "important": true, "type": "Line"}, {"lineNumber": 79, "content": "    #0 0x4a4920 in base_yyparse /src/libpg_query/gram.c:27710", "important": true, "type": "Line"}, {"lineNumber": 80, "content": "", "important": false, "type": "Line"}, {"lineNumber": 81, "content": "SUMMARY: MemorySanitizer: use-of-uninitialized-value (/clusterfuzz/run_bot/clusterfuzz/bot/builds/libpg_query_afl_msan/custom/fuzz_parser+0x59e4ee)", "important": false, "type": "Line"}, {"lineNumber": 82, "content": "Unique heap origins: 2", "important": false, "type": "Line"}, {"lineNumber": 83, "content": "Stack depot allocated bytes: 1638400", "important": false, "type": "Line"}, {"lineNumber": 84, "content": "Unique origin histories: 0", "important": false, "type": "Line"}, {"lineNumber": 85, "content": "History depot allocated bytes: 0", "important": false, "type": "Line"}, {"lineNumber": 86, "content": "Exiting", "important": false, "type": "Line"}, {"lineNumber": 87, "content": "==12599==WARNING: MemorySanitizer: use-of-uninitialized-value", "important": false, "type": "Line"}, {"lineNumber": 88, "content": "    #0 0x59e4ee in scanner_yyerror /src/libpg_query/scan.l:1220:6", "important": true, "type": "Line"}, {"lineNumber": 89, "content": "    #1 0x4a4912 in base_yyerror /src/libpg_query/gram.y:15961:2", "important": true, "type": "Line"}, {"lineNumber": 90, "content": "    #2 0x52ae9e in base_yyparse /src/libpg_query/gram.c:46301:7", "important": true, "type": "Line"}, {"lineNumber": 91, "content": "    #3 0x4a0df3 in raw_parser /src/libpg_query/src/postgres/src_backend_parser_parser.c:71:13", "important": false, "type": "Line"}, {"lineNumber": 92, "content": "    #4 0x4a014c in pg_query_raw_parse /src/libpg_query/src/pg_query_parse.c:45:17", "important": false, "type": "Line"}, {"lineNumber": 93, "content": "    #5 0x4a051c in pg_query_parse /src/libpg_query/src/pg_query_parse.c:95:24", "important": false, "type": "Line"}, {"lineNumber": 94, "content": "    #6 0x49faf0 in LLVMFuzzerTestOneInput /src/libpg_query/test/fuzz/fuzz_parser.c:16:30", "important": false, "type": "Line"}, {"lineNumber": 95, "content": "    #7 0x49f85f in main /src/aflplusplus/utils/aflpp_driver/aflpp_driver.c:303:7", "important": false, "type": "Line"}, {"lineNumber": 96, "content": "    #8 0x7ff0131960b2 in __libc_start_main", "important": false, "type": "Line"}, {"lineNumber": 97, "content": "    #9 0x41d3dd in _start", "important": false, "type": "Line"}, {"lineNumber": 98, "content": "", "important": false, "type": "Line"}, {"lineNumber": 99, "content": "==12600==WARNING: MemorySanitizer: use-of-uninitialized-value", "important": false, "type": "Line"}, {"lineNumber": 100, "content": "    #0 0x59e4ee in scanner_yyerror /src/libpg_query/scan.l:1220:6", "important": true, "type": "Line"}, {"lineNumber": 101, "content": "    #1 0x4a4912 in base_yyerror /src/libpg_query/gram.y:15961:2", "important": true, "type": "Line"}, {"lineNumber": 102, "content": "    #2 0x52ae9e in base_yyparse /src/libpg_query/gram.c:46301:7", "important": true, "type": "Line"}, {"lineNumber": 103, "content": "    #3 0x4a0df3 in raw_parser /src/libpg_query/src/postgres/src_backend_parser_parser.c:71:13", "important": false, "type": "Line"}, {"lineNumber": 104, "content": "    #4 0x4a014c in pg_query_raw_parse /src/libpg_query/src/pg_query_parse.c:45:17", "important": false, "type": "Line"}, {"lineNumber": 105, "content": "    #5 0x4a051c in pg_query_parse /src/libpg_query/src/pg_query_parse.c:95:24", "important": false, "type": "Line"}, {"lineNumber": 106, "content": "    #6 0x49faf0 in LLVMFuzzerTestOneInput /src/libpg_query/test/fuzz/fuzz_parser.c:16:30", "important": false, "type": "Line"}, {"lineNumber": 107, "content": "    #7 0x49f85f in main /src/aflplusplus/utils/aflpp_driver/aflpp_driver.c:303:7", "important": false, "type": "Line"}, {"lineNumber": 108, "content": "    #8 0x7ff0131960b2 in __libc_start_main", "important": false, "type": "Line"}, {"lineNumber": 109, "content": "    #9 0x41d3dd in _start", "important": false, "type": "Line"}, {"lineNumber": 110, "content": "", "important": false, "type": "Line"}, {"lineNumber": 111, "content": "  Uninitialized value was created by an allocation of &#x27;base_yylloc&#x27; in the stack frame of function &#x27;base_yyparse&#x27;", "important": true, "type": "Line"}, {"lineNumber": 112, "content": "    #0 0x4a4920 in base_yyparse /src/libpg_query/gram.c:27710", "important": true, "type": "Line"}, {"lineNumber": 113, "content": "", "important": false, "type": "Line"}, {"lineNumber": 114, "content": "SUMMARY: MemorySanitizer: use-of-uninitialized-value (/clusterfuzz/run_bot/clusterfuzz/bot/builds/libpg_query_afl_msan/custom/fuzz_parser+0x59e4ee)", "important": false, "type": "Line"}, {"lineNumber": 115, "content": "Unique heap origins: 2", "important": false, "type": "Line"}, {"lineNumber": 116, "content": "Stack depot allocated bytes: 1638400", "important": false, "type": "Line"}, {"lineNumber": 117, "content": "Unique origin histories: 0", "important": false, "type": "Line"}, {"lineNumber": 118, "content": "History depot allocated bytes: 0", "important": false, "type": "Line"}, {"lineNumber": 119, "content": "Exiting", "important": false, "type": "Line"}, {"lineNumber": 120, "content": "", "important": false, "type": "Line"}, {"lineNumber": 121, "content": "", "important": false, "type": "Line"}, {"lineNumber": 122, "content": "+----------------------------------------Release Build Unsymbolized Stacktrace (diff)----------------------------------------+", "important": false, "type": "Line"}, {"lineNumber": 123, "content": "", "important": false, "type": "Line"}, {"lineNumber": 124, "content": "==12594==WARNING: MemorySanitizer: use-of-uninitialized-value", "important": false, "type": "Line"}, {"lineNumber": 125, "content": "    #0 0x59e4ee  (/clusterfuzz/run_bot/clusterfuzz/bot/builds/libpg_query_afl_msan/custom/fuzz_parser+0x59e4ee)", "important": false, "type": "Line"}, {"lineNumber": 126, "content": "    #1 0x4a4912  (/clusterfuzz/run_bot/clusterfuzz/bot/builds/libpg_query_afl_msan/custom/fuzz_parser+0x4a4912)", "important": false, "type": "Line"}, {"lineNumber": 127, "content": "    #2 0x52ae9e  (/clusterfuzz/run_bot/clusterfuzz/bot/builds/libpg_query_afl_msan/custom/fuzz_parser+0x52ae9e)", "important": false, "type": "Line"}, {"lineNumber": 128, "content": "    #3 0x4a0df3  (/clusterfuzz/run_bot/clusterfuzz/bot/builds/libpg_query_afl_msan/custom/fuzz_parser+0x4a0df3)", "important": false, "type": "Line"}, {"lineNumber": 129, "content": "    #4 0x4a014c  (/clusterfuzz/run_bot/clusterfuzz/bot/builds/libpg_query_afl_msan/custom/fuzz_parser+0x4a014c)", "important": false, "type": "Line"}, {"lineNumber": 130, "content": "    #5 0x4a051c  (/clusterfuzz/run_bot/clusterfuzz/bot/builds/libpg_query_afl_msan/custom/fuzz_parser+0x4a051c)", "important": false, "type": "Line"}, {"lineNumber": 131, "content": "    #6 0x49faf0  (/clusterfuzz/run_bot/clusterfuzz/bot/builds/libpg_query_afl_msan/custom/fuzz_parser+0x49faf0)", "important": false, "type": "Line"}, {"lineNumber": 132, "content": "    #7 0x49f85f  (/clusterfuzz/run_bot/clusterfuzz/bot/builds/libpg_query_afl_msan/custom/fuzz_parser+0x49f85f)", "important": false, "type": "Line"}, {"lineNumber": 133, "content": "    #8 0x7ff0131960b2  (/lib/x86_64-linux-gnu/libc.so.6+0x270b2)", "important": false, "type": "Line"}, {"lineNumber": 134, "content": "    #9 0x41d3dd  (/clusterfuzz/run_bot/clusterfuzz/bot/builds/libpg_query_afl_msan/custom/fuzz_parser+0x41d3dd)", "important": false, "type": "Line"}, {"lineNumber": 135, "content": "", "important": false, "type": "Line"}, {"lineNumber": 136, "content": "  Uninitialized value was created by an allocation of &#x27;base_yylloc&#x27; in the stack frame of function &#x27;base_yyparse&#x27;", "important": true, "type": "Line"}, {"lineNumber": 137, "content": "    #0 0x4a4920  (/clusterfuzz/run_bot/clusterfuzz/bot/builds/libpg_query_afl_msan/custom/fuzz_parser+0x4a4920)", "important": false, "type": "Line"}, {"lineNumber": 138, "content": "", "important": false, "type": "Line"}, {"lineNumber": 139, "content": "SUMMARY: MemorySanitizer: use-of-uninitialized-value (/clusterfuzz/run_bot/clusterfuzz/bot/builds/libpg_query_afl_msan/custom/fuzz_parser+0x59e4ee) ", "important": false, "type": "Line"}, {"lineNumber": 140, "content": "Unique heap origins: 7", "important": false, "type": "Line"}, {"lineNumber": 141, "content": "Stack depot allocated bytes: 1900544", "important": false, "type": "Line"}, {"lineNumber": 142, "content": "Unique origin histories: 5", "important": false, "type": "Line"}, {"lineNumber": 143, "content": "History depot allocated bytes: 196608", "important": false, "type": "Line"}, {"lineNumber": 144, "content": "Exiting", "important": false, "type": "Line"}, {"lineNumber": 145, "content": "==12595==WARNING: MemorySanitizer: use-of-uninitialized-value", "important": false, "type": "Line"}, {"lineNumber": 146, "content": "    #0 0x59e4ee  (/clusterfuzz/run_bot/clusterfuzz/bot/builds/libpg_query_afl_msan/custom/fuzz_parser+0x59e4ee)", "important": false, "type": "Line"}, {"lineNumber": 147, "content": "    #1 0x4a4912  (/clusterfuzz/run_bot/clusterfuzz/bot/builds/libpg_query_afl_msan/custom/fuzz_parser+0x4a4912)", "important": false, "type": "Line"}, {"lineNumber": 148, "content": "    #2 0x52ae9e  (/clusterfuzz/run_bot/clusterfuzz/bot/builds/libpg_query_afl_msan/custom/fuzz_parser+0x52ae9e)", "important": false, "type": "Line"}, {"lineNumber": 149, "content": "    #3 0x4a0df3  (/clusterfuzz/run_bot/clusterfuzz/bot/builds/libpg_query_afl_msan/custom/fuzz_parser+0x4a0df3)", "important": false, "type": "Line"}, {"lineNumber": 150, "content": "    #4 0x4a014c  (/clusterfuzz/run_bot/clusterfuzz/bot/builds/libpg_query_afl_msan/custom/fuzz_parser+0x4a014c)", "important": false, "type": "Line"}, {"lineNumber": 151, "content": "    #5 0x4a051c  (/clusterfuzz/run_bot/clusterfuzz/bot/builds/libpg_query_afl_msan/custom/fuzz_parser+0x4a051c)", "important": false, "type": "Line"}, {"lineNumber": 152, "content": "    #6 0x49faf0  (/clusterfuzz/run_bot/clusterfuzz/bot/builds/libpg_query_afl_msan/custom/fuzz_parser+0x49faf0)", "important": false, "type": "Line"}, {"lineNumber": 153, "content": "    #7 0x49f85f  (/clusterfuzz/run_bot/clusterfuzz/bot/builds/libpg_query_afl_msan/custom/fuzz_parser+0x49f85f)", "important": false, "type": "Line"}, {"lineNumber": 154, "content": "    #8 0x7ff0131960b2  (/lib/x86_64-linux-gnu/libc.so.6+0x270b2)", "important": false, "type": "Line"}, {"lineNumber": 155, "content": "    #9 0x41d3dd  (/clusterfuzz/run_bot/clusterfuzz/bot/builds/libpg_query_afl_msan/custom/fuzz_parser+0x41d3dd)", "important": false, "type": "Line"}, {"lineNumber": 156, "content": "", "important": false, "type": "Line"}, {"lineNumber": 157, "content": "  Uninitialized value was created by an allocation of &#x27;base_yylloc&#x27; in the stack frame of function &#x27;base_yyparse&#x27;", "important": true, "type": "Line"}, {"lineNumber": 158, "content": "    #0 0x4a4920  (/clusterfuzz/run_bot/clusterfuzz/bot/builds/libpg_query_afl_msan/custom/fuzz_parser+0x4a4920)", "important": false, "type": "Line"}, {"lineNumber": 159, "content": "", "important": false, "type": "Line"}, {"lineNumber": 160, "content": "SUMMARY: MemorySanitizer: use-of-uninitialized-value (/clusterfuzz/run_bot/clusterfuzz/bot/builds/libpg_query_afl_msan/custom/fuzz_parser+0x59e4ee) ", "important": false, "type": "Line"}, {"lineNumber": 161, "content": "Unique heap origins: 4", "important": false, "type": "Line"}, {"lineNumber": 162, "content": "Stack depot allocated bytes: 1900544", "important": false, "type": "Line"}, {"lineNumber": 163, "content": "Unique origin histories: 2", "important": false, "type": "Line"}, {"lineNumber": 164, "content": "History depot allocated bytes: 196608", "important": false, "type": "Line"}, {"lineNumber": 165, "content": "Exiting", "important": false, "type": "Line"}, {"lineNumber": 166, "content": "==12596==WARNING: MemorySanitizer: use-of-uninitialized-value", "important": false, "type": "Line"}, {"lineNumber": 167, "content": "    #0 0x59e4ee  (/clusterfuzz/run_bot/clusterfuzz/bot/builds/libpg_query_afl_msan/custom/fuzz_parser+0x59e4ee)", "important": false, "type": "Line"}, {"lineNumber": 168, "content": "    #1 0x4a4912  (/clusterfuzz/run_bot/clusterfuzz/bot/builds/libpg_query_afl_msan/custom/fuzz_parser+0x4a4912)", "important": false, "type": "Line"}, {"lineNumber": 169, "content": "    #2 0x52ae9e  (/clusterfuzz/run_bot/clusterfuzz/bot/builds/libpg_query_afl_msan/custom/fuzz_parser+0x52ae9e)", "important": false, "type": "Line"}, {"lineNumber": 170, "content": "    #3 0x4a0df3  (/clusterfuzz/run_bot/clusterfuzz/bot/builds/libpg_query_afl_msan/custom/fuzz_parser+0x4a0df3)", "important": false, "type": "Line"}, {"lineNumber": 171, "content": "    #4 0x4a014c  (/clusterfuzz/run_bot/clusterfuzz/bot/builds/libpg_query_afl_msan/custom/fuzz_parser+0x4a014c)", "important": false, "type": "Line"}, {"lineNumber": 172, "content": "    #5 0x4a051c  (/clusterfuzz/run_bot/clusterfuzz/bot/builds/libpg_query_afl_msan/custom/fuzz_parser+0x4a051c)", "important": false, "type": "Line"}, {"lineNumber": 173, "content": "    #6 0x49faf0  (/clusterfuzz/run_bot/clusterfuzz/bot/builds/libpg_query_afl_msan/custom/fuzz_parser+0x49faf0)", "important": false, "type": "Line"}, {"lineNumber": 174, "content": "    #7 0x49f85f  (/clusterfuzz/run_bot/clusterfuzz/bot/builds/libpg_query_afl_msan/custom/fuzz_parser+0x49f85f)", "important": false, "type": "Line"}, {"lineNumber": 175, "content": "    #8 0x7ff0131960b2  (/lib/x86_64-linux-gnu/libc.so.6+0x270b2)", "important": false, "type": "Line"}, {"lineNumber": 176, "content": "    #9 0x41d3dd  (/clusterfuzz/run_bot/clusterfuzz/bot/builds/libpg_query_afl_msan/custom/fuzz_parser+0x41d3dd)", "important": false, "type": "Line"}, {"lineNumber": 177, "content": "", "important": false, "type": "Line"}, {"lineNumber": 178, "content": "  Uninitialized value was created by an allocation of &#x27;base_yylloc&#x27; in the stack frame of function &#x27;base_yyparse&#x27;", "important": true, "type": "Line"}, {"lineNumber": 179, "content": "    #0 0x4a4920  (/clusterfuzz/run_bot/clusterfuzz/bot/builds/libpg_query_afl_msan/custom/fuzz_parser+0x4a4920)", "important": false, "type": "Line"}, {"lineNumber": 180, "content": "", "important": false, "type": "Line"}, {"lineNumber": 181, "content": "SUMMARY: MemorySanitizer: use-of-uninitialized-value (/clusterfuzz/run_bot/clusterfuzz/bot/builds/libpg_query_afl_msan/custom/fuzz_parser+0x59e4ee) ", "important": false, "type": "Line"}, {"lineNumber": 182, "content": "Unique heap origins: 5", "important": false, "type": "Line"}, {"lineNumber": 183, "content": "Stack depot allocated bytes: 1900544", "important": false, "type": "Line"}, {"lineNumber": 184, "content": "Unique origin histories: 3", "important": false, "type": "Line"}, {"lineNumber": 185, "content": "History depot allocated bytes: 196608", "important": false, "type": "Line"}, {"lineNumber": 186, "content": "Exiting", "important": false, "type": "Line"}, {"lineNumber": 187, "content": "==12598==WARNING: MemorySanitizer: use-of-uninitialized-value", "important": false, "type": "Line"}, {"lineNumber": 188, "content": "    #0 0x59e4ee  (/clusterfuzz/run_bot/clusterfuzz/bot/builds/libpg_query_afl_msan/custom/fuzz_parser+0x59e4ee)", "important": false, "type": "Line"}, {"lineNumber": 189, "content": "    #1 0x4a4912  (/clusterfuzz/run_bot/clusterfuzz/bot/builds/libpg_query_afl_msan/custom/fuzz_parser+0x4a4912)", "important": false, "type": "Line"}, {"lineNumber": 190, "content": "    #2 0x52ae9e  (/clusterfuzz/run_bot/clusterfuzz/bot/builds/libpg_query_afl_msan/custom/fuzz_parser+0x52ae9e)", "important": false, "type": "Line"}, {"lineNumber": 191, "content": "    #3 0x4a0df3  (/clusterfuzz/run_bot/clusterfuzz/bot/builds/libpg_query_afl_msan/custom/fuzz_parser+0x4a0df3)", "important": false, "type": "Line"}, {"lineNumber": 192, "content": "    #4 0x4a014c  (/clusterfuzz/run_bot/clusterfuzz/bot/builds/libpg_query_afl_msan/custom/fuzz_parser+0x4a014c)", "important": false, "type": "Line"}, {"lineNumber": 193, "content": "    #5 0x4a051c  (/clusterfuzz/run_bot/clusterfuzz/bot/builds/libpg_query_afl_msan/custom/fuzz_parser+0x4a051c)", "important": false, "type": "Line"}, {"lineNumber": 194, "content": "    #6 0x49faf0  (/clusterfuzz/run_bot/clusterfuzz/bot/builds/libpg_query_afl_msan/custom/fuzz_parser+0x49faf0)", "important": false, "type": "Line"}, {"lineNumber": 195, "content": "    #7 0x49f85f  (/clusterfuzz/run_bot/clusterfuzz/bot/builds/libpg_query_afl_msan/custom/fuzz_parser+0x49f85f)", "important": false, "type": "Line"}, {"lineNumber": 196, "content": "    #8 0x7ff0131960b2  (/lib/x86_64-linux-gnu/libc.so.6+0x270b2)", "important": false, "type": "Line"}, {"lineNumber": 197, "content": "    #9 0x41d3dd  (/clusterfuzz/run_bot/clusterfuzz/bot/builds/libpg_query_afl_msan/custom/fuzz_parser+0x41d3dd)", "important": false, "type": "Line"}, {"lineNumber": 198, "content": "", "important": false, "type": "Line"}, {"lineNumber": 199, "content": "  Uninitialized value was created by an allocation of &#x27;base_yylloc&#x27; in the stack frame of function &#x27;base_yyparse&#x27;", "important": true, "type": "Line"}, {"lineNumber": 200, "content": "    #0 0x4a4920  (/clusterfuzz/run_bot/clusterfuzz/bot/builds/libpg_query_afl_msan/custom/fuzz_parser+0x4a4920)", "important": false, "type": "Line"}, {"lineNumber": 201, "content": "", "important": false, "type": "Line"}, {"lineNumber": 202, "content": "SUMMARY: MemorySanitizer: use-of-uninitialized-value (/clusterfuzz/run_bot/clusterfuzz/bot/builds/libpg_query_afl_msan/custom/fuzz_parser+0x59e4ee) ", "important": false, "type": "Line"}, {"lineNumber": 203, "content": "Unique heap origins: 2", "important": false, "type": "Line"}, {"lineNumber": 204, "content": "Stack depot allocated bytes: 1638400", "important": false, "type": "Line"}, {"lineNumber": 205, "content": "Unique origin histories: 0", "important": false, "type": "Line"}, {"lineNumber": 206, "content": "History depot allocated bytes: 0", "important": false, "type": "Line"}, {"lineNumber": 207, "content": "Exiting", "important": false, "type": "Line"}, {"lineNumber": 208, "content": "==12599==WARNING: MemorySanitizer: use-of-uninitialized-value", "important": false, "type": "Line"}, {"lineNumber": 209, "content": "    #0 0x59e4ee  (/clusterfuzz/run_bot/clusterfuzz/bot/builds/libpg_query_afl_msan/custom/fuzz_parser+0x59e4ee)", "important": false, "type": "Line"}, {"lineNumber": 210, "content": "    #1 0x4a4912  (/clusterfuzz/run_bot/clusterfuzz/bot/builds/libpg_query_afl_msan/custom/fuzz_parser+0x4a4912)", "important": false, "type": "Line"}, {"lineNumber": 211, "content": "    #2 0x52ae9e  (/clusterfuzz/run_bot/clusterfuzz/bot/builds/libpg_query_afl_msan/custom/fuzz_parser+0x52ae9e)", "important": false, "type": "Line"}, {"lineNumber": 212, "content": "    #3 0x4a0df3  (/clusterfuzz/run_bot/clusterfuzz/bot/builds/libpg_query_afl_msan/custom/fuzz_parser+0x4a0df3)", "important": false, "type": "Line"}, {"lineNumber": 213, "content": "    #4 0x4a014c  (/clusterfuzz/run_bot/clusterfuzz/bot/builds/libpg_query_afl_msan/custom/fuzz_parser+0x4a014c)", "important": false, "type": "Line"}, {"lineNumber": 214, "content": "    #5 0x4a051c  (/clusterfuzz/run_bot/clusterfuzz/bot/builds/libpg_query_afl_msan/custom/fuzz_parser+0x4a051c)", "important": false, "type": "Line"}, {"lineNumber": 215, "content": "    #6 0x49faf0  (/clusterfuzz/run_bot/clusterfuzz/bot/builds/libpg_query_afl_msan/custom/fuzz_parser+0x49faf0)", "important": false, "type": "Line"}, {"lineNumber": 216, "content": "    #7 0x49f85f  (/clusterfuzz/run_bot/clusterfuzz/bot/builds/libpg_query_afl_msan/custom/fuzz_parser+0x49f85f)", "important": false, "type": "Line"}, {"lineNumber": 217, "content": "    #8 0x7ff0131960b2  (/lib/x86_64-linux-gnu/libc.so.6+0x270b2)", "important": false, "type": "Line"}, {"lineNumber": 218, "content": "    #9 0x41d3dd  (/clusterfuzz/run_bot/clusterfuzz/bot/builds/libpg_query_afl_msan/custom/fuzz_parser+0x41d3dd)", "important": false, "type": "Line"}, {"lineNumber": 219, "content": "", "important": false, "type": "Line"}, {"lineNumber": 220, "content": "==12600==WARNING: MemorySanitizer: use-of-uninitialized-value", "important": false, "type": "Line"}, {"lineNumber": 221, "content": "    #0 0x59e4ee  (/clusterfuzz/run_bot/clusterfuzz/bot/builds/libpg_query_afl_msan/custom/fuzz_parser+0x59e4ee)", "important": false, "type": "Line"}, {"lineNumber": 222, "content": "    #1 0x4a4912  (/clusterfuzz/run_bot/clusterfuzz/bot/builds/libpg_query_afl_msan/custom/fuzz_parser+0x4a4912)", "important": false, "type": "Line"}, {"lineNumber": 223, "content": "    #2 0x52ae9e  (/clusterfuzz/run_bot/clusterfuzz/bot/builds/libpg_query_afl_msan/custom/fuzz_parser+0x52ae9e)", "important": false, "type": "Line"}, {"lineNumber": 224, "content": "    #3 0x4a0df3  (/clusterfuzz/run_bot/clusterfuzz/bot/builds/libpg_query_afl_msan/custom/fuzz_parser+0x4a0df3)", "important": false, "type": "Line"}, {"lineNumber": 225, "content": "    #4 0x4a014c  (/clusterfuzz/run_bot/clusterfuzz/bot/builds/libpg_query_afl_msan/custom/fuzz_parser+0x4a014c)", "important": false, "type": "Line"}, {"lineNumber": 226, "content": "    #5 0x4a051c  (/clusterfuzz/run_bot/clusterfuzz/bot/builds/libpg_query_afl_msan/custom/fuzz_parser+0x4a051c)", "important": false, "type": "Line"}, {"lineNumber": 227, "content": "    #6 0x49faf0  (/clusterfuzz/run_bot/clusterfuzz/bot/builds/libpg_query_afl_msan/custom/fuzz_parser+0x49faf0)", "important": false, "type": "Line"}, {"lineNumber": 228, "content": "    #7 0x49f85f  (/clusterfuzz/run_bot/clusterfuzz/bot/builds/libpg_query_afl_msan/custom/fuzz_parser+0x49f85f)", "important": false, "type": "Line"}, {"lineNumber": 229, "content": "    #8 0x7ff0131960b2  (/lib/x86_64-linux-gnu/libc.so.6+0x270b2)", "important": false, "type": "Line"}, {"lineNumber": 230, "content": "    #9 0x41d3dd  (/clusterfuzz/run_bot/clusterfuzz/bot/builds/libpg_query_afl_msan/custom/fuzz_parser+0x41d3dd)", "important": false, "type": "Line"}, {"lineNumber": 231, "content": "", "important": false, "type": "Line"}, {"lineNumber": 232, "content": "  Uninitialized value was created by an allocation of &#x27;base_yylloc&#x27; in the stack frame of function &#x27;base_yyparse&#x27;", "important": true, "type": "Line"}, {"lineNumber": 233, "content": "    #0 0x4a4920  (/clusterfuzz/run_bot/clusterfuzz/bot/builds/libpg_query_afl_msan/custom/fuzz_parser+0x4a4920)", "important": false, "type": "Line"}], "revision": "1"}, "last_tested_crash_stacktrace": {"lines": [{"lineNumber": 1, "content": "[Environment] MSAN_OPTIONS=allocator_release_to_os_interval_ms=500:exit_code=86:halt_on_error=1:handle_abort=2:handle_segv=2:handle_sigbus=2:handle_sigfpe=2:handle_sigill=2:print_stats=1:print_summary=1:symbolize=0:use_sigaltstack=1", "important": false, "type": "Line"}, {"lineNumber": 2, "content": "+----------------------------------------Release Build Stacktrace----------------------------------------+", "important": false, "type": "Line"}, {"lineNumber": 3, "content": "Command: /clusterfuzz/run_bot/clusterfuzz/bot/builds/libpg_query_afl_msan/custom/fuzz_parser /clusterfuzz/run_bot/clusterfuzz/bot/inputs/fuzzer-testcases/crash", "important": false, "type": "Line"}, {"lineNumber": 4, "content": "Time ran: 0.0073413848876953125", "important": false, "type": "Line"}, {"lineNumber": 5, "content": "", "important": false, "type": "Line"}, {"lineNumber": 6, "content": "==19598==WARNING: MemorySanitizer: use-of-uninitialized-value", "important": false, "type": "Line"}, {"lineNumber": 7, "content": "    #0 0x59e4ee in scanner_yyerror /src/libpg_query/scan.l:1220:6", "important": true, "type": "Line"}, {"lineNumber": 8, "content": "    #1 0x4a4912 in base_yyerror /src/libpg_query/gram.y:15961:2", "important": true, "type": "Line"}, {"lineNumber": 9, "content": "    #2 0x52ae9e in base_yyparse /src/libpg_query/gram.c:46301:7", "important": true, "type": "Line"}, {"lineNumber": 10, "content": "    #3 0x4a0df3 in raw_parser /src/libpg_query/src/postgres/src_backend_parser_parser.c:71:13", "important": false, "type": "Line"}, {"lineNumber": 11, "content": "    #4 0x4a014c in pg_query_raw_parse /src/libpg_query/src/pg_query_parse.c:45:17", "important": false, "type": "Line"}, {"lineNumber": 12, "content": "    #5 0x4a051c in pg_query_parse /src/libpg_query/src/pg_query_parse.c:95:24", "important": false, "type": "Line"}, {"lineNumber": 13, "content": "    #6 0x49faf0 in LLVMFuzzerTestOneInput /src/libpg_query/test/fuzz/fuzz_parser.c:16:30", "important": false, "type": "Line"}, {"lineNumber": 14, "content": "    #7 0x49f985 in ExecuteFilesOnyByOne /src/aflplusplus/utils/aflpp_driver/aflpp_driver.c:191:7", "important": false, "type": "Line"}, {"lineNumber": 15, "content": "    #8 0x49f7f5 in main /src/aflplusplus/utils/aflpp_driver/aflpp_driver.c:0", "important": false, "type": "Line"}, {"lineNumber": 16, "content": "    #9 0x7f9fcbec20b2 in __libc_start_main", "important": false, "type": "Line"}, {"lineNumber": 17, "content": "    #10 0x41d3dd in _start", "important": false, "type": "Line"}, {"lineNumber": 18, "content": "", "important": false, "type": "Line"}, {"lineNumber": 19, "content": "  Uninitialized value was created by an allocation of &#x27;base_yylloc&#x27; in the stack frame of function &#x27;base_yyparse&#x27;", "important": true, "type": "Line"}, {"lineNumber": 20, "content": "    #0 0x4a4920 in base_yyparse /src/libpg_query/gram.c:27710", "important": true, "type": "Line"}, {"lineNumber": 21, "content": "", "important": false, "type": "Line"}, {"lineNumber": 22, "content": "SUMMARY: MemorySanitizer: use-of-uninitialized-value (/clusterfuzz/run_bot/clusterfuzz/bot/builds/libpg_query_afl_msan/custom/fuzz_parser+0x59e4ee)", "important": false, "type": "Line"}, {"lineNumber": 23, "content": "Unique heap origins: 8", "important": false, "type": "Line"}, {"lineNumber": 24, "content": "Stack depot allocated bytes: 1638400", "important": false, "type": "Line"}, {"lineNumber": 25, "content": "Unique origin histories: 0", "important": false, "type": "Line"}, {"lineNumber": 26, "content": "History depot allocated bytes: 0", "important": false, "type": "Line"}, {"lineNumber": 27, "content": "Exiting", "important": false, "type": "Line"}, {"lineNumber": 28, "content": "", "important": false, "type": "Line"}, {"lineNumber": 29, "content": "", "important": false, "type": "Line"}, {"lineNumber": 30, "content": "+----------------------------------------Release Build Unsymbolized Stacktrace (diff)----------------------------------------+", "important": false, "type": "Line"}, {"lineNumber": 31, "content": "", "important": false, "type": "Line"}, {"lineNumber": 32, "content": "", "important": false, "type": "Line"}, {"lineNumber": 33, "content": "==19598==WARNING: MemorySanitizer: use-of-uninitialized-value", "important": false, "type": "Line"}, {"lineNumber": 34, "content": "    #0 0x59e4ee  (/clusterfuzz/run_bot/clusterfuzz/bot/builds/libpg_query_afl_msan/custom/fuzz_parser+0x59e4ee)", "important": false, "type": "Line"}, {"lineNumber": 35, "content": "    #1 0x4a4912  (/clusterfuzz/run_bot/clusterfuzz/bot/builds/libpg_query_afl_msan/custom/fuzz_parser+0x4a4912)", "important": false, "type": "Line"}, {"lineNumber": 36, "content": "    #2 0x52ae9e  (/clusterfuzz/run_bot/clusterfuzz/bot/builds/libpg_query_afl_msan/custom/fuzz_parser+0x52ae9e)", "important": false, "type": "Line"}, {"lineNumber": 37, "content": "    #3 0x4a0df3  (/clusterfuzz/run_bot/clusterfuzz/bot/builds/libpg_query_afl_msan/custom/fuzz_parser+0x4a0df3)", "important": false, "type": "Line"}, {"lineNumber": 38, "content": "    #4 0x4a014c  (/clusterfuzz/run_bot/clusterfuzz/bot/builds/libpg_query_afl_msan/custom/fuzz_parser+0x4a014c)", "important": false, "type": "Line"}, {"lineNumber": 39, "content": "    #5 0x4a051c  (/clusterfuzz/run_bot/clusterfuzz/bot/builds/libpg_query_afl_msan/custom/fuzz_parser+0x4a051c)", "important": false, "type": "Line"}, {"lineNumber": 40, "content": "    #6 0x49faf0  (/clusterfuzz/run_bot/clusterfuzz/bot/builds/libpg_query_afl_msan/custom/fuzz_parser+0x49faf0)", "important": false, "type": "Line"}, {"lineNumber": 41, "content": "    #7 0x49f985  (/clusterfuzz/run_bot/clusterfuzz/bot/builds/libpg_query_afl_msan/custom/fuzz_parser+0x49f985)", "important": false, "type": "Line"}, {"lineNumber": 42, "content": "    #8 0x49f7f5  (/clusterfuzz/run_bot/clusterfuzz/bot/builds/libpg_query_afl_msan/custom/fuzz_parser+0x49f7f5)", "important": false, "type": "Line"}, {"lineNumber": 43, "content": "    #9 0x7f9fcbec20b2  (/lib/x86_64-linux-gnu/libc.so.6+0x270b2)", "important": false, "type": "Line"}, {"lineNumber": 44, "content": "    #10 0x41d3dd  (/clusterfuzz/run_bot/clusterfuzz/bot/builds/libpg_query_afl_msan/custom/fuzz_parser+0x41d3dd)", "important": false, "type": "Line"}, {"lineNumber": 45, "content": "", "important": false, "type": "Line"}, {"lineNumber": 46, "content": "  Uninitialized value was created by an allocation of &#x27;base_yylloc&#x27; in the stack frame of function &#x27;base_yyparse&#x27;", "important": true, "type": "Line"}, {"lineNumber": 47, "content": "    #0 0x4a4920  (/clusterfuzz/run_bot/clusterfuzz/bot/builds/libpg_query_afl_msan/custom/fuzz_parser+0x4a4920)", "important": false, "type": "Line"}], "revision": null}, "security_severity": "Medium", "security_severities": [{"value": 0, "name": "Critical"}, {"value": 1, "name": "High", "default": true}, {"value": 2, "name": "Medium"}, {"value": 3, "name": "Low"}, {"value": 4, "name": "Missing"}], "stats": {"min_hour": 1, "max_hour": 1}, "suspected_cls": null, "testcase": {"absolute_path": "/clusterfuzz/run_bot/clusterfuzz/bot/inputs/fuzzer-testcases/crash", "additional_metadata": "{\"build_key\": \"65c811dc-7aa0-4990-982f-daab4b4140e6\", \"fuzzer_binary_name\": \"fuzz_parser\", \"fuzzing_strategies\": {\"corpus_subset\": 10}, \"last_tested_crash_revision\": null, \"last_tested_crash_time\": {\"__type__\": \"datetime\", \"day\": 30, \"hour\": 0, \"microsecond\": 144721, \"minute\": 11, \"month\": 11, \"second\": 41, \"year\": 2021}, \"last_tested_revision\": null}", "archive_filename": null, "archive_state": 0, "binary_flag": true, "bug_indices": [], "bug_information": "", "comments": "[2021-11-29 00:11:08 UTC] snode11-20211128-16:40: Fuzz task : Fuzzer afl_fuzz_parser generated testcase crashed in 3 seconds (r1).\n[2021-11-29 00:11:36 UTC] comput10-20211128-16:39: Minimize task started.\n[2021-11-29 00:12:55 UTC] comput10-20211128-16:39: Minimize task errored out: Engine does not support minimization.\n[2021-11-30 00:10:23 UTC] comput7-20211129-15:14: Progression task started.\n[2021-11-30 00:11:41 UTC] comput7-20211129-15:14: Progression task finished: still crashes on latest custom build.\n", "crash_address": "", "crash_revision": 1, "crash_stacktrace": "[Environment] MSAN_OPTIONS=allocator_release_to_os_interval_ms=500:exit_code=86:halt_on_error=1:handle_abort=2:handle_segv=2:handle_sigbus=2:handle_sigfpe=2:handle_sigill=2:print_stats=1:print_summary=1:symbolize=0:use_sigaltstack=1\n+----------------------------------------Release Build Stacktrace----------------------------------------+\n==12594==WARNING: MemorySanitizer: use-of-uninitialized-value\n    #0 0x59e4ee in scanner_yyerror /src/libpg_query/scan.l:1220:6\n    #1 0x4a4912 in base_yyerror /src/libpg_query/gram.y:15961:2\n    #2 0x52ae9e in base_yyparse /src/libpg_query/gram.c:46301:7\n    #3 0x4a0df3 in raw_parser /src/libpg_query/src/postgres/src_backend_parser_parser.c:71:13\n    #4 0x4a014c in pg_query_raw_parse /src/libpg_query/src/pg_query_parse.c:45:17\n    #5 0x4a051c in pg_query_parse /src/libpg_query/src/pg_query_parse.c:95:24\n    #6 0x49faf0 in LLVMFuzzerTestOneInput /src/libpg_query/test/fuzz/fuzz_parser.c:16:30\n    #7 0x49f85f in main /src/aflplusplus/utils/aflpp_driver/aflpp_driver.c:303:7\n    #8 0x7ff0131960b2 in __libc_start_main\n    #9 0x41d3dd in _start\n\n  Uninitialized value was created by an allocation of 'base_yylloc' in the stack frame of function 'base_yyparse'\n    #0 0x4a4920 in base_yyparse /src/libpg_query/gram.c:27710\n\nSUMMARY: MemorySanitizer: use-of-uninitialized-value (/clusterfuzz/run_bot/clusterfuzz/bot/builds/libpg_query_afl_msan/custom/fuzz_parser+0x59e4ee)\nUnique heap origins: 7\nStack depot allocated bytes: 1900544\nUnique origin histories: 5\nHistory depot allocated bytes: 196608\nExiting\n==12595==WARNING: MemorySanitizer: use-of-uninitialized-value\n    #0 0x59e4ee in scanner_yyerror /src/libpg_query/scan.l:1220:6\n    #1 0x4a4912 in base_yyerror /src/libpg_query/gram.y:15961:2\n    #2 0x52ae9e in base_yyparse /src/libpg_query/gram.c:46301:7\n    #3 0x4a0df3 in raw_parser /src/libpg_query/src/postgres/src_backend_parser_parser.c:71:13\n    #4 0x4a014c in pg_query_raw_parse /src/libpg_query/src/pg_query_parse.c:45:17\n    #5 0x4a051c in pg_query_parse /src/libpg_query/src/pg_query_parse.c:95:24\n    #6 0x49faf0 in LLVMFuzzerTestOneInput /src/libpg_query/test/fuzz/fuzz_parser.c:16:30\n    #7 0x49f85f in main /src/aflplusplus/utils/aflpp_driver/aflpp_driver.c:303:7\n    #8 0x7ff0131960b2 in __libc_start_main\n    #9 0x41d3dd in _start\n\n  Uninitialized value was created by an allocation of 'base_yylloc' in the stack frame of function 'base_yyparse'\n    #0 0x4a4920 in base_yyparse /src/libpg_query/gram.c:27710\n\nSUMMARY: MemorySanitizer: use-of-uninitialized-value (/clusterfuzz/run_bot/clusterfuzz/bot/builds/libpg_query_afl_msan/custom/fuzz_parser+0x59e4ee)\nUnique heap origins: 4\nStack depot allocated bytes: 1900544\nUnique origin histories: 2\nHistory depot allocated bytes: 196608\nExiting\n==12596==WARNING: MemorySanitizer: use-of-uninitialized-value\n    #0 0x59e4ee in scanner_yyerror /src/libpg_query/scan.l:1220:6\n    #1 0x4a4912 in base_yyerror /src/libpg_query/gram.y:15961:2\n    #2 0x52ae9e in base_yyparse /src/libpg_query/gram.c:46301:7\n    #3 0x4a0df3 in raw_parser /src/libpg_query/src/postgres/src_backend_parser_parser.c:71:13\n    #4 0x4a014c in pg_query_raw_parse /src/libpg_query/src/pg_query_parse.c:45:17\n    #5 0x4a051c in pg_query_parse /src/libpg_query/src/pg_query_parse.c:95:24\n    #6 0x49faf0 in LLVMFuzzerTestOneInput /src/libpg_query/test/fuzz/fuzz_parser.c:16:30\n    #7 0x49f85f in main /src/aflplusplus/utils/aflpp_driver/aflpp_driver.c:303:7\n    #8 0x7ff0131960b2 in __libc_start_main\n    #9 0x41d3dd in _start\n\n  Uninitialized value was created by an allocation of 'base_yylloc' in the stack frame of function 'base_yyparse'\n    #0 0x4a4920 in base_yyparse /src/libpg_query/gram.c:27710\n\nSUMMARY: MemorySanitizer: use-of-uninitialized-value (/clusterfuzz/run_bot/clusterfuzz/bot/builds/libpg_query_afl_msan/custom/fuzz_parser+0x59e4ee)\nUnique heap origins: 5\nStack depot allocated bytes: 1900544\nUnique origin histories: 3\nHistory depot allocated bytes: 196608\nExiting\n==12598==WARNING: MemorySanitizer: use-of-uninitialized-value\n    #0 0x59e4ee in scanner_yyerror /src/libpg_query/scan.l:1220:6\n    #1 0x4a4912 in base_yyerror /src/libpg_query/gram.y:15961:2\n    #2 0x52ae9e in base_yyparse /src/libpg_query/gram.c:46301:7\n    #3 0x4a0df3 in raw_parser /src/libpg_query/src/postgres/src_backend_parser_parser.c:71:13\n    #4 0x4a014c in pg_query_raw_parse /src/libpg_query/src/pg_query_parse.c:45:17\n    #5 0x4a051c in pg_query_parse /src/libpg_query/src/pg_query_parse.c:95:24\n    #6 0x49faf0 in LLVMFuzzerTestOneInput /src/libpg_query/test/fuzz/fuzz_parser.c:16:30\n    #7 0x49f85f in main /src/aflplusplus/utils/aflpp_driver/aflpp_driver.c:303:7\n    #8 0x7ff0131960b2 in __libc_start_main\n    #9 0x41d3dd in _start\n\n  Uninitialized value was created by an allocation of 'base_yylloc' in the stack frame of function 'base_yyparse'\n    #0 0x4a4920 in base_yyparse /src/libpg_query/gram.c:27710\n\nSUMMARY: MemorySanitizer: use-of-uninitialized-value (/clusterfuzz/run_bot/clusterfuzz/bot/builds/libpg_query_afl_msan/custom/fuzz_parser+0x59e4ee)\nUnique heap origins: 2\nStack depot allocated bytes: 1638400\nUnique origin histories: 0\nHistory depot allocated bytes: 0\nExiting\n==12599==WARNING: MemorySanitizer: use-of-uninitialized-value\n    #0 0x59e4ee in scanner_yyerror /src/libpg_query/scan.l:1220:6\n    #1 0x4a4912 in base_yyerror /src/libpg_query/gram.y:15961:2\n    #2 0x52ae9e in base_yyparse /src/libpg_query/gram.c:46301:7\n    #3 0x4a0df3 in raw_parser /src/libpg_query/src/postgres/src_backend_parser_parser.c:71:13\n    #4 0x4a014c in pg_query_raw_parse /src/libpg_query/src/pg_query_parse.c:45:17\n    #5 0x4a051c in pg_query_parse /src/libpg_query/src/pg_query_parse.c:95:24\n    #6 0x49faf0 in LLVMFuzzerTestOneInput /src/libpg_query/test/fuzz/fuzz_parser.c:16:30\n    #7 0x49f85f in main /src/aflplusplus/utils/aflpp_driver/aflpp_driver.c:303:7\n    #8 0x7ff0131960b2 in __libc_start_main\n    #9 0x41d3dd in _start\n\n==12600==WARNING: MemorySanitizer: use-of-uninitialized-value\n    #0 0x59e4ee in scanner_yyerror /src/libpg_query/scan.l:1220:6\n    #1 0x4a4912 in base_yyerror /src/libpg_query/gram.y:15961:2\n    #2 0x52ae9e in base_yyparse /src/libpg_query/gram.c:46301:7\n    #3 0x4a0df3 in raw_parser /src/libpg_query/src/postgres/src_backend_parser_parser.c:71:13\n    #4 0x4a014c in pg_query_raw_parse /src/libpg_query/src/pg_query_parse.c:45:17\n    #5 0x4a051c in pg_query_parse /src/libpg_query/src/pg_query_parse.c:95:24\n    #6 0x49faf0 in LLVMFuzzerTestOneInput /src/libpg_query/test/fuzz/fuzz_parser.c:16:30\n    #7 0x49f85f in main /src/aflplusplus/utils/aflpp_driver/aflpp_driver.c:303:7\n    #8 0x7ff0131960b2 in __libc_start_main\n    #9 0x41d3dd in _start\n\n  Uninitialized value was created by an allocation of 'base_yylloc' in the stack frame of function 'base_yyparse'\n    #0 0x4a4920 in base_yyparse /src/libpg_query/gram.c:27710\n\nSUMMARY: MemorySanitizer: use-of-uninitialized-value (/clusterfuzz/run_bot/clusterfuzz/bot/builds/libpg_query_afl_msan/custom/fuzz_parser+0x59e4ee)\nUnique heap origins: 2\nStack depot allocated bytes: 1638400\nUnique origin histories: 0\nHistory depot allocated bytes: 0\nExiting\n\n\n+----------------------------------------Release Build Unsymbolized Stacktrace (diff)----------------------------------------+\n\n==12594==WARNING: MemorySanitizer: use-of-uninitialized-value\n    #0 0x59e4ee  (/clusterfuzz/run_bot/clusterfuzz/bot/builds/libpg_query_afl_msan/custom/fuzz_parser+0x59e4ee)\n    #1 0x4a4912  (/clusterfuzz/run_bot/clusterfuzz/bot/builds/libpg_query_afl_msan/custom/fuzz_parser+0x4a4912)\n    #2 0x52ae9e  (/clusterfuzz/run_bot/clusterfuzz/bot/builds/libpg_query_afl_msan/custom/fuzz_parser+0x52ae9e)\n    #3 0x4a0df3  (/clusterfuzz/run_bot/clusterfuzz/bot/builds/libpg_query_afl_msan/custom/fuzz_parser+0x4a0df3)\n    #4 0x4a014c  (/clusterfuzz/run_bot/clusterfuzz/bot/builds/libpg_query_afl_msan/custom/fuzz_parser+0x4a014c)\n    #5 0x4a051c  (/clusterfuzz/run_bot/clusterfuzz/bot/builds/libpg_query_afl_msan/custom/fuzz_parser+0x4a051c)\n    #6 0x49faf0  (/clusterfuzz/run_bot/clusterfuzz/bot/builds/libpg_query_afl_msan/custom/fuzz_parser+0x49faf0)\n    #7 0x49f85f  (/clusterfuzz/run_bot/clusterfuzz/bot/builds/libpg_query_afl_msan/custom/fuzz_parser+0x49f85f)\n    #8 0x7ff0131960b2  (/lib/x86_64-linux-gnu/libc.so.6+0x270b2)\n    #9 0x41d3dd  (/clusterfuzz/run_bot/clusterfuzz/bot/builds/libpg_query_afl_msan/custom/fuzz_parser+0x41d3dd)\n\n  Uninitialized value was created by an allocation of 'base_yylloc' in the stack frame of function 'base_yyparse'\n    #0 0x4a4920  (/clusterfuzz/run_bot/clusterfuzz/bot/builds/libpg_query_afl_msan/custom/fuzz_parser+0x4a4920)\n\nSUMMARY: MemorySanitizer: use-of-uninitialized-value (/clusterfuzz/run_bot/clusterfuzz/bot/builds/libpg_query_afl_msan/custom/fuzz_parser+0x59e4ee) \nUnique heap origins: 7\nStack depot allocated bytes: 1900544\nUnique origin histories: 5\nHistory depot allocated bytes: 196608\nExiting\n==12595==WARNING: MemorySanitizer: use-of-uninitialized-value\n    #0 0x59e4ee  (/clusterfuzz/run_bot/clusterfuzz/bot/builds/libpg_query_afl_msan/custom/fuzz_parser+0x59e4ee)\n    #1 0x4a4912  (/clusterfuzz/run_bot/clusterfuzz/bot/builds/libpg_query_afl_msan/custom/fuzz_parser+0x4a4912)\n    #2 0x52ae9e  (/clusterfuzz/run_bot/clusterfuzz/bot/builds/libpg_query_afl_msan/custom/fuzz_parser+0x52ae9e)\n    #3 0x4a0df3  (/clusterfuzz/run_bot/clusterfuzz/bot/builds/libpg_query_afl_msan/custom/fuzz_parser+0x4a0df3)\n    #4 0x4a014c  (/clusterfuzz/run_bot/clusterfuzz/bot/builds/libpg_query_afl_msan/custom/fuzz_parser+0x4a014c)\n    #5 0x4a051c  (/clusterfuzz/run_bot/clusterfuzz/bot/builds/libpg_query_afl_msan/custom/fuzz_parser+0x4a051c)\n    #6 0x49faf0  (/clusterfuzz/run_bot/clusterfuzz/bot/builds/libpg_query_afl_msan/custom/fuzz_parser+0x49faf0)\n    #7 0x49f85f  (/clusterfuzz/run_bot/clusterfuzz/bot/builds/libpg_query_afl_msan/custom/fuzz_parser+0x49f85f)\n    #8 0x7ff0131960b2  (/lib/x86_64-linux-gnu/libc.so.6+0x270b2)\n    #9 0x41d3dd  (/clusterfuzz/run_bot/clusterfuzz/bot/builds/libpg_query_afl_msan/custom/fuzz_parser+0x41d3dd)\n\n  Uninitialized value was created by an allocation of 'base_yylloc' in the stack frame of function 'base_yyparse'\n    #0 0x4a4920  (/clusterfuzz/run_bot/clusterfuzz/bot/builds/libpg_query_afl_msan/custom/fuzz_parser+0x4a4920)\n\nSUMMARY: MemorySanitizer: use-of-uninitialized-value (/clusterfuzz/run_bot/clusterfuzz/bot/builds/libpg_query_afl_msan/custom/fuzz_parser+0x59e4ee) \nUnique heap origins: 4\nStack depot allocated bytes: 1900544\nUnique origin histories: 2\nHistory depot allocated bytes: 196608\nExiting\n==12596==WARNING: MemorySanitizer: use-of-uninitialized-value\n    #0 0x59e4ee  (/clusterfuzz/run_bot/clusterfuzz/bot/builds/libpg_query_afl_msan/custom/fuzz_parser+0x59e4ee)\n    #1 0x4a4912  (/clusterfuzz/run_bot/clusterfuzz/bot/builds/libpg_query_afl_msan/custom/fuzz_parser+0x4a4912)\n    #2 0x52ae9e  (/clusterfuzz/run_bot/clusterfuzz/bot/builds/libpg_query_afl_msan/custom/fuzz_parser+0x52ae9e)\n    #3 0x4a0df3  (/clusterfuzz/run_bot/clusterfuzz/bot/builds/libpg_query_afl_msan/custom/fuzz_parser+0x4a0df3)\n    #4 0x4a014c  (/clusterfuzz/run_bot/clusterfuzz/bot/builds/libpg_query_afl_msan/custom/fuzz_parser+0x4a014c)\n    #5 0x4a051c  (/clusterfuzz/run_bot/clusterfuzz/bot/builds/libpg_query_afl_msan/custom/fuzz_parser+0x4a051c)\n    #6 0x49faf0  (/clusterfuzz/run_bot/clusterfuzz/bot/builds/libpg_query_afl_msan/custom/fuzz_parser+0x49faf0)\n    #7 0x49f85f  (/clusterfuzz/run_bot/clusterfuzz/bot/builds/libpg_query_afl_msan/custom/fuzz_parser+0x49f85f)\n    #8 0x7ff0131960b2  (/lib/x86_64-linux-gnu/libc.so.6+0x270b2)\n    #9 0x41d3dd  (/clusterfuzz/run_bot/clusterfuzz/bot/builds/libpg_query_afl_msan/custom/fuzz_parser+0x41d3dd)\n\n  Uninitialized value was created by an allocation of 'base_yylloc' in the stack frame of function 'base_yyparse'\n    #0 0x4a4920  (/clusterfuzz/run_bot/clusterfuzz/bot/builds/libpg_query_afl_msan/custom/fuzz_parser+0x4a4920)\n\nSUMMARY: MemorySanitizer: use-of-uninitialized-value (/clusterfuzz/run_bot/clusterfuzz/bot/builds/libpg_query_afl_msan/custom/fuzz_parser+0x59e4ee) \nUnique heap origins: 5\nStack depot allocated bytes: 1900544\nUnique origin histories: 3\nHistory depot allocated bytes: 196608\nExiting\n==12598==WARNING: MemorySanitizer: use-of-uninitialized-value\n    #0 0x59e4ee  (/clusterfuzz/run_bot/clusterfuzz/bot/builds/libpg_query_afl_msan/custom/fuzz_parser+0x59e4ee)\n    #1 0x4a4912  (/clusterfuzz/run_bot/clusterfuzz/bot/builds/libpg_query_afl_msan/custom/fuzz_parser+0x4a4912)\n    #2 0x52ae9e  (/clusterfuzz/run_bot/clusterfuzz/bot/builds/libpg_query_afl_msan/custom/fuzz_parser+0x52ae9e)\n    #3 0x4a0df3  (/clusterfuzz/run_bot/clusterfuzz/bot/builds/libpg_query_afl_msan/custom/fuzz_parser+0x4a0df3)\n    #4 0x4a014c  (/clusterfuzz/run_bot/clusterfuzz/bot/builds/libpg_query_afl_msan/custom/fuzz_parser+0x4a014c)\n    #5 0x4a051c  (/clusterfuzz/run_bot/clusterfuzz/bot/builds/libpg_query_afl_msan/custom/fuzz_parser+0x4a051c)\n    #6 0x49faf0  (/clusterfuzz/run_bot/clusterfuzz/bot/builds/libpg_query_afl_msan/custom/fuzz_parser+0x49faf0)\n    #7 0x49f85f  (/clusterfuzz/run_bot/clusterfuzz/bot/builds/libpg_query_afl_msan/custom/fuzz_parser+0x49f85f)\n    #8 0x7ff0131960b2  (/lib/x86_64-linux-gnu/libc.so.6+0x270b2)\n    #9 0x41d3dd  (/clusterfuzz/run_bot/clusterfuzz/bot/builds/libpg_query_afl_msan/custom/fuzz_parser+0x41d3dd)\n\n  Uninitialized value was created by an allocation of 'base_yylloc' in the stack frame of function 'base_yyparse'\n    #0 0x4a4920  (/clusterfuzz/run_bot/clusterfuzz/bot/builds/libpg_query_afl_msan/custom/fuzz_parser+0x4a4920)\n\nSUMMARY: MemorySanitizer: use-of-uninitialized-value (/clusterfuzz/run_bot/clusterfuzz/bot/builds/libpg_query_afl_msan/custom/fuzz_parser+0x59e4ee) \nUnique heap origins: 2\nStack depot allocated bytes: 1638400\nUnique origin histories: 0\nHistory depot allocated bytes: 0\nExiting\n==12599==WARNING: MemorySanitizer: use-of-uninitialized-value\n    #0 0x59e4ee  (/clusterfuzz/run_bot/clusterfuzz/bot/builds/libpg_query_afl_msan/custom/fuzz_parser+0x59e4ee)\n    #1 0x4a4912  (/clusterfuzz/run_bot/clusterfuzz/bot/builds/libpg_query_afl_msan/custom/fuzz_parser+0x4a4912)\n    #2 0x52ae9e  (/clusterfuzz/run_bot/clusterfuzz/bot/builds/libpg_query_afl_msan/custom/fuzz_parser+0x52ae9e)\n    #3 0x4a0df3  (/clusterfuzz/run_bot/clusterfuzz/bot/builds/libpg_query_afl_msan/custom/fuzz_parser+0x4a0df3)\n    #4 0x4a014c  (/clusterfuzz/run_bot/clusterfuzz/bot/builds/libpg_query_afl_msan/custom/fuzz_parser+0x4a014c)\n    #5 0x4a051c  (/clusterfuzz/run_bot/clusterfuzz/bot/builds/libpg_query_afl_msan/custom/fuzz_parser+0x4a051c)\n    #6 0x49faf0  (/clusterfuzz/run_bot/clusterfuzz/bot/builds/libpg_query_afl_msan/custom/fuzz_parser+0x49faf0)\n    #7 0x49f85f  (/clusterfuzz/run_bot/clusterfuzz/bot/builds/libpg_query_afl_msan/custom/fuzz_parser+0x49f85f)\n    #8 0x7ff0131960b2  (/lib/x86_64-linux-gnu/libc.so.6+0x270b2)\n    #9 0x41d3dd  (/clusterfuzz/run_bot/clusterfuzz/bot/builds/libpg_query_afl_msan/custom/fuzz_parser+0x41d3dd)\n\n==12600==WARNING: MemorySanitizer: use-of-uninitialized-value\n    #0 0x59e4ee  (/clusterfuzz/run_bot/clusterfuzz/bot/builds/libpg_query_afl_msan/custom/fuzz_parser+0x59e4ee)\n    #1 0x4a4912  (/clusterfuzz/run_bot/clusterfuzz/bot/builds/libpg_query_afl_msan/custom/fuzz_parser+0x4a4912)\n    #2 0x52ae9e  (/clusterfuzz/run_bot/clusterfuzz/bot/builds/libpg_query_afl_msan/custom/fuzz_parser+0x52ae9e)\n    #3 0x4a0df3  (/clusterfuzz/run_bot/clusterfuzz/bot/builds/libpg_query_afl_msan/custom/fuzz_parser+0x4a0df3)\n    #4 0x4a014c  (/clusterfuzz/run_bot/clusterfuzz/bot/builds/libpg_query_afl_msan/custom/fuzz_parser+0x4a014c)\n    #5 0x4a051c  (/clusterfuzz/run_bot/clusterfuzz/bot/builds/libpg_query_afl_msan/custom/fuzz_parser+0x4a051c)\n    #6 0x49faf0  (/clusterfuzz/run_bot/clusterfuzz/bot/builds/libpg_query_afl_msan/custom/fuzz_parser+0x49faf0)\n    #7 0x49f85f  (/clusterfuzz/run_bot/clusterfuzz/bot/builds/libpg_query_afl_msan/custom/fuzz_parser+0x49f85f)\n    #8 0x7ff0131960b2  (/lib/x86_64-linux-gnu/libc.so.6+0x270b2)\n    #9 0x41d3dd  (/clusterfuzz/run_bot/clusterfuzz/bot/builds/libpg_query_afl_msan/custom/fuzz_parser+0x41d3dd)\n\n  Uninitialized value was created by an allocation of 'base_yylloc' in the stack frame of function 'base_yyparse'\n    #0 0x4a4920  (/clusterfuzz/run_bot/clusterfuzz/bot/builds/libpg_query_afl_msan/custom/fuzz_parser+0x4a4920)\n", "crash_state": "scanner_yyerror\nbase_yyerror\nbase_yyparse\n", "crash_type": "Use-of-uninitialized-value", "disable_ubsan": false, "duplicate_of": null, "fixed": "", "flaky_stack": false, "fuzzed_keys": "a4cde08b-52d1-47cf-b139-5cb40fdc08c8", "fuzzer_name": "afl", "fuzzer_name_indices": ["afl", "afl_fuzz_parser"], "gestures": [], "group_bug_information": 0, "group_id": 17805, "has_bug_flag": false, "http_flag": false, "impact_beta_version": null, "impact_beta_version_indices": [], "impact_beta_version_likely": null, "impact_extended_stable_version": null, "impact_extended_stable_version_indices": [], "impact_extended_stable_version_likely": null, "impact_head_version": null, "impact_head_version_indices": [], "impact_head_version_likely": null, "impact_indices": [], "impact_stable_version": null, "impact_stable_version_indices": [], "impact_stable_version_likely": null, "impact_version_indices": [], "is_a_duplicate_flag": false, "is_impact_set_flag": null, "is_leader": true, "job_type": "libpg_query_afl_msan", "keywords": ["use-of", "base", "msan", "libpg_query_afl", "value", "afl_fuzz", "yyparse", "afl", "fuzz", "yyerror", "libpg_query", "query_afl", "use", "use-of-uninitialized-value", "scanner", "of-uninitialized", "scanner_yyerror", "afl_fuzz_parser", "fuzz_parser", "parser", "base_yyparse", "use-of-uninitialized", "base_yyerror", "uninitialized", "libpg_query_afl_msan", "afl_msan", "of", "linux", "query_afl_msan", "of-uninitialized-value", "uninitialized-value", "libpg", "query"], "last_tested_crash_stacktrace": "[Environment] MSAN_OPTIONS=allocator_release_to_os_interval_ms=500:exit_code=86:halt_on_error=1:handle_abort=2:handle_segv=2:handle_sigbus=2:handle_sigfpe=2:handle_sigill=2:print_stats=1:print_summary=1:symbolize=0:use_sigaltstack=1\n+----------------------------------------Release Build Stacktrace----------------------------------------+\nCommand: /clusterfuzz/run_bot/clusterfuzz/bot/builds/libpg_query_afl_msan/custom/fuzz_parser /clusterfuzz/run_bot/clusterfuzz/bot/inputs/fuzzer-testcases/crash\nTime ran: 0.0073413848876953125\n\n==19598==WARNING: MemorySanitizer: use-of-uninitialized-value\n    #0 0x59e4ee in scanner_yyerror /src/libpg_query/scan.l:1220:6\n    #1 0x4a4912 in base_yyerror /src/libpg_query/gram.y:15961:2\n    #2 0x52ae9e in base_yyparse /src/libpg_query/gram.c:46301:7\n    #3 0x4a0df3 in raw_parser /src/libpg_query/src/postgres/src_backend_parser_parser.c:71:13\n    #4 0x4a014c in pg_query_raw_parse /src/libpg_query/src/pg_query_parse.c:45:17\n    #5 0x4a051c in pg_query_parse /src/libpg_query/src/pg_query_parse.c:95:24\n    #6 0x49faf0 in LLVMFuzzerTestOneInput /src/libpg_query/test/fuzz/fuzz_parser.c:16:30\n    #7 0x49f985 in ExecuteFilesOnyByOne /src/aflplusplus/utils/aflpp_driver/aflpp_driver.c:191:7\n    #8 0x49f7f5 in main /src/aflplusplus/utils/aflpp_driver/aflpp_driver.c:0\n    #9 0x7f9fcbec20b2 in __libc_start_main\n    #10 0x41d3dd in _start\n\n  Uninitialized value was created by an allocation of 'base_yylloc' in the stack frame of function 'base_yyparse'\n    #0 0x4a4920 in base_yyparse /src/libpg_query/gram.c:27710\n\nSUMMARY: MemorySanitizer: use-of-uninitialized-value (/clusterfuzz/run_bot/clusterfuzz/bot/builds/libpg_query_afl_msan/custom/fuzz_parser+0x59e4ee)\nUnique heap origins: 8\nStack depot allocated bytes: 1638400\nUnique origin histories: 0\nHistory depot allocated bytes: 0\nExiting\n\n\n+----------------------------------------Release Build Unsymbolized Stacktrace (diff)----------------------------------------+\n\n\n==19598==WARNING: MemorySanitizer: use-of-uninitialized-value\n    #0 0x59e4ee  (/clusterfuzz/run_bot/clusterfuzz/bot/builds/libpg_query_afl_msan/custom/fuzz_parser+0x59e4ee)\n    #1 0x4a4912  (/clusterfuzz/run_bot/clusterfuzz/bot/builds/libpg_query_afl_msan/custom/fuzz_parser+0x4a4912)\n    #2 0x52ae9e  (/clusterfuzz/run_bot/clusterfuzz/bot/builds/libpg_query_afl_msan/custom/fuzz_parser+0x52ae9e)\n    #3 0x4a0df3  (/clusterfuzz/run_bot/clusterfuzz/bot/builds/libpg_query_afl_msan/custom/fuzz_parser+0x4a0df3)\n    #4 0x4a014c  (/clusterfuzz/run_bot/clusterfuzz/bot/builds/libpg_query_afl_msan/custom/fuzz_parser+0x4a014c)\n    #5 0x4a051c  (/clusterfuzz/run_bot/clusterfuzz/bot/builds/libpg_query_afl_msan/custom/fuzz_parser+0x4a051c)\n    #6 0x49faf0  (/clusterfuzz/run_bot/clusterfuzz/bot/builds/libpg_query_afl_msan/custom/fuzz_parser+0x49faf0)\n    #7 0x49f985  (/clusterfuzz/run_bot/clusterfuzz/bot/builds/libpg_query_afl_msan/custom/fuzz_parser+0x49f985)\n    #8 0x49f7f5  (/clusterfuzz/run_bot/clusterfuzz/bot/builds/libpg_query_afl_msan/custom/fuzz_parser+0x49f7f5)\n    #9 0x7f9fcbec20b2  (/lib/x86_64-linux-gnu/libc.so.6+0x270b2)\n    #10 0x41d3dd  (/clusterfuzz/run_bot/clusterfuzz/bot/builds/libpg_query_afl_msan/custom/fuzz_parser+0x41d3dd)\n\n  Uninitialized value was created by an allocation of 'base_yylloc' in the stack frame of function 'base_yyparse'\n    #0 0x4a4920  (/clusterfuzz/run_bot/clusterfuzz/bot/builds/libpg_query_afl_msan/custom/fuzz_parser+0x4a4920)\n", "minidump_keys": "", "minimized_arguments": "", "minimized_keys": "a4cde08b-52d1-47cf-b139-5cb40fdc08c8", "one_time_crasher_flag": false, "open": true, "overridden_fuzzer_name": "afl_fuzz_parser", "platform": "linux", "platform_id": "linux", "project_name": "test-project", "queue": "jobs-linux", "redzone": 32, "regression": "NA", "security_flag": true, "security_severity": 2, "status": "Processed", "symbolized": false, "timeout_multiplier": 1.0, "timestamp": 1638144668, "triaged": false, "uploader_email": null, "window_argument": "", "id": 14636}, "timestamp": 1638144668.429724, "show_blame": false, "show_impact": false, "impacts_production": false, "find_similar_issues_options": [{"type": "open", "label": "Open"}, {"type": "all", "label": "All"}], "auto_delete_timestamp": null, "auto_close_timestamp": null, "memory_tool_display_label": "Sanitizer", "memory_tool_display_value": "memory (MSAN)", "last_tested": "1:1 (No component revisions found!)", "is_admin_or_not_oss_fuzz": true, "has_issue_tracker": false, "reproduction_help_url": "", "is_local_development": true, "fuzzer_display": {"engine": "afl", "target": "fuzz_parser", "name": "afl", "fully_qualified_name": "afl_fuzz_parser"}}