{"id": 14635, "crash_type": "UNKNOWN WRITE", "crash_address": "0x7fffe49520b1", "crash_state": "check_name\ncheck_rrs\nrrfilter\n", "crash_state_lines": ["check_name", "check_rrs", "rrfilter"], "crash_revision": 1, "csrf_token": "D6S+cXG/eQvjQp1jhkN2Yfq5FoCaAiuUjD0oLthouNSAPb8xaAgWvNikB3AHnFnrgfWQIz/OKB4owWUbxHHo3A==", "external_user": false, "footer": "[2021-11-29 00:11:06 UTC] snode10-20211128-16:39: Fuzz task : Fuzzer honggfuzz_fuzz_util generated testcase crashed in 7 seconds (r1).\n", "formatted_reproduction_help": "", "fixed": "NA", "fixed_full": null, "issue_url": null, "is_admin": true, "metadata": {"build_key": "0e6a7b86-13a3-4944-aece-004fa2bd8fa0", "fuzzer_binary_name": "fuzz_util"}, "minimized_testcase_size": null, "needs_refresh": false, "original_testcase_size": "18 KB", "privileged_user": true, "regression": "NA", "crash_stacktrace": {"lines": [{"lineNumber": 1, "content": "[Environment] MSAN_OPTIONS=allocator_release_to_os_interval_ms=500:halt_on_error=1:handle_abort=2:handle_segv=2:handle_sigbus=2:handle_sigfpe=2:handle_sigill=2:print_stats=1:print_summary=1:symbolize=0:use_sigaltstack=1", "important": false, "type": "Line"}, {"lineNumber": 2, "content": "+----------------------------------------Release Build Stacktrace----------------------------------------+", "important": false, "type": "Line"}, {"lineNumber": 3, "content": "==82991==ERROR: MemorySanitizer: SEGV on unknown address 0x7fffe49520b1 (pc 0x0000005bd845 bp 0x7fffffffcc50 sp 0x7fffffffcb60 T82991)", "important": false, "type": "Line"}, {"lineNumber": 4, "content": "==82991==The signal is caused by a WRITE memory access.", "important": false, "type": "Line"}, {"lineNumber": 5, "content": "    #0 0x5bd845 in check_name /src/dnsmasq/src/rrfilter.c:66:16", "important": true, "type": "Line"}, {"lineNumber": 6, "content": "    #1 0x5bdf6f in check_rrs /src/dnsmasq/src/rrfilter.c:134:9", "important": true, "type": "Line"}, {"lineNumber": 7, "content": "    #2 0x5bc373 in rrfilter /src/dnsmasq/src/rrfilter.c:265:3", "important": true, "type": "Line"}, {"lineNumber": 8, "content": "    #3 0x4b6da0 in LLVMFuzzerTestOneInput /src/fuzz_util.c:55:9", "important": false, "type": "Line"}, {"lineNumber": 9, "content": "    #4 0x4a0d6e in main", "important": false, "type": "Line"}, {"lineNumber": 10, "content": "    #5 0x7ffff7c5b0b2 in __libc_start_main", "important": false, "type": "Line"}, {"lineNumber": 11, "content": "    #6 0x41e6ad in _start", "important": false, "type": "Line"}, {"lineNumber": 12, "content": "", "important": false, "type": "Line"}, {"lineNumber": 13, "content": "MemorySanitizer can not provide additional info.", "important": false, "type": "Line"}, {"lineNumber": 14, "content": "SUMMARY: MemorySanitizer: SEGV (/clusterfuzz/run_bot/clusterfuzz/bot/builds/dnsmasq_honggfuzz_msan/custom/fuzz_util+0x5bd845)", "important": false, "type": "Line"}, {"lineNumber": 15, "content": "==82991==ABORTING", "important": false, "type": "Line"}, {"lineNumber": 16, "content": "", "important": false, "type": "Line"}, {"lineNumber": 17, "content": "", "important": false, "type": "Line"}, {"lineNumber": 18, "content": "+----------------------------------------Release Build Unsymbolized Stacktrace (diff)----------------------------------------+", "important": false, "type": "Line"}, {"lineNumber": 19, "content": "", "important": false, "type": "Line"}, {"lineNumber": 20, "content": "==82991==ERROR: MemorySanitizer: SEGV on unknown address 0x7fffe49520b1 (pc 0x0000005bd845 bp 0x7fffffffcc50 sp 0x7fffffffcb60 T82991)", "important": false, "type": "Line"}, {"lineNumber": 21, "content": "==82991==The signal is caused by a WRITE memory access.", "important": false, "type": "Line"}, {"lineNumber": 22, "content": "    #0 0x5bd845  (/clusterfuzz/run_bot/clusterfuzz/bot/builds/dnsmasq_honggfuzz_msan/custom/fuzz_util+0x5bd845)", "important": false, "type": "Line"}, {"lineNumber": 23, "content": "    #1 0x5bdf6f  (/clusterfuzz/run_bot/clusterfuzz/bot/builds/dnsmasq_honggfuzz_msan/custom/fuzz_util+0x5bdf6f)", "important": false, "type": "Line"}, {"lineNumber": 24, "content": "    #2 0x5bc373  (/clusterfuzz/run_bot/clusterfuzz/bot/builds/dnsmasq_honggfuzz_msan/custom/fuzz_util+0x5bc373)", "important": false, "type": "Line"}, {"lineNumber": 25, "content": "    #3 0x4b6da0  (/clusterfuzz/run_bot/clusterfuzz/bot/builds/dnsmasq_honggfuzz_msan/custom/fuzz_util+0x4b6da0)", "important": false, "type": "Line"}, {"lineNumber": 26, "content": "    #4 0x4a0d6e  (/clusterfuzz/run_bot/clusterfuzz/bot/builds/dnsmasq_honggfuzz_msan/custom/fuzz_util+0x4a0d6e)", "important": false, "type": "Line"}, {"lineNumber": 27, "content": "    #5 0x7ffff7c5b0b2  (/lib/x86_64-linux-gnu/libc.so.6+0x270b2)", "important": false, "type": "Line"}, {"lineNumber": 28, "content": "    #6 0x41e6ad  (/clusterfuzz/run_bot/clusterfuzz/bot/builds/dnsmasq_honggfuzz_msan/custom/fuzz_util+0x41e6ad)", "important": false, "type": "Line"}], "revision": "1"}, "last_tested_crash_stacktrace": {"lines": [], "revision": null}, "security_severity": "High", "security_severities": [{"value": 0, "name": "Critical"}, {"value": 1, "name": "High", "default": true}, {"value": 2, "name": "Medium"}, {"value": 3, "name": "Low"}, {"value": 4, "name": "Missing"}], "stats": {"min_hour": 1, "max_hour": 1}, "suspected_cls": null, "testcase": {"absolute_path": "/clusterfuzz/run_bot/clusterfuzz/bot/inputs/fuzzer-testcases/SIGABRT.PC.5bd845.STACK.1ad2aab58d.CODE.-6.ADDR.0.INSTR.[UNKNOWN].fuzz", "additional_metadata": "{\"build_key\": \"0e6a7b86-13a3-4944-aece-004fa2bd8fa0\", \"fuzzer_binary_name\": \"fuzz_util\"}", "archive_filename": null, "archive_state": 0, "binary_flag": true, "bug_indices": [], "bug_information": "", "comments": "[2021-11-29 00:11:06 UTC] snode10-20211128-16:39: Fuzz task : Fuzzer honggfuzz_fuzz_util generated testcase crashed in 7 seconds (r1).\n", "crash_address": "0x7fffe49520b1", "crash_revision": 1, "crash_stacktrace": "[Environment] MSAN_OPTIONS=allocator_release_to_os_interval_ms=500:halt_on_error=1:handle_abort=2:handle_segv=2:handle_sigbus=2:handle_sigfpe=2:handle_sigill=2:print_stats=1:print_summary=1:symbolize=0:use_sigaltstack=1\n+----------------------------------------Release Build Stacktrace----------------------------------------+\n==82991==ERROR: MemorySanitizer: SEGV on unknown address 0x7fffe49520b1 (pc 0x0000005bd845 bp 0x7fffffffcc50 sp 0x7fffffffcb60 T82991)\n==82991==The signal is caused by a WRITE memory access.\n    #0 0x5bd845 in check_name /src/dnsmasq/src/rrfilter.c:66:16\n    #1 0x5bdf6f in check_rrs /src/dnsmasq/src/rrfilter.c:134:9\n    #2 0x5bc373 in rrfilter /src/dnsmasq/src/rrfilter.c:265:3\n    #3 0x4b6da0 in LLVMFuzzerTestOneInput /src/fuzz_util.c:55:9\n    #4 0x4a0d6e in main\n    #5 0x7ffff7c5b0b2 in __libc_start_main\n    #6 0x41e6ad in _start\n\nMemorySanitizer can not provide additional info.\nSUMMARY: MemorySanitizer: SEGV (/clusterfuzz/run_bot/clusterfuzz/bot/builds/dnsmasq_honggfuzz_msan/custom/fuzz_util+0x5bd845)\n==82991==ABORTING\n\n\n+----------------------------------------Release Build Unsymbolized Stacktrace (diff)----------------------------------------+\n\n==82991==ERROR: MemorySanitizer: SEGV on unknown address 0x7fffe49520b1 (pc 0x0000005bd845 bp 0x7fffffffcc50 sp 0x7fffffffcb60 T82991)\n==82991==The signal is caused by a WRITE memory access.\n    #0 0x5bd845  (/clusterfuzz/run_bot/clusterfuzz/bot/builds/dnsmasq_honggfuzz_msan/custom/fuzz_util+0x5bd845)\n    #1 0x5bdf6f  (/clusterfuzz/run_bot/clusterfuzz/bot/builds/dnsmasq_honggfuzz_msan/custom/fuzz_util+0x5bdf6f)\n    #2 0x5bc373  (/clusterfuzz/run_bot/clusterfuzz/bot/builds/dnsmasq_honggfuzz_msan/custom/fuzz_util+0x5bc373)\n    #3 0x4b6da0  (/clusterfuzz/run_bot/clusterfuzz/bot/builds/dnsmasq_honggfuzz_msan/custom/fuzz_util+0x4b6da0)\n    #4 0x4a0d6e  (/clusterfuzz/run_bot/clusterfuzz/bot/builds/dnsmasq_honggfuzz_msan/custom/fuzz_util+0x4a0d6e)\n    #5 0x7ffff7c5b0b2  (/lib/x86_64-linux-gnu/libc.so.6+0x270b2)\n    #6 0x41e6ad  (/clusterfuzz/run_bot/clusterfuzz/bot/builds/dnsmasq_honggfuzz_msan/custom/fuzz_util+0x41e6ad)\n", "crash_state": "check_name\ncheck_rrs\nrrfilter\n", "crash_type": "UNKNOWN WRITE", "disable_ubsan": false, "duplicate_of": null, "fixed": "NA", "flaky_stack": false, "fuzzed_keys": "4b6b6e16-6745-4f93-83ea-ed404df2b3b5", "fuzzer_name": "honggfuzz", "fuzzer_name_indices": ["honggfuzz_fuzz_util", "honggfuzz"], "gestures": [], "group_bug_information": 0, "group_id": 0, "has_bug_flag": false, "http_flag": false, "impact_beta_version": null, "impact_beta_version_indices": [], "impact_beta_version_likely": null, "impact_extended_stable_version": null, "impact_extended_stable_version_indices": [], "impact_extended_stable_version_likely": null, "impact_head_version": null, "impact_head_version_indices": [], "impact_head_version_likely": null, "impact_indices": [], "impact_stable_version": null, "impact_stable_version_indices": [], "impact_stable_version_likely": null, "impact_version_indices": [], "is_a_duplicate_flag": false, "is_impact_set_flag": null, "is_leader": true, "job_type": "dnsmasq_honggfuzz_msan", "keywords": ["unknown write", "dnsmasq", "rrfilter", "honggfuzz_fuzz", "check", "dnsmasq_honggfuzz", "fuzz_util", "dnsmasq_honggfuzz_msan", "msan", "unknown", "rrs", "check_rrs", "check_name", "write", "fuzz", "linux", "honggfuzz_fuzz_util", "name", "util", "honggfuzz_msan", "honggfuzz"], "last_tested_crash_stacktrace": null, "minidump_keys": "", "minimized_arguments": "", "minimized_keys": "NA", "one_time_crasher_flag": true, "open": true, "overridden_fuzzer_name": "honggfuzz_fuzz_util", "platform": "linux", "platform_id": "linux", "project_name": "test-project", "queue": "jobs-linux", "redzone": 16, "regression": "NA", "security_flag": true, "security_severity": 1, "status": "Processed", "symbolized": false, "timeout_multiplier": 1.0, "timestamp": 1638144666, "triaged": false, "uploader_email": null, "window_argument": "", "id": 14635}, "timestamp": 1638144666.683306, "show_blame": false, "show_impact": false, "impacts_production": false, "find_similar_issues_options": [{"type": "open", "label": "Open"}, {"type": "all", "label": "All"}], "auto_delete_timestamp": 1638749466.683306, "auto_close_timestamp": null, "memory_tool_display_label": "Sanitizer", "memory_tool_display_value": "memory (MSAN)", "last_tested": "1:1 (No component revisions found!)", "is_admin_or_not_oss_fuzz": true, "has_issue_tracker": false, "reproduction_help_url": "", "is_local_development": true, "fuzzer_display": {"engine": "honggfuzz", "target": "fuzz_util", "name": "honggfuzz", "fully_qualified_name": "honggfuzz_fuzz_util"}}