{"id": 14634, "crash_type": "Use-of-uninitialized-value", "crash_address": "", "crash_state": "decode_names\ncram_uncompress_block\ncram_read_SAM_hdr\n", "crash_state_lines": ["decode_names", "cram_uncompress_block", "cram_read_SAM_hdr"], "crash_revision": 1, "csrf_token": "D6S+cXG/eQvjQp1jhkN2Yfq5FoCaAiuUjD0oLthouNSAPb8xaAgWvNikB3AHnFnrgfWQIz/OKB4owWUbxHHo3A==", "external_user": false, "footer": "[2021-11-29 00:09:59 UTC] comput3-20211128-16:37: Fuzz task : Fuzzer honggfuzz_hts_open_fuzzer generated testcase crashed in 1 seconds (r1).\n[2021-11-29 00:11:02 UTC] snode10-20211128-16:43: Minimize task started.\n[2021-11-29 00:12:25 UTC] snode10-20211128-16:43: Minimize task errored out: Engine does not support minimization.\n[2021-11-30 00:10:11 UTC] comput17-20211129-15:14: Progression task started.\n[2021-11-30 00:11:30 UTC] comput17-20211129-15:14: Progression task finished: still crashes on latest custom build.\n", "formatted_reproduction_help": "", "fixed": "NO", "fixed_full": null, "issue_url": null, "is_admin": true, "metadata": {"build_key": "34b0baa7-4407-4767-8ab6-0224d720c08b", "fuzzer_binary_name": "hts_open_fuzzer", "last_tested_crash_revision": null, "last_tested_crash_time": 1638231090, "last_tested_revision": null}, "minimized_testcase_size": "101 B", "needs_refresh": false, "original_testcase_size": "101 B", "privileged_user": true, "regression": "NA", "crash_stacktrace": {"lines": [{"lineNumber": 1, "content": "[Environment] MSAN_OPTIONS=allocator_release_to_os_interval_ms=500:halt_on_error=1:handle_abort=2:handle_segv=2:handle_sigbus=2:handle_sigfpe=2:handle_sigill=2:print_stats=1:print_summary=1:symbolize=0:use_sigaltstack=1", "important": false, "type": "Line"}, {"lineNumber": 2, "content": "+----------------------------------------Release Build Stacktrace----------------------------------------+", "important": false, "type": "Line"}, {"lineNumber": 3, "content": "==6766==WARNING: MemorySanitizer: use-of-uninitialized-value", "important": false, "type": "Line"}, {"lineNumber": 4, "content": "    #0 0x86743e in decode_name /src/htslib/htscodecs/htscodecs/tokenise_name3.c:1026:9", "important": false, "type": "Line"}, {"lineNumber": 5, "content": "    #1 0x86743e in decode_names /src/htslib/htscodecs/htscodecs/tokenise_name3.c:1678:19", "important": true, "type": "Line"}, {"lineNumber": 6, "content": "    #2 0x76c769 in cram_uncompress_block /src/htslib/cram/cram_io.c:1723:23", "important": true, "type": "Line"}, {"lineNumber": 7, "content": "    #3 0x7951da in cram_read_SAM_hdr /src/htslib/cram/cram_io.c:4672:13", "important": true, "type": "Line"}, {"lineNumber": 8, "content": "    #4 0x79c6a6 in cram_dopen /src/htslib/cram/cram_io.c:5198:28", "important": false, "type": "Line"}, {"lineNumber": 9, "content": "    #5 0x5199f1 in hts_hopen /src/htslib/hts.c:1466:23", "important": false, "type": "Line"}, {"lineNumber": 10, "content": "    #6 0x4a3bec in LLVMFuzzerTestOneInput /src/htslib/test/fuzz/hts_open_fuzzer.c:133:24", "important": false, "type": "Line"}, {"lineNumber": 11, "content": "    #7 0x4a522e in main", "important": false, "type": "Line"}, {"lineNumber": 12, "content": "    #8 0x7ffff789c0b2 in __libc_start_main", "important": false, "type": "Line"}, {"lineNumber": 13, "content": "    #9 0x41f8cd in _start", "important": false, "type": "Line"}, {"lineNumber": 14, "content": "", "important": false, "type": "Line"}, {"lineNumber": 15, "content": "  Uninitialized value was created by a heap allocation", "important": false, "type": "Line"}, {"lineNumber": 16, "content": "    #0 0x4506ad in malloc /src/llvm-project/compiler-rt/lib/msan/msan_interceptors.cpp:912:3", "important": false, "type": "Line"}, {"lineNumber": 17, "content": "    #1 0x86234c in decode_names /src/htslib/htscodecs/htscodecs/tokenise_name3.c:1645:21", "important": true, "type": "Line"}, {"lineNumber": 18, "content": "    #2 0x76c769 in cram_uncompress_block /src/htslib/cram/cram_io.c:1723:23", "important": true, "type": "Line"}, {"lineNumber": 19, "content": "    #3 0x7951da in cram_read_SAM_hdr /src/htslib/cram/cram_io.c:4672:13", "important": true, "type": "Line"}, {"lineNumber": 20, "content": "    #4 0x79c6a6 in cram_dopen /src/htslib/cram/cram_io.c:5198:28", "important": false, "type": "Line"}, {"lineNumber": 21, "content": "    #5 0x5199f1 in hts_hopen /src/htslib/hts.c:1466:23", "important": false, "type": "Line"}, {"lineNumber": 22, "content": "    #6 0x4a3bec in LLVMFuzzerTestOneInput /src/htslib/test/fuzz/hts_open_fuzzer.c:133:24", "important": false, "type": "Line"}, {"lineNumber": 23, "content": "    #7 0x4a522e in main", "important": false, "type": "Line"}, {"lineNumber": 24, "content": "", "important": false, "type": "Line"}, {"lineNumber": 25, "content": "SUMMARY: MemorySanitizer: use-of-uninitialized-value (/clusterfuzz/run_bot/clusterfuzz/bot/builds/htslib_honggfuzz_msan/custom/hts_open_fuzzer+0x86743e)", "important": false, "type": "Line"}, {"lineNumber": 26, "content": "Unique heap origins: 170", "important": false, "type": "Line"}, {"lineNumber": 27, "content": "Stack depot allocated bytes: 1900544", "important": false, "type": "Line"}, {"lineNumber": 28, "content": "Unique origin histories: 22", "important": false, "type": "Line"}, {"lineNumber": 29, "content": "History depot allocated bytes: 196608", "important": false, "type": "Line"}, {"lineNumber": 30, "content": "Exiting", "important": false, "type": "Line"}, {"lineNumber": 31, "content": "", "important": false, "type": "Line"}, {"lineNumber": 32, "content": "", "important": false, "type": "Line"}, {"lineNumber": 33, "content": "+----------------------------------------Release Build Unsymbolized Stacktrace (diff)----------------------------------------+", "important": false, "type": "Line"}, {"lineNumber": 34, "content": "", "important": false, "type": "Line"}, {"lineNumber": 35, "content": "==6766==WARNING: MemorySanitizer: use-of-uninitialized-value", "important": false, "type": "Line"}, {"lineNumber": 36, "content": "    #0 0x86743e  (/clusterfuzz/run_bot/clusterfuzz/bot/builds/htslib_honggfuzz_msan/custom/hts_open_fuzzer+0x86743e)", "important": false, "type": "Line"}, {"lineNumber": 37, "content": "    #1 0x76c769  (/clusterfuzz/run_bot/clusterfuzz/bot/builds/htslib_honggfuzz_msan/custom/hts_open_fuzzer+0x76c769)", "important": false, "type": "Line"}, {"lineNumber": 38, "content": "    #2 0x7951da  (/clusterfuzz/run_bot/clusterfuzz/bot/builds/htslib_honggfuzz_msan/custom/hts_open_fuzzer+0x7951da)", "important": false, "type": "Line"}, {"lineNumber": 39, "content": "    #3 0x79c6a6  (/clusterfuzz/run_bot/clusterfuzz/bot/builds/htslib_honggfuzz_msan/custom/hts_open_fuzzer+0x79c6a6)", "important": false, "type": "Line"}, {"lineNumber": 40, "content": "    #4 0x5199f1  (/clusterfuzz/run_bot/clusterfuzz/bot/builds/htslib_honggfuzz_msan/custom/hts_open_fuzzer+0x5199f1)", "important": false, "type": "Line"}, {"lineNumber": 41, "content": "    #5 0x4a3bec  (/clusterfuzz/run_bot/clusterfuzz/bot/builds/htslib_honggfuzz_msan/custom/hts_open_fuzzer+0x4a3bec)", "important": false, "type": "Line"}, {"lineNumber": 42, "content": "    #6 0x4a522e  (/clusterfuzz/run_bot/clusterfuzz/bot/builds/htslib_honggfuzz_msan/custom/hts_open_fuzzer+0x4a522e)", "important": false, "type": "Line"}, {"lineNumber": 43, "content": "    #7 0x7ffff789c0b2  (/lib/x86_64-linux-gnu/libc.so.6+0x270b2)", "important": false, "type": "Line"}, {"lineNumber": 44, "content": "    #8 0x41f8cd  (/clusterfuzz/run_bot/clusterfuzz/bot/builds/htslib_honggfuzz_msan/custom/hts_open_fuzzer+0x41f8cd)", "important": false, "type": "Line"}, {"lineNumber": 45, "content": "", "important": false, "type": "Line"}, {"lineNumber": 46, "content": "  Uninitialized value was created by a heap allocation", "important": false, "type": "Line"}, {"lineNumber": 47, "content": "    #0 0x4506ad  (/clusterfuzz/run_bot/clusterfuzz/bot/builds/htslib_honggfuzz_msan/custom/hts_open_fuzzer+0x4506ad)", "important": false, "type": "Line"}, {"lineNumber": 48, "content": "    #1 0x86234c  (/clusterfuzz/run_bot/clusterfuzz/bot/builds/htslib_honggfuzz_msan/custom/hts_open_fuzzer+0x86234c)", "important": false, "type": "Line"}, {"lineNumber": 49, "content": "    #2 0x76c769  (/clusterfuzz/run_bot/clusterfuzz/bot/builds/htslib_honggfuzz_msan/custom/hts_open_fuzzer+0x76c769)", "important": false, "type": "Line"}, {"lineNumber": 50, "content": "    #3 0x7951da  (/clusterfuzz/run_bot/clusterfuzz/bot/builds/htslib_honggfuzz_msan/custom/hts_open_fuzzer+0x7951da)", "important": false, "type": "Line"}, {"lineNumber": 51, "content": "    #4 0x79c6a6  (/clusterfuzz/run_bot/clusterfuzz/bot/builds/htslib_honggfuzz_msan/custom/hts_open_fuzzer+0x79c6a6)", "important": false, "type": "Line"}, {"lineNumber": 52, "content": "    #5 0x5199f1  (/clusterfuzz/run_bot/clusterfuzz/bot/builds/htslib_honggfuzz_msan/custom/hts_open_fuzzer+0x5199f1)", "important": false, "type": "Line"}, {"lineNumber": 53, "content": "    #6 0x4a3bec  (/clusterfuzz/run_bot/clusterfuzz/bot/builds/htslib_honggfuzz_msan/custom/hts_open_fuzzer+0x4a3bec)", "important": false, "type": "Line"}, {"lineNumber": 54, "content": "    #7 0x4a522e  (/clusterfuzz/run_bot/clusterfuzz/bot/builds/htslib_honggfuzz_msan/custom/hts_open_fuzzer+0x4a522e)", "important": false, "type": "Line"}], "revision": "1"}, "last_tested_crash_stacktrace": {"lines": [{"lineNumber": 1, "content": "[Environment] MSAN_OPTIONS=allocator_release_to_os_interval_ms=500:halt_on_error=1:handle_abort=2:handle_segv=2:handle_sigbus=2:handle_sigfpe=2:handle_sigill=2:print_stats=1:print_summary=1:symbolize=0:use_sigaltstack=1", "important": false, "type": "Line"}, {"lineNumber": 2, "content": "+----------------------------------------Release Build Stacktrace----------------------------------------+", "important": false, "type": "Line"}, {"lineNumber": 3, "content": "Command: /clusterfuzz/run_bot/clusterfuzz/bot/builds/htslib_honggfuzz_msan/custom/hts_open_fuzzer", "important": false, "type": "Line"}, {"lineNumber": 4, "content": "Time ran: 0.24861478805541992", "important": false, "type": "Line"}, {"lineNumber": 5, "content": "", "important": false, "type": "Line"}, {"lineNumber": 6, "content": "Accepting input from &#x27;[STDIN]&#x27;", "important": false, "type": "Line"}, {"lineNumber": 7, "content": "Usage for fuzzing: honggfuzz -P [flags] -- /clusterfuzz/run_bot/clusterfuzz/bot/builds/htslib_honggfuzz_msan/custom/hts_open_fuzzer", "important": false, "type": "Line"}, {"lineNumber": 8, "content": "==13140==WARNING: MemorySanitizer: use-of-uninitialized-value", "important": false, "type": "Line"}, {"lineNumber": 9, "content": "    #0 0x86743e in decode_name /src/htslib/htscodecs/htscodecs/tokenise_name3.c:1026:9", "important": false, "type": "Line"}, {"lineNumber": 10, "content": "    #1 0x86743e in decode_names /src/htslib/htscodecs/htscodecs/tokenise_name3.c:1678:19", "important": true, "type": "Line"}, {"lineNumber": 11, "content": "    #2 0x76c769 in cram_uncompress_block /src/htslib/cram/cram_io.c:1723:23", "important": true, "type": "Line"}, {"lineNumber": 12, "content": "    #3 0x7951da in cram_read_SAM_hdr /src/htslib/cram/cram_io.c:4672:13", "important": true, "type": "Line"}, {"lineNumber": 13, "content": "    #4 0x79c6a6 in cram_dopen /src/htslib/cram/cram_io.c:5198:28", "important": false, "type": "Line"}, {"lineNumber": 14, "content": "    #5 0x5199f1 in hts_hopen /src/htslib/hts.c:1466:23", "important": false, "type": "Line"}, {"lineNumber": 15, "content": "    #6 0x4a3bec in LLVMFuzzerTestOneInput /src/htslib/test/fuzz/hts_open_fuzzer.c:133:24", "important": false, "type": "Line"}, {"lineNumber": 16, "content": "    #7 0x4a514b in main", "important": false, "type": "Line"}, {"lineNumber": 17, "content": "    #8 0x7efc739450b2 in __libc_start_main", "important": false, "type": "Line"}, {"lineNumber": 18, "content": "    #9 0x41f8cd in _start", "important": false, "type": "Line"}, {"lineNumber": 19, "content": "", "important": false, "type": "Line"}, {"lineNumber": 20, "content": "  Uninitialized value was created by a heap allocation", "important": false, "type": "Line"}, {"lineNumber": 21, "content": "    #0 0x4506ad in malloc /src/llvm-project/compiler-rt/lib/msan/msan_interceptors.cpp:912:3", "important": false, "type": "Line"}, {"lineNumber": 22, "content": "    #1 0x86234c in decode_names /src/htslib/htscodecs/htscodecs/tokenise_name3.c:1645:21", "important": true, "type": "Line"}, {"lineNumber": 23, "content": "    #2 0x76c769 in cram_uncompress_block /src/htslib/cram/cram_io.c:1723:23", "important": true, "type": "Line"}, {"lineNumber": 24, "content": "    #3 0x7951da in cram_read_SAM_hdr /src/htslib/cram/cram_io.c:4672:13", "important": true, "type": "Line"}, {"lineNumber": 25, "content": "    #4 0x79c6a6 in cram_dopen /src/htslib/cram/cram_io.c:5198:28", "important": false, "type": "Line"}, {"lineNumber": 26, "content": "    #5 0x5199f1 in hts_hopen /src/htslib/hts.c:1466:23", "important": false, "type": "Line"}, {"lineNumber": 27, "content": "    #6 0x4a3bec in LLVMFuzzerTestOneInput /src/htslib/test/fuzz/hts_open_fuzzer.c:133:24", "important": false, "type": "Line"}, {"lineNumber": 28, "content": "    #7 0x4a514b in main", "important": false, "type": "Line"}, {"lineNumber": 29, "content": "", "important": false, "type": "Line"}, {"lineNumber": 30, "content": "SUMMARY: MemorySanitizer: use-of-uninitialized-value (/clusterfuzz/run_bot/clusterfuzz/bot/builds/htslib_honggfuzz_msan/custom/hts_open_fuzzer+0x86743e)", "important": false, "type": "Line"}, {"lineNumber": 31, "content": "Unique heap origins: 62", "important": false, "type": "Line"}, {"lineNumber": 32, "content": "Stack depot allocated bytes: 1900544", "important": false, "type": "Line"}, {"lineNumber": 33, "content": "Unique origin histories: 8", "important": false, "type": "Line"}, {"lineNumber": 34, "content": "History depot allocated bytes: 196608", "important": false, "type": "Line"}, {"lineNumber": 35, "content": "Exiting", "important": false, "type": "Line"}, {"lineNumber": 36, "content": "", "important": false, "type": "Line"}, {"lineNumber": 37, "content": "", "important": false, "type": "Line"}, {"lineNumber": 38, "content": "+----------------------------------------Release Build Unsymbolized Stacktrace (diff)----------------------------------------+", "important": false, "type": "Line"}, {"lineNumber": 39, "content": "", "important": false, "type": "Line"}, {"lineNumber": 40, "content": "Usage for fuzzing: honggfuzz -P [flags] -- /clusterfuzz/run_bot/clusterfuzz/bot/builds/htslib_honggfuzz_msan/custom/hts_open_fuzzer", "important": false, "type": "Line"}, {"lineNumber": 41, "content": "==13140==WARNING: MemorySanitizer: use-of-uninitialized-value", "important": false, "type": "Line"}, {"lineNumber": 42, "content": "    #0 0x86743e  (/clusterfuzz/run_bot/clusterfuzz/bot/builds/htslib_honggfuzz_msan/custom/hts_open_fuzzer+0x86743e)", "important": false, "type": "Line"}, {"lineNumber": 43, "content": "    #1 0x76c769  (/clusterfuzz/run_bot/clusterfuzz/bot/builds/htslib_honggfuzz_msan/custom/hts_open_fuzzer+0x76c769)", "important": false, "type": "Line"}, {"lineNumber": 44, "content": "    #2 0x7951da  (/clusterfuzz/run_bot/clusterfuzz/bot/builds/htslib_honggfuzz_msan/custom/hts_open_fuzzer+0x7951da)", "important": false, "type": "Line"}, {"lineNumber": 45, "content": "    #3 0x79c6a6  (/clusterfuzz/run_bot/clusterfuzz/bot/builds/htslib_honggfuzz_msan/custom/hts_open_fuzzer+0x79c6a6)", "important": false, "type": "Line"}, {"lineNumber": 46, "content": "    #4 0x5199f1  (/clusterfuzz/run_bot/clusterfuzz/bot/builds/htslib_honggfuzz_msan/custom/hts_open_fuzzer+0x5199f1)", "important": false, "type": "Line"}, {"lineNumber": 47, "content": "    #5 0x4a3bec  (/clusterfuzz/run_bot/clusterfuzz/bot/builds/htslib_honggfuzz_msan/custom/hts_open_fuzzer+0x4a3bec)", "important": false, "type": "Line"}, {"lineNumber": 48, "content": "    #6 0x4a514b  (/clusterfuzz/run_bot/clusterfuzz/bot/builds/htslib_honggfuzz_msan/custom/hts_open_fuzzer+0x4a514b)", "important": false, "type": "Line"}, {"lineNumber": 49, "content": "    #7 0x7efc739450b2  (/lib/x86_64-linux-gnu/libc.so.6+0x270b2)", "important": false, "type": "Line"}, {"lineNumber": 50, "content": "    #8 0x41f8cd  (/clusterfuzz/run_bot/clusterfuzz/bot/builds/htslib_honggfuzz_msan/custom/hts_open_fuzzer+0x41f8cd)", "important": false, "type": "Line"}, {"lineNumber": 51, "content": "", "important": false, "type": "Line"}, {"lineNumber": 52, "content": "  Uninitialized value was created by a heap allocation", "important": false, "type": "Line"}, {"lineNumber": 53, "content": "    #0 0x4506ad  (/clusterfuzz/run_bot/clusterfuzz/bot/builds/htslib_honggfuzz_msan/custom/hts_open_fuzzer+0x4506ad)", "important": false, "type": "Line"}, {"lineNumber": 54, "content": "    #1 0x86234c  (/clusterfuzz/run_bot/clusterfuzz/bot/builds/htslib_honggfuzz_msan/custom/hts_open_fuzzer+0x86234c)", "important": false, "type": "Line"}, {"lineNumber": 55, "content": "    #2 0x76c769  (/clusterfuzz/run_bot/clusterfuzz/bot/builds/htslib_honggfuzz_msan/custom/hts_open_fuzzer+0x76c769)", "important": false, "type": "Line"}, {"lineNumber": 56, "content": "    #3 0x7951da  (/clusterfuzz/run_bot/clusterfuzz/bot/builds/htslib_honggfuzz_msan/custom/hts_open_fuzzer+0x7951da)", "important": false, "type": "Line"}, {"lineNumber": 57, "content": "    #4 0x79c6a6  (/clusterfuzz/run_bot/clusterfuzz/bot/builds/htslib_honggfuzz_msan/custom/hts_open_fuzzer+0x79c6a6)", "important": false, "type": "Line"}, {"lineNumber": 58, "content": "    #5 0x5199f1  (/clusterfuzz/run_bot/clusterfuzz/bot/builds/htslib_honggfuzz_msan/custom/hts_open_fuzzer+0x5199f1)", "important": false, "type": "Line"}, {"lineNumber": 59, "content": "    #6 0x4a3bec  (/clusterfuzz/run_bot/clusterfuzz/bot/builds/htslib_honggfuzz_msan/custom/hts_open_fuzzer+0x4a3bec)", "important": false, "type": "Line"}, {"lineNumber": 60, "content": "    #7 0x4a514b  (/clusterfuzz/run_bot/clusterfuzz/bot/builds/htslib_honggfuzz_msan/custom/hts_open_fuzzer+0x4a514b)", "important": false, "type": "Line"}], "revision": null}, "security_severity": "Medium", "security_severities": [{"value": 0, "name": "Critical"}, {"value": 1, "name": "High", "default": true}, {"value": 2, "name": "Medium"}, {"value": 3, "name": "Low"}, {"value": 4, "name": "Missing"}], "stats": {"min_hour": 1, "max_hour": 1}, "suspected_cls": null, "testcase": {"absolute_path": "/clusterfuzz/run_bot/clusterfuzz/bot/inputs/fuzzer-testcases/SIGABRT.PC.7ffff78bb18b.STACK.19df0b69d4.CODE.-6.ADDR.0.INSTR.[UNKNOWN].fuzz", "additional_metadata": "{\"build_key\": \"34b0baa7-4407-4767-8ab6-0224d720c08b\", \"fuzzer_binary_name\": \"hts_open_fuzzer\", \"last_tested_crash_revision\": null, \"last_tested_crash_time\": {\"__type__\": \"datetime\", \"day\": 30, \"hour\": 0, \"microsecond\": 626195, \"minute\": 11, \"month\": 11, \"second\": 30, \"year\": 2021}, \"last_tested_revision\": null}", "archive_filename": null, "archive_state": 0, "binary_flag": true, "bug_indices": [], "bug_information": "", "comments": "[2021-11-29 00:09:59 UTC] comput3-20211128-16:37: Fuzz task : Fuzzer honggfuzz_hts_open_fuzzer generated testcase crashed in 1 seconds (r1).\n[2021-11-29 00:11:02 UTC] snode10-20211128-16:43: Minimize task started.\n[2021-11-29 00:12:25 UTC] snode10-20211128-16:43: Minimize task errored out: Engine does not support minimization.\n[2021-11-30 00:10:11 UTC] comput17-20211129-15:14: Progression task started.\n[2021-11-30 00:11:30 UTC] comput17-20211129-15:14: Progression task finished: still crashes on latest custom build.\n", "crash_address": "", "crash_revision": 1, "crash_stacktrace": "[Environment] MSAN_OPTIONS=allocator_release_to_os_interval_ms=500:halt_on_error=1:handle_abort=2:handle_segv=2:handle_sigbus=2:handle_sigfpe=2:handle_sigill=2:print_stats=1:print_summary=1:symbolize=0:use_sigaltstack=1\n+----------------------------------------Release Build Stacktrace----------------------------------------+\n==6766==WARNING: MemorySanitizer: use-of-uninitialized-value\n    #0 0x86743e in decode_name /src/htslib/htscodecs/htscodecs/tokenise_name3.c:1026:9\n    #1 0x86743e in decode_names /src/htslib/htscodecs/htscodecs/tokenise_name3.c:1678:19\n    #2 0x76c769 in cram_uncompress_block /src/htslib/cram/cram_io.c:1723:23\n    #3 0x7951da in cram_read_SAM_hdr /src/htslib/cram/cram_io.c:4672:13\n    #4 0x79c6a6 in cram_dopen /src/htslib/cram/cram_io.c:5198:28\n    #5 0x5199f1 in hts_hopen /src/htslib/hts.c:1466:23\n    #6 0x4a3bec in LLVMFuzzerTestOneInput /src/htslib/test/fuzz/hts_open_fuzzer.c:133:24\n    #7 0x4a522e in main\n    #8 0x7ffff789c0b2 in __libc_start_main\n    #9 0x41f8cd in _start\n\n  Uninitialized value was created by a heap allocation\n    #0 0x4506ad in malloc /src/llvm-project/compiler-rt/lib/msan/msan_interceptors.cpp:912:3\n    #1 0x86234c in decode_names /src/htslib/htscodecs/htscodecs/tokenise_name3.c:1645:21\n    #2 0x76c769 in cram_uncompress_block /src/htslib/cram/cram_io.c:1723:23\n    #3 0x7951da in cram_read_SAM_hdr /src/htslib/cram/cram_io.c:4672:13\n    #4 0x79c6a6 in cram_dopen /src/htslib/cram/cram_io.c:5198:28\n    #5 0x5199f1 in hts_hopen /src/htslib/hts.c:1466:23\n    #6 0x4a3bec in LLVMFuzzerTestOneInput /src/htslib/test/fuzz/hts_open_fuzzer.c:133:24\n    #7 0x4a522e in main\n\nSUMMARY: MemorySanitizer: use-of-uninitialized-value (/clusterfuzz/run_bot/clusterfuzz/bot/builds/htslib_honggfuzz_msan/custom/hts_open_fuzzer+0x86743e)\nUnique heap origins: 170\nStack depot allocated bytes: 1900544\nUnique origin histories: 22\nHistory depot allocated bytes: 196608\nExiting\n\n\n+----------------------------------------Release Build Unsymbolized Stacktrace (diff)----------------------------------------+\n\n==6766==WARNING: MemorySanitizer: use-of-uninitialized-value\n    #0 0x86743e  (/clusterfuzz/run_bot/clusterfuzz/bot/builds/htslib_honggfuzz_msan/custom/hts_open_fuzzer+0x86743e)\n    #1 0x76c769  (/clusterfuzz/run_bot/clusterfuzz/bot/builds/htslib_honggfuzz_msan/custom/hts_open_fuzzer+0x76c769)\n    #2 0x7951da  (/clusterfuzz/run_bot/clusterfuzz/bot/builds/htslib_honggfuzz_msan/custom/hts_open_fuzzer+0x7951da)\n    #3 0x79c6a6  (/clusterfuzz/run_bot/clusterfuzz/bot/builds/htslib_honggfuzz_msan/custom/hts_open_fuzzer+0x79c6a6)\n    #4 0x5199f1  (/clusterfuzz/run_bot/clusterfuzz/bot/builds/htslib_honggfuzz_msan/custom/hts_open_fuzzer+0x5199f1)\n    #5 0x4a3bec  (/clusterfuzz/run_bot/clusterfuzz/bot/builds/htslib_honggfuzz_msan/custom/hts_open_fuzzer+0x4a3bec)\n    #6 0x4a522e  (/clusterfuzz/run_bot/clusterfuzz/bot/builds/htslib_honggfuzz_msan/custom/hts_open_fuzzer+0x4a522e)\n    #7 0x7ffff789c0b2  (/lib/x86_64-linux-gnu/libc.so.6+0x270b2)\n    #8 0x41f8cd  (/clusterfuzz/run_bot/clusterfuzz/bot/builds/htslib_honggfuzz_msan/custom/hts_open_fuzzer+0x41f8cd)\n\n  Uninitialized value was created by a heap allocation\n    #0 0x4506ad  (/clusterfuzz/run_bot/clusterfuzz/bot/builds/htslib_honggfuzz_msan/custom/hts_open_fuzzer+0x4506ad)\n    #1 0x86234c  (/clusterfuzz/run_bot/clusterfuzz/bot/builds/htslib_honggfuzz_msan/custom/hts_open_fuzzer+0x86234c)\n    #2 0x76c769  (/clusterfuzz/run_bot/clusterfuzz/bot/builds/htslib_honggfuzz_msan/custom/hts_open_fuzzer+0x76c769)\n    #3 0x7951da  (/clusterfuzz/run_bot/clusterfuzz/bot/builds/htslib_honggfuzz_msan/custom/hts_open_fuzzer+0x7951da)\n    #4 0x79c6a6  (/clusterfuzz/run_bot/clusterfuzz/bot/builds/htslib_honggfuzz_msan/custom/hts_open_fuzzer+0x79c6a6)\n    #5 0x5199f1  (/clusterfuzz/run_bot/clusterfuzz/bot/builds/htslib_honggfuzz_msan/custom/hts_open_fuzzer+0x5199f1)\n    #6 0x4a3bec  (/clusterfuzz/run_bot/clusterfuzz/bot/builds/htslib_honggfuzz_msan/custom/hts_open_fuzzer+0x4a3bec)\n    #7 0x4a522e  (/clusterfuzz/run_bot/clusterfuzz/bot/builds/htslib_honggfuzz_msan/custom/hts_open_fuzzer+0x4a522e)\n", "crash_state": "decode_names\ncram_uncompress_block\ncram_read_SAM_hdr\n", "crash_type": "Use-of-uninitialized-value", "disable_ubsan": false, "duplicate_of": null, "fixed": "", "flaky_stack": false, "fuzzed_keys": "549df62c-eda7-4281-89a4-b6ab7e12e4d1", "fuzzer_name": "honggfuzz", "fuzzer_name_indices": ["honggfuzz", "honggfuzz_hts_open_fuzzer"], "gestures": [], "group_bug_information": 0, "group_id": 0, "has_bug_flag": false, "http_flag": false, "impact_beta_version": null, "impact_beta_version_indices": [], "impact_beta_version_likely": null, "impact_extended_stable_version": null, "impact_extended_stable_version_indices": [], "impact_extended_stable_version_likely": null, "impact_head_version": null, "impact_head_version_indices": [], "impact_head_version_likely": null, "impact_indices": [], "impact_stable_version": null, "impact_stable_version_indices": [], "impact_stable_version_likely": null, "impact_version_indices": [], "is_a_duplicate_flag": false, "is_impact_set_flag": null, "is_leader": true, "job_type": "htslib_honggfuzz_msan", "keywords": ["open_fuzzer", "honggfuzz_hts", "names", "hdr", "use-of", "fuzzer", "hts", "cram_uncompress_block", "cram_read", "of-uninitialized", "of-uninitialized-value", "decode_names", "of", "uncompress_block", "htslib_honggfuzz", "read_sam", "cram_read_sam", "hts_open", "sam", "block", "honggfuzz_msan", "use-of-uninitialized-value", "cram", "uninitialized-value", "hts_open_fuzzer", "htslib", "read_sam_hdr", "cram_read_sam_hdr", "sam_hdr", "htslib_honggfuzz_msan", "decode", "honggfuzz", "uncompress", "honggfuzz_hts_open_fuzzer", "use", "honggfuzz_hts_open", "open", "value", "uninitialized", "linux", "msan", "read", "use-of-uninitialized", "cram_uncompress"], "last_tested_crash_stacktrace": "[Environment] MSAN_OPTIONS=allocator_release_to_os_interval_ms=500:halt_on_error=1:handle_abort=2:handle_segv=2:handle_sigbus=2:handle_sigfpe=2:handle_sigill=2:print_stats=1:print_summary=1:symbolize=0:use_sigaltstack=1\n+----------------------------------------Release Build Stacktrace----------------------------------------+\nCommand: /clusterfuzz/run_bot/clusterfuzz/bot/builds/htslib_honggfuzz_msan/custom/hts_open_fuzzer\nTime ran: 0.24861478805541992\n\nAccepting input from '[STDIN]'\nUsage for fuzzing: honggfuzz -P [flags] -- /clusterfuzz/run_bot/clusterfuzz/bot/builds/htslib_honggfuzz_msan/custom/hts_open_fuzzer\n==13140==WARNING: MemorySanitizer: use-of-uninitialized-value\n    #0 0x86743e in decode_name /src/htslib/htscodecs/htscodecs/tokenise_name3.c:1026:9\n    #1 0x86743e in decode_names /src/htslib/htscodecs/htscodecs/tokenise_name3.c:1678:19\n    #2 0x76c769 in cram_uncompress_block /src/htslib/cram/cram_io.c:1723:23\n    #3 0x7951da in cram_read_SAM_hdr /src/htslib/cram/cram_io.c:4672:13\n    #4 0x79c6a6 in cram_dopen /src/htslib/cram/cram_io.c:5198:28\n    #5 0x5199f1 in hts_hopen /src/htslib/hts.c:1466:23\n    #6 0x4a3bec in LLVMFuzzerTestOneInput /src/htslib/test/fuzz/hts_open_fuzzer.c:133:24\n    #7 0x4a514b in main\n    #8 0x7efc739450b2 in __libc_start_main\n    #9 0x41f8cd in _start\n\n  Uninitialized value was created by a heap allocation\n    #0 0x4506ad in malloc /src/llvm-project/compiler-rt/lib/msan/msan_interceptors.cpp:912:3\n    #1 0x86234c in decode_names /src/htslib/htscodecs/htscodecs/tokenise_name3.c:1645:21\n    #2 0x76c769 in cram_uncompress_block /src/htslib/cram/cram_io.c:1723:23\n    #3 0x7951da in cram_read_SAM_hdr /src/htslib/cram/cram_io.c:4672:13\n    #4 0x79c6a6 in cram_dopen /src/htslib/cram/cram_io.c:5198:28\n    #5 0x5199f1 in hts_hopen /src/htslib/hts.c:1466:23\n    #6 0x4a3bec in LLVMFuzzerTestOneInput /src/htslib/test/fuzz/hts_open_fuzzer.c:133:24\n    #7 0x4a514b in main\n\nSUMMARY: MemorySanitizer: use-of-uninitialized-value (/clusterfuzz/run_bot/clusterfuzz/bot/builds/htslib_honggfuzz_msan/custom/hts_open_fuzzer+0x86743e)\nUnique heap origins: 62\nStack depot allocated bytes: 1900544\nUnique origin histories: 8\nHistory depot allocated bytes: 196608\nExiting\n\n\n+----------------------------------------Release Build Unsymbolized Stacktrace (diff)----------------------------------------+\n\nUsage for fuzzing: honggfuzz -P [flags] -- /clusterfuzz/run_bot/clusterfuzz/bot/builds/htslib_honggfuzz_msan/custom/hts_open_fuzzer\n==13140==WARNING: MemorySanitizer: use-of-uninitialized-value\n    #0 0x86743e  (/clusterfuzz/run_bot/clusterfuzz/bot/builds/htslib_honggfuzz_msan/custom/hts_open_fuzzer+0x86743e)\n    #1 0x76c769  (/clusterfuzz/run_bot/clusterfuzz/bot/builds/htslib_honggfuzz_msan/custom/hts_open_fuzzer+0x76c769)\n    #2 0x7951da  (/clusterfuzz/run_bot/clusterfuzz/bot/builds/htslib_honggfuzz_msan/custom/hts_open_fuzzer+0x7951da)\n    #3 0x79c6a6  (/clusterfuzz/run_bot/clusterfuzz/bot/builds/htslib_honggfuzz_msan/custom/hts_open_fuzzer+0x79c6a6)\n    #4 0x5199f1  (/clusterfuzz/run_bot/clusterfuzz/bot/builds/htslib_honggfuzz_msan/custom/hts_open_fuzzer+0x5199f1)\n    #5 0x4a3bec  (/clusterfuzz/run_bot/clusterfuzz/bot/builds/htslib_honggfuzz_msan/custom/hts_open_fuzzer+0x4a3bec)\n    #6 0x4a514b  (/clusterfuzz/run_bot/clusterfuzz/bot/builds/htslib_honggfuzz_msan/custom/hts_open_fuzzer+0x4a514b)\n    #7 0x7efc739450b2  (/lib/x86_64-linux-gnu/libc.so.6+0x270b2)\n    #8 0x41f8cd  (/clusterfuzz/run_bot/clusterfuzz/bot/builds/htslib_honggfuzz_msan/custom/hts_open_fuzzer+0x41f8cd)\n\n  Uninitialized value was created by a heap allocation\n    #0 0x4506ad  (/clusterfuzz/run_bot/clusterfuzz/bot/builds/htslib_honggfuzz_msan/custom/hts_open_fuzzer+0x4506ad)\n    #1 0x86234c  (/clusterfuzz/run_bot/clusterfuzz/bot/builds/htslib_honggfuzz_msan/custom/hts_open_fuzzer+0x86234c)\n    #2 0x76c769  (/clusterfuzz/run_bot/clusterfuzz/bot/builds/htslib_honggfuzz_msan/custom/hts_open_fuzzer+0x76c769)\n    #3 0x7951da  (/clusterfuzz/run_bot/clusterfuzz/bot/builds/htslib_honggfuzz_msan/custom/hts_open_fuzzer+0x7951da)\n    #4 0x79c6a6  (/clusterfuzz/run_bot/clusterfuzz/bot/builds/htslib_honggfuzz_msan/custom/hts_open_fuzzer+0x79c6a6)\n    #5 0x5199f1  (/clusterfuzz/run_bot/clusterfuzz/bot/builds/htslib_honggfuzz_msan/custom/hts_open_fuzzer+0x5199f1)\n    #6 0x4a3bec  (/clusterfuzz/run_bot/clusterfuzz/bot/builds/htslib_honggfuzz_msan/custom/hts_open_fuzzer+0x4a3bec)\n    #7 0x4a514b  (/clusterfuzz/run_bot/clusterfuzz/bot/builds/htslib_honggfuzz_msan/custom/hts_open_fuzzer+0x4a514b)\n", "minidump_keys": "", "minimized_arguments": "", "minimized_keys": "549df62c-eda7-4281-89a4-b6ab7e12e4d1", "one_time_crasher_flag": false, "open": true, "overridden_fuzzer_name": "honggfuzz_hts_open_fuzzer", "platform": "linux", "platform_id": "linux", "project_name": "test-project", "queue": "jobs-linux", "redzone": 16, "regression": "NA", "security_flag": true, "security_severity": 2, "status": "Processed", "symbolized": false, "timeout_multiplier": 1.0, "timestamp": 1638144599, "triaged": false, "uploader_email": null, "window_argument": "", "id": 14634}, "timestamp": 1638144599.391862, "show_blame": false, "show_impact": false, "impacts_production": false, "find_similar_issues_options": [{"type": "open", "label": "Open"}, {"type": "all", "label": "All"}], "auto_delete_timestamp": null, "auto_close_timestamp": null, "memory_tool_display_label": "Sanitizer", "memory_tool_display_value": "memory (MSAN)", "last_tested": "1:1 (No component revisions found!)", "is_admin_or_not_oss_fuzz": true, "has_issue_tracker": false, "reproduction_help_url": "", "is_local_development": true, "fuzzer_display": {"engine": "honggfuzz", "target": "hts_open_fuzzer", "name": "honggfuzz", "fully_qualified_name": "honggfuzz_hts_open_fuzzer"}}