{"id": 15273, "crash_type": "Use-of-uninitialized-value", "crash_address": "", "crash_state": "jsoncons::cbor::basic_cbor_parser<jsoncons::stream_source<unsigned char>, std::_\njsoncons::cbor::basic_cbor_reader<jsoncons::stream_source<unsigned char>, std::_\nstd::__1::enable_if<type_traits::is_basic_json<jsoncons::basic_json<char, jsonco\n", "crash_state_lines": ["jsoncons::cbor::basic_cbor_parser<jsoncons::stream_source<unsigned char>, std::_", "jsoncons::cbor::basic_cbor_reader<jsoncons::stream_source<unsigned char>, std::_", "std::__1::enable_if<type_traits::is_basic_json<jsoncons::basic_json<char, jsonco"], "crash_revision": 1, "csrf_token": "D6S+cXG/eQvjQp1jhkN2Yfq5FoCaAiuUjD0oLthouNSAPb8xaAgWvNikB3AHnFnrgfWQIz/OKB4owWUbxHHo3A==", "external_user": false, "footer": "[2021-11-29 00:11:53 UTC] snode11-20211128-16:37: Fuzz task : Fuzzer libFuzzer_fuzz_cbor generated testcase crashed in 0 seconds (r1).\n[2021-11-29 00:12:19 UTC] snode5-20211128-16:46: Minimize task started.\n[2021-11-29 00:14:04 UTC] snode5-20211128-16:46: Minimize task finished.\n[2021-11-30 00:10:11 UTC] comput10-20211129-15:14: Progression task started.\n[2021-11-30 00:11:43 UTC] comput10-20211129-15:14: Progression task finished: still crashes on latest custom build.\n", "formatted_reproduction_help": "", "fixed": "NO", "fixed_full": null, "issue_url": null, "is_admin": true, "metadata": {"build_key": "02b6eb63-8dd7-4d9f-90b3-05191fee0984", "env": {"MSAN_OPTIONS": {}}, "fuzzer_binary_name": "fuzz_cbor", "fuzzing_strategies": {"random_max_len": 1}, "last_tested_crash_revision": null, "last_tested_crash_time": 1638231103, "last_tested_revision": null}, "minimized_testcase_size": "1 B", "needs_refresh": false, "original_testcase_size": "2 B", "privileged_user": true, "regression": "NA", "crash_stacktrace": {"lines": [{"lineNumber": 1, "content": "[Environment] MSAN_OPTIONS=exitcode=77", "important": false, "type": "Line"}, {"lineNumber": 2, "content": "+----------------------------------------Release Build Stacktrace----------------------------------------+", "important": false, "type": "Line"}, {"lineNumber": 3, "content": "Command: /clusterfuzz/run_bot/clusterfuzz/bot/builds/jsoncons_libfuzzer_msan/custom/fuzz_cbor -rss_limit_mb=2560 -timeout=60 -runs=100 /clusterfuzz/run_bot/clusterfuzz/bot/inputs/fuzzer-testcases/45c59a2db857b494a5c22aa1d5a1935574ae44d450789e3169e429e63764fa29", "important": false, "type": "Line"}, {"lineNumber": 4, "content": "Time ran: 0.04841446876525879", "important": false, "type": "Line"}, {"lineNumber": 5, "content": "", "important": false, "type": "Line"}, {"lineNumber": 6, "content": "INFO: Running with entropic power schedule (0xFF, 100).", "important": false, "type": "Line"}, {"lineNumber": 7, "content": "INFO: Seed: 1368181532", "important": false, "type": "Line"}, {"lineNumber": 8, "content": "INFO: Loaded 1 modules   (5647 inline 8-bit counters): 5647 [0x82f988, 0x830f97),", "important": false, "type": "Line"}, {"lineNumber": 9, "content": "INFO: Loaded 1 PC tables (5647 PCs): 5647 [0x793f00,0x7a9ff0),", "important": false, "type": "Line"}, {"lineNumber": 10, "content": "/clusterfuzz/run_bot/clusterfuzz/bot/builds/jsoncons_libfuzzer_msan/custom/fuzz_cbor: Running 1 inputs 100 time(s) each.", "important": false, "type": "Line"}, {"lineNumber": 11, "content": "Running: /clusterfuzz/run_bot/clusterfuzz/bot/inputs/fuzzer-testcases/45c59a2db857b494a5c22aa1d5a1935574ae44d450789e3169e429e63764fa29", "important": false, "type": "Line"}, {"lineNumber": 12, "content": "==30592==WARNING: MemorySanitizer: use-of-uninitialized-value", "important": false, "type": "Line"}, {"lineNumber": 13, "content": "    #0 0x5a76bc in jsoncons::cbor::basic_cbor_parser&lt;jsoncons::stream_source&lt;unsigned char&gt;, std::__1::allocator&lt;char&gt; &gt;::parse(jsoncons::basic_json_visitor2&lt;char&gt;&amp;, std::__1::error_code&amp;) /src/jsoncons/include/jsoncons_ext/cbor/cbor_parser.hpp:228:25", "important": true, "type": "Line"}, {"lineNumber": 14, "content": "    #1 0x54ac50 in read /src/jsoncons/include/jsoncons_ext/cbor/cbor_reader.hpp:87:17", "important": false, "type": "Line"}, {"lineNumber": 15, "content": "    #2 0x54ac50 in jsoncons::cbor::basic_cbor_reader&lt;jsoncons::stream_source&lt;unsigned char&gt;, std::__1::allocator&lt;char&gt; &gt;::read() /src/jsoncons/include/jsoncons_ext/cbor/cbor_reader.hpp:77:9", "important": true, "type": "Line"}, {"lineNumber": 16, "content": "    #3 0x52c1ed in std::__1::enable_if&lt;type_traits::is_basic_json&lt;jsoncons::basic_json&lt;char, jsoncons::sorted_policy, std::__1::allocator&lt;char&gt; &gt; &gt;::value, jsoncons::basic_json&lt;char, jsoncons::sorted_policy, std::__1::allocator&lt;char&gt; &gt; &gt;::type jsoncons::cbor::decode_cbor&lt;jsoncons::basic_json&lt;char, jsoncons::sorted_policy, std::__1::allocator&lt;char&gt; &gt; &gt;(std::__1::basic_istream&lt;char, std::__1::char_traits&lt;char&gt; &gt;&amp;, jsoncons::cbor::cbor_decode_options const&amp;) /src/jsoncons/include/jsoncons_ext/cbor/decode_cbor.hpp:68:16", "important": true, "type": "Line"}, {"lineNumber": 17, "content": "    #4 0x52b653 in LLVMFuzzerTestOneInput /src/jsoncons/fuzzers/fuzz_cbor.cpp:15:27", "important": false, "type": "Line"}, {"lineNumber": 18, "content": "    #5 0x4591a3 in fuzzer::Fuzzer::ExecuteCallback(unsigned char const*, unsigned long) cxa_noexception.cpp:0", "important": false, "type": "Line"}, {"lineNumber": 19, "content": "    #6 0x444ab2 in fuzzer::RunOneTest(fuzzer::Fuzzer*, char const*, unsigned long) /src/llvm-project/compiler-rt/lib/fuzzer/FuzzerDriver.cpp:324:6", "important": false, "type": "Line"}, {"lineNumber": 20, "content": "    #7 0x44a57a in fuzzer::FuzzerDriver(int*, char***, int (*)(unsigned char const*, unsigned long)) cxa_noexception.cpp:0", "important": false, "type": "Line"}, {"lineNumber": 21, "content": "    #8 0x4734a2 in main /src/llvm-project/compiler-rt/lib/fuzzer/FuzzerMain.cpp:20:10", "important": false, "type": "Line"}, {"lineNumber": 22, "content": "    #9 0x7fde7013c0b2 in __libc_start_main", "important": false, "type": "Line"}, {"lineNumber": 23, "content": "    #10 0x421d3d in _start", "important": false, "type": "Line"}, {"lineNumber": 24, "content": "", "important": false, "type": "Line"}, {"lineNumber": 25, "content": "  Uninitialized value was stored to memory at", "important": false, "type": "Line"}, {"lineNumber": 26, "content": "    #0 0x5f10c1 in parse_state /src/jsoncons/include/jsoncons_ext/cbor/cbor_parser.hpp:71:23", "important": false, "type": "Line"}, {"lineNumber": 27, "content": "    #1 0x5f10c1 in construct&lt;jsoncons::cbor::parse_state, jsoncons::cbor::parse_mode, unsigned long &amp;, bool &amp;&gt; /usr/local/include/c++/v1/__memory/allocator.h:151:28", "important": false, "type": "Line"}, {"lineNumber": 28, "content": "    #2 0x5f10c1 in construct&lt;jsoncons::cbor::parse_state, jsoncons::cbor::parse_mode, unsigned long &amp;, bool &amp;, void&gt; /usr/local/include/c++/v1/__memory/allocator_traits.h:290:13", "important": false, "type": "Line"}, {"lineNumber": 29, "content": "    #3 0x5f10c1 in void std::__1::vector&lt;jsoncons::cbor::parse_state, std::__1::allocator&lt;jsoncons::cbor::parse_state&gt; &gt;::__emplace_back_slow_path&lt;jsoncons::cbor::parse_mode, unsigned long&amp;, bool&amp;&gt;(jsoncons::cbor::parse_mode&amp;&amp;, unsigned long&amp;, bool&amp;) /usr/local/include/c++/v1/vector:1676:5", "important": false, "type": "Line"}, {"lineNumber": 30, "content": "    #4 0x5c591b in emplace_back&lt;jsoncons::cbor::parse_mode, unsigned long &amp;, bool &amp;&gt; /usr/local/include/c++/v1/vector:1696:9", "important": false, "type": "Line"}, {"lineNumber": 31, "content": "    #5 0x5c591b in jsoncons::cbor::basic_cbor_parser&lt;jsoncons::stream_source&lt;unsigned char&gt;, std::__1::allocator&lt;char&gt; &gt;::begin_array(jsoncons::basic_json_visitor2&lt;char&gt;&amp;, unsigned char, std::__1::error_code&amp;) /src/jsoncons/include/jsoncons_ext/cbor/cbor_parser.hpp:609:30", "important": true, "type": "Line"}, {"lineNumber": 32, "content": "    #6 0x5a831d in jsoncons::cbor::basic_cbor_parser&lt;jsoncons::stream_source&lt;unsigned char&gt;, std::__1::allocator&lt;char&gt; &gt;::read_item(jsoncons::basic_json_visitor2&lt;char&gt;&amp;, std::__1::error_code&amp;) /src/jsoncons/include/jsoncons_ext/cbor/cbor_parser.hpp:562:21", "important": true, "type": "Line"}, {"lineNumber": 33, "content": "    #7 0x5a5366 in jsoncons::cbor::basic_cbor_parser&lt;jsoncons::stream_source&lt;unsigned char&gt;, std::__1::allocator&lt;char&gt; &gt;::parse(jsoncons::basic_json_visitor2&lt;char&gt;&amp;, std::__1::error_code&amp;) /src/jsoncons/include/jsoncons_ext/cbor/cbor_parser.hpp:0:46", "important": true, "type": "Line"}, {"lineNumber": 34, "content": "    #8 0x54ac50 in read /src/jsoncons/include/jsoncons_ext/cbor/cbor_reader.hpp:87:17", "important": false, "type": "Line"}, {"lineNumber": 35, "content": "    #9 0x54ac50 in jsoncons::cbor::basic_cbor_reader&lt;jsoncons::stream_source&lt;unsigned char&gt;, std::__1::allocator&lt;char&gt; &gt;::read() /src/jsoncons/include/jsoncons_ext/cbor/cbor_reader.hpp:77:9", "important": true, "type": "Line"}, {"lineNumber": 36, "content": "    #10 0x52c1ed in std::__1::enable_if&lt;type_traits::is_basic_json&lt;jsoncons::basic_json&lt;char, jsoncons::sorted_policy, std::__1::allocator&lt;char&gt; &gt; &gt;::value, jsoncons::basic_json&lt;char, jsoncons::sorted_policy, std::__1::allocator&lt;char&gt; &gt; &gt;::type jsoncons::cbor::decode_cbor&lt;jsoncons::basic_json&lt;char, jsoncons::sorted_policy, std::__1::allocator&lt;char&gt; &gt; &gt;(std::__1::basic_istream&lt;char, std::__1::char_traits&lt;char&gt; &gt;&amp;, jsoncons::cbor::cbor_decode_options const&amp;) /src/jsoncons/include/jsoncons_ext/cbor/decode_cbor.hpp:68:16", "important": true, "type": "Line"}, {"lineNumber": 37, "content": "    #11 0x52b653 in LLVMFuzzerTestOneInput /src/jsoncons/fuzzers/fuzz_cbor.cpp:15:27", "important": false, "type": "Line"}, {"lineNumber": 38, "content": "    #12 0x4591a3 in fuzzer::Fuzzer::ExecuteCallback(unsigned char const*, unsigned long) cxa_noexception.cpp:0", "important": false, "type": "Line"}, {"lineNumber": 39, "content": "    #13 0x444ab2 in fuzzer::RunOneTest(fuzzer::Fuzzer*, char const*, unsigned long) /src/llvm-project/compiler-rt/lib/fuzzer/FuzzerDriver.cpp:324:6", "important": false, "type": "Line"}, {"lineNumber": 40, "content": "    #14 0x44a57a in fuzzer::FuzzerDriver(int*, char***, int (*)(unsigned char const*, unsigned long)) cxa_noexception.cpp:0", "important": false, "type": "Line"}, {"lineNumber": 41, "content": "    #15 0x4734a2 in main /src/llvm-project/compiler-rt/lib/fuzzer/FuzzerMain.cpp:20:10", "important": false, "type": "Line"}, {"lineNumber": 42, "content": "    #16 0x7fde7013c0b2 in __libc_start_main", "important": false, "type": "Line"}, {"lineNumber": 43, "content": "", "important": false, "type": "Line"}, {"lineNumber": 44, "content": "  Uninitialized value was stored to memory at", "important": false, "type": "Line"}, {"lineNumber": 45, "content": "    #0 0x5c5f86 in jsoncons::cbor::basic_cbor_parser&lt;jsoncons::stream_source&lt;unsigned char&gt;, std::__1::allocator&lt;char&gt; &gt;::begin_array(jsoncons::basic_json_visitor2&lt;char&gt;&amp;, unsigned char, std::__1::error_code&amp;) /src/jsoncons/include/jsoncons_ext/cbor/cbor_parser.hpp:604:29", "important": true, "type": "Line"}, {"lineNumber": 46, "content": "    #1 0x5a831d in jsoncons::cbor::basic_cbor_parser&lt;jsoncons::stream_source&lt;unsigned char&gt;, std::__1::allocator&lt;char&gt; &gt;::read_item(jsoncons::basic_json_visitor2&lt;char&gt;&amp;, std::__1::error_code&amp;) /src/jsoncons/include/jsoncons_ext/cbor/cbor_parser.hpp:562:21", "important": true, "type": "Line"}, {"lineNumber": 47, "content": "    #2 0x5a5366 in jsoncons::cbor::basic_cbor_parser&lt;jsoncons::stream_source&lt;unsigned char&gt;, std::__1::allocator&lt;char&gt; &gt;::parse(jsoncons::basic_json_visitor2&lt;char&gt;&amp;, std::__1::error_code&amp;) /src/jsoncons/include/jsoncons_ext/cbor/cbor_parser.hpp:0:46", "important": true, "type": "Line"}, {"lineNumber": 48, "content": "    #3 0x54ac50 in read /src/jsoncons/include/jsoncons_ext/cbor/cbor_reader.hpp:87:17", "important": false, "type": "Line"}, {"lineNumber": 49, "content": "    #4 0x54ac50 in jsoncons::cbor::basic_cbor_reader&lt;jsoncons::stream_source&lt;unsigned char&gt;, std::__1::allocator&lt;char&gt; &gt;::read() /src/jsoncons/include/jsoncons_ext/cbor/cbor_reader.hpp:77:9", "important": true, "type": "Line"}, {"lineNumber": 50, "content": "    #5 0x52c1ed in std::__1::enable_if&lt;type_traits::is_basic_json&lt;jsoncons::basic_json&lt;char, jsoncons::sorted_policy, std::__1::allocator&lt;char&gt; &gt; &gt;::value, jsoncons::basic_json&lt;char, jsoncons::sorted_policy, std::__1::allocator&lt;char&gt; &gt; &gt;::type jsoncons::cbor::decode_cbor&lt;jsoncons::basic_json&lt;char, jsoncons::sorted_policy, std::__1::allocator&lt;char&gt; &gt; &gt;(std::__1::basic_istream&lt;char, std::__1::char_traits&lt;char&gt; &gt;&amp;, jsoncons::cbor::cbor_decode_options const&amp;) /src/jsoncons/include/jsoncons_ext/cbor/decode_cbor.hpp:68:16", "important": true, "type": "Line"}, {"lineNumber": 51, "content": "    #6 0x52b653 in LLVMFuzzerTestOneInput /src/jsoncons/fuzzers/fuzz_cbor.cpp:15:27", "important": false, "type": "Line"}, {"lineNumber": 52, "content": "    #7 0x4591a3 in fuzzer::Fuzzer::ExecuteCallback(unsigned char const*, unsigned long) cxa_noexception.cpp:0", "important": false, "type": "Line"}, {"lineNumber": 53, "content": "    #8 0x444ab2 in fuzzer::RunOneTest(fuzzer::Fuzzer*, char const*, unsigned long) /src/llvm-project/compiler-rt/lib/fuzzer/FuzzerDriver.cpp:324:6", "important": false, "type": "Line"}, {"lineNumber": 54, "content": "    #9 0x44a57a in fuzzer::FuzzerDriver(int*, char***, int (*)(unsigned char const*, unsigned long)) cxa_noexception.cpp:0", "important": false, "type": "Line"}, {"lineNumber": 55, "content": "    #10 0x4734a2 in main /src/llvm-project/compiler-rt/lib/fuzzer/FuzzerMain.cpp:20:10", "important": false, "type": "Line"}, {"lineNumber": 56, "content": "    #11 0x7fde7013c0b2 in __libc_start_main", "important": false, "type": "Line"}, {"lineNumber": 57, "content": "", "important": false, "type": "Line"}, {"lineNumber": 58, "content": "  Uninitialized value was created by an allocation of &#x27;buf31&#x27; in the stack frame of function &#x27;_ZN8jsoncons4cbor17basic_cbor_parserINS_13stream_sourceIhEENSt3__19allocatorIcEEE16get_uint64_valueERNS4_10error_codeE&#x27;", "important": false, "type": "Line"}, {"lineNumber": 59, "content": "    #0 0x5ac550 in jsoncons::cbor::basic_cbor_parser&lt;jsoncons::stream_source&lt;unsigned char&gt;, std::__1::allocator&lt;char&gt; &gt;::get_uint64_value(std::__1::error_code&amp;) /src/jsoncons/include/jsoncons_ext/cbor/cbor_parser.hpp:848", "important": true, "type": "Line"}, {"lineNumber": 60, "content": "", "important": false, "type": "Line"}, {"lineNumber": 61, "content": "SUMMARY: MemorySanitizer: use-of-uninitialized-value (/clusterfuzz/run_bot/clusterfuzz/bot/builds/jsoncons_libfuzzer_msan/custom/fuzz_cbor+0x5a76bc)", "important": false, "type": "Line"}, {"lineNumber": 62, "content": "Exiting", "important": false, "type": "Line"}, {"lineNumber": 63, "content": "", "important": false, "type": "Line"}, {"lineNumber": 64, "content": "", "important": false, "type": "Line"}, {"lineNumber": 65, "content": "+----------------------------------------Release Build Unsymbolized Stacktrace (diff)----------------------------------------+", "important": false, "type": "Line"}, {"lineNumber": 66, "content": "", "important": false, "type": "Line"}, {"lineNumber": 67, "content": "Running: /clusterfuzz/run_bot/clusterfuzz/bot/inputs/fuzzer-testcases/45c59a2db857b494a5c22aa1d5a1935574ae44d450789e3169e429e63764fa29", "important": false, "type": "Line"}, {"lineNumber": 68, "content": "==30592==WARNING: MemorySanitizer: use-of-uninitialized-value", "important": false, "type": "Line"}, {"lineNumber": 69, "content": "    #0 0x5a76bc  (/clusterfuzz/run_bot/clusterfuzz/bot/builds/jsoncons_libfuzzer_msan/custom/fuzz_cbor+0x5a76bc)", "important": false, "type": "Line"}, {"lineNumber": 70, "content": "    #1 0x54ac50  (/clusterfuzz/run_bot/clusterfuzz/bot/builds/jsoncons_libfuzzer_msan/custom/fuzz_cbor+0x54ac50)", "important": false, "type": "Line"}, {"lineNumber": 71, "content": "    #2 0x52c1ed  (/clusterfuzz/run_bot/clusterfuzz/bot/builds/jsoncons_libfuzzer_msan/custom/fuzz_cbor+0x52c1ed)", "important": false, "type": "Line"}, {"lineNumber": 72, "content": "    #3 0x52b653  (/clusterfuzz/run_bot/clusterfuzz/bot/builds/jsoncons_libfuzzer_msan/custom/fuzz_cbor+0x52b653)", "important": false, "type": "Line"}, {"lineNumber": 73, "content": "    #4 0x4591a3  (/clusterfuzz/run_bot/clusterfuzz/bot/builds/jsoncons_libfuzzer_msan/custom/fuzz_cbor+0x4591a3)", "important": false, "type": "Line"}, {"lineNumber": 74, "content": "    #5 0x444ab2  (/clusterfuzz/run_bot/clusterfuzz/bot/builds/jsoncons_libfuzzer_msan/custom/fuzz_cbor+0x444ab2)", "important": false, "type": "Line"}, {"lineNumber": 75, "content": "    #6 0x44a57a  (/clusterfuzz/run_bot/clusterfuzz/bot/builds/jsoncons_libfuzzer_msan/custom/fuzz_cbor+0x44a57a)", "important": false, "type": "Line"}, {"lineNumber": 76, "content": "    #7 0x4734a2  (/clusterfuzz/run_bot/clusterfuzz/bot/builds/jsoncons_libfuzzer_msan/custom/fuzz_cbor+0x4734a2)", "important": false, "type": "Line"}, {"lineNumber": 77, "content": "    #8 0x7fde7013c0b2  (/lib/x86_64-linux-gnu/libc.so.6+0x270b2)", "important": false, "type": "Line"}, {"lineNumber": 78, "content": "    #9 0x421d3d  (/clusterfuzz/run_bot/clusterfuzz/bot/builds/jsoncons_libfuzzer_msan/custom/fuzz_cbor+0x421d3d)", "important": false, "type": "Line"}, {"lineNumber": 79, "content": "", "important": false, "type": "Line"}, {"lineNumber": 80, "content": "  Uninitialized value was stored to memory at", "important": false, "type": "Line"}, {"lineNumber": 81, "content": "    #0 0x5f10c1  (/clusterfuzz/run_bot/clusterfuzz/bot/builds/jsoncons_libfuzzer_msan/custom/fuzz_cbor+0x5f10c1)", "important": false, "type": "Line"}, {"lineNumber": 82, "content": "    #1 0x5c591b  (/clusterfuzz/run_bot/clusterfuzz/bot/builds/jsoncons_libfuzzer_msan/custom/fuzz_cbor+0x5c591b)", "important": false, "type": "Line"}, {"lineNumber": 83, "content": "    #2 0x5a831d  (/clusterfuzz/run_bot/clusterfuzz/bot/builds/jsoncons_libfuzzer_msan/custom/fuzz_cbor+0x5a831d)", "important": false, "type": "Line"}, {"lineNumber": 84, "content": "    #3 0x5a5366  (/clusterfuzz/run_bot/clusterfuzz/bot/builds/jsoncons_libfuzzer_msan/custom/fuzz_cbor+0x5a5366)", "important": false, "type": "Line"}, {"lineNumber": 85, "content": "    #4 0x54ac50  (/clusterfuzz/run_bot/clusterfuzz/bot/builds/jsoncons_libfuzzer_msan/custom/fuzz_cbor+0x54ac50)", "important": false, "type": "Line"}, {"lineNumber": 86, "content": "    #5 0x52c1ed  (/clusterfuzz/run_bot/clusterfuzz/bot/builds/jsoncons_libfuzzer_msan/custom/fuzz_cbor+0x52c1ed)", "important": false, "type": "Line"}, {"lineNumber": 87, "content": "    #6 0x52b653  (/clusterfuzz/run_bot/clusterfuzz/bot/builds/jsoncons_libfuzzer_msan/custom/fuzz_cbor+0x52b653)", "important": false, "type": "Line"}, {"lineNumber": 88, "content": "    #7 0x4591a3  (/clusterfuzz/run_bot/clusterfuzz/bot/builds/jsoncons_libfuzzer_msan/custom/fuzz_cbor+0x4591a3)", "important": false, "type": "Line"}, {"lineNumber": 89, "content": "    #8 0x444ab2  (/clusterfuzz/run_bot/clusterfuzz/bot/builds/jsoncons_libfuzzer_msan/custom/fuzz_cbor+0x444ab2)", "important": false, "type": "Line"}, {"lineNumber": 90, "content": "    #9 0x44a57a  (/clusterfuzz/run_bot/clusterfuzz/bot/builds/jsoncons_libfuzzer_msan/custom/fuzz_cbor+0x44a57a)", "important": false, "type": "Line"}, {"lineNumber": 91, "content": "    #10 0x4734a2  (/clusterfuzz/run_bot/clusterfuzz/bot/builds/jsoncons_libfuzzer_msan/custom/fuzz_cbor+0x4734a2)", "important": false, "type": "Line"}, {"lineNumber": 92, "content": "    #11 0x7fde7013c0b2  (/lib/x86_64-linux-gnu/libc.so.6+0x270b2)", "important": false, "type": "Line"}, {"lineNumber": 93, "content": "", "important": false, "type": "Line"}, {"lineNumber": 94, "content": "  Uninitialized value was stored to memory at", "important": false, "type": "Line"}, {"lineNumber": 95, "content": "    #0 0x5c5f86  (/clusterfuzz/run_bot/clusterfuzz/bot/builds/jsoncons_libfuzzer_msan/custom/fuzz_cbor+0x5c5f86)", "important": false, "type": "Line"}, {"lineNumber": 96, "content": "    #1 0x5a831d  (/clusterfuzz/run_bot/clusterfuzz/bot/builds/jsoncons_libfuzzer_msan/custom/fuzz_cbor+0x5a831d)", "important": false, "type": "Line"}, {"lineNumber": 97, "content": "    #2 0x5a5366  (/clusterfuzz/run_bot/clusterfuzz/bot/builds/jsoncons_libfuzzer_msan/custom/fuzz_cbor+0x5a5366)", "important": false, "type": "Line"}, {"lineNumber": 98, "content": "    #3 0x54ac50  (/clusterfuzz/run_bot/clusterfuzz/bot/builds/jsoncons_libfuzzer_msan/custom/fuzz_cbor+0x54ac50)", "important": false, "type": "Line"}, {"lineNumber": 99, "content": "    #4 0x52c1ed  (/clusterfuzz/run_bot/clusterfuzz/bot/builds/jsoncons_libfuzzer_msan/custom/fuzz_cbor+0x52c1ed)", "important": false, "type": "Line"}, {"lineNumber": 100, "content": "    #5 0x52b653  (/clusterfuzz/run_bot/clusterfuzz/bot/builds/jsoncons_libfuzzer_msan/custom/fuzz_cbor+0x52b653)", "important": false, "type": "Line"}, {"lineNumber": 101, "content": "    #6 0x4591a3  (/clusterfuzz/run_bot/clusterfuzz/bot/builds/jsoncons_libfuzzer_msan/custom/fuzz_cbor+0x4591a3)", "important": false, "type": "Line"}, {"lineNumber": 102, "content": "    #7 0x444ab2  (/clusterfuzz/run_bot/clusterfuzz/bot/builds/jsoncons_libfuzzer_msan/custom/fuzz_cbor+0x444ab2)", "important": false, "type": "Line"}, {"lineNumber": 103, "content": "    #8 0x44a57a  (/clusterfuzz/run_bot/clusterfuzz/bot/builds/jsoncons_libfuzzer_msan/custom/fuzz_cbor+0x44a57a)", "important": false, "type": "Line"}, {"lineNumber": 104, "content": "    #9 0x4734a2  (/clusterfuzz/run_bot/clusterfuzz/bot/builds/jsoncons_libfuzzer_msan/custom/fuzz_cbor+0x4734a2)", "important": false, "type": "Line"}, {"lineNumber": 105, "content": "    #10 0x7fde7013c0b2  (/lib/x86_64-linux-gnu/libc.so.6+0x270b2)", "important": false, "type": "Line"}, {"lineNumber": 106, "content": "", "important": false, "type": "Line"}, {"lineNumber": 107, "content": "  Uninitialized value was created by an allocation of &#x27;buf31&#x27; in the stack frame of function &#x27;_ZN8jsoncons4cbor17basic_cbor_parserINS_13stream_sourceIhEENSt3__19allocatorIcEEE16get_uint64_valueERNS4_10error_codeE&#x27;", "important": false, "type": "Line"}, {"lineNumber": 108, "content": "    #0 0x5ac550  (/clusterfuzz/run_bot/clusterfuzz/bot/builds/jsoncons_libfuzzer_msan/custom/fuzz_cbor+0x5ac550)", "important": false, "type": "Line"}], "revision": "1"}, "last_tested_crash_stacktrace": {"lines": [{"lineNumber": 1, "content": "[Environment] MSAN_OPTIONS=exitcode=77", "important": false, "type": "Line"}, {"lineNumber": 2, "content": "+----------------------------------------Release Build Stacktrace----------------------------------------+", "important": false, "type": "Line"}, {"lineNumber": 3, "content": "Command: /clusterfuzz/run_bot/clusterfuzz/bot/builds/jsoncons_libfuzzer_msan/custom/fuzz_cbor -rss_limit_mb=2560 -timeout=60 -runs=100 /clusterfuzz/run_bot/clusterfuzz/bot/inputs/fuzzer-testcases/crash-585dc33774ae44d450789e3169e429e63764fa29", "important": false, "type": "Line"}, {"lineNumber": 4, "content": "Time ran: 0.0378270149230957", "important": false, "type": "Line"}, {"lineNumber": 5, "content": "", "important": false, "type": "Line"}, {"lineNumber": 6, "content": "INFO: Running with entropic power schedule (0xFF, 100).", "important": false, "type": "Line"}, {"lineNumber": 7, "content": "INFO: Seed: 1728091485", "important": false, "type": "Line"}, {"lineNumber": 8, "content": "INFO: Loaded 1 modules   (5647 inline 8-bit counters): 5647 [0x82f988, 0x830f97),", "important": false, "type": "Line"}, {"lineNumber": 9, "content": "INFO: Loaded 1 PC tables (5647 PCs): 5647 [0x793f00,0x7a9ff0),", "important": false, "type": "Line"}, {"lineNumber": 10, "content": "/clusterfuzz/run_bot/clusterfuzz/bot/builds/jsoncons_libfuzzer_msan/custom/fuzz_cbor: Running 1 inputs 100 time(s) each.", "important": false, "type": "Line"}, {"lineNumber": 11, "content": "Running: /clusterfuzz/run_bot/clusterfuzz/bot/inputs/fuzzer-testcases/crash-585dc33774ae44d450789e3169e429e63764fa29", "important": false, "type": "Line"}, {"lineNumber": 12, "content": "==6130==WARNING: MemorySanitizer: use-of-uninitialized-value", "important": false, "type": "Line"}, {"lineNumber": 13, "content": "    #0 0x5a76bc in jsoncons::cbor::basic_cbor_parser&lt;jsoncons::stream_source&lt;unsigned char&gt;, std::__1::allocator&lt;char&gt; &gt;::parse(jsoncons::basic_json_visitor2&lt;char&gt;&amp;, std::__1::error_code&amp;) /src/jsoncons/include/jsoncons_ext/cbor/cbor_parser.hpp:228:25", "important": true, "type": "Line"}, {"lineNumber": 14, "content": "    #1 0x54ac50 in read /src/jsoncons/include/jsoncons_ext/cbor/cbor_reader.hpp:87:17", "important": false, "type": "Line"}, {"lineNumber": 15, "content": "    #2 0x54ac50 in jsoncons::cbor::basic_cbor_reader&lt;jsoncons::stream_source&lt;unsigned char&gt;, std::__1::allocator&lt;char&gt; &gt;::read() /src/jsoncons/include/jsoncons_ext/cbor/cbor_reader.hpp:77:9", "important": true, "type": "Line"}, {"lineNumber": 16, "content": "    #3 0x52c1ed in std::__1::enable_if&lt;type_traits::is_basic_json&lt;jsoncons::basic_json&lt;char, jsoncons::sorted_policy, std::__1::allocator&lt;char&gt; &gt; &gt;::value, jsoncons::basic_json&lt;char, jsoncons::sorted_policy, std::__1::allocator&lt;char&gt; &gt; &gt;::type jsoncons::cbor::decode_cbor&lt;jsoncons::basic_json&lt;char, jsoncons::sorted_policy, std::__1::allocator&lt;char&gt; &gt; &gt;(std::__1::basic_istream&lt;char, std::__1::char_traits&lt;char&gt; &gt;&amp;, jsoncons::cbor::cbor_decode_options const&amp;) /src/jsoncons/include/jsoncons_ext/cbor/decode_cbor.hpp:68:16", "important": true, "type": "Line"}, {"lineNumber": 17, "content": "    #4 0x52b653 in LLVMFuzzerTestOneInput /src/jsoncons/fuzzers/fuzz_cbor.cpp:15:27", "important": false, "type": "Line"}, {"lineNumber": 18, "content": "    #5 0x4591a3 in fuzzer::Fuzzer::ExecuteCallback(unsigned char const*, unsigned long) cxa_noexception.cpp:0", "important": false, "type": "Line"}, {"lineNumber": 19, "content": "    #6 0x444ab2 in fuzzer::RunOneTest(fuzzer::Fuzzer*, char const*, unsigned long) /src/llvm-project/compiler-rt/lib/fuzzer/FuzzerDriver.cpp:324:6", "important": false, "type": "Line"}, {"lineNumber": 20, "content": "    #7 0x44a57a in fuzzer::FuzzerDriver(int*, char***, int (*)(unsigned char const*, unsigned long)) cxa_noexception.cpp:0", "important": false, "type": "Line"}, {"lineNumber": 21, "content": "    #8 0x4734a2 in main /src/llvm-project/compiler-rt/lib/fuzzer/FuzzerMain.cpp:20:10", "important": false, "type": "Line"}, {"lineNumber": 22, "content": "    #9 0x7fc4d1d9d0b2 in __libc_start_main", "important": false, "type": "Line"}, {"lineNumber": 23, "content": "    #10 0x421d3d in _start", "important": false, "type": "Line"}, {"lineNumber": 24, "content": "", "important": false, "type": "Line"}, {"lineNumber": 25, "content": "  Uninitialized value was stored to memory at", "important": false, "type": "Line"}, {"lineNumber": 26, "content": "    #0 0x5f10c1 in parse_state /src/jsoncons/include/jsoncons_ext/cbor/cbor_parser.hpp:71:23", "important": false, "type": "Line"}, {"lineNumber": 27, "content": "    #1 0x5f10c1 in construct&lt;jsoncons::cbor::parse_state, jsoncons::cbor::parse_mode, unsigned long &amp;, bool &amp;&gt; /usr/local/include/c++/v1/__memory/allocator.h:151:28", "important": false, "type": "Line"}, {"lineNumber": 28, "content": "    #2 0x5f10c1 in construct&lt;jsoncons::cbor::parse_state, jsoncons::cbor::parse_mode, unsigned long &amp;, bool &amp;, void&gt; /usr/local/include/c++/v1/__memory/allocator_traits.h:290:13", "important": false, "type": "Line"}, {"lineNumber": 29, "content": "    #3 0x5f10c1 in void std::__1::vector&lt;jsoncons::cbor::parse_state, std::__1::allocator&lt;jsoncons::cbor::parse_state&gt; &gt;::__emplace_back_slow_path&lt;jsoncons::cbor::parse_mode, unsigned long&amp;, bool&amp;&gt;(jsoncons::cbor::parse_mode&amp;&amp;, unsigned long&amp;, bool&amp;) /usr/local/include/c++/v1/vector:1676:5", "important": false, "type": "Line"}, {"lineNumber": 30, "content": "    #4 0x5c591b in emplace_back&lt;jsoncons::cbor::parse_mode, unsigned long &amp;, bool &amp;&gt; /usr/local/include/c++/v1/vector:1696:9", "important": false, "type": "Line"}, {"lineNumber": 31, "content": "    #5 0x5c591b in jsoncons::cbor::basic_cbor_parser&lt;jsoncons::stream_source&lt;unsigned char&gt;, std::__1::allocator&lt;char&gt; &gt;::begin_array(jsoncons::basic_json_visitor2&lt;char&gt;&amp;, unsigned char, std::__1::error_code&amp;) /src/jsoncons/include/jsoncons_ext/cbor/cbor_parser.hpp:609:30", "important": true, "type": "Line"}, {"lineNumber": 32, "content": "    #6 0x5a831d in jsoncons::cbor::basic_cbor_parser&lt;jsoncons::stream_source&lt;unsigned char&gt;, std::__1::allocator&lt;char&gt; &gt;::read_item(jsoncons::basic_json_visitor2&lt;char&gt;&amp;, std::__1::error_code&amp;) /src/jsoncons/include/jsoncons_ext/cbor/cbor_parser.hpp:562:21", "important": true, "type": "Line"}, {"lineNumber": 33, "content": "    #7 0x5a5366 in jsoncons::cbor::basic_cbor_parser&lt;jsoncons::stream_source&lt;unsigned char&gt;, std::__1::allocator&lt;char&gt; &gt;::parse(jsoncons::basic_json_visitor2&lt;char&gt;&amp;, std::__1::error_code&amp;) /src/jsoncons/include/jsoncons_ext/cbor/cbor_parser.hpp:0:46", "important": true, "type": "Line"}, {"lineNumber": 34, "content": "    #8 0x54ac50 in read /src/jsoncons/include/jsoncons_ext/cbor/cbor_reader.hpp:87:17", "important": false, "type": "Line"}, {"lineNumber": 35, "content": "    #9 0x54ac50 in jsoncons::cbor::basic_cbor_reader&lt;jsoncons::stream_source&lt;unsigned char&gt;, std::__1::allocator&lt;char&gt; &gt;::read() /src/jsoncons/include/jsoncons_ext/cbor/cbor_reader.hpp:77:9", "important": true, "type": "Line"}, {"lineNumber": 36, "content": "    #10 0x52c1ed in std::__1::enable_if&lt;type_traits::is_basic_json&lt;jsoncons::basic_json&lt;char, jsoncons::sorted_policy, std::__1::allocator&lt;char&gt; &gt; &gt;::value, jsoncons::basic_json&lt;char, jsoncons::sorted_policy, std::__1::allocator&lt;char&gt; &gt; &gt;::type jsoncons::cbor::decode_cbor&lt;jsoncons::basic_json&lt;char, jsoncons::sorted_policy, std::__1::allocator&lt;char&gt; &gt; &gt;(std::__1::basic_istream&lt;char, std::__1::char_traits&lt;char&gt; &gt;&amp;, jsoncons::cbor::cbor_decode_options const&amp;) /src/jsoncons/include/jsoncons_ext/cbor/decode_cbor.hpp:68:16", "important": true, "type": "Line"}, {"lineNumber": 37, "content": "    #11 0x52b653 in LLVMFuzzerTestOneInput /src/jsoncons/fuzzers/fuzz_cbor.cpp:15:27", "important": false, "type": "Line"}, {"lineNumber": 38, "content": "    #12 0x4591a3 in fuzzer::Fuzzer::ExecuteCallback(unsigned char const*, unsigned long) cxa_noexception.cpp:0", "important": false, "type": "Line"}, {"lineNumber": 39, "content": "    #13 0x444ab2 in fuzzer::RunOneTest(fuzzer::Fuzzer*, char const*, unsigned long) /src/llvm-project/compiler-rt/lib/fuzzer/FuzzerDriver.cpp:324:6", "important": false, "type": "Line"}, {"lineNumber": 40, "content": "    #14 0x44a57a in fuzzer::FuzzerDriver(int*, char***, int (*)(unsigned char const*, unsigned long)) cxa_noexception.cpp:0", "important": false, "type": "Line"}, {"lineNumber": 41, "content": "    #15 0x4734a2 in main /src/llvm-project/compiler-rt/lib/fuzzer/FuzzerMain.cpp:20:10", "important": false, "type": "Line"}, {"lineNumber": 42, "content": "    #16 0x7fc4d1d9d0b2 in __libc_start_main", "important": false, "type": "Line"}, {"lineNumber": 43, "content": "", "important": false, "type": "Line"}, {"lineNumber": 44, "content": "  Uninitialized value was stored to memory at", "important": false, "type": "Line"}, {"lineNumber": 45, "content": "    #0 0x5c5f86 in jsoncons::cbor::basic_cbor_parser&lt;jsoncons::stream_source&lt;unsigned char&gt;, std::__1::allocator&lt;char&gt; &gt;::begin_array(jsoncons::basic_json_visitor2&lt;char&gt;&amp;, unsigned char, std::__1::error_code&amp;) /src/jsoncons/include/jsoncons_ext/cbor/cbor_parser.hpp:604:29", "important": true, "type": "Line"}, {"lineNumber": 46, "content": "    #1 0x5a831d in jsoncons::cbor::basic_cbor_parser&lt;jsoncons::stream_source&lt;unsigned char&gt;, std::__1::allocator&lt;char&gt; &gt;::read_item(jsoncons::basic_json_visitor2&lt;char&gt;&amp;, std::__1::error_code&amp;) /src/jsoncons/include/jsoncons_ext/cbor/cbor_parser.hpp:562:21", "important": true, "type": "Line"}, {"lineNumber": 47, "content": "    #2 0x5a5366 in jsoncons::cbor::basic_cbor_parser&lt;jsoncons::stream_source&lt;unsigned char&gt;, std::__1::allocator&lt;char&gt; &gt;::parse(jsoncons::basic_json_visitor2&lt;char&gt;&amp;, std::__1::error_code&amp;) /src/jsoncons/include/jsoncons_ext/cbor/cbor_parser.hpp:0:46", "important": true, "type": "Line"}, {"lineNumber": 48, "content": "    #3 0x54ac50 in read /src/jsoncons/include/jsoncons_ext/cbor/cbor_reader.hpp:87:17", "important": false, "type": "Line"}, {"lineNumber": 49, "content": "    #4 0x54ac50 in jsoncons::cbor::basic_cbor_reader&lt;jsoncons::stream_source&lt;unsigned char&gt;, std::__1::allocator&lt;char&gt; &gt;::read() /src/jsoncons/include/jsoncons_ext/cbor/cbor_reader.hpp:77:9", "important": true, "type": "Line"}, {"lineNumber": 50, "content": "    #5 0x52c1ed in std::__1::enable_if&lt;type_traits::is_basic_json&lt;jsoncons::basic_json&lt;char, jsoncons::sorted_policy, std::__1::allocator&lt;char&gt; &gt; &gt;::value, jsoncons::basic_json&lt;char, jsoncons::sorted_policy, std::__1::allocator&lt;char&gt; &gt; &gt;::type jsoncons::cbor::decode_cbor&lt;jsoncons::basic_json&lt;char, jsoncons::sorted_policy, std::__1::allocator&lt;char&gt; &gt; &gt;(std::__1::basic_istream&lt;char, std::__1::char_traits&lt;char&gt; &gt;&amp;, jsoncons::cbor::cbor_decode_options const&amp;) /src/jsoncons/include/jsoncons_ext/cbor/decode_cbor.hpp:68:16", "important": true, "type": "Line"}, {"lineNumber": 51, "content": "    #6 0x52b653 in LLVMFuzzerTestOneInput /src/jsoncons/fuzzers/fuzz_cbor.cpp:15:27", "important": false, "type": "Line"}, {"lineNumber": 52, "content": "    #7 0x4591a3 in fuzzer::Fuzzer::ExecuteCallback(unsigned char const*, unsigned long) cxa_noexception.cpp:0", "important": false, "type": "Line"}, {"lineNumber": 53, "content": "    #8 0x444ab2 in fuzzer::RunOneTest(fuzzer::Fuzzer*, char const*, unsigned long) /src/llvm-project/compiler-rt/lib/fuzzer/FuzzerDriver.cpp:324:6", "important": false, "type": "Line"}, {"lineNumber": 54, "content": "    #9 0x44a57a in fuzzer::FuzzerDriver(int*, char***, int (*)(unsigned char const*, unsigned long)) cxa_noexception.cpp:0", "important": false, "type": "Line"}, {"lineNumber": 55, "content": "    #10 0x4734a2 in main /src/llvm-project/compiler-rt/lib/fuzzer/FuzzerMain.cpp:20:10", "important": false, "type": "Line"}, {"lineNumber": 56, "content": "    #11 0x7fc4d1d9d0b2 in __libc_start_main", "important": false, "type": "Line"}, {"lineNumber": 57, "content": "", "important": false, "type": "Line"}, {"lineNumber": 58, "content": "  Uninitialized value was created by an allocation of &#x27;buf31&#x27; in the stack frame of function &#x27;_ZN8jsoncons4cbor17basic_cbor_parserINS_13stream_sourceIhEENSt3__19allocatorIcEEE16get_uint64_valueERNS4_10error_codeE&#x27;", "important": false, "type": "Line"}, {"lineNumber": 59, "content": "    #0 0x5ac550 in jsoncons::cbor::basic_cbor_parser&lt;jsoncons::stream_source&lt;unsigned char&gt;, std::__1::allocator&lt;char&gt; &gt;::get_uint64_value(std::__1::error_code&amp;) /src/jsoncons/include/jsoncons_ext/cbor/cbor_parser.hpp:848", "important": true, "type": "Line"}, {"lineNumber": 60, "content": "", "important": false, "type": "Line"}, {"lineNumber": 61, "content": "SUMMARY: MemorySanitizer: use-of-uninitialized-value (/clusterfuzz/run_bot/clusterfuzz/bot/builds/jsoncons_libfuzzer_msan/custom/fuzz_cbor+0x5a76bc)", "important": false, "type": "Line"}, {"lineNumber": 62, "content": "Exiting", "important": false, "type": "Line"}, {"lineNumber": 63, "content": "", "important": false, "type": "Line"}, {"lineNumber": 64, "content": "", "important": false, "type": "Line"}, {"lineNumber": 65, "content": "+----------------------------------------Release Build Unsymbolized Stacktrace (diff)----------------------------------------+", "important": false, "type": "Line"}, {"lineNumber": 66, "content": "", "important": false, "type": "Line"}, {"lineNumber": 67, "content": "Running: /clusterfuzz/run_bot/clusterfuzz/bot/inputs/fuzzer-testcases/crash-585dc33774ae44d450789e3169e429e63764fa29", "important": false, "type": "Line"}, {"lineNumber": 68, "content": "==6130==WARNING: MemorySanitizer: use-of-uninitialized-value", "important": false, "type": "Line"}, {"lineNumber": 69, "content": "    #0 0x5a76bc  (/clusterfuzz/run_bot/clusterfuzz/bot/builds/jsoncons_libfuzzer_msan/custom/fuzz_cbor+0x5a76bc)", "important": false, "type": "Line"}, {"lineNumber": 70, "content": "    #1 0x54ac50  (/clusterfuzz/run_bot/clusterfuzz/bot/builds/jsoncons_libfuzzer_msan/custom/fuzz_cbor+0x54ac50)", "important": false, "type": "Line"}, {"lineNumber": 71, "content": "    #2 0x52c1ed  (/clusterfuzz/run_bot/clusterfuzz/bot/builds/jsoncons_libfuzzer_msan/custom/fuzz_cbor+0x52c1ed)", "important": false, "type": "Line"}, {"lineNumber": 72, "content": "    #3 0x52b653  (/clusterfuzz/run_bot/clusterfuzz/bot/builds/jsoncons_libfuzzer_msan/custom/fuzz_cbor+0x52b653)", "important": false, "type": "Line"}, {"lineNumber": 73, "content": "    #4 0x4591a3  (/clusterfuzz/run_bot/clusterfuzz/bot/builds/jsoncons_libfuzzer_msan/custom/fuzz_cbor+0x4591a3)", "important": false, "type": "Line"}, {"lineNumber": 74, "content": "    #5 0x444ab2  (/clusterfuzz/run_bot/clusterfuzz/bot/builds/jsoncons_libfuzzer_msan/custom/fuzz_cbor+0x444ab2)", "important": false, "type": "Line"}, {"lineNumber": 75, "content": "    #6 0x44a57a  (/clusterfuzz/run_bot/clusterfuzz/bot/builds/jsoncons_libfuzzer_msan/custom/fuzz_cbor+0x44a57a)", "important": false, "type": "Line"}, {"lineNumber": 76, "content": "    #7 0x4734a2  (/clusterfuzz/run_bot/clusterfuzz/bot/builds/jsoncons_libfuzzer_msan/custom/fuzz_cbor+0x4734a2)", "important": false, "type": "Line"}, {"lineNumber": 77, "content": "    #8 0x7fc4d1d9d0b2  (/lib/x86_64-linux-gnu/libc.so.6+0x270b2)", "important": false, "type": "Line"}, {"lineNumber": 78, "content": "    #9 0x421d3d  (/clusterfuzz/run_bot/clusterfuzz/bot/builds/jsoncons_libfuzzer_msan/custom/fuzz_cbor+0x421d3d)", "important": false, "type": "Line"}, {"lineNumber": 79, "content": "", "important": false, "type": "Line"}, {"lineNumber": 80, "content": "  Uninitialized value was stored to memory at", "important": false, "type": "Line"}, {"lineNumber": 81, "content": "    #0 0x5f10c1  (/clusterfuzz/run_bot/clusterfuzz/bot/builds/jsoncons_libfuzzer_msan/custom/fuzz_cbor+0x5f10c1)", "important": false, "type": "Line"}, {"lineNumber": 82, "content": "    #1 0x5c591b  (/clusterfuzz/run_bot/clusterfuzz/bot/builds/jsoncons_libfuzzer_msan/custom/fuzz_cbor+0x5c591b)", "important": false, "type": "Line"}, {"lineNumber": 83, "content": "    #2 0x5a831d  (/clusterfuzz/run_bot/clusterfuzz/bot/builds/jsoncons_libfuzzer_msan/custom/fuzz_cbor+0x5a831d)", "important": false, "type": "Line"}, {"lineNumber": 84, "content": "    #3 0x5a5366  (/clusterfuzz/run_bot/clusterfuzz/bot/builds/jsoncons_libfuzzer_msan/custom/fuzz_cbor+0x5a5366)", "important": false, "type": "Line"}, {"lineNumber": 85, "content": "    #4 0x54ac50  (/clusterfuzz/run_bot/clusterfuzz/bot/builds/jsoncons_libfuzzer_msan/custom/fuzz_cbor+0x54ac50)", "important": false, "type": "Line"}, {"lineNumber": 86, "content": "    #5 0x52c1ed  (/clusterfuzz/run_bot/clusterfuzz/bot/builds/jsoncons_libfuzzer_msan/custom/fuzz_cbor+0x52c1ed)", "important": false, "type": "Line"}, {"lineNumber": 87, "content": "    #6 0x52b653  (/clusterfuzz/run_bot/clusterfuzz/bot/builds/jsoncons_libfuzzer_msan/custom/fuzz_cbor+0x52b653)", "important": false, "type": "Line"}, {"lineNumber": 88, "content": "    #7 0x4591a3  (/clusterfuzz/run_bot/clusterfuzz/bot/builds/jsoncons_libfuzzer_msan/custom/fuzz_cbor+0x4591a3)", "important": false, "type": "Line"}, {"lineNumber": 89, "content": "    #8 0x444ab2  (/clusterfuzz/run_bot/clusterfuzz/bot/builds/jsoncons_libfuzzer_msan/custom/fuzz_cbor+0x444ab2)", "important": false, "type": "Line"}, {"lineNumber": 90, "content": "    #9 0x44a57a  (/clusterfuzz/run_bot/clusterfuzz/bot/builds/jsoncons_libfuzzer_msan/custom/fuzz_cbor+0x44a57a)", "important": false, "type": "Line"}, {"lineNumber": 91, "content": "    #10 0x4734a2  (/clusterfuzz/run_bot/clusterfuzz/bot/builds/jsoncons_libfuzzer_msan/custom/fuzz_cbor+0x4734a2)", "important": false, "type": "Line"}, {"lineNumber": 92, "content": "    #11 0x7fc4d1d9d0b2  (/lib/x86_64-linux-gnu/libc.so.6+0x270b2)", "important": false, "type": "Line"}, {"lineNumber": 93, "content": "", "important": false, "type": "Line"}, {"lineNumber": 94, "content": "  Uninitialized value was stored to memory at", "important": false, "type": "Line"}, {"lineNumber": 95, "content": "    #0 0x5c5f86  (/clusterfuzz/run_bot/clusterfuzz/bot/builds/jsoncons_libfuzzer_msan/custom/fuzz_cbor+0x5c5f86)", "important": false, "type": "Line"}, {"lineNumber": 96, "content": "    #1 0x5a831d  (/clusterfuzz/run_bot/clusterfuzz/bot/builds/jsoncons_libfuzzer_msan/custom/fuzz_cbor+0x5a831d)", "important": false, "type": "Line"}, {"lineNumber": 97, "content": "    #2 0x5a5366  (/clusterfuzz/run_bot/clusterfuzz/bot/builds/jsoncons_libfuzzer_msan/custom/fuzz_cbor+0x5a5366)", "important": false, "type": "Line"}, {"lineNumber": 98, "content": "    #3 0x54ac50  (/clusterfuzz/run_bot/clusterfuzz/bot/builds/jsoncons_libfuzzer_msan/custom/fuzz_cbor+0x54ac50)", "important": false, "type": "Line"}, {"lineNumber": 99, "content": "    #4 0x52c1ed  (/clusterfuzz/run_bot/clusterfuzz/bot/builds/jsoncons_libfuzzer_msan/custom/fuzz_cbor+0x52c1ed)", "important": false, "type": "Line"}, {"lineNumber": 100, "content": "    #5 0x52b653  (/clusterfuzz/run_bot/clusterfuzz/bot/builds/jsoncons_libfuzzer_msan/custom/fuzz_cbor+0x52b653)", "important": false, "type": "Line"}, {"lineNumber": 101, "content": "    #6 0x4591a3  (/clusterfuzz/run_bot/clusterfuzz/bot/builds/jsoncons_libfuzzer_msan/custom/fuzz_cbor+0x4591a3)", "important": false, "type": "Line"}, {"lineNumber": 102, "content": "    #7 0x444ab2  (/clusterfuzz/run_bot/clusterfuzz/bot/builds/jsoncons_libfuzzer_msan/custom/fuzz_cbor+0x444ab2)", "important": false, "type": "Line"}, {"lineNumber": 103, "content": "    #8 0x44a57a  (/clusterfuzz/run_bot/clusterfuzz/bot/builds/jsoncons_libfuzzer_msan/custom/fuzz_cbor+0x44a57a)", "important": false, "type": "Line"}, {"lineNumber": 104, "content": "    #9 0x4734a2  (/clusterfuzz/run_bot/clusterfuzz/bot/builds/jsoncons_libfuzzer_msan/custom/fuzz_cbor+0x4734a2)", "important": false, "type": "Line"}, {"lineNumber": 105, "content": "    #10 0x7fc4d1d9d0b2  (/lib/x86_64-linux-gnu/libc.so.6+0x270b2)", "important": false, "type": "Line"}, {"lineNumber": 106, "content": "", "important": false, "type": "Line"}, {"lineNumber": 107, "content": "  Uninitialized value was created by an allocation of &#x27;buf31&#x27; in the stack frame of function &#x27;_ZN8jsoncons4cbor17basic_cbor_parserINS_13stream_sourceIhEENSt3__19allocatorIcEEE16get_uint64_valueERNS4_10error_codeE&#x27;", "important": false, "type": "Line"}, {"lineNumber": 108, "content": "    #0 0x5ac550  (/clusterfuzz/run_bot/clusterfuzz/bot/builds/jsoncons_libfuzzer_msan/custom/fuzz_cbor+0x5ac550)", "important": false, "type": "Line"}], "revision": null}, "security_severity": "Medium", "security_severities": [{"value": 0, "name": "Critical"}, {"value": 1, "name": "High", "default": true}, {"value": 2, "name": "Medium"}, {"value": 3, "name": "Low"}, {"value": 4, "name": "Missing"}], "stats": {"min_hour": 1, "max_hour": 1}, "suspected_cls": null, "testcase": {"absolute_path": "/clusterfuzz/run_bot/clusterfuzz/bot/inputs/fuzzer-testcases/crash-585dc33774ae44d450789e3169e429e63764fa29", "additional_metadata": "{\"build_key\": \"02b6eb63-8dd7-4d9f-90b3-05191fee0984\", \"env\": {\"MSAN_OPTIONS\": {}}, \"fuzzer_binary_name\": \"fuzz_cbor\", \"fuzzing_strategies\": {\"random_max_len\": 1}, \"last_tested_crash_revision\": null, \"last_tested_crash_time\": {\"__type__\": \"datetime\", \"day\": 30, \"hour\": 0, \"microsecond\": 969074, \"minute\": 11, \"month\": 11, \"second\": 43, \"year\": 2021}, \"last_tested_revision\": null}", "archive_filename": null, "archive_state": 0, "binary_flag": true, "bug_indices": [], "bug_information": "", "comments": "[2021-11-29 00:11:53 UTC] snode11-20211128-16:37: Fuzz task : Fuzzer libFuzzer_fuzz_cbor generated testcase crashed in 0 seconds (r1).\n[2021-11-29 00:12:19 UTC] snode5-20211128-16:46: Minimize task started.\n[2021-11-29 00:14:04 UTC] snode5-20211128-16:46: Minimize task finished.\n[2021-11-30 00:10:11 UTC] comput10-20211129-15:14: Progression task started.\n[2021-11-30 00:11:43 UTC] comput10-20211129-15:14: Progression task finished: still crashes on latest custom build.\n", "crash_address": "", "crash_revision": 1, "crash_stacktrace": "[Environment] MSAN_OPTIONS=exitcode=77\n+----------------------------------------Release Build Stacktrace----------------------------------------+\nCommand: /clusterfuzz/run_bot/clusterfuzz/bot/builds/jsoncons_libfuzzer_msan/custom/fuzz_cbor -rss_limit_mb=2560 -timeout=60 -runs=100 /clusterfuzz/run_bot/clusterfuzz/bot/inputs/fuzzer-testcases/45c59a2db857b494a5c22aa1d5a1935574ae44d450789e3169e429e63764fa29\nTime ran: 0.04841446876525879\n\nINFO: Running with entropic power schedule (0xFF, 100).\nINFO: Seed: 1368181532\nINFO: Loaded 1 modules   (5647 inline 8-bit counters): 5647 [0x82f988, 0x830f97),\nINFO: Loaded 1 PC tables (5647 PCs): 5647 [0x793f00,0x7a9ff0),\n/clusterfuzz/run_bot/clusterfuzz/bot/builds/jsoncons_libfuzzer_msan/custom/fuzz_cbor: Running 1 inputs 100 time(s) each.\nRunning: /clusterfuzz/run_bot/clusterfuzz/bot/inputs/fuzzer-testcases/45c59a2db857b494a5c22aa1d5a1935574ae44d450789e3169e429e63764fa29\n==30592==WARNING: MemorySanitizer: use-of-uninitialized-value\n    #0 0x5a76bc in jsoncons::cbor::basic_cbor_parser<jsoncons::stream_source<unsigned char>, std::__1::allocator<char> >::parse(jsoncons::basic_json_visitor2<char>&, std::__1::error_code&) /src/jsoncons/include/jsoncons_ext/cbor/cbor_parser.hpp:228:25\n    #1 0x54ac50 in read /src/jsoncons/include/jsoncons_ext/cbor/cbor_reader.hpp:87:17\n    #2 0x54ac50 in jsoncons::cbor::basic_cbor_reader<jsoncons::stream_source<unsigned char>, std::__1::allocator<char> >::read() /src/jsoncons/include/jsoncons_ext/cbor/cbor_reader.hpp:77:9\n    #3 0x52c1ed in std::__1::enable_if<type_traits::is_basic_json<jsoncons::basic_json<char, jsoncons::sorted_policy, std::__1::allocator<char> > >::value, jsoncons::basic_json<char, jsoncons::sorted_policy, std::__1::allocator<char> > >::type jsoncons::cbor::decode_cbor<jsoncons::basic_json<char, jsoncons::sorted_policy, std::__1::allocator<char> > >(std::__1::basic_istream<char, std::__1::char_traits<char> >&, jsoncons::cbor::cbor_decode_options const&) /src/jsoncons/include/jsoncons_ext/cbor/decode_cbor.hpp:68:16\n    #4 0x52b653 in LLVMFuzzerTestOneInput /src/jsoncons/fuzzers/fuzz_cbor.cpp:15:27\n    #5 0x4591a3 in fuzzer::Fuzzer::ExecuteCallback(unsigned char const*, unsigned long) cxa_noexception.cpp:0\n    #6 0x444ab2 in fuzzer::RunOneTest(fuzzer::Fuzzer*, char const*, unsigned long) /src/llvm-project/compiler-rt/lib/fuzzer/FuzzerDriver.cpp:324:6\n    #7 0x44a57a in fuzzer::FuzzerDriver(int*, char***, int (*)(unsigned char const*, unsigned long)) cxa_noexception.cpp:0\n    #8 0x4734a2 in main /src/llvm-project/compiler-rt/lib/fuzzer/FuzzerMain.cpp:20:10\n    #9 0x7fde7013c0b2 in __libc_start_main\n    #10 0x421d3d in _start\n\n  Uninitialized value was stored to memory at\n    #0 0x5f10c1 in parse_state /src/jsoncons/include/jsoncons_ext/cbor/cbor_parser.hpp:71:23\n    #1 0x5f10c1 in construct<jsoncons::cbor::parse_state, jsoncons::cbor::parse_mode, unsigned long &, bool &> /usr/local/include/c++/v1/__memory/allocator.h:151:28\n    #2 0x5f10c1 in construct<jsoncons::cbor::parse_state, jsoncons::cbor::parse_mode, unsigned long &, bool &, void> /usr/local/include/c++/v1/__memory/allocator_traits.h:290:13\n    #3 0x5f10c1 in void std::__1::vector<jsoncons::cbor::parse_state, std::__1::allocator<jsoncons::cbor::parse_state> >::__emplace_back_slow_path<jsoncons::cbor::parse_mode, unsigned long&, bool&>(jsoncons::cbor::parse_mode&&, unsigned long&, bool&) /usr/local/include/c++/v1/vector:1676:5\n    #4 0x5c591b in emplace_back<jsoncons::cbor::parse_mode, unsigned long &, bool &> /usr/local/include/c++/v1/vector:1696:9\n    #5 0x5c591b in jsoncons::cbor::basic_cbor_parser<jsoncons::stream_source<unsigned char>, std::__1::allocator<char> >::begin_array(jsoncons::basic_json_visitor2<char>&, unsigned char, std::__1::error_code&) /src/jsoncons/include/jsoncons_ext/cbor/cbor_parser.hpp:609:30\n    #6 0x5a831d in jsoncons::cbor::basic_cbor_parser<jsoncons::stream_source<unsigned char>, std::__1::allocator<char> >::read_item(jsoncons::basic_json_visitor2<char>&, std::__1::error_code&) /src/jsoncons/include/jsoncons_ext/cbor/cbor_parser.hpp:562:21\n    #7 0x5a5366 in jsoncons::cbor::basic_cbor_parser<jsoncons::stream_source<unsigned char>, std::__1::allocator<char> >::parse(jsoncons::basic_json_visitor2<char>&, std::__1::error_code&) /src/jsoncons/include/jsoncons_ext/cbor/cbor_parser.hpp:0:46\n    #8 0x54ac50 in read /src/jsoncons/include/jsoncons_ext/cbor/cbor_reader.hpp:87:17\n    #9 0x54ac50 in jsoncons::cbor::basic_cbor_reader<jsoncons::stream_source<unsigned char>, std::__1::allocator<char> >::read() /src/jsoncons/include/jsoncons_ext/cbor/cbor_reader.hpp:77:9\n    #10 0x52c1ed in std::__1::enable_if<type_traits::is_basic_json<jsoncons::basic_json<char, jsoncons::sorted_policy, std::__1::allocator<char> > >::value, jsoncons::basic_json<char, jsoncons::sorted_policy, std::__1::allocator<char> > >::type jsoncons::cbor::decode_cbor<jsoncons::basic_json<char, jsoncons::sorted_policy, std::__1::allocator<char> > >(std::__1::basic_istream<char, std::__1::char_traits<char> >&, jsoncons::cbor::cbor_decode_options const&) /src/jsoncons/include/jsoncons_ext/cbor/decode_cbor.hpp:68:16\n    #11 0x52b653 in LLVMFuzzerTestOneInput /src/jsoncons/fuzzers/fuzz_cbor.cpp:15:27\n    #12 0x4591a3 in fuzzer::Fuzzer::ExecuteCallback(unsigned char const*, unsigned long) cxa_noexception.cpp:0\n    #13 0x444ab2 in fuzzer::RunOneTest(fuzzer::Fuzzer*, char const*, unsigned long) /src/llvm-project/compiler-rt/lib/fuzzer/FuzzerDriver.cpp:324:6\n    #14 0x44a57a in fuzzer::FuzzerDriver(int*, char***, int (*)(unsigned char const*, unsigned long)) cxa_noexception.cpp:0\n    #15 0x4734a2 in main /src/llvm-project/compiler-rt/lib/fuzzer/FuzzerMain.cpp:20:10\n    #16 0x7fde7013c0b2 in __libc_start_main\n\n  Uninitialized value was stored to memory at\n    #0 0x5c5f86 in jsoncons::cbor::basic_cbor_parser<jsoncons::stream_source<unsigned char>, std::__1::allocator<char> >::begin_array(jsoncons::basic_json_visitor2<char>&, unsigned char, std::__1::error_code&) /src/jsoncons/include/jsoncons_ext/cbor/cbor_parser.hpp:604:29\n    #1 0x5a831d in jsoncons::cbor::basic_cbor_parser<jsoncons::stream_source<unsigned char>, std::__1::allocator<char> >::read_item(jsoncons::basic_json_visitor2<char>&, std::__1::error_code&) /src/jsoncons/include/jsoncons_ext/cbor/cbor_parser.hpp:562:21\n    #2 0x5a5366 in jsoncons::cbor::basic_cbor_parser<jsoncons::stream_source<unsigned char>, std::__1::allocator<char> >::parse(jsoncons::basic_json_visitor2<char>&, std::__1::error_code&) /src/jsoncons/include/jsoncons_ext/cbor/cbor_parser.hpp:0:46\n    #3 0x54ac50 in read /src/jsoncons/include/jsoncons_ext/cbor/cbor_reader.hpp:87:17\n    #4 0x54ac50 in jsoncons::cbor::basic_cbor_reader<jsoncons::stream_source<unsigned char>, std::__1::allocator<char> >::read() /src/jsoncons/include/jsoncons_ext/cbor/cbor_reader.hpp:77:9\n    #5 0x52c1ed in std::__1::enable_if<type_traits::is_basic_json<jsoncons::basic_json<char, jsoncons::sorted_policy, std::__1::allocator<char> > >::value, jsoncons::basic_json<char, jsoncons::sorted_policy, std::__1::allocator<char> > >::type jsoncons::cbor::decode_cbor<jsoncons::basic_json<char, jsoncons::sorted_policy, std::__1::allocator<char> > >(std::__1::basic_istream<char, std::__1::char_traits<char> >&, jsoncons::cbor::cbor_decode_options const&) /src/jsoncons/include/jsoncons_ext/cbor/decode_cbor.hpp:68:16\n    #6 0x52b653 in LLVMFuzzerTestOneInput /src/jsoncons/fuzzers/fuzz_cbor.cpp:15:27\n    #7 0x4591a3 in fuzzer::Fuzzer::ExecuteCallback(unsigned char const*, unsigned long) cxa_noexception.cpp:0\n    #8 0x444ab2 in fuzzer::RunOneTest(fuzzer::Fuzzer*, char const*, unsigned long) /src/llvm-project/compiler-rt/lib/fuzzer/FuzzerDriver.cpp:324:6\n    #9 0x44a57a in fuzzer::FuzzerDriver(int*, char***, int (*)(unsigned char const*, unsigned long)) cxa_noexception.cpp:0\n    #10 0x4734a2 in main /src/llvm-project/compiler-rt/lib/fuzzer/FuzzerMain.cpp:20:10\n    #11 0x7fde7013c0b2 in __libc_start_main\n\n  Uninitialized value was created by an allocation of 'buf31' in the stack frame of function '_ZN8jsoncons4cbor17basic_cbor_parserINS_13stream_sourceIhEENSt3__19allocatorIcEEE16get_uint64_valueERNS4_10error_codeE'\n    #0 0x5ac550 in jsoncons::cbor::basic_cbor_parser<jsoncons::stream_source<unsigned char>, std::__1::allocator<char> >::get_uint64_value(std::__1::error_code&) /src/jsoncons/include/jsoncons_ext/cbor/cbor_parser.hpp:848\n\nSUMMARY: MemorySanitizer: use-of-uninitialized-value (/clusterfuzz/run_bot/clusterfuzz/bot/builds/jsoncons_libfuzzer_msan/custom/fuzz_cbor+0x5a76bc)\nExiting\n\n\n+----------------------------------------Release Build Unsymbolized Stacktrace (diff)----------------------------------------+\n\nRunning: /clusterfuzz/run_bot/clusterfuzz/bot/inputs/fuzzer-testcases/45c59a2db857b494a5c22aa1d5a1935574ae44d450789e3169e429e63764fa29\n==30592==WARNING: MemorySanitizer: use-of-uninitialized-value\n    #0 0x5a76bc  (/clusterfuzz/run_bot/clusterfuzz/bot/builds/jsoncons_libfuzzer_msan/custom/fuzz_cbor+0x5a76bc)\n    #1 0x54ac50  (/clusterfuzz/run_bot/clusterfuzz/bot/builds/jsoncons_libfuzzer_msan/custom/fuzz_cbor+0x54ac50)\n    #2 0x52c1ed  (/clusterfuzz/run_bot/clusterfuzz/bot/builds/jsoncons_libfuzzer_msan/custom/fuzz_cbor+0x52c1ed)\n    #3 0x52b653  (/clusterfuzz/run_bot/clusterfuzz/bot/builds/jsoncons_libfuzzer_msan/custom/fuzz_cbor+0x52b653)\n    #4 0x4591a3  (/clusterfuzz/run_bot/clusterfuzz/bot/builds/jsoncons_libfuzzer_msan/custom/fuzz_cbor+0x4591a3)\n    #5 0x444ab2  (/clusterfuzz/run_bot/clusterfuzz/bot/builds/jsoncons_libfuzzer_msan/custom/fuzz_cbor+0x444ab2)\n    #6 0x44a57a  (/clusterfuzz/run_bot/clusterfuzz/bot/builds/jsoncons_libfuzzer_msan/custom/fuzz_cbor+0x44a57a)\n    #7 0x4734a2  (/clusterfuzz/run_bot/clusterfuzz/bot/builds/jsoncons_libfuzzer_msan/custom/fuzz_cbor+0x4734a2)\n    #8 0x7fde7013c0b2  (/lib/x86_64-linux-gnu/libc.so.6+0x270b2)\n    #9 0x421d3d  (/clusterfuzz/run_bot/clusterfuzz/bot/builds/jsoncons_libfuzzer_msan/custom/fuzz_cbor+0x421d3d)\n\n  Uninitialized value was stored to memory at\n    #0 0x5f10c1  (/clusterfuzz/run_bot/clusterfuzz/bot/builds/jsoncons_libfuzzer_msan/custom/fuzz_cbor+0x5f10c1)\n    #1 0x5c591b  (/clusterfuzz/run_bot/clusterfuzz/bot/builds/jsoncons_libfuzzer_msan/custom/fuzz_cbor+0x5c591b)\n    #2 0x5a831d  (/clusterfuzz/run_bot/clusterfuzz/bot/builds/jsoncons_libfuzzer_msan/custom/fuzz_cbor+0x5a831d)\n    #3 0x5a5366  (/clusterfuzz/run_bot/clusterfuzz/bot/builds/jsoncons_libfuzzer_msan/custom/fuzz_cbor+0x5a5366)\n    #4 0x54ac50  (/clusterfuzz/run_bot/clusterfuzz/bot/builds/jsoncons_libfuzzer_msan/custom/fuzz_cbor+0x54ac50)\n    #5 0x52c1ed  (/clusterfuzz/run_bot/clusterfuzz/bot/builds/jsoncons_libfuzzer_msan/custom/fuzz_cbor+0x52c1ed)\n    #6 0x52b653  (/clusterfuzz/run_bot/clusterfuzz/bot/builds/jsoncons_libfuzzer_msan/custom/fuzz_cbor+0x52b653)\n    #7 0x4591a3  (/clusterfuzz/run_bot/clusterfuzz/bot/builds/jsoncons_libfuzzer_msan/custom/fuzz_cbor+0x4591a3)\n    #8 0x444ab2  (/clusterfuzz/run_bot/clusterfuzz/bot/builds/jsoncons_libfuzzer_msan/custom/fuzz_cbor+0x444ab2)\n    #9 0x44a57a  (/clusterfuzz/run_bot/clusterfuzz/bot/builds/jsoncons_libfuzzer_msan/custom/fuzz_cbor+0x44a57a)\n    #10 0x4734a2  (/clusterfuzz/run_bot/clusterfuzz/bot/builds/jsoncons_libfuzzer_msan/custom/fuzz_cbor+0x4734a2)\n    #11 0x7fde7013c0b2  (/lib/x86_64-linux-gnu/libc.so.6+0x270b2)\n\n  Uninitialized value was stored to memory at\n    #0 0x5c5f86  (/clusterfuzz/run_bot/clusterfuzz/bot/builds/jsoncons_libfuzzer_msan/custom/fuzz_cbor+0x5c5f86)\n    #1 0x5a831d  (/clusterfuzz/run_bot/clusterfuzz/bot/builds/jsoncons_libfuzzer_msan/custom/fuzz_cbor+0x5a831d)\n    #2 0x5a5366  (/clusterfuzz/run_bot/clusterfuzz/bot/builds/jsoncons_libfuzzer_msan/custom/fuzz_cbor+0x5a5366)\n    #3 0x54ac50  (/clusterfuzz/run_bot/clusterfuzz/bot/builds/jsoncons_libfuzzer_msan/custom/fuzz_cbor+0x54ac50)\n    #4 0x52c1ed  (/clusterfuzz/run_bot/clusterfuzz/bot/builds/jsoncons_libfuzzer_msan/custom/fuzz_cbor+0x52c1ed)\n    #5 0x52b653  (/clusterfuzz/run_bot/clusterfuzz/bot/builds/jsoncons_libfuzzer_msan/custom/fuzz_cbor+0x52b653)\n    #6 0x4591a3  (/clusterfuzz/run_bot/clusterfuzz/bot/builds/jsoncons_libfuzzer_msan/custom/fuzz_cbor+0x4591a3)\n    #7 0x444ab2  (/clusterfuzz/run_bot/clusterfuzz/bot/builds/jsoncons_libfuzzer_msan/custom/fuzz_cbor+0x444ab2)\n    #8 0x44a57a  (/clusterfuzz/run_bot/clusterfuzz/bot/builds/jsoncons_libfuzzer_msan/custom/fuzz_cbor+0x44a57a)\n    #9 0x4734a2  (/clusterfuzz/run_bot/clusterfuzz/bot/builds/jsoncons_libfuzzer_msan/custom/fuzz_cbor+0x4734a2)\n    #10 0x7fde7013c0b2  (/lib/x86_64-linux-gnu/libc.so.6+0x270b2)\n\n  Uninitialized value was created by an allocation of 'buf31' in the stack frame of function '_ZN8jsoncons4cbor17basic_cbor_parserINS_13stream_sourceIhEENSt3__19allocatorIcEEE16get_uint64_valueERNS4_10error_codeE'\n    #0 0x5ac550  (/clusterfuzz/run_bot/clusterfuzz/bot/builds/jsoncons_libfuzzer_msan/custom/fuzz_cbor+0x5ac550)\n", "crash_state": "jsoncons::cbor::basic_cbor_parser<jsoncons::stream_source<unsigned char>, std::_\njsoncons::cbor::basic_cbor_reader<jsoncons::stream_source<unsigned char>, std::_\nstd::__1::enable_if<type_traits::is_basic_json<jsoncons::basic_json<char, jsonco\n", "crash_type": "Use-of-uninitialized-value", "disable_ubsan": false, "duplicate_of": null, "fixed": "", "flaky_stack": false, "fuzzed_keys": "6f80e06b-d20b-4cf2-8e48-234dc4af7843", "fuzzer_name": "libFuzzer", "fuzzer_name_indices": ["libFuzzer", "libFuzzer_fuzz_cbor"], "gestures": [], "group_bug_information": 0, "group_id": 19092, "has_bug_flag": false, "http_flag": false, "impact_beta_version": null, "impact_beta_version_indices": [], "impact_beta_version_likely": false, "impact_extended_stable_version": null, "impact_extended_stable_version_indices": [], "impact_extended_stable_version_likely": false, "impact_head_version": null, "impact_head_version_indices": [], "impact_head_version_likely": null, "impact_indices": [], "impact_stable_version": null, "impact_stable_version_indices": [], "impact_stable_version_likely": false, "impact_version_indices": [], "is_a_duplicate_flag": false, "is_impact_set_flag": false, "is_leader": true, "job_type": "jsoncons_libfuzzer_msan", "keywords": ["if", "if<type_traits::is", "traits::is", "use-of-uninitialized-value", "lib", "cbor_reader<jsoncons::stream_source<unsigned char", "jsoncons::stream_source<unsigned char", "traits::is_basic_json<jsoncons::basic_json", "std::__1::enable_if<type", "basic_json<char, jsonco", "parser<jsoncons::stream_source<unsigned char>, std::_", "cbor_reader<jsoncons::stream_source<unsigned char>, std", "cbor_reader<jsoncons::stream_source<unsigned", "libfuzzer_fuzz_cbor", "cbor_parser<jsoncons::stream_source<unsigned char>, std", "stream_source", "traits::is_basic_json<jsoncons", "jsoncons::cbor::basic_cbor_parser<jsoncons::stream", "if<type_traits::is_basic_json<jsoncons::basic", "jsoncons::cbor::basic_cbor_reader<jsoncons", "cbor::basic_cbor_parser<jsoncons::stream_source", "cbor::basic_cbor_reader<jsoncons::stream", "std::__1::enable_if<type_traits::is_basic_json", "1::enable_if<type_traits", "char>, std::_", "value", "fuzzer", "reader<jsoncons::stream_source", "basic_cbor_reader<jsoncons::stream_source<unsigned", "source<unsigned char", "is_basic_json<jsoncons::basic_json", "json<char, jsonco", "cbor_reader<jsoncons::stream", "cbor::basic_cbor_reader<jsoncons::stream_source<unsigned char>, std", "cbor::basic_cbor_reader<jsoncons::stream_source", "type", "parser<jsoncons::stream_source<unsigned char", "jsonco", "is_basic_json<jsoncons::basic_json<char", "basic_cbor_reader<jsoncons::stream_source<unsigned char>, std::_", "jsoncons::stream_source<unsigned char>, std::_", "basic_cbor_reader<jsoncons::stream", "reader<jsoncons::stream_source<unsigned char>, std::_", "json<jsoncons::basic_json<char, jsonco", "basic_json<jsoncons::basic_json<char, jsonco", "cbor_parser<jsoncons::stream_source<unsigned", "is_basic_json<jsoncons", "if<type_traits::is_basic", "basic_cbor_reader<jsoncons", "cbor_reader<jsoncons::stream_source<unsigned char>, std::_", "jsoncons::stream_source<unsigned char>, std", "cbor_parser<jsoncons::stream_source<unsigned char>, std::_", "std::__1", "source<unsigned char>, std::_", "json<jsoncons::basic", "basic_cbor_parser<jsoncons", "stream", "basic_cbor_reader<jsoncons::stream_source<unsigned char", "1::enable_if", "1::enable_if<type_traits::is_basic", "basic_cbor_parser", "enable_if<type_traits::is_basic", "jsoncons::cbor::basic_cbor_parser<jsoncons", "stream_source<unsigned char", "type_traits", "parser", "jsoncons::stream_source<unsigned", "basic_cbor_reader<jsoncons::stream_source<unsigned char>, std", "enable_if<type_traits::is_basic_json", "jsoncons::cbor::basic_cbor_reader<jsoncons::stream_source<unsigned char>, std::_", "jsoncons::cbor::basic", "if<type_traits", "parser<jsoncons", "cbor", "reader<jsoncons::stream", "cbor::basic_cbor_parser<jsoncons::stream_source<unsigned", "reader<jsoncons::stream_source<unsigned char", "type_traits::is_basic_json<jsoncons", "basic_json<jsoncons::basic", "jsoncons::cbor::basic_cbor_reader<jsoncons::stream_source<unsigned", "enable_if<type", "std::_", "std::__1::enable", "std::__1::enable_if<type_traits::is", "enable_if<type_traits", "json<jsoncons::basic_json<char", "enable", "uninitialized-value", "stream_source<unsigned char>, std", "char", "jsoncons::basic_json<char", "basic_json<jsoncons", "jsoncons::cbor::basic_cbor_parser<jsoncons::stream_source", "of-uninitialized-value", "unsigned char>, std::_", "1", "if<type_traits::is_basic_json<jsoncons::basic_json<char", "type_traits::is", "std::__1::enable_if", "stream_source<unsigned", "std::__1::enable_if<type_traits::is_basic_json<jsoncons::basic_json<char, jsonco", "unsigned char", "jsoncons::cbor::basic_cbor_reader<jsoncons::stream", "traits::is_basic", "cbor::basic_cbor_reader", "cbor::basic_cbor_parser<jsoncons::stream", "cbor_reader", "enable_if<type_traits::is_basic_json<jsoncons::basic_json", "type_traits::is_basic_json<jsoncons::basic_json", "jsoncons::cbor", "jsoncons::cbor::basic_cbor", "cbor::basic", "jsoncons::stream", "if<type_traits::is_basic_json", "reader", "char>, std", "type_traits::is_basic_json<jsoncons::basic", "cbor::basic_cbor_parser", "traits::is_basic_json<jsoncons::basic_json<char, jsonco", "reader<jsoncons::stream_source<unsigned char>, std", "enable_if<type_traits::is_basic_json<jsoncons::basic", "traits::is_basic_json<jsoncons::basic_json<char", "jsoncons::cbor::basic_cbor_parser", "libfuzzer_fuzz", "json<jsoncons", "cbor::basic_cbor_reader<jsoncons::stream_source<unsigned", "fuzzer_fuzz_cbor", "msan", "cbor_parser", "std::__1::enable_if<type_traits", "fuzz", "cbor_reader<jsoncons", "basic_cbor_parser<jsoncons::stream_source<unsigned char", "use", "source<unsigned", "basic_cbor_parser<jsoncons::stream_source<unsigned char>, std::_", "stream_source<unsigned char>, std::_", "1::enable_if<type_traits::is_basic_json<jsoncons::basic", "json<jsoncons::basic_json", "1::enable_if<type_traits::is_basic_json<jsoncons", "basic_cbor_parser<jsoncons::stream_source<unsigned", "basic_cbor", "is_basic_json", "basic", "basic_cbor_reader", "source", "reader<jsoncons::stream_source<unsigned", "unsigned", "traits::is_basic_json<jsoncons::basic", "cbor_parser<jsoncons::stream_source", "traits", "is", "jsoncons::cbor::basic_cbor_reader", "type_traits::is_basic_json<jsoncons::basic_json<char", "cbor::basic_cbor_parser<jsoncons", "enable_if<type_traits::is_basic_json<jsoncons", "is_basic", "jsoncons_libfuzzer_msan", "jsoncons::cbor::basic_cbor_reader<jsoncons::stream_source", "type_traits::is_basic", "jsoncons", "parser<jsoncons::stream_source", "uninitialized", "enable_if<type_traits::is", "parser<jsoncons::stream_source<unsigned char>, std", "jsoncons::cbor::basic_cbor_parser<jsoncons::stream_source<unsigned", "type_traits::is_basic_json<jsoncons::basic_json<char, jsonco", "reader<jsoncons", "jsoncons::cbor::basic_cbor_parser<jsoncons::stream_source<unsigned char", "cbor_parser<jsoncons::stream_source<unsigned char", "std::__1::enable_if<type_traits::is_basic_json<jsoncons", "parser<jsoncons::stream_source<unsigned", "1::enable_if<type", "jsoncons_libfuzzer", "cbor::basic_cbor_parser<jsoncons::stream_source<unsigned char>, std", "type_traits::is_basic_json", "is_basic_json<jsoncons::basic", "jsoncons::basic_json", "jsoncons::basic_json<char, jsonco", "cbor_reader<jsoncons::stream_source", "parser<jsoncons::stream", "cbor::basic_cbor_reader<jsoncons", "std::__1::enable_if<type_traits::is_basic", "libfuzzer_msan", "fuzz_cbor", "basic_json<jsoncons::basic_json<char", "json", "1::enable_if<type_traits::is_basic_json", "if<type", "jsoncons::basic", "std", "cbor::basic_cbor_parser<jsoncons::stream_source<unsigned char", "jsoncons::cbor::basic_cbor_parser<jsoncons::stream_source<unsigned char>, std::_", "source<unsigned char>, std", "jsoncons::stream_source", "json<char", "basic_json<char", "use-of-uninitialized", "basic_cbor_parser<jsoncons::stream", "jsoncons::cbor::basic_cbor_reader<jsoncons::stream_source<unsigned char", "if<type_traits::is_basic_json<jsoncons", "basic_cbor_parser<jsoncons::stream_source", "basic_json", "char, jsonco", "cbor_parser<jsoncons::stream", "cbor::basic_cbor", "cbor::basic_cbor_reader<jsoncons::stream_source<unsigned char", "of-uninitialized", "basic_cbor_reader<jsoncons::stream_source", "libfuzzer", "if<type_traits::is_basic_json<jsoncons::basic_json", "fuzzer_fuzz", "of", "cbor_parser<jsoncons", "1::enable_if<type_traits::is", "basic_cbor_parser<jsoncons::stream_source<unsigned char>, std", "unsigned char>, std", "enable_if", "traits::is_basic_json", "is_basic_json<jsoncons::basic_json<char, jsonco", "linux", "1::enable", "basic_json<jsoncons::basic_json", "use-of"], "last_tested_crash_stacktrace": "[Environment] MSAN_OPTIONS=exitcode=77\n+----------------------------------------Release Build Stacktrace----------------------------------------+\nCommand: /clusterfuzz/run_bot/clusterfuzz/bot/builds/jsoncons_libfuzzer_msan/custom/fuzz_cbor -rss_limit_mb=2560 -timeout=60 -runs=100 /clusterfuzz/run_bot/clusterfuzz/bot/inputs/fuzzer-testcases/crash-585dc33774ae44d450789e3169e429e63764fa29\nTime ran: 0.0378270149230957\n\nINFO: Running with entropic power schedule (0xFF, 100).\nINFO: Seed: 1728091485\nINFO: Loaded 1 modules   (5647 inline 8-bit counters): 5647 [0x82f988, 0x830f97),\nINFO: Loaded 1 PC tables (5647 PCs): 5647 [0x793f00,0x7a9ff0),\n/clusterfuzz/run_bot/clusterfuzz/bot/builds/jsoncons_libfuzzer_msan/custom/fuzz_cbor: Running 1 inputs 100 time(s) each.\nRunning: /clusterfuzz/run_bot/clusterfuzz/bot/inputs/fuzzer-testcases/crash-585dc33774ae44d450789e3169e429e63764fa29\n==6130==WARNING: MemorySanitizer: use-of-uninitialized-value\n    #0 0x5a76bc in jsoncons::cbor::basic_cbor_parser<jsoncons::stream_source<unsigned char>, std::__1::allocator<char> >::parse(jsoncons::basic_json_visitor2<char>&, std::__1::error_code&) /src/jsoncons/include/jsoncons_ext/cbor/cbor_parser.hpp:228:25\n    #1 0x54ac50 in read /src/jsoncons/include/jsoncons_ext/cbor/cbor_reader.hpp:87:17\n    #2 0x54ac50 in jsoncons::cbor::basic_cbor_reader<jsoncons::stream_source<unsigned char>, std::__1::allocator<char> >::read() /src/jsoncons/include/jsoncons_ext/cbor/cbor_reader.hpp:77:9\n    #3 0x52c1ed in std::__1::enable_if<type_traits::is_basic_json<jsoncons::basic_json<char, jsoncons::sorted_policy, std::__1::allocator<char> > >::value, jsoncons::basic_json<char, jsoncons::sorted_policy, std::__1::allocator<char> > >::type jsoncons::cbor::decode_cbor<jsoncons::basic_json<char, jsoncons::sorted_policy, std::__1::allocator<char> > >(std::__1::basic_istream<char, std::__1::char_traits<char> >&, jsoncons::cbor::cbor_decode_options const&) /src/jsoncons/include/jsoncons_ext/cbor/decode_cbor.hpp:68:16\n    #4 0x52b653 in LLVMFuzzerTestOneInput /src/jsoncons/fuzzers/fuzz_cbor.cpp:15:27\n    #5 0x4591a3 in fuzzer::Fuzzer::ExecuteCallback(unsigned char const*, unsigned long) cxa_noexception.cpp:0\n    #6 0x444ab2 in fuzzer::RunOneTest(fuzzer::Fuzzer*, char const*, unsigned long) /src/llvm-project/compiler-rt/lib/fuzzer/FuzzerDriver.cpp:324:6\n    #7 0x44a57a in fuzzer::FuzzerDriver(int*, char***, int (*)(unsigned char const*, unsigned long)) cxa_noexception.cpp:0\n    #8 0x4734a2 in main /src/llvm-project/compiler-rt/lib/fuzzer/FuzzerMain.cpp:20:10\n    #9 0x7fc4d1d9d0b2 in __libc_start_main\n    #10 0x421d3d in _start\n\n  Uninitialized value was stored to memory at\n    #0 0x5f10c1 in parse_state /src/jsoncons/include/jsoncons_ext/cbor/cbor_parser.hpp:71:23\n    #1 0x5f10c1 in construct<jsoncons::cbor::parse_state, jsoncons::cbor::parse_mode, unsigned long &, bool &> /usr/local/include/c++/v1/__memory/allocator.h:151:28\n    #2 0x5f10c1 in construct<jsoncons::cbor::parse_state, jsoncons::cbor::parse_mode, unsigned long &, bool &, void> /usr/local/include/c++/v1/__memory/allocator_traits.h:290:13\n    #3 0x5f10c1 in void std::__1::vector<jsoncons::cbor::parse_state, std::__1::allocator<jsoncons::cbor::parse_state> >::__emplace_back_slow_path<jsoncons::cbor::parse_mode, unsigned long&, bool&>(jsoncons::cbor::parse_mode&&, unsigned long&, bool&) /usr/local/include/c++/v1/vector:1676:5\n    #4 0x5c591b in emplace_back<jsoncons::cbor::parse_mode, unsigned long &, bool &> /usr/local/include/c++/v1/vector:1696:9\n    #5 0x5c591b in jsoncons::cbor::basic_cbor_parser<jsoncons::stream_source<unsigned char>, std::__1::allocator<char> >::begin_array(jsoncons::basic_json_visitor2<char>&, unsigned char, std::__1::error_code&) /src/jsoncons/include/jsoncons_ext/cbor/cbor_parser.hpp:609:30\n    #6 0x5a831d in jsoncons::cbor::basic_cbor_parser<jsoncons::stream_source<unsigned char>, std::__1::allocator<char> >::read_item(jsoncons::basic_json_visitor2<char>&, std::__1::error_code&) /src/jsoncons/include/jsoncons_ext/cbor/cbor_parser.hpp:562:21\n    #7 0x5a5366 in jsoncons::cbor::basic_cbor_parser<jsoncons::stream_source<unsigned char>, std::__1::allocator<char> >::parse(jsoncons::basic_json_visitor2<char>&, std::__1::error_code&) /src/jsoncons/include/jsoncons_ext/cbor/cbor_parser.hpp:0:46\n    #8 0x54ac50 in read /src/jsoncons/include/jsoncons_ext/cbor/cbor_reader.hpp:87:17\n    #9 0x54ac50 in jsoncons::cbor::basic_cbor_reader<jsoncons::stream_source<unsigned char>, std::__1::allocator<char> >::read() /src/jsoncons/include/jsoncons_ext/cbor/cbor_reader.hpp:77:9\n    #10 0x52c1ed in std::__1::enable_if<type_traits::is_basic_json<jsoncons::basic_json<char, jsoncons::sorted_policy, std::__1::allocator<char> > >::value, jsoncons::basic_json<char, jsoncons::sorted_policy, std::__1::allocator<char> > >::type jsoncons::cbor::decode_cbor<jsoncons::basic_json<char, jsoncons::sorted_policy, std::__1::allocator<char> > >(std::__1::basic_istream<char, std::__1::char_traits<char> >&, jsoncons::cbor::cbor_decode_options const&) /src/jsoncons/include/jsoncons_ext/cbor/decode_cbor.hpp:68:16\n    #11 0x52b653 in LLVMFuzzerTestOneInput /src/jsoncons/fuzzers/fuzz_cbor.cpp:15:27\n    #12 0x4591a3 in fuzzer::Fuzzer::ExecuteCallback(unsigned char const*, unsigned long) cxa_noexception.cpp:0\n    #13 0x444ab2 in fuzzer::RunOneTest(fuzzer::Fuzzer*, char const*, unsigned long) /src/llvm-project/compiler-rt/lib/fuzzer/FuzzerDriver.cpp:324:6\n    #14 0x44a57a in fuzzer::FuzzerDriver(int*, char***, int (*)(unsigned char const*, unsigned long)) cxa_noexception.cpp:0\n    #15 0x4734a2 in main /src/llvm-project/compiler-rt/lib/fuzzer/FuzzerMain.cpp:20:10\n    #16 0x7fc4d1d9d0b2 in __libc_start_main\n\n  Uninitialized value was stored to memory at\n    #0 0x5c5f86 in jsoncons::cbor::basic_cbor_parser<jsoncons::stream_source<unsigned char>, std::__1::allocator<char> >::begin_array(jsoncons::basic_json_visitor2<char>&, unsigned char, std::__1::error_code&) /src/jsoncons/include/jsoncons_ext/cbor/cbor_parser.hpp:604:29\n    #1 0x5a831d in jsoncons::cbor::basic_cbor_parser<jsoncons::stream_source<unsigned char>, std::__1::allocator<char> >::read_item(jsoncons::basic_json_visitor2<char>&, std::__1::error_code&) /src/jsoncons/include/jsoncons_ext/cbor/cbor_parser.hpp:562:21\n    #2 0x5a5366 in jsoncons::cbor::basic_cbor_parser<jsoncons::stream_source<unsigned char>, std::__1::allocator<char> >::parse(jsoncons::basic_json_visitor2<char>&, std::__1::error_code&) /src/jsoncons/include/jsoncons_ext/cbor/cbor_parser.hpp:0:46\n    #3 0x54ac50 in read /src/jsoncons/include/jsoncons_ext/cbor/cbor_reader.hpp:87:17\n    #4 0x54ac50 in jsoncons::cbor::basic_cbor_reader<jsoncons::stream_source<unsigned char>, std::__1::allocator<char> >::read() /src/jsoncons/include/jsoncons_ext/cbor/cbor_reader.hpp:77:9\n    #5 0x52c1ed in std::__1::enable_if<type_traits::is_basic_json<jsoncons::basic_json<char, jsoncons::sorted_policy, std::__1::allocator<char> > >::value, jsoncons::basic_json<char, jsoncons::sorted_policy, std::__1::allocator<char> > >::type jsoncons::cbor::decode_cbor<jsoncons::basic_json<char, jsoncons::sorted_policy, std::__1::allocator<char> > >(std::__1::basic_istream<char, std::__1::char_traits<char> >&, jsoncons::cbor::cbor_decode_options const&) /src/jsoncons/include/jsoncons_ext/cbor/decode_cbor.hpp:68:16\n    #6 0x52b653 in LLVMFuzzerTestOneInput /src/jsoncons/fuzzers/fuzz_cbor.cpp:15:27\n    #7 0x4591a3 in fuzzer::Fuzzer::ExecuteCallback(unsigned char const*, unsigned long) cxa_noexception.cpp:0\n    #8 0x444ab2 in fuzzer::RunOneTest(fuzzer::Fuzzer*, char const*, unsigned long) /src/llvm-project/compiler-rt/lib/fuzzer/FuzzerDriver.cpp:324:6\n    #9 0x44a57a in fuzzer::FuzzerDriver(int*, char***, int (*)(unsigned char const*, unsigned long)) cxa_noexception.cpp:0\n    #10 0x4734a2 in main /src/llvm-project/compiler-rt/lib/fuzzer/FuzzerMain.cpp:20:10\n    #11 0x7fc4d1d9d0b2 in __libc_start_main\n\n  Uninitialized value was created by an allocation of 'buf31' in the stack frame of function '_ZN8jsoncons4cbor17basic_cbor_parserINS_13stream_sourceIhEENSt3__19allocatorIcEEE16get_uint64_valueERNS4_10error_codeE'\n    #0 0x5ac550 in jsoncons::cbor::basic_cbor_parser<jsoncons::stream_source<unsigned char>, std::__1::allocator<char> >::get_uint64_value(std::__1::error_code&) /src/jsoncons/include/jsoncons_ext/cbor/cbor_parser.hpp:848\n\nSUMMARY: MemorySanitizer: use-of-uninitialized-value (/clusterfuzz/run_bot/clusterfuzz/bot/builds/jsoncons_libfuzzer_msan/custom/fuzz_cbor+0x5a76bc)\nExiting\n\n\n+----------------------------------------Release Build Unsymbolized Stacktrace (diff)----------------------------------------+\n\nRunning: /clusterfuzz/run_bot/clusterfuzz/bot/inputs/fuzzer-testcases/crash-585dc33774ae44d450789e3169e429e63764fa29\n==6130==WARNING: MemorySanitizer: use-of-uninitialized-value\n    #0 0x5a76bc  (/clusterfuzz/run_bot/clusterfuzz/bot/builds/jsoncons_libfuzzer_msan/custom/fuzz_cbor+0x5a76bc)\n    #1 0x54ac50  (/clusterfuzz/run_bot/clusterfuzz/bot/builds/jsoncons_libfuzzer_msan/custom/fuzz_cbor+0x54ac50)\n    #2 0x52c1ed  (/clusterfuzz/run_bot/clusterfuzz/bot/builds/jsoncons_libfuzzer_msan/custom/fuzz_cbor+0x52c1ed)\n    #3 0x52b653  (/clusterfuzz/run_bot/clusterfuzz/bot/builds/jsoncons_libfuzzer_msan/custom/fuzz_cbor+0x52b653)\n    #4 0x4591a3  (/clusterfuzz/run_bot/clusterfuzz/bot/builds/jsoncons_libfuzzer_msan/custom/fuzz_cbor+0x4591a3)\n    #5 0x444ab2  (/clusterfuzz/run_bot/clusterfuzz/bot/builds/jsoncons_libfuzzer_msan/custom/fuzz_cbor+0x444ab2)\n    #6 0x44a57a  (/clusterfuzz/run_bot/clusterfuzz/bot/builds/jsoncons_libfuzzer_msan/custom/fuzz_cbor+0x44a57a)\n    #7 0x4734a2  (/clusterfuzz/run_bot/clusterfuzz/bot/builds/jsoncons_libfuzzer_msan/custom/fuzz_cbor+0x4734a2)\n    #8 0x7fc4d1d9d0b2  (/lib/x86_64-linux-gnu/libc.so.6+0x270b2)\n    #9 0x421d3d  (/clusterfuzz/run_bot/clusterfuzz/bot/builds/jsoncons_libfuzzer_msan/custom/fuzz_cbor+0x421d3d)\n\n  Uninitialized value was stored to memory at\n    #0 0x5f10c1  (/clusterfuzz/run_bot/clusterfuzz/bot/builds/jsoncons_libfuzzer_msan/custom/fuzz_cbor+0x5f10c1)\n    #1 0x5c591b  (/clusterfuzz/run_bot/clusterfuzz/bot/builds/jsoncons_libfuzzer_msan/custom/fuzz_cbor+0x5c591b)\n    #2 0x5a831d  (/clusterfuzz/run_bot/clusterfuzz/bot/builds/jsoncons_libfuzzer_msan/custom/fuzz_cbor+0x5a831d)\n    #3 0x5a5366  (/clusterfuzz/run_bot/clusterfuzz/bot/builds/jsoncons_libfuzzer_msan/custom/fuzz_cbor+0x5a5366)\n    #4 0x54ac50  (/clusterfuzz/run_bot/clusterfuzz/bot/builds/jsoncons_libfuzzer_msan/custom/fuzz_cbor+0x54ac50)\n    #5 0x52c1ed  (/clusterfuzz/run_bot/clusterfuzz/bot/builds/jsoncons_libfuzzer_msan/custom/fuzz_cbor+0x52c1ed)\n    #6 0x52b653  (/clusterfuzz/run_bot/clusterfuzz/bot/builds/jsoncons_libfuzzer_msan/custom/fuzz_cbor+0x52b653)\n    #7 0x4591a3  (/clusterfuzz/run_bot/clusterfuzz/bot/builds/jsoncons_libfuzzer_msan/custom/fuzz_cbor+0x4591a3)\n    #8 0x444ab2  (/clusterfuzz/run_bot/clusterfuzz/bot/builds/jsoncons_libfuzzer_msan/custom/fuzz_cbor+0x444ab2)\n    #9 0x44a57a  (/clusterfuzz/run_bot/clusterfuzz/bot/builds/jsoncons_libfuzzer_msan/custom/fuzz_cbor+0x44a57a)\n    #10 0x4734a2  (/clusterfuzz/run_bot/clusterfuzz/bot/builds/jsoncons_libfuzzer_msan/custom/fuzz_cbor+0x4734a2)\n    #11 0x7fc4d1d9d0b2  (/lib/x86_64-linux-gnu/libc.so.6+0x270b2)\n\n  Uninitialized value was stored to memory at\n    #0 0x5c5f86  (/clusterfuzz/run_bot/clusterfuzz/bot/builds/jsoncons_libfuzzer_msan/custom/fuzz_cbor+0x5c5f86)\n    #1 0x5a831d  (/clusterfuzz/run_bot/clusterfuzz/bot/builds/jsoncons_libfuzzer_msan/custom/fuzz_cbor+0x5a831d)\n    #2 0x5a5366  (/clusterfuzz/run_bot/clusterfuzz/bot/builds/jsoncons_libfuzzer_msan/custom/fuzz_cbor+0x5a5366)\n    #3 0x54ac50  (/clusterfuzz/run_bot/clusterfuzz/bot/builds/jsoncons_libfuzzer_msan/custom/fuzz_cbor+0x54ac50)\n    #4 0x52c1ed  (/clusterfuzz/run_bot/clusterfuzz/bot/builds/jsoncons_libfuzzer_msan/custom/fuzz_cbor+0x52c1ed)\n    #5 0x52b653  (/clusterfuzz/run_bot/clusterfuzz/bot/builds/jsoncons_libfuzzer_msan/custom/fuzz_cbor+0x52b653)\n    #6 0x4591a3  (/clusterfuzz/run_bot/clusterfuzz/bot/builds/jsoncons_libfuzzer_msan/custom/fuzz_cbor+0x4591a3)\n    #7 0x444ab2  (/clusterfuzz/run_bot/clusterfuzz/bot/builds/jsoncons_libfuzzer_msan/custom/fuzz_cbor+0x444ab2)\n    #8 0x44a57a  (/clusterfuzz/run_bot/clusterfuzz/bot/builds/jsoncons_libfuzzer_msan/custom/fuzz_cbor+0x44a57a)\n    #9 0x4734a2  (/clusterfuzz/run_bot/clusterfuzz/bot/builds/jsoncons_libfuzzer_msan/custom/fuzz_cbor+0x4734a2)\n    #10 0x7fc4d1d9d0b2  (/lib/x86_64-linux-gnu/libc.so.6+0x270b2)\n\n  Uninitialized value was created by an allocation of 'buf31' in the stack frame of function '_ZN8jsoncons4cbor17basic_cbor_parserINS_13stream_sourceIhEENSt3__19allocatorIcEEE16get_uint64_valueERNS4_10error_codeE'\n    #0 0x5ac550  (/clusterfuzz/run_bot/clusterfuzz/bot/builds/jsoncons_libfuzzer_msan/custom/fuzz_cbor+0x5ac550)\n", "minidump_keys": "", "minimized_arguments": "-rss_limit_mb=2560 -timeout=60", "minimized_keys": "2799bf5f-86ac-4e6a-8e40-ad4ca4f319a4", "one_time_crasher_flag": false, "open": true, "overridden_fuzzer_name": "libFuzzer_fuzz_cbor", "platform": "linux", "platform_id": "linux", "project_name": "test-project", "queue": "jobs-linux", "redzone": 16, "regression": "NA", "security_flag": true, "security_severity": 2, "status": "Processed", "symbolized": false, "timeout_multiplier": 1.0, "timestamp": 1638144713, "triaged": false, "uploader_email": null, "window_argument": "", "id": 15273}, "timestamp": 1638144713.049776, "show_blame": false, "show_impact": false, "impacts_production": false, "find_similar_issues_options": [{"type": "open", "label": "Open"}, {"type": "all", "label": "All"}], "auto_delete_timestamp": null, "auto_close_timestamp": null, "memory_tool_display_label": "Sanitizer", "memory_tool_display_value": "memory (MSAN)", "last_tested": "1:1 (No component revisions found!)", "is_admin_or_not_oss_fuzz": true, "has_issue_tracker": false, "reproduction_help_url": "", "is_local_development": true, "fuzzer_display": {"engine": "libFuzzer", "target": "fuzz_cbor", "name": "libFuzzer", "fully_qualified_name": "libFuzzer_fuzz_cbor"}}