{"id": 15907, "crash_type": "Heap-buffer-overflow WRITE 1", "crash_address": "0x60d00002e0ec", "crash_state": "check_bad_address\ncheck_for_bogus_wildcard\nFuzzCheckForBogusWildcard\n", "crash_state_lines": ["check_bad_address", "check_for_bogus_wildcard", "FuzzCheckForBogusWildcard"], "crash_revision": 1, "csrf_token": "D6S+cXG/eQvjQp1jhkN2Yfq5FoCaAiuUjD0oLthouNSAPb8xaAgWvNikB3AHnFnrgfWQIz/OKB4owWUbxHHo3A==", "external_user": false, "footer": "[2021-11-29 00:13:05 UTC] snode10-20211128-16:44: Fuzz task : Fuzzer libFuzzer_fuzz_rfc1035 generated testcase crashed in 0 seconds (r1).\n[2021-11-29 00:21:13 UTC] snode5-20211128-16:40: Minimize task started.\n[2021-11-30 00:11:23 UTC] comput18-20211129-15:14: Progression task started.\n[2021-11-30 00:12:44 UTC] comput18-20211129-15:14: Progression task finished: still crashes on latest custom build.\n", "formatted_reproduction_help": "", "fixed": "NO", "fixed_full": null, "issue_url": null, "is_admin": true, "metadata": {"build_key": "a2bfdbec-8533-4759-ae27-1a2502f7ca41", "env": {"ASAN_OPTIONS": {}}, "fuzzer_binary_name": "fuzz_rfc1035", "fuzzing_strategies": {"corpus_subset": 125}, "last_tested_crash_revision": null, "last_tested_crash_time": 1638231164, "last_tested_revision": null}, "minimized_testcase_size": "2 KB", "needs_refresh": false, "original_testcase_size": "2 KB", "privileged_user": true, "regression": "NA", "crash_stacktrace": {"lines": [{"lineNumber": 1, "content": "[Environment] ASAN_OPTIONS=alloc_dealloc_mismatch=0:allocator_may_return_null=1:allocator_release_to_os_interval_ms=500:allow_user_segv_handler=0:check_malloc_usable_size=0:detect_leaks=1:detect_odr_violation=0:detect_stack_use_after_return=1:exitcode=77:fast_unwind_on_fatal=0:handle_abort=2:handle_segv=2:handle_sigbus=2:handle_sigfpe=2:handle_sigill=2:max_uar_stack_size_log=16:print_scariness=1:print_summary=1:print_suppressions=0:quarantine_size_mb=64:redzone=128:strict_memcmp=1:symbolize=0:use_sigaltstack=1", "important": false, "type": "Line"}, {"lineNumber": 2, "content": "+----------------------------------------Release Build Stacktrace----------------------------------------+", "important": false, "type": "Line"}, {"lineNumber": 3, "content": "INFO: Running with entropic power schedule (0xFF, 100).", "important": false, "type": "Line"}, {"lineNumber": 4, "content": "INFO: Seed: 1305399875", "important": false, "type": "Line"}, {"lineNumber": 5, "content": "INFO: Loaded 1 modules   (13334 inline 8-bit counters): 13334 [0x731a50, 0x734e66),", "important": false, "type": "Line"}, {"lineNumber": 6, "content": "INFO: Loaded 1 PC tables (13334 PCs): 13334 [0x69d4d8,0x6d1638),", "important": false, "type": "Line"}, {"lineNumber": 7, "content": "INFO:        0 files found in /clusterfuzz/run_bot/clusterfuzz/bot/inputs/fuzzer-testcases-disk/temp-22/new", "important": false, "type": "Line"}, {"lineNumber": 8, "content": "INFO:      125 files found in /clusterfuzz/run_bot/clusterfuzz/bot/inputs/fuzzer-testcases-disk/temp-22/subset", "important": false, "type": "Line"}, {"lineNumber": 9, "content": "INFO: -max_len is not provided; libFuzzer will not generate inputs larger than 65086 bytes", "important": false, "type": "Line"}, {"lineNumber": 10, "content": "INFO: seed corpus: files: 125 min: 1b max: 65086b total: 638416b rss: 57Mb", "important": false, "type": "Line"}, {"lineNumber": 11, "content": "=================================================================", "important": false, "type": "Line"}, {"lineNumber": 12, "content": "==6681==ERROR: AddressSanitizer: heap-buffer-overflow on address 0x60d00002e0ec at pc 0x0000005f4c57 bp 0x7fffe5b97990 sp 0x7fffe5b97988", "important": false, "type": "Line"}, {"lineNumber": 13, "content": "WRITE of size 1 at 0x60d00002e0ec thread T0", "important": false, "type": "Line"}, {"lineNumber": 14, "content": "SCARINESS: 31 (1-byte-write-heap-buffer-overflow)", "important": false, "type": "Line"}, {"lineNumber": 15, "content": "    #0 0x5f4c56 in extract_name /src/dnsmasq/src/rfc1035.c:106:11", "important": false, "type": "Line"}, {"lineNumber": 16, "content": "    #1 0x5f4c56 in check_bad_address /src/dnsmasq/src/rfc1035.c:1151:20", "important": true, "type": "Line"}, {"lineNumber": 17, "content": "    #2 0x5f38f0 in check_for_bogus_wildcard /src/dnsmasq/src/rfc1035.c:1209:7", "important": true, "type": "Line"}, {"lineNumber": 18, "content": "    #3 0x5628e1 in FuzzCheckForBogusWildcard /src/fuzz_rfc1035.c:204:5", "important": true, "type": "Line"}, {"lineNumber": 19, "content": "    #4 0x562f58 in LLVMFuzzerTestOneInput /src/fuzz_rfc1035.c:258:7", "important": false, "type": "Line"}, {"lineNumber": 20, "content": "    #5 0x456dc3 in fuzzer::Fuzzer::ExecuteCallback(unsigned char const*, unsigned long) cxa_noexception.cpp:0", "important": false, "type": "Line"}, {"lineNumber": 21, "content": "    #6 0x4565aa in fuzzer::Fuzzer::RunOne(unsigned char const*, unsigned long, bool, fuzzer::InputInfo*, bool, bool*) cxa_noexception.cpp:0", "important": false, "type": "Line"}, {"lineNumber": 22, "content": "    #7 0x458404 in fuzzer::Fuzzer::ReadAndExecuteSeedCorpora(std::__Fuzzer::vector&lt;fuzzer::SizedFile, std::__Fuzzer::allocator&lt;fuzzer::SizedFile&gt; &gt;&amp;) cxa_noexception.cpp:0", "important": false, "type": "Line"}, {"lineNumber": 23, "content": "    #8 0x458639 in fuzzer::Fuzzer::Loop(std::__Fuzzer::vector&lt;fuzzer::SizedFile, std::__Fuzzer::allocator&lt;fuzzer::SizedFile&gt; &gt;&amp;) cxa_noexception.cpp:0", "important": false, "type": "Line"}, {"lineNumber": 24, "content": "    #9 0x44807d in fuzzer::FuzzerDriver(int*, char***, int (*)(unsigned char const*, unsigned long)) cxa_noexception.cpp:0", "important": false, "type": "Line"}, {"lineNumber": 25, "content": "    #10 0x4710c2 in main /src/llvm-project/compiler-rt/lib/fuzzer/FuzzerMain.cpp:20:10", "important": false, "type": "Line"}, {"lineNumber": 26, "content": "    #11 0x7f85181cb0b2 in __libc_start_main", "important": false, "type": "Line"}, {"lineNumber": 27, "content": "    #12 0x41f95d in _start", "important": false, "type": "Line"}, {"lineNumber": 28, "content": "", "important": false, "type": "Line"}, {"lineNumber": 29, "content": "0x60d00002e0ec is located 0 bytes to the right of 76-byte region [0x60d00002e0a0,0x60d00002e0ec)", "important": false, "type": "Line"}, {"lineNumber": 30, "content": "allocated by thread T0 here:", "important": false, "type": "Line"}, {"lineNumber": 31, "content": "    #0 0x525f8d in malloc /src/llvm-project/compiler-rt/lib/asan/asan_malloc_linux.cpp:129:3", "important": false, "type": "Line"}, {"lineNumber": 32, "content": "    #1 0x5627aa in get_null_terminated /src/fuzz_header.h:47:17", "important": false, "type": "Line"}, {"lineNumber": 33, "content": "    #2 0x5627aa in gb_get_null_terminated /src/fuzz_header.h:74:16", "important": false, "type": "Line"}, {"lineNumber": 34, "content": "    #3 0x5627aa in FuzzCheckForBogusWildcard /src/fuzz_rfc1035.c:190:17", "important": true, "type": "Line"}, {"lineNumber": 35, "content": "    #4 0x562f58 in LLVMFuzzerTestOneInput /src/fuzz_rfc1035.c:258:7", "important": false, "type": "Line"}, {"lineNumber": 36, "content": "    #5 0x456dc3 in fuzzer::Fuzzer::ExecuteCallback(unsigned char const*, unsigned long) cxa_noexception.cpp:0", "important": false, "type": "Line"}, {"lineNumber": 37, "content": "    #6 0x4565aa in fuzzer::Fuzzer::RunOne(unsigned char const*, unsigned long, bool, fuzzer::InputInfo*, bool, bool*) cxa_noexception.cpp:0", "important": false, "type": "Line"}, {"lineNumber": 38, "content": "    #7 0x458404 in fuzzer::Fuzzer::ReadAndExecuteSeedCorpora(std::__Fuzzer::vector&lt;fuzzer::SizedFile, std::__Fuzzer::allocator&lt;fuzzer::SizedFile&gt; &gt;&amp;) cxa_noexception.cpp:0", "important": false, "type": "Line"}, {"lineNumber": 39, "content": "    #8 0x458639 in fuzzer::Fuzzer::Loop(std::__Fuzzer::vector&lt;fuzzer::SizedFile, std::__Fuzzer::allocator&lt;fuzzer::SizedFile&gt; &gt;&amp;) cxa_noexception.cpp:0", "important": false, "type": "Line"}, {"lineNumber": 40, "content": "    #9 0x44807d in fuzzer::FuzzerDriver(int*, char***, int (*)(unsigned char const*, unsigned long)) cxa_noexception.cpp:0", "important": false, "type": "Line"}, {"lineNumber": 41, "content": "    #10 0x4710c2 in main /src/llvm-project/compiler-rt/lib/fuzzer/FuzzerMain.cpp:20:10", "important": false, "type": "Line"}, {"lineNumber": 42, "content": "    #11 0x7f85181cb0b2 in __libc_start_main", "important": false, "type": "Line"}, {"lineNumber": 43, "content": "", "important": false, "type": "Line"}, {"lineNumber": 44, "content": "SUMMARY: AddressSanitizer: heap-buffer-overflow (/clusterfuzz/run_bot/clusterfuzz/bot/builds/dnsmasq_libfuzzer_asan/custom/fuzz_rfc1035+0x5f4c56)", "important": false, "type": "Line"}, {"lineNumber": 45, "content": "Shadow bytes around the buggy address:", "important": false, "type": "Line"}, {"lineNumber": 46, "content": "  0x0c1a7fffdbc0: fa fa fa fa fa fa 00 00 00 00 00 00 00 00 00 04", "important": false, "type": "Line"}, {"lineNumber": 47, "content": "  0x0c1a7fffdbd0: fa fa fa fa fa fa fa fa fa fa fa fa fa fa fa fa", "important": false, "type": "Line"}, {"lineNumber": 48, "content": "  0x0c1a7fffdbe0: 00 00 00 00 00 00 00 00 00 04 fa fa fa fa fa fa", "important": false, "type": "Line"}, {"lineNumber": 49, "content": "  0x0c1a7fffdbf0: fa fa fa fa fa fa fa fa fa fa 00 00 00 00 00 00", "important": false, "type": "Line"}, {"lineNumber": 50, "content": "  0x0c1a7fffdc00: 00 00 00 04 fa fa fa fa fa fa fa fa fa fa fa fa", "important": false, "type": "Line"}, {"lineNumber": 51, "content": "=&gt;0x0c1a7fffdc10: fa fa fa fa 00 00 00 00 00 00 00 00 00[04]fa fa", "important": false, "type": "Line"}, {"lineNumber": 52, "content": "  0x0c1a7fffdc20: fa fa fa fa fa fa fa fa fa fa fa fa fa fa fa fa", "important": false, "type": "Line"}, {"lineNumber": 53, "content": "  0x0c1a7fffdc30: fa fa fa fa fa fa fa fa fa fa fa fa fa fa fa fa", "important": false, "type": "Line"}, {"lineNumber": 54, "content": "  0x0c1a7fffdc40: fa fa fa fa fa fa fa fa fa fa fa fa fa fa fa fa", "important": false, "type": "Line"}, {"lineNumber": 55, "content": "  0x0c1a7fffdc50: fa fa fa fa fa fa fa fa fa fa fa fa fa fa fa fa", "important": false, "type": "Line"}, {"lineNumber": 56, "content": "  0x0c1a7fffdc60: fa fa fa fa fa fa fa fa fa fa fa fa fa fa fa fa", "important": false, "type": "Line"}, {"lineNumber": 57, "content": "Shadow byte legend (one shadow byte represents 8 application bytes):", "important": false, "type": "Line"}, {"lineNumber": 58, "content": "  Addressable:           00", "important": false, "type": "Line"}, {"lineNumber": 59, "content": "  Partially addressable: 01 02 03 04 05 06 07", "important": false, "type": "Line"}, {"lineNumber": 60, "content": "  Heap left redzone:       fa", "important": false, "type": "Line"}, {"lineNumber": 61, "content": "  Freed heap region:       fd", "important": false, "type": "Line"}, {"lineNumber": 62, "content": "  Stack left redzone:      f1", "important": false, "type": "Line"}, {"lineNumber": 63, "content": "  Stack mid redzone:       f2", "important": false, "type": "Line"}, {"lineNumber": 64, "content": "  Stack right redzone:     f3", "important": false, "type": "Line"}, {"lineNumber": 65, "content": "  Stack after return:      f5", "important": false, "type": "Line"}, {"lineNumber": 66, "content": "  Stack use after scope:   f8", "important": false, "type": "Line"}, {"lineNumber": 67, "content": "  Global redzone:          f9", "important": false, "type": "Line"}, {"lineNumber": 68, "content": "  Global init order:       f6", "important": false, "type": "Line"}, {"lineNumber": 69, "content": "  Poisoned by user:        f7", "important": false, "type": "Line"}, {"lineNumber": 70, "content": "  Container overflow:      fc", "important": false, "type": "Line"}, {"lineNumber": 71, "content": "  Array cookie:            ac", "important": false, "type": "Line"}, {"lineNumber": 72, "content": "  Intra object redzone:    bb", "important": false, "type": "Line"}, {"lineNumber": 73, "content": "  ASan internal:           fe", "important": false, "type": "Line"}, {"lineNumber": 74, "content": "  Left alloca redzone:     ca", "important": false, "type": "Line"}, {"lineNumber": 75, "content": "  Right alloca redzone:    cb", "important": false, "type": "Line"}, {"lineNumber": 76, "content": "==6681==ABORTING", "important": false, "type": "Line"}, {"lineNumber": 77, "content": "MS: 0 ; base unit: 0000000000000000000000000000000000000000", "important": false, "type": "Line"}, {"lineNumber": 78, "content": "artifact_prefix=&#x27;/clusterfuzz/run_bot/clusterfuzz/bot/inputs/fuzzer-testcases/&#x27;; Test unit written to /clusterfuzz/run_bot/clusterfuzz/bot/inputs/fuzzer-testcases/crash-afa828ced1f795bc7a773739dd3024d632ee46b3", "important": false, "type": "Line"}, {"lineNumber": 79, "content": "stat::number_of_executed_units: 44", "important": false, "type": "Line"}, {"lineNumber": 80, "content": "stat::average_exec_per_sec:     0", "important": false, "type": "Line"}, {"lineNumber": 81, "content": "stat::new_units_added:          0", "important": false, "type": "Line"}, {"lineNumber": 82, "content": "stat::slowest_unit_time_sec:    0", "important": false, "type": "Line"}, {"lineNumber": 83, "content": "stat::peak_rss_mb:              57", "important": false, "type": "Line"}, {"lineNumber": 84, "content": "", "important": false, "type": "Line"}, {"lineNumber": 85, "content": "", "important": false, "type": "Line"}, {"lineNumber": 86, "content": "+----------------------------------------Release Build Unsymbolized Stacktrace (diff)----------------------------------------+", "important": false, "type": "Line"}, {"lineNumber": 87, "content": "", "important": false, "type": "Line"}, {"lineNumber": 88, "content": "WRITE of size 1 at 0x60d00002e0ec thread T0", "important": false, "type": "Line"}, {"lineNumber": 89, "content": "SCARINESS: 31 (1-byte-write-heap-buffer-overflow)", "important": false, "type": "Line"}, {"lineNumber": 90, "content": "    #0 0x5f4c56  (/clusterfuzz/run_bot/clusterfuzz/bot/builds/dnsmasq_libfuzzer_asan/custom/fuzz_rfc1035+0x5f4c56)", "important": false, "type": "Line"}, {"lineNumber": 91, "content": "    #1 0x5f38f0  (/clusterfuzz/run_bot/clusterfuzz/bot/builds/dnsmasq_libfuzzer_asan/custom/fuzz_rfc1035+0x5f38f0)", "important": false, "type": "Line"}, {"lineNumber": 92, "content": "    #2 0x5628e1  (/clusterfuzz/run_bot/clusterfuzz/bot/builds/dnsmasq_libfuzzer_asan/custom/fuzz_rfc1035+0x5628e1)", "important": false, "type": "Line"}, {"lineNumber": 93, "content": "    #3 0x562f58  (/clusterfuzz/run_bot/clusterfuzz/bot/builds/dnsmasq_libfuzzer_asan/custom/fuzz_rfc1035+0x562f58)", "important": false, "type": "Line"}, {"lineNumber": 94, "content": "    #4 0x456dc3  (/clusterfuzz/run_bot/clusterfuzz/bot/builds/dnsmasq_libfuzzer_asan/custom/fuzz_rfc1035+0x456dc3)", "important": false, "type": "Line"}, {"lineNumber": 95, "content": "    #5 0x4565aa  (/clusterfuzz/run_bot/clusterfuzz/bot/builds/dnsmasq_libfuzzer_asan/custom/fuzz_rfc1035+0x4565aa)", "important": false, "type": "Line"}, {"lineNumber": 96, "content": "    #6 0x458404  (/clusterfuzz/run_bot/clusterfuzz/bot/builds/dnsmasq_libfuzzer_asan/custom/fuzz_rfc1035+0x458404)", "important": false, "type": "Line"}, {"lineNumber": 97, "content": "    #7 0x458639  (/clusterfuzz/run_bot/clusterfuzz/bot/builds/dnsmasq_libfuzzer_asan/custom/fuzz_rfc1035+0x458639)", "important": false, "type": "Line"}, {"lineNumber": 98, "content": "    #8 0x44807d  (/clusterfuzz/run_bot/clusterfuzz/bot/builds/dnsmasq_libfuzzer_asan/custom/fuzz_rfc1035+0x44807d)", "important": false, "type": "Line"}, {"lineNumber": 99, "content": "    #9 0x4710c2  (/clusterfuzz/run_bot/clusterfuzz/bot/builds/dnsmasq_libfuzzer_asan/custom/fuzz_rfc1035+0x4710c2)", "important": false, "type": "Line"}, {"lineNumber": 100, "content": "    #10 0x7f85181cb0b2  (/lib/x86_64-linux-gnu/libc.so.6+0x270b2)", "important": false, "type": "Line"}, {"lineNumber": 101, "content": "    #11 0x41f95d  (/clusterfuzz/run_bot/clusterfuzz/bot/builds/dnsmasq_libfuzzer_asan/custom/fuzz_rfc1035+0x41f95d)", "important": false, "type": "Line"}, {"lineNumber": 102, "content": "", "important": false, "type": "Line"}, {"lineNumber": 103, "content": "0x60d00002e0ec is located 0 bytes to the right of 76-byte region [0x60d00002e0a0,0x60d00002e0ec)", "important": false, "type": "Line"}, {"lineNumber": 104, "content": "allocated by thread T0 here:", "important": false, "type": "Line"}, {"lineNumber": 105, "content": "    #0 0x525f8d  (/clusterfuzz/run_bot/clusterfuzz/bot/builds/dnsmasq_libfuzzer_asan/custom/fuzz_rfc1035+0x525f8d)", "important": false, "type": "Line"}, {"lineNumber": 106, "content": "    #1 0x5627aa  (/clusterfuzz/run_bot/clusterfuzz/bot/builds/dnsmasq_libfuzzer_asan/custom/fuzz_rfc1035+0x5627aa)", "important": false, "type": "Line"}, {"lineNumber": 107, "content": "    #2 0x562f58  (/clusterfuzz/run_bot/clusterfuzz/bot/builds/dnsmasq_libfuzzer_asan/custom/fuzz_rfc1035+0x562f58)", "important": false, "type": "Line"}, {"lineNumber": 108, "content": "    #3 0x456dc3  (/clusterfuzz/run_bot/clusterfuzz/bot/builds/dnsmasq_libfuzzer_asan/custom/fuzz_rfc1035+0x456dc3)", "important": false, "type": "Line"}, {"lineNumber": 109, "content": "    #4 0x4565aa  (/clusterfuzz/run_bot/clusterfuzz/bot/builds/dnsmasq_libfuzzer_asan/custom/fuzz_rfc1035+0x4565aa)", "important": false, "type": "Line"}, {"lineNumber": 110, "content": "    #5 0x458404  (/clusterfuzz/run_bot/clusterfuzz/bot/builds/dnsmasq_libfuzzer_asan/custom/fuzz_rfc1035+0x458404)", "important": false, "type": "Line"}, {"lineNumber": 111, "content": "    #6 0x458639  (/clusterfuzz/run_bot/clusterfuzz/bot/builds/dnsmasq_libfuzzer_asan/custom/fuzz_rfc1035+0x458639)", "important": false, "type": "Line"}, {"lineNumber": 112, "content": "    #7 0x44807d  (/clusterfuzz/run_bot/clusterfuzz/bot/builds/dnsmasq_libfuzzer_asan/custom/fuzz_rfc1035+0x44807d)", "important": false, "type": "Line"}, {"lineNumber": 113, "content": "    #8 0x4710c2  (/clusterfuzz/run_bot/clusterfuzz/bot/builds/dnsmasq_libfuzzer_asan/custom/fuzz_rfc1035+0x4710c2)", "important": false, "type": "Line"}, {"lineNumber": 114, "content": "    #9 0x7f85181cb0b2  (/lib/x86_64-linux-gnu/libc.so.6+0x270b2)", "important": false, "type": "Line"}], "revision": "1"}, "last_tested_crash_stacktrace": {"lines": [{"lineNumber": 1, "content": "[Environment] ASAN_OPTIONS=exitcode=77", "important": false, "type": "Line"}, {"lineNumber": 2, "content": "+----------------------------------------Release Build Stacktrace----------------------------------------+", "important": false, "type": "Line"}, {"lineNumber": 3, "content": "Command: /clusterfuzz/run_bot/clusterfuzz/bot/builds/dnsmasq_libfuzzer_asan/custom/fuzz_rfc1035 -rss_limit_mb=2560 -timeout=60 -runs=100 /clusterfuzz/run_bot/clusterfuzz/bot/inputs/fuzzer-testcases/crash-afa828ced1f795bc7a773739dd3024d632ee46b3", "important": false, "type": "Line"}, {"lineNumber": 4, "content": "Time ran: 0.015964031219482422", "important": false, "type": "Line"}, {"lineNumber": 5, "content": "", "important": false, "type": "Line"}, {"lineNumber": 6, "content": "INFO: Running with entropic power schedule (0xFF, 100).", "important": false, "type": "Line"}, {"lineNumber": 7, "content": "INFO: Seed: 1789147568", "important": false, "type": "Line"}, {"lineNumber": 8, "content": "INFO: Loaded 1 modules   (13334 inline 8-bit counters): 13334 [0x731a50, 0x734e66),", "important": false, "type": "Line"}, {"lineNumber": 9, "content": "INFO: Loaded 1 PC tables (13334 PCs): 13334 [0x69d4d8,0x6d1638),", "important": false, "type": "Line"}, {"lineNumber": 10, "content": "/clusterfuzz/run_bot/clusterfuzz/bot/builds/dnsmasq_libfuzzer_asan/custom/fuzz_rfc1035: Running 1 inputs 100 time(s) each.", "important": false, "type": "Line"}, {"lineNumber": 11, "content": "Running: /clusterfuzz/run_bot/clusterfuzz/bot/inputs/fuzzer-testcases/crash-afa828ced1f795bc7a773739dd3024d632ee46b3", "important": false, "type": "Line"}, {"lineNumber": 12, "content": "=================================================================", "important": false, "type": "Line"}, {"lineNumber": 13, "content": "==31762==ERROR: AddressSanitizer: heap-buffer-overflow on address 0x607000000d8c at pc 0x0000005f4c57 bp 0x7ffdff728bb0 sp 0x7ffdff728ba8", "important": false, "type": "Line"}, {"lineNumber": 14, "content": "WRITE of size 1 at 0x607000000d8c thread T0", "important": false, "type": "Line"}, {"lineNumber": 15, "content": "    #0 0x5f4c56 in extract_name /src/dnsmasq/src/rfc1035.c:106:11", "important": false, "type": "Line"}, {"lineNumber": 16, "content": "    #1 0x5f4c56 in check_bad_address /src/dnsmasq/src/rfc1035.c:1151:20", "important": true, "type": "Line"}, {"lineNumber": 17, "content": "    #2 0x5f38f0 in check_for_bogus_wildcard /src/dnsmasq/src/rfc1035.c:1209:7", "important": true, "type": "Line"}, {"lineNumber": 18, "content": "    #3 0x5628e1 in FuzzCheckForBogusWildcard /src/fuzz_rfc1035.c:204:5", "important": true, "type": "Line"}, {"lineNumber": 19, "content": "    #4 0x562f58 in LLVMFuzzerTestOneInput /src/fuzz_rfc1035.c:258:7", "important": false, "type": "Line"}, {"lineNumber": 20, "content": "    #5 0x456dc3 in fuzzer::Fuzzer::ExecuteCallback(unsigned char const*, unsigned long) cxa_noexception.cpp:0", "important": false, "type": "Line"}, {"lineNumber": 21, "content": "    #6 0x4426d2 in fuzzer::RunOneTest(fuzzer::Fuzzer*, char const*, unsigned long) /src/llvm-project/compiler-rt/lib/fuzzer/FuzzerDriver.cpp:324:6", "important": false, "type": "Line"}, {"lineNumber": 22, "content": "    #7 0x44819a in fuzzer::FuzzerDriver(int*, char***, int (*)(unsigned char const*, unsigned long)) cxa_noexception.cpp:0", "important": false, "type": "Line"}, {"lineNumber": 23, "content": "    #8 0x4710c2 in main /src/llvm-project/compiler-rt/lib/fuzzer/FuzzerMain.cpp:20:10", "important": false, "type": "Line"}, {"lineNumber": 24, "content": "    #9 0x7f5d820f80b2 in __libc_start_main", "important": false, "type": "Line"}, {"lineNumber": 25, "content": "    #10 0x41f95d in _start", "important": false, "type": "Line"}, {"lineNumber": 26, "content": "", "important": false, "type": "Line"}, {"lineNumber": 27, "content": "0x607000000d8c is located 0 bytes to the right of 76-byte region [0x607000000d40,0x607000000d8c)", "important": false, "type": "Line"}, {"lineNumber": 28, "content": "allocated by thread T0 here:", "important": false, "type": "Line"}, {"lineNumber": 29, "content": "    #0 0x525f8d in malloc /src/llvm-project/compiler-rt/lib/asan/asan_malloc_linux.cpp:129:3", "important": false, "type": "Line"}, {"lineNumber": 30, "content": "    #1 0x5627aa in get_null_terminated /src/fuzz_header.h:47:17", "important": false, "type": "Line"}, {"lineNumber": 31, "content": "    #2 0x5627aa in gb_get_null_terminated /src/fuzz_header.h:74:16", "important": false, "type": "Line"}, {"lineNumber": 32, "content": "    #3 0x5627aa in FuzzCheckForBogusWildcard /src/fuzz_rfc1035.c:190:17", "important": true, "type": "Line"}, {"lineNumber": 33, "content": "    #4 0x562f58 in LLVMFuzzerTestOneInput /src/fuzz_rfc1035.c:258:7", "important": false, "type": "Line"}, {"lineNumber": 34, "content": "    #5 0x456dc3 in fuzzer::Fuzzer::ExecuteCallback(unsigned char const*, unsigned long) cxa_noexception.cpp:0", "important": false, "type": "Line"}, {"lineNumber": 35, "content": "    #6 0x4426d2 in fuzzer::RunOneTest(fuzzer::Fuzzer*, char const*, unsigned long) /src/llvm-project/compiler-rt/lib/fuzzer/FuzzerDriver.cpp:324:6", "important": false, "type": "Line"}, {"lineNumber": 36, "content": "    #7 0x44819a in fuzzer::FuzzerDriver(int*, char***, int (*)(unsigned char const*, unsigned long)) cxa_noexception.cpp:0", "important": false, "type": "Line"}, {"lineNumber": 37, "content": "    #8 0x4710c2 in main /src/llvm-project/compiler-rt/lib/fuzzer/FuzzerMain.cpp:20:10", "important": false, "type": "Line"}, {"lineNumber": 38, "content": "    #9 0x7f5d820f80b2 in __libc_start_main", "important": false, "type": "Line"}, {"lineNumber": 39, "content": "", "important": false, "type": "Line"}, {"lineNumber": 40, "content": "SUMMARY: AddressSanitizer: heap-buffer-overflow (/clusterfuzz/run_bot/clusterfuzz/bot/builds/dnsmasq_libfuzzer_asan/custom/fuzz_rfc1035+0x5f4c56)", "important": false, "type": "Line"}, {"lineNumber": 41, "content": "Shadow bytes around the buggy address:", "important": false, "type": "Line"}, {"lineNumber": 42, "content": "  0x0c0e7fff8160: fa fa 00 00 00 00 00 00 00 00 00 04 fa fa fa fa", "important": false, "type": "Line"}, {"lineNumber": 43, "content": "  0x0c0e7fff8170: 00 00 00 00 00 00 00 00 00 04 fa fa fa fa 00 00", "important": false, "type": "Line"}, {"lineNumber": 44, "content": "  0x0c0e7fff8180: 00 00 00 00 00 00 00 04 fa fa fa fa 00 00 00 00", "important": false, "type": "Line"}, {"lineNumber": 45, "content": "  0x0c0e7fff8190: 00 00 00 00 00 04 fa fa fa fa 00 00 00 00 00 00", "important": false, "type": "Line"}, {"lineNumber": 46, "content": "  0x0c0e7fff81a0: 00 00 00 04 fa fa fa fa 00 00 00 00 00 00 00 00", "important": false, "type": "Line"}, {"lineNumber": 47, "content": "=&gt;0x0c0e7fff81b0: 00[04]fa fa fa fa fa fa fa fa fa fa fa fa fa fa", "important": false, "type": "Line"}, {"lineNumber": 48, "content": "  0x0c0e7fff81c0: fa fa fa fa fa fa fa fa fa fa fa fa fa fa fa fa", "important": false, "type": "Line"}, {"lineNumber": 49, "content": "  0x0c0e7fff81d0: fa fa fa fa fa fa fa fa fa fa fa fa fa fa fa fa", "important": false, "type": "Line"}, {"lineNumber": 50, "content": "  0x0c0e7fff81e0: fa fa fa fa fa fa fa fa fa fa fa fa fa fa fa fa", "important": false, "type": "Line"}, {"lineNumber": 51, "content": "  0x0c0e7fff81f0: fa fa fa fa fa fa fa fa fa fa fa fa fa fa fa fa", "important": false, "type": "Line"}, {"lineNumber": 52, "content": "  0x0c0e7fff8200: fa fa fa fa fa fa fa fa fa fa fa fa fa fa fa fa", "important": false, "type": "Line"}, {"lineNumber": 53, "content": "Shadow byte legend (one shadow byte represents 8 application bytes):", "important": false, "type": "Line"}, {"lineNumber": 54, "content": "  Addressable:           00", "important": false, "type": "Line"}, {"lineNumber": 55, "content": "  Partially addressable: 01 02 03 04 05 06 07", "important": false, "type": "Line"}, {"lineNumber": 56, "content": "  Heap left redzone:       fa", "important": false, "type": "Line"}, {"lineNumber": 57, "content": "  Freed heap region:       fd", "important": false, "type": "Line"}, {"lineNumber": 58, "content": "  Stack left redzone:      f1", "important": false, "type": "Line"}, {"lineNumber": 59, "content": "  Stack mid redzone:       f2", "important": false, "type": "Line"}, {"lineNumber": 60, "content": "  Stack right redzone:     f3", "important": false, "type": "Line"}, {"lineNumber": 61, "content": "  Stack after return:      f5", "important": false, "type": "Line"}, {"lineNumber": 62, "content": "  Stack use after scope:   f8", "important": false, "type": "Line"}, {"lineNumber": 63, "content": "  Global redzone:          f9", "important": false, "type": "Line"}, {"lineNumber": 64, "content": "  Global init order:       f6", "important": false, "type": "Line"}, {"lineNumber": 65, "content": "  Poisoned by user:        f7", "important": false, "type": "Line"}, {"lineNumber": 66, "content": "  Container overflow:      fc", "important": false, "type": "Line"}, {"lineNumber": 67, "content": "  Array cookie:            ac", "important": false, "type": "Line"}, {"lineNumber": 68, "content": "  Intra object redzone:    bb", "important": false, "type": "Line"}, {"lineNumber": 69, "content": "  ASan internal:           fe", "important": false, "type": "Line"}, {"lineNumber": 70, "content": "  Left alloca redzone:     ca", "important": false, "type": "Line"}, {"lineNumber": 71, "content": "  Right alloca redzone:    cb", "important": false, "type": "Line"}, {"lineNumber": 72, "content": "==31762==ABORTING", "important": false, "type": "Line"}, {"lineNumber": 73, "content": "", "important": false, "type": "Line"}, {"lineNumber": 74, "content": "", "important": false, "type": "Line"}, {"lineNumber": 75, "content": "+----------------------------------------Release Build Unsymbolized Stacktrace (diff)----------------------------------------+", "important": false, "type": "Line"}, {"lineNumber": 76, "content": "", "important": false, "type": "Line"}, {"lineNumber": 77, "content": "==31762==ERROR: AddressSanitizer: heap-buffer-overflow on address 0x607000000d8c at pc 0x0000005f4c57 bp 0x7ffdff728bb0 sp 0x7ffdff728ba8", "important": false, "type": "Line"}, {"lineNumber": 78, "content": "WRITE of size 1 at 0x607000000d8c thread T0", "important": false, "type": "Line"}, {"lineNumber": 79, "content": "    #0 0x5f4c56  (/clusterfuzz/run_bot/clusterfuzz/bot/builds/dnsmasq_libfuzzer_asan/custom/fuzz_rfc1035+0x5f4c56)", "important": false, "type": "Line"}, {"lineNumber": 80, "content": "    #1 0x5f38f0  (/clusterfuzz/run_bot/clusterfuzz/bot/builds/dnsmasq_libfuzzer_asan/custom/fuzz_rfc1035+0x5f38f0)", "important": false, "type": "Line"}, {"lineNumber": 81, "content": "    #2 0x5628e1  (/clusterfuzz/run_bot/clusterfuzz/bot/builds/dnsmasq_libfuzzer_asan/custom/fuzz_rfc1035+0x5628e1)", "important": false, "type": "Line"}, {"lineNumber": 82, "content": "    #3 0x562f58  (/clusterfuzz/run_bot/clusterfuzz/bot/builds/dnsmasq_libfuzzer_asan/custom/fuzz_rfc1035+0x562f58)", "important": false, "type": "Line"}, {"lineNumber": 83, "content": "    #4 0x456dc3  (/clusterfuzz/run_bot/clusterfuzz/bot/builds/dnsmasq_libfuzzer_asan/custom/fuzz_rfc1035+0x456dc3)", "important": false, "type": "Line"}, {"lineNumber": 84, "content": "    #5 0x4426d2  (/clusterfuzz/run_bot/clusterfuzz/bot/builds/dnsmasq_libfuzzer_asan/custom/fuzz_rfc1035+0x4426d2)", "important": false, "type": "Line"}, {"lineNumber": 85, "content": "    #6 0x44819a  (/clusterfuzz/run_bot/clusterfuzz/bot/builds/dnsmasq_libfuzzer_asan/custom/fuzz_rfc1035+0x44819a)", "important": false, "type": "Line"}, {"lineNumber": 86, "content": "    #7 0x4710c2  (/clusterfuzz/run_bot/clusterfuzz/bot/builds/dnsmasq_libfuzzer_asan/custom/fuzz_rfc1035+0x4710c2)", "important": false, "type": "Line"}, {"lineNumber": 87, "content": "    #8 0x7f5d820f80b2  (/lib/x86_64-linux-gnu/libc.so.6+0x270b2)", "important": false, "type": "Line"}, {"lineNumber": 88, "content": "    #9 0x41f95d  (/clusterfuzz/run_bot/clusterfuzz/bot/builds/dnsmasq_libfuzzer_asan/custom/fuzz_rfc1035+0x41f95d)", "important": false, "type": "Line"}, {"lineNumber": 89, "content": "", "important": false, "type": "Line"}, {"lineNumber": 90, "content": "0x607000000d8c is located 0 bytes to the right of 76-byte region [0x607000000d40,0x607000000d8c)", "important": false, "type": "Line"}, {"lineNumber": 91, "content": "allocated by thread T0 here:", "important": false, "type": "Line"}, {"lineNumber": 92, "content": "    #0 0x525f8d  (/clusterfuzz/run_bot/clusterfuzz/bot/builds/dnsmasq_libfuzzer_asan/custom/fuzz_rfc1035+0x525f8d)", "important": false, "type": "Line"}, {"lineNumber": 93, "content": "    #1 0x5627aa  (/clusterfuzz/run_bot/clusterfuzz/bot/builds/dnsmasq_libfuzzer_asan/custom/fuzz_rfc1035+0x5627aa)", "important": false, "type": "Line"}, {"lineNumber": 94, "content": "    #2 0x562f58  (/clusterfuzz/run_bot/clusterfuzz/bot/builds/dnsmasq_libfuzzer_asan/custom/fuzz_rfc1035+0x562f58)", "important": false, "type": "Line"}, {"lineNumber": 95, "content": "    #3 0x456dc3  (/clusterfuzz/run_bot/clusterfuzz/bot/builds/dnsmasq_libfuzzer_asan/custom/fuzz_rfc1035+0x456dc3)", "important": false, "type": "Line"}, {"lineNumber": 96, "content": "    #4 0x4426d2  (/clusterfuzz/run_bot/clusterfuzz/bot/builds/dnsmasq_libfuzzer_asan/custom/fuzz_rfc1035+0x4426d2)", "important": false, "type": "Line"}, {"lineNumber": 97, "content": "    #5 0x44819a  (/clusterfuzz/run_bot/clusterfuzz/bot/builds/dnsmasq_libfuzzer_asan/custom/fuzz_rfc1035+0x44819a)", "important": false, "type": "Line"}, {"lineNumber": 98, "content": "    #6 0x4710c2  (/clusterfuzz/run_bot/clusterfuzz/bot/builds/dnsmasq_libfuzzer_asan/custom/fuzz_rfc1035+0x4710c2)", "important": false, "type": "Line"}, {"lineNumber": 99, "content": "    #7 0x7f5d820f80b2  (/lib/x86_64-linux-gnu/libc.so.6+0x270b2)", "important": false, "type": "Line"}], "revision": null}, "security_severity": "High", "security_severities": [{"value": 0, "name": "Critical"}, {"value": 1, "name": "High", "default": true}, {"value": 2, "name": "Medium"}, {"value": 3, "name": "Low"}, {"value": 4, "name": "Missing"}], "stats": {"min_hour": 1, "max_hour": 1}, "suspected_cls": null, "testcase": {"absolute_path": "/clusterfuzz/run_bot/clusterfuzz/bot/inputs/fuzzer-testcases/crash-afa828ced1f795bc7a773739dd3024d632ee46b3", "additional_metadata": "{\"build_key\": \"a2bfdbec-8533-4759-ae27-1a2502f7ca41\", \"env\": {\"ASAN_OPTIONS\": {}}, \"fuzzer_binary_name\": \"fuzz_rfc1035\", \"fuzzing_strategies\": {\"corpus_subset\": 125}, \"last_tested_crash_revision\": null, \"last_tested_crash_time\": {\"__type__\": \"datetime\", \"day\": 30, \"hour\": 0, \"microsecond\": 985073, \"minute\": 12, \"month\": 11, \"second\": 44, \"year\": 2021}, \"last_tested_revision\": null}", "archive_filename": null, "archive_state": 0, "binary_flag": true, "bug_indices": [], "bug_information": "", "comments": "[2021-11-29 00:13:05 UTC] snode10-20211128-16:44: Fuzz task : Fuzzer libFuzzer_fuzz_rfc1035 generated testcase crashed in 0 seconds (r1).\n[2021-11-29 00:21:13 UTC] snode5-20211128-16:40: Minimize task started.\n[2021-11-30 00:11:23 UTC] comput18-20211129-15:14: Progression task started.\n[2021-11-30 00:12:44 UTC] comput18-20211129-15:14: Progression task finished: still crashes on latest custom build.\n", "crash_address": "0x60d00002e0ec", "crash_revision": 1, "crash_stacktrace": "[Environment] ASAN_OPTIONS=alloc_dealloc_mismatch=0:allocator_may_return_null=1:allocator_release_to_os_interval_ms=500:allow_user_segv_handler=0:check_malloc_usable_size=0:detect_leaks=1:detect_odr_violation=0:detect_stack_use_after_return=1:exitcode=77:fast_unwind_on_fatal=0:handle_abort=2:handle_segv=2:handle_sigbus=2:handle_sigfpe=2:handle_sigill=2:max_uar_stack_size_log=16:print_scariness=1:print_summary=1:print_suppressions=0:quarantine_size_mb=64:redzone=128:strict_memcmp=1:symbolize=0:use_sigaltstack=1\n+----------------------------------------Release Build Stacktrace----------------------------------------+\nINFO: Running with entropic power schedule (0xFF, 100).\nINFO: Seed: 1305399875\nINFO: Loaded 1 modules   (13334 inline 8-bit counters): 13334 [0x731a50, 0x734e66),\nINFO: Loaded 1 PC tables (13334 PCs): 13334 [0x69d4d8,0x6d1638),\nINFO:        0 files found in /clusterfuzz/run_bot/clusterfuzz/bot/inputs/fuzzer-testcases-disk/temp-22/new\nINFO:      125 files found in /clusterfuzz/run_bot/clusterfuzz/bot/inputs/fuzzer-testcases-disk/temp-22/subset\nINFO: -max_len is not provided; libFuzzer will not generate inputs larger than 65086 bytes\nINFO: seed corpus: files: 125 min: 1b max: 65086b total: 638416b rss: 57Mb\n=================================================================\n==6681==ERROR: AddressSanitizer: heap-buffer-overflow on address 0x60d00002e0ec at pc 0x0000005f4c57 bp 0x7fffe5b97990 sp 0x7fffe5b97988\nWRITE of size 1 at 0x60d00002e0ec thread T0\nSCARINESS: 31 (1-byte-write-heap-buffer-overflow)\n    #0 0x5f4c56 in extract_name /src/dnsmasq/src/rfc1035.c:106:11\n    #1 0x5f4c56 in check_bad_address /src/dnsmasq/src/rfc1035.c:1151:20\n    #2 0x5f38f0 in check_for_bogus_wildcard /src/dnsmasq/src/rfc1035.c:1209:7\n    #3 0x5628e1 in FuzzCheckForBogusWildcard /src/fuzz_rfc1035.c:204:5\n    #4 0x562f58 in LLVMFuzzerTestOneInput /src/fuzz_rfc1035.c:258:7\n    #5 0x456dc3 in fuzzer::Fuzzer::ExecuteCallback(unsigned char const*, unsigned long) cxa_noexception.cpp:0\n    #6 0x4565aa in fuzzer::Fuzzer::RunOne(unsigned char const*, unsigned long, bool, fuzzer::InputInfo*, bool, bool*) cxa_noexception.cpp:0\n    #7 0x458404 in fuzzer::Fuzzer::ReadAndExecuteSeedCorpora(std::__Fuzzer::vector<fuzzer::SizedFile, std::__Fuzzer::allocator<fuzzer::SizedFile> >&) cxa_noexception.cpp:0\n    #8 0x458639 in fuzzer::Fuzzer::Loop(std::__Fuzzer::vector<fuzzer::SizedFile, std::__Fuzzer::allocator<fuzzer::SizedFile> >&) cxa_noexception.cpp:0\n    #9 0x44807d in fuzzer::FuzzerDriver(int*, char***, int (*)(unsigned char const*, unsigned long)) cxa_noexception.cpp:0\n    #10 0x4710c2 in main /src/llvm-project/compiler-rt/lib/fuzzer/FuzzerMain.cpp:20:10\n    #11 0x7f85181cb0b2 in __libc_start_main\n    #12 0x41f95d in _start\n\n0x60d00002e0ec is located 0 bytes to the right of 76-byte region [0x60d00002e0a0,0x60d00002e0ec)\nallocated by thread T0 here:\n    #0 0x525f8d in malloc /src/llvm-project/compiler-rt/lib/asan/asan_malloc_linux.cpp:129:3\n    #1 0x5627aa in get_null_terminated /src/fuzz_header.h:47:17\n    #2 0x5627aa in gb_get_null_terminated /src/fuzz_header.h:74:16\n    #3 0x5627aa in FuzzCheckForBogusWildcard /src/fuzz_rfc1035.c:190:17\n    #4 0x562f58 in LLVMFuzzerTestOneInput /src/fuzz_rfc1035.c:258:7\n    #5 0x456dc3 in fuzzer::Fuzzer::ExecuteCallback(unsigned char const*, unsigned long) cxa_noexception.cpp:0\n    #6 0x4565aa in fuzzer::Fuzzer::RunOne(unsigned char const*, unsigned long, bool, fuzzer::InputInfo*, bool, bool*) cxa_noexception.cpp:0\n    #7 0x458404 in fuzzer::Fuzzer::ReadAndExecuteSeedCorpora(std::__Fuzzer::vector<fuzzer::SizedFile, std::__Fuzzer::allocator<fuzzer::SizedFile> >&) cxa_noexception.cpp:0\n    #8 0x458639 in fuzzer::Fuzzer::Loop(std::__Fuzzer::vector<fuzzer::SizedFile, std::__Fuzzer::allocator<fuzzer::SizedFile> >&) cxa_noexception.cpp:0\n    #9 0x44807d in fuzzer::FuzzerDriver(int*, char***, int (*)(unsigned char const*, unsigned long)) cxa_noexception.cpp:0\n    #10 0x4710c2 in main /src/llvm-project/compiler-rt/lib/fuzzer/FuzzerMain.cpp:20:10\n    #11 0x7f85181cb0b2 in __libc_start_main\n\nSUMMARY: AddressSanitizer: heap-buffer-overflow (/clusterfuzz/run_bot/clusterfuzz/bot/builds/dnsmasq_libfuzzer_asan/custom/fuzz_rfc1035+0x5f4c56)\nShadow bytes around the buggy address:\n  0x0c1a7fffdbc0: fa fa fa fa fa fa 00 00 00 00 00 00 00 00 00 04\n  0x0c1a7fffdbd0: fa fa fa fa fa fa fa fa fa fa fa fa fa fa fa fa\n  0x0c1a7fffdbe0: 00 00 00 00 00 00 00 00 00 04 fa fa fa fa fa fa\n  0x0c1a7fffdbf0: fa fa fa fa fa fa fa fa fa fa 00 00 00 00 00 00\n  0x0c1a7fffdc00: 00 00 00 04 fa fa fa fa fa fa fa fa fa fa fa fa\n=>0x0c1a7fffdc10: fa fa fa fa 00 00 00 00 00 00 00 00 00[04]fa fa\n  0x0c1a7fffdc20: fa fa fa fa fa fa fa fa fa fa fa fa fa fa fa fa\n  0x0c1a7fffdc30: fa fa fa fa fa fa fa fa fa fa fa fa fa fa fa fa\n  0x0c1a7fffdc40: fa fa fa fa fa fa fa fa fa fa fa fa fa fa fa fa\n  0x0c1a7fffdc50: fa fa fa fa fa fa fa fa fa fa fa fa fa fa fa fa\n  0x0c1a7fffdc60: fa fa fa fa fa fa fa fa fa fa fa fa fa fa fa fa\nShadow byte legend (one shadow byte represents 8 application bytes):\n  Addressable:           00\n  Partially addressable: 01 02 03 04 05 06 07\n  Heap left redzone:       fa\n  Freed heap region:       fd\n  Stack left redzone:      f1\n  Stack mid redzone:       f2\n  Stack right redzone:     f3\n  Stack after return:      f5\n  Stack use after scope:   f8\n  Global redzone:          f9\n  Global init order:       f6\n  Poisoned by user:        f7\n  Container overflow:      fc\n  Array cookie:            ac\n  Intra object redzone:    bb\n  ASan internal:           fe\n  Left alloca redzone:     ca\n  Right alloca redzone:    cb\n==6681==ABORTING\nMS: 0 ; base unit: 0000000000000000000000000000000000000000\nartifact_prefix='/clusterfuzz/run_bot/clusterfuzz/bot/inputs/fuzzer-testcases/'; Test unit written to /clusterfuzz/run_bot/clusterfuzz/bot/inputs/fuzzer-testcases/crash-afa828ced1f795bc7a773739dd3024d632ee46b3\nstat::number_of_executed_units: 44\nstat::average_exec_per_sec:     0\nstat::new_units_added:          0\nstat::slowest_unit_time_sec:    0\nstat::peak_rss_mb:              57\n\n\n+----------------------------------------Release Build Unsymbolized Stacktrace (diff)----------------------------------------+\n\nWRITE of size 1 at 0x60d00002e0ec thread T0\nSCARINESS: 31 (1-byte-write-heap-buffer-overflow)\n    #0 0x5f4c56  (/clusterfuzz/run_bot/clusterfuzz/bot/builds/dnsmasq_libfuzzer_asan/custom/fuzz_rfc1035+0x5f4c56)\n    #1 0x5f38f0  (/clusterfuzz/run_bot/clusterfuzz/bot/builds/dnsmasq_libfuzzer_asan/custom/fuzz_rfc1035+0x5f38f0)\n    #2 0x5628e1  (/clusterfuzz/run_bot/clusterfuzz/bot/builds/dnsmasq_libfuzzer_asan/custom/fuzz_rfc1035+0x5628e1)\n    #3 0x562f58  (/clusterfuzz/run_bot/clusterfuzz/bot/builds/dnsmasq_libfuzzer_asan/custom/fuzz_rfc1035+0x562f58)\n    #4 0x456dc3  (/clusterfuzz/run_bot/clusterfuzz/bot/builds/dnsmasq_libfuzzer_asan/custom/fuzz_rfc1035+0x456dc3)\n    #5 0x4565aa  (/clusterfuzz/run_bot/clusterfuzz/bot/builds/dnsmasq_libfuzzer_asan/custom/fuzz_rfc1035+0x4565aa)\n    #6 0x458404  (/clusterfuzz/run_bot/clusterfuzz/bot/builds/dnsmasq_libfuzzer_asan/custom/fuzz_rfc1035+0x458404)\n    #7 0x458639  (/clusterfuzz/run_bot/clusterfuzz/bot/builds/dnsmasq_libfuzzer_asan/custom/fuzz_rfc1035+0x458639)\n    #8 0x44807d  (/clusterfuzz/run_bot/clusterfuzz/bot/builds/dnsmasq_libfuzzer_asan/custom/fuzz_rfc1035+0x44807d)\n    #9 0x4710c2  (/clusterfuzz/run_bot/clusterfuzz/bot/builds/dnsmasq_libfuzzer_asan/custom/fuzz_rfc1035+0x4710c2)\n    #10 0x7f85181cb0b2  (/lib/x86_64-linux-gnu/libc.so.6+0x270b2)\n    #11 0x41f95d  (/clusterfuzz/run_bot/clusterfuzz/bot/builds/dnsmasq_libfuzzer_asan/custom/fuzz_rfc1035+0x41f95d)\n\n0x60d00002e0ec is located 0 bytes to the right of 76-byte region [0x60d00002e0a0,0x60d00002e0ec)\nallocated by thread T0 here:\n    #0 0x525f8d  (/clusterfuzz/run_bot/clusterfuzz/bot/builds/dnsmasq_libfuzzer_asan/custom/fuzz_rfc1035+0x525f8d)\n    #1 0x5627aa  (/clusterfuzz/run_bot/clusterfuzz/bot/builds/dnsmasq_libfuzzer_asan/custom/fuzz_rfc1035+0x5627aa)\n    #2 0x562f58  (/clusterfuzz/run_bot/clusterfuzz/bot/builds/dnsmasq_libfuzzer_asan/custom/fuzz_rfc1035+0x562f58)\n    #3 0x456dc3  (/clusterfuzz/run_bot/clusterfuzz/bot/builds/dnsmasq_libfuzzer_asan/custom/fuzz_rfc1035+0x456dc3)\n    #4 0x4565aa  (/clusterfuzz/run_bot/clusterfuzz/bot/builds/dnsmasq_libfuzzer_asan/custom/fuzz_rfc1035+0x4565aa)\n    #5 0x458404  (/clusterfuzz/run_bot/clusterfuzz/bot/builds/dnsmasq_libfuzzer_asan/custom/fuzz_rfc1035+0x458404)\n    #6 0x458639  (/clusterfuzz/run_bot/clusterfuzz/bot/builds/dnsmasq_libfuzzer_asan/custom/fuzz_rfc1035+0x458639)\n    #7 0x44807d  (/clusterfuzz/run_bot/clusterfuzz/bot/builds/dnsmasq_libfuzzer_asan/custom/fuzz_rfc1035+0x44807d)\n    #8 0x4710c2  (/clusterfuzz/run_bot/clusterfuzz/bot/builds/dnsmasq_libfuzzer_asan/custom/fuzz_rfc1035+0x4710c2)\n    #9 0x7f85181cb0b2  (/lib/x86_64-linux-gnu/libc.so.6+0x270b2)\n", "crash_state": "check_bad_address\ncheck_for_bogus_wildcard\nFuzzCheckForBogusWildcard\n", "crash_type": "Heap-buffer-overflow\nWRITE 1", "disable_ubsan": false, "duplicate_of": null, "fixed": "", "flaky_stack": false, "fuzzed_keys": "fa661497-d90f-470e-8b86-e41453047b93", "fuzzer_name": "libFuzzer", "fuzzer_name_indices": ["libFuzzer_fuzz_rfc1035", "libFuzzer"], "gestures": [], "group_bug_information": 0, "group_id": 20772, "has_bug_flag": false, "http_flag": false, "impact_beta_version": null, "impact_beta_version_indices": [], "impact_beta_version_likely": null, "impact_extended_stable_version": null, "impact_extended_stable_version_indices": [], "impact_extended_stable_version_likely": null, "impact_head_version": null, "impact_head_version_indices": [], "impact_head_version_likely": null, "impact_indices": [], "impact_stable_version": null, "impact_stable_version_indices": [], "impact_stable_version_likely": null, "impact_version_indices": [], "is_a_duplicate_flag": false, "is_impact_set_flag": null, "is_leader": true, "job_type": "dnsmasq_libfuzzer_asan", "keywords": ["heap-buffer-overflow", "bogus_wildcard", "fuzzer_fuzz", "heap", "for_bogus", "heap-buffer", "check_for", "libfuzzer", "check_for_bogus", "fuzzcheck", "for_bogus_wildcard", "for", "write 1", "check", "checkforboguswildcard", "linux", "bogus", "address", "buffer-overflow", "libfuzzer_fuzz", "fuzzcheckfor", "forbogus", "boguswildcard", "forboguswildcard", "bad_address", "dnsmasq_libfuzzer", "fuzz", "libfuzzer_asan", "check_for_bogus_wildcard", "fuzzcheckforbogus", "buffer", "wildcard", "check_bad", "bad", "rfc1035", "overflow", "write", "libfuzzer_fuzz_rfc1035", "fuzzer_fuzz_rfc1035", "asan", "checkforbogus", "fuzzer", "check_bad_address", "lib", "1", "dnsmasq_libfuzzer_asan", "fuzzcheckforboguswildcard", "dnsmasq", "checkfor", "fuzz_rfc1035"], "last_tested_crash_stacktrace": "[Environment] ASAN_OPTIONS=exitcode=77\n+----------------------------------------Release Build Stacktrace----------------------------------------+\nCommand: /clusterfuzz/run_bot/clusterfuzz/bot/builds/dnsmasq_libfuzzer_asan/custom/fuzz_rfc1035 -rss_limit_mb=2560 -timeout=60 -runs=100 /clusterfuzz/run_bot/clusterfuzz/bot/inputs/fuzzer-testcases/crash-afa828ced1f795bc7a773739dd3024d632ee46b3\nTime ran: 0.015964031219482422\n\nINFO: Running with entropic power schedule (0xFF, 100).\nINFO: Seed: 1789147568\nINFO: Loaded 1 modules   (13334 inline 8-bit counters): 13334 [0x731a50, 0x734e66),\nINFO: Loaded 1 PC tables (13334 PCs): 13334 [0x69d4d8,0x6d1638),\n/clusterfuzz/run_bot/clusterfuzz/bot/builds/dnsmasq_libfuzzer_asan/custom/fuzz_rfc1035: Running 1 inputs 100 time(s) each.\nRunning: /clusterfuzz/run_bot/clusterfuzz/bot/inputs/fuzzer-testcases/crash-afa828ced1f795bc7a773739dd3024d632ee46b3\n=================================================================\n==31762==ERROR: AddressSanitizer: heap-buffer-overflow on address 0x607000000d8c at pc 0x0000005f4c57 bp 0x7ffdff728bb0 sp 0x7ffdff728ba8\nWRITE of size 1 at 0x607000000d8c thread T0\n    #0 0x5f4c56 in extract_name /src/dnsmasq/src/rfc1035.c:106:11\n    #1 0x5f4c56 in check_bad_address /src/dnsmasq/src/rfc1035.c:1151:20\n    #2 0x5f38f0 in check_for_bogus_wildcard /src/dnsmasq/src/rfc1035.c:1209:7\n    #3 0x5628e1 in FuzzCheckForBogusWildcard /src/fuzz_rfc1035.c:204:5\n    #4 0x562f58 in LLVMFuzzerTestOneInput /src/fuzz_rfc1035.c:258:7\n    #5 0x456dc3 in fuzzer::Fuzzer::ExecuteCallback(unsigned char const*, unsigned long) cxa_noexception.cpp:0\n    #6 0x4426d2 in fuzzer::RunOneTest(fuzzer::Fuzzer*, char const*, unsigned long) /src/llvm-project/compiler-rt/lib/fuzzer/FuzzerDriver.cpp:324:6\n    #7 0x44819a in fuzzer::FuzzerDriver(int*, char***, int (*)(unsigned char const*, unsigned long)) cxa_noexception.cpp:0\n    #8 0x4710c2 in main /src/llvm-project/compiler-rt/lib/fuzzer/FuzzerMain.cpp:20:10\n    #9 0x7f5d820f80b2 in __libc_start_main\n    #10 0x41f95d in _start\n\n0x607000000d8c is located 0 bytes to the right of 76-byte region [0x607000000d40,0x607000000d8c)\nallocated by thread T0 here:\n    #0 0x525f8d in malloc /src/llvm-project/compiler-rt/lib/asan/asan_malloc_linux.cpp:129:3\n    #1 0x5627aa in get_null_terminated /src/fuzz_header.h:47:17\n    #2 0x5627aa in gb_get_null_terminated /src/fuzz_header.h:74:16\n    #3 0x5627aa in FuzzCheckForBogusWildcard /src/fuzz_rfc1035.c:190:17\n    #4 0x562f58 in LLVMFuzzerTestOneInput /src/fuzz_rfc1035.c:258:7\n    #5 0x456dc3 in fuzzer::Fuzzer::ExecuteCallback(unsigned char const*, unsigned long) cxa_noexception.cpp:0\n    #6 0x4426d2 in fuzzer::RunOneTest(fuzzer::Fuzzer*, char const*, unsigned long) /src/llvm-project/compiler-rt/lib/fuzzer/FuzzerDriver.cpp:324:6\n    #7 0x44819a in fuzzer::FuzzerDriver(int*, char***, int (*)(unsigned char const*, unsigned long)) cxa_noexception.cpp:0\n    #8 0x4710c2 in main /src/llvm-project/compiler-rt/lib/fuzzer/FuzzerMain.cpp:20:10\n    #9 0x7f5d820f80b2 in __libc_start_main\n\nSUMMARY: AddressSanitizer: heap-buffer-overflow (/clusterfuzz/run_bot/clusterfuzz/bot/builds/dnsmasq_libfuzzer_asan/custom/fuzz_rfc1035+0x5f4c56)\nShadow bytes around the buggy address:\n  0x0c0e7fff8160: fa fa 00 00 00 00 00 00 00 00 00 04 fa fa fa fa\n  0x0c0e7fff8170: 00 00 00 00 00 00 00 00 00 04 fa fa fa fa 00 00\n  0x0c0e7fff8180: 00 00 00 00 00 00 00 04 fa fa fa fa 00 00 00 00\n  0x0c0e7fff8190: 00 00 00 00 00 04 fa fa fa fa 00 00 00 00 00 00\n  0x0c0e7fff81a0: 00 00 00 04 fa fa fa fa 00 00 00 00 00 00 00 00\n=>0x0c0e7fff81b0: 00[04]fa fa fa fa fa fa fa fa fa fa fa fa fa fa\n  0x0c0e7fff81c0: fa fa fa fa fa fa fa fa fa fa fa fa fa fa fa fa\n  0x0c0e7fff81d0: fa fa fa fa fa fa fa fa fa fa fa fa fa fa fa fa\n  0x0c0e7fff81e0: fa fa fa fa fa fa fa fa fa fa fa fa fa fa fa fa\n  0x0c0e7fff81f0: fa fa fa fa fa fa fa fa fa fa fa fa fa fa fa fa\n  0x0c0e7fff8200: fa fa fa fa fa fa fa fa fa fa fa fa fa fa fa fa\nShadow byte legend (one shadow byte represents 8 application bytes):\n  Addressable:           00\n  Partially addressable: 01 02 03 04 05 06 07\n  Heap left redzone:       fa\n  Freed heap region:       fd\n  Stack left redzone:      f1\n  Stack mid redzone:       f2\n  Stack right redzone:     f3\n  Stack after return:      f5\n  Stack use after scope:   f8\n  Global redzone:          f9\n  Global init order:       f6\n  Poisoned by user:        f7\n  Container overflow:      fc\n  Array cookie:            ac\n  Intra object redzone:    bb\n  ASan internal:           fe\n  Left alloca redzone:     ca\n  Right alloca redzone:    cb\n==31762==ABORTING\n\n\n+----------------------------------------Release Build Unsymbolized Stacktrace (diff)----------------------------------------+\n\n==31762==ERROR: AddressSanitizer: heap-buffer-overflow on address 0x607000000d8c at pc 0x0000005f4c57 bp 0x7ffdff728bb0 sp 0x7ffdff728ba8\nWRITE of size 1 at 0x607000000d8c thread T0\n    #0 0x5f4c56  (/clusterfuzz/run_bot/clusterfuzz/bot/builds/dnsmasq_libfuzzer_asan/custom/fuzz_rfc1035+0x5f4c56)\n    #1 0x5f38f0  (/clusterfuzz/run_bot/clusterfuzz/bot/builds/dnsmasq_libfuzzer_asan/custom/fuzz_rfc1035+0x5f38f0)\n    #2 0x5628e1  (/clusterfuzz/run_bot/clusterfuzz/bot/builds/dnsmasq_libfuzzer_asan/custom/fuzz_rfc1035+0x5628e1)\n    #3 0x562f58  (/clusterfuzz/run_bot/clusterfuzz/bot/builds/dnsmasq_libfuzzer_asan/custom/fuzz_rfc1035+0x562f58)\n    #4 0x456dc3  (/clusterfuzz/run_bot/clusterfuzz/bot/builds/dnsmasq_libfuzzer_asan/custom/fuzz_rfc1035+0x456dc3)\n    #5 0x4426d2  (/clusterfuzz/run_bot/clusterfuzz/bot/builds/dnsmasq_libfuzzer_asan/custom/fuzz_rfc1035+0x4426d2)\n    #6 0x44819a  (/clusterfuzz/run_bot/clusterfuzz/bot/builds/dnsmasq_libfuzzer_asan/custom/fuzz_rfc1035+0x44819a)\n    #7 0x4710c2  (/clusterfuzz/run_bot/clusterfuzz/bot/builds/dnsmasq_libfuzzer_asan/custom/fuzz_rfc1035+0x4710c2)\n    #8 0x7f5d820f80b2  (/lib/x86_64-linux-gnu/libc.so.6+0x270b2)\n    #9 0x41f95d  (/clusterfuzz/run_bot/clusterfuzz/bot/builds/dnsmasq_libfuzzer_asan/custom/fuzz_rfc1035+0x41f95d)\n\n0x607000000d8c is located 0 bytes to the right of 76-byte region [0x607000000d40,0x607000000d8c)\nallocated by thread T0 here:\n    #0 0x525f8d  (/clusterfuzz/run_bot/clusterfuzz/bot/builds/dnsmasq_libfuzzer_asan/custom/fuzz_rfc1035+0x525f8d)\n    #1 0x5627aa  (/clusterfuzz/run_bot/clusterfuzz/bot/builds/dnsmasq_libfuzzer_asan/custom/fuzz_rfc1035+0x5627aa)\n    #2 0x562f58  (/clusterfuzz/run_bot/clusterfuzz/bot/builds/dnsmasq_libfuzzer_asan/custom/fuzz_rfc1035+0x562f58)\n    #3 0x456dc3  (/clusterfuzz/run_bot/clusterfuzz/bot/builds/dnsmasq_libfuzzer_asan/custom/fuzz_rfc1035+0x456dc3)\n    #4 0x4426d2  (/clusterfuzz/run_bot/clusterfuzz/bot/builds/dnsmasq_libfuzzer_asan/custom/fuzz_rfc1035+0x4426d2)\n    #5 0x44819a  (/clusterfuzz/run_bot/clusterfuzz/bot/builds/dnsmasq_libfuzzer_asan/custom/fuzz_rfc1035+0x44819a)\n    #6 0x4710c2  (/clusterfuzz/run_bot/clusterfuzz/bot/builds/dnsmasq_libfuzzer_asan/custom/fuzz_rfc1035+0x4710c2)\n    #7 0x7f5d820f80b2  (/lib/x86_64-linux-gnu/libc.so.6+0x270b2)\n", "minidump_keys": "", "minimized_arguments": "-rss_limit_mb=2560 -timeout=60", "minimized_keys": "30a59e03-a3af-492b-80e1-5e30a5306102", "one_time_crasher_flag": false, "open": true, "overridden_fuzzer_name": "libFuzzer_fuzz_rfc1035", "platform": "linux", "platform_id": "linux", "project_name": "test-project", "queue": "jobs-linux", "redzone": 128, "regression": "NA", "security_flag": true, "security_severity": 1, "status": "Processed", "symbolized": false, "timeout_multiplier": 1.0, "timestamp": 1638144785, "triaged": false, "uploader_email": null, "window_argument": "", "id": 15907}, "timestamp": 1638144785.350539, "show_blame": false, "show_impact": false, "impacts_production": false, "find_similar_issues_options": [{"type": "open", "label": "Open"}, {"type": "all", "label": "All"}], "auto_delete_timestamp": null, "auto_close_timestamp": null, "memory_tool_display_label": "Sanitizer", "memory_tool_display_value": "address (ASAN)", "last_tested": "1:1 (No component revisions found!)", "is_admin_or_not_oss_fuzz": true, "has_issue_tracker": false, "reproduction_help_url": "", "is_local_development": true, "fuzzer_display": {"engine": "libFuzzer", "target": "fuzz_rfc1035", "name": "libFuzzer", "fully_qualified_name": "libFuzzer_fuzz_rfc1035"}}