{"id": 17052, "crash_type": "Heap-buffer-overflow READ 4", "crash_address": "0x61400000d5c8", "crash_state": "stsz_box_read\ngf_isom_box_read\ngf_isom_box_parse_ex\n", "crash_state_lines": ["stsz_box_read", "gf_isom_box_read", "gf_isom_box_parse_ex"], "crash_revision": 1, "csrf_token": "D6S+cXG/eQvjQp1jhkN2Yfq5FoCaAiuUjD0oLthouNSAPb8xaAgWvNikB3AHnFnrgfWQIz/OKB4owWUbxHHo3A==", "external_user": false, "footer": "[2021-11-29 00:13:11 UTC] comput6-20211128-16:39: Fuzz task : Fuzzer honggfuzz_fuzz_parse generated testcase crashed in 45 seconds (r1).\n[2021-11-29 00:22:11 UTC] snode6-20211128-16:40: Minimize task started.\n[2021-11-29 00:23:38 UTC] snode6-20211128-16:40: Minimize task errored out: Engine does not support minimization.\n[2021-11-30 00:11:05 UTC] comput4-20211129-15:14: Progression task started.\n[2021-11-30 00:12:26 UTC] comput4-20211129-15:14: Progression task finished: still crashes on latest custom build.\n", "formatted_reproduction_help": "", "fixed": "NO", "fixed_full": null, "issue_url": null, "is_admin": true, "metadata": {"build_key": "7507b72d-3ff6-4aa3-807a-03616039e9b7", "fuzzer_binary_name": "fuzz_parse", "last_tested_crash_revision": null, "last_tested_crash_time": 1638231146, "last_tested_revision": null}, "minimized_testcase_size": "121 B", "needs_refresh": false, "original_testcase_size": "121 B", "privileged_user": true, "regression": "NA", "crash_stacktrace": {"lines": [{"lineNumber": 1, "content": "[Environment] ASAN_OPTIONS=alloc_dealloc_mismatch=0:allocator_may_return_null=1:allocator_release_to_os_interval_ms=500:allow_user_segv_handler=0:check_malloc_usable_size=0:detect_leaks=1:detect_odr_violation=0:detect_stack_use_after_return=1:fast_unwind_on_fatal=0:handle_abort=2:handle_segv=2:handle_sigbus=2:handle_sigfpe=2:handle_sigill=2:max_uar_stack_size_log=16:print_scariness=1:print_summary=1:print_suppressions=0:quarantine_size_mb=64:redzone=256:strict_memcmp=1:symbolize=0:use_sigaltstack=1", "important": false, "type": "Line"}, {"lineNumber": 2, "content": "+----------------------------------------Release Build Stacktrace----------------------------------------+", "important": false, "type": "Line"}, {"lineNumber": 3, "content": "=================================================================", "important": false, "type": "Line"}, {"lineNumber": 4, "content": "==5939==ERROR: AddressSanitizer: heap-buffer-overflow on address 0x61400000d5c8 at pc 0x0000007b0506 bp 0x7fffffffc8f0 sp 0x7fffffffc8e8", "important": false, "type": "Line"}, {"lineNumber": 5, "content": "READ of size 4 at 0x61400000d5c8 thread T0", "important": false, "type": "Line"}, {"lineNumber": 6, "content": "SCARINESS: 17 (4-byte-read-heap-buffer-overflow)", "important": false, "type": "Line"}, {"lineNumber": 7, "content": "    #0 0x7b0505 in stsz_box_read /src/gpac/src/isomedia/box_code_base.c:5677:24", "important": true, "type": "Line"}, {"lineNumber": 8, "content": "    #1 0x802f47 in gf_isom_box_read /src/gpac/src/isomedia/box_funcs.c:1817:9", "important": true, "type": "Line"}, {"lineNumber": 9, "content": "    #2 0x80134b in gf_isom_box_parse_ex /src/gpac/src/isomedia/box_funcs.c:263:14", "important": true, "type": "Line"}, {"lineNumber": 10, "content": "    #3 0x80020a in gf_isom_parse_root_box /src/gpac/src/isomedia/box_funcs.c:38:8", "important": false, "type": "Line"}, {"lineNumber": 11, "content": "    #4 0x4e3155 in gf_isom_parse_movie_boxes_internal /src/gpac/src/isomedia/isom_intern.c:320:7", "important": false, "type": "Line"}, {"lineNumber": 12, "content": "    #5 0x4e3155 in gf_isom_parse_movie_boxes /src/gpac/src/isomedia/isom_intern.c:783:6", "important": false, "type": "Line"}, {"lineNumber": 13, "content": "    #6 0x4e8f91 in gf_isom_open_file /src/gpac/src/isomedia/isom_intern.c:903:19", "important": false, "type": "Line"}, {"lineNumber": 14, "content": "    #7 0x4e0dfc in LLVMFuzzerTestOneInput /src/gpac/fuzz_parse.c:19:13", "important": false, "type": "Line"}, {"lineNumber": 15, "content": "    #8 0x4d709e in main", "important": false, "type": "Line"}, {"lineNumber": 16, "content": "    #9 0x7ffff7c3d0b2 in __libc_start_main", "important": false, "type": "Line"}, {"lineNumber": 17, "content": "    #10 0x41eb9d in _start", "important": false, "type": "Line"}, {"lineNumber": 18, "content": "", "important": false, "type": "Line"}, {"lineNumber": 19, "content": "0x61400000d5c8 is located 0 bytes to the right of 200-byte region [0x61400000d500,0x61400000d5c8)", "important": false, "type": "Line"}, {"lineNumber": 20, "content": "allocated by thread T0 here:", "important": false, "type": "Line"}, {"lineNumber": 21, "content": "    #0 0x49fe1d in __interceptor_malloc /src/llvm-project/compiler-rt/lib/asan/asan_malloc_linux.cpp:129:3", "important": false, "type": "Line"}, {"lineNumber": 22, "content": "    #1 0x6e204c in gf_malloc /src/gpac/src/utils/alloc.c:150:9", "important": false, "type": "Line"}, {"lineNumber": 23, "content": "    #2 0x7afaec in stsz_box_read /src/gpac/src/isomedia/box_code_base.c:5656:24", "important": true, "type": "Line"}, {"lineNumber": 24, "content": "    #3 0x802f47 in gf_isom_box_read /src/gpac/src/isomedia/box_funcs.c:1817:9", "important": true, "type": "Line"}, {"lineNumber": 25, "content": "    #4 0x80134b in gf_isom_box_parse_ex /src/gpac/src/isomedia/box_funcs.c:263:14", "important": true, "type": "Line"}, {"lineNumber": 26, "content": "    #5 0x80020a in gf_isom_parse_root_box /src/gpac/src/isomedia/box_funcs.c:38:8", "important": false, "type": "Line"}, {"lineNumber": 27, "content": "    #6 0x4e3155 in gf_isom_parse_movie_boxes_internal /src/gpac/src/isomedia/isom_intern.c:320:7", "important": false, "type": "Line"}, {"lineNumber": 28, "content": "    #7 0x4e3155 in gf_isom_parse_movie_boxes /src/gpac/src/isomedia/isom_intern.c:783:6", "important": false, "type": "Line"}, {"lineNumber": 29, "content": "    #8 0x4e8f91 in gf_isom_open_file /src/gpac/src/isomedia/isom_intern.c:903:19", "important": false, "type": "Line"}, {"lineNumber": 30, "content": "    #9 0x4e0dfc in LLVMFuzzerTestOneInput /src/gpac/fuzz_parse.c:19:13", "important": false, "type": "Line"}, {"lineNumber": 31, "content": "    #10 0x4d709e in main", "important": false, "type": "Line"}, {"lineNumber": 32, "content": "", "important": false, "type": "Line"}, {"lineNumber": 33, "content": "SUMMARY: AddressSanitizer: heap-buffer-overflow (/clusterfuzz/run_bot/clusterfuzz/bot/builds/gpac_honggfuzz_asan/custom/fuzz_parse+0x7b0505)", "important": false, "type": "Line"}, {"lineNumber": 34, "content": "Shadow bytes around the buggy address:", "important": false, "type": "Line"}, {"lineNumber": 35, "content": "  0x0c287fff9a60: fd fd fd fd fd fd fd fd fd fd fd fd fd fd fd fd", "important": false, "type": "Line"}, {"lineNumber": 36, "content": "  0x0c287fff9a70: fd fd fd fd fd fd fd fd fd fd fd fd fd fd fd fa", "important": false, "type": "Line"}, {"lineNumber": 37, "content": "  0x0c287fff9a80: fa fa fa fa fa fa fa fa fa fa fa fa fa fa fa fa", "important": false, "type": "Line"}, {"lineNumber": 38, "content": "  0x0c287fff9a90: fa fa fa fa fa fa fa fa fa fa fa fa fa fa fa fa", "important": false, "type": "Line"}, {"lineNumber": 39, "content": "  0x0c287fff9aa0: 00 00 00 00 00 00 00 00 00 00 00 00 00 00 00 00", "important": false, "type": "Line"}, {"lineNumber": 40, "content": "=&gt;0x0c287fff9ab0: 00 00 00 00 00 00 00 00 00[fa]fa fa fa fa fa fa", "important": false, "type": "Line"}, {"lineNumber": 41, "content": "  0x0c287fff9ac0: fa fa fa fa fa fa fa fa fa fa fa fa fa fa fa fa", "important": false, "type": "Line"}, {"lineNumber": 42, "content": "  0x0c287fff9ad0: fa fa fa fa fa fa fa fa fa fa fa fa fa fa fa fa", "important": false, "type": "Line"}, {"lineNumber": 43, "content": "  0x0c287fff9ae0: fd fd fd fd fd fd fd fd fd fd fd fd fd fd fd fd", "important": false, "type": "Line"}, {"lineNumber": 44, "content": "  0x0c287fff9af0: fd fd fd fd fd fd fd fd fd fd fd fd fd fa fa fa", "important": false, "type": "Line"}, {"lineNumber": 45, "content": "  0x0c287fff9b00: fa fa fa fa fa fa fa fa fa fa fa fa fa fa fa fa", "important": false, "type": "Line"}, {"lineNumber": 46, "content": "Shadow byte legend (one shadow byte represents 8 application bytes):", "important": false, "type": "Line"}, {"lineNumber": 47, "content": "  Addressable:           00", "important": false, "type": "Line"}, {"lineNumber": 48, "content": "  Partially addressable: 01 02 03 04 05 06 07", "important": false, "type": "Line"}, {"lineNumber": 49, "content": "  Heap left redzone:       fa", "important": false, "type": "Line"}, {"lineNumber": 50, "content": "  Freed heap region:       fd", "important": false, "type": "Line"}, {"lineNumber": 51, "content": "  Stack left redzone:      f1", "important": false, "type": "Line"}, {"lineNumber": 52, "content": "  Stack mid redzone:       f2", "important": false, "type": "Line"}, {"lineNumber": 53, "content": "  Stack right redzone:     f3", "important": false, "type": "Line"}, {"lineNumber": 54, "content": "  Stack after return:      f5", "important": false, "type": "Line"}, {"lineNumber": 55, "content": "  Stack use after scope:   f8", "important": false, "type": "Line"}, {"lineNumber": 56, "content": "  Global redzone:          f9", "important": false, "type": "Line"}, {"lineNumber": 57, "content": "  Global init order:       f6", "important": false, "type": "Line"}, {"lineNumber": 58, "content": "  Poisoned by user:        f7", "important": false, "type": "Line"}, {"lineNumber": 59, "content": "  Container overflow:      fc", "important": false, "type": "Line"}, {"lineNumber": 60, "content": "  Array cookie:            ac", "important": false, "type": "Line"}, {"lineNumber": 61, "content": "  Intra object redzone:    bb", "important": false, "type": "Line"}, {"lineNumber": 62, "content": "  ASan internal:           fe", "important": false, "type": "Line"}, {"lineNumber": 63, "content": "  Left alloca redzone:     ca", "important": false, "type": "Line"}, {"lineNumber": 64, "content": "  Right alloca redzone:    cb", "important": false, "type": "Line"}, {"lineNumber": 65, "content": "==5939==ABORTING", "important": false, "type": "Line"}, {"lineNumber": 66, "content": "", "important": false, "type": "Line"}, {"lineNumber": 67, "content": "", "important": false, "type": "Line"}, {"lineNumber": 68, "content": "+----------------------------------------Release Build Unsymbolized Stacktrace (diff)----------------------------------------+", "important": false, "type": "Line"}, {"lineNumber": 69, "content": "", "important": false, "type": "Line"}, {"lineNumber": 70, "content": "READ of size 4 at 0x61400000d5c8 thread T0", "important": false, "type": "Line"}, {"lineNumber": 71, "content": "SCARINESS: 17 (4-byte-read-heap-buffer-overflow)", "important": false, "type": "Line"}, {"lineNumber": 72, "content": "    #0 0x7b0505  (/clusterfuzz/run_bot/clusterfuzz/bot/builds/gpac_honggfuzz_asan/custom/fuzz_parse+0x7b0505)", "important": false, "type": "Line"}, {"lineNumber": 73, "content": "    #1 0x802f47  (/clusterfuzz/run_bot/clusterfuzz/bot/builds/gpac_honggfuzz_asan/custom/fuzz_parse+0x802f47)", "important": false, "type": "Line"}, {"lineNumber": 74, "content": "    #2 0x80134b  (/clusterfuzz/run_bot/clusterfuzz/bot/builds/gpac_honggfuzz_asan/custom/fuzz_parse+0x80134b)", "important": false, "type": "Line"}, {"lineNumber": 75, "content": "    #3 0x80020a  (/clusterfuzz/run_bot/clusterfuzz/bot/builds/gpac_honggfuzz_asan/custom/fuzz_parse+0x80020a)", "important": false, "type": "Line"}, {"lineNumber": 76, "content": "    #4 0x4e3155  (/clusterfuzz/run_bot/clusterfuzz/bot/builds/gpac_honggfuzz_asan/custom/fuzz_parse+0x4e3155)", "important": false, "type": "Line"}, {"lineNumber": 77, "content": "    #5 0x4e8f91  (/clusterfuzz/run_bot/clusterfuzz/bot/builds/gpac_honggfuzz_asan/custom/fuzz_parse+0x4e8f91)", "important": false, "type": "Line"}, {"lineNumber": 78, "content": "    #6 0x4e0dfc  (/clusterfuzz/run_bot/clusterfuzz/bot/builds/gpac_honggfuzz_asan/custom/fuzz_parse+0x4e0dfc)", "important": false, "type": "Line"}, {"lineNumber": 79, "content": "    #7 0x4d709e  (/clusterfuzz/run_bot/clusterfuzz/bot/builds/gpac_honggfuzz_asan/custom/fuzz_parse+0x4d709e)", "important": false, "type": "Line"}, {"lineNumber": 80, "content": "    #8 0x7ffff7c3d0b2  (/lib/x86_64-linux-gnu/libc.so.6+0x270b2)", "important": false, "type": "Line"}, {"lineNumber": 81, "content": "    #9 0x41eb9d  (/clusterfuzz/run_bot/clusterfuzz/bot/builds/gpac_honggfuzz_asan/custom/fuzz_parse+0x41eb9d)", "important": false, "type": "Line"}, {"lineNumber": 82, "content": "", "important": false, "type": "Line"}, {"lineNumber": 83, "content": "0x61400000d5c8 is located 0 bytes to the right of 200-byte region [0x61400000d500,0x61400000d5c8)", "important": false, "type": "Line"}, {"lineNumber": 84, "content": "allocated by thread T0 here:", "important": false, "type": "Line"}, {"lineNumber": 85, "content": "    #0 0x49fe1d  (/clusterfuzz/run_bot/clusterfuzz/bot/builds/gpac_honggfuzz_asan/custom/fuzz_parse+0x49fe1d)", "important": false, "type": "Line"}, {"lineNumber": 86, "content": "    #1 0x6e204c  (/clusterfuzz/run_bot/clusterfuzz/bot/builds/gpac_honggfuzz_asan/custom/fuzz_parse+0x6e204c)", "important": false, "type": "Line"}, {"lineNumber": 87, "content": "    #2 0x7afaec  (/clusterfuzz/run_bot/clusterfuzz/bot/builds/gpac_honggfuzz_asan/custom/fuzz_parse+0x7afaec)", "important": false, "type": "Line"}, {"lineNumber": 88, "content": "    #3 0x802f47  (/clusterfuzz/run_bot/clusterfuzz/bot/builds/gpac_honggfuzz_asan/custom/fuzz_parse+0x802f47)", "important": false, "type": "Line"}, {"lineNumber": 89, "content": "    #4 0x80134b  (/clusterfuzz/run_bot/clusterfuzz/bot/builds/gpac_honggfuzz_asan/custom/fuzz_parse+0x80134b)", "important": false, "type": "Line"}, {"lineNumber": 90, "content": "    #5 0x80020a  (/clusterfuzz/run_bot/clusterfuzz/bot/builds/gpac_honggfuzz_asan/custom/fuzz_parse+0x80020a)", "important": false, "type": "Line"}, {"lineNumber": 91, "content": "    #6 0x4e3155  (/clusterfuzz/run_bot/clusterfuzz/bot/builds/gpac_honggfuzz_asan/custom/fuzz_parse+0x4e3155)", "important": false, "type": "Line"}, {"lineNumber": 92, "content": "    #7 0x4e8f91  (/clusterfuzz/run_bot/clusterfuzz/bot/builds/gpac_honggfuzz_asan/custom/fuzz_parse+0x4e8f91)", "important": false, "type": "Line"}, {"lineNumber": 93, "content": "    #8 0x4e0dfc  (/clusterfuzz/run_bot/clusterfuzz/bot/builds/gpac_honggfuzz_asan/custom/fuzz_parse+0x4e0dfc)", "important": false, "type": "Line"}, {"lineNumber": 94, "content": "    #9 0x4d709e  (/clusterfuzz/run_bot/clusterfuzz/bot/builds/gpac_honggfuzz_asan/custom/fuzz_parse+0x4d709e)", "important": false, "type": "Line"}], "revision": "1"}, "last_tested_crash_stacktrace": {"lines": [{"lineNumber": 1, "content": "[Environment] ASAN_OPTIONS=alloc_dealloc_mismatch=0:allocator_may_return_null=1:allocator_release_to_os_interval_ms=500:allow_user_segv_handler=0:check_malloc_usable_size=0:detect_leaks=1:detect_odr_violation=0:detect_stack_use_after_return=1:fast_unwind_on_fatal=0:handle_abort=2:handle_segv=2:handle_sigbus=2:handle_sigfpe=2:handle_sigill=2:max_uar_stack_size_log=16:print_scariness=1:print_summary=1:print_suppressions=0:quarantine_size_mb=64:redzone=256:strict_memcmp=1:symbolize=0:use_sigaltstack=1", "important": false, "type": "Line"}, {"lineNumber": 2, "content": "+----------------------------------------Release Build Stacktrace----------------------------------------+", "important": false, "type": "Line"}, {"lineNumber": 3, "content": "Command: /clusterfuzz/run_bot/clusterfuzz/bot/builds/gpac_honggfuzz_asan/custom/fuzz_parse", "important": false, "type": "Line"}, {"lineNumber": 4, "content": "Time ran: 0.008884668350219727", "important": false, "type": "Line"}, {"lineNumber": 5, "content": "", "important": false, "type": "Line"}, {"lineNumber": 6, "content": "Accepting input from &#x27;[STDIN]&#x27;", "important": false, "type": "Line"}, {"lineNumber": 7, "content": "Usage for fuzzing: honggfuzz -P [flags] -- /clusterfuzz/run_bot/clusterfuzz/bot/builds/gpac_honggfuzz_asan/custom/fuzz_parse", "important": false, "type": "Line"}, {"lineNumber": 8, "content": "=================================================================", "important": false, "type": "Line"}, {"lineNumber": 9, "content": "==78246==ERROR: AddressSanitizer: heap-buffer-overflow on address 0x6140000001c8 at pc 0x0000007b0506 bp 0x7ffe72351750 sp 0x7ffe72351748", "important": false, "type": "Line"}, {"lineNumber": 10, "content": "READ of size 4 at 0x6140000001c8 thread T0", "important": false, "type": "Line"}, {"lineNumber": 11, "content": "SCARINESS: 17 (4-byte-read-heap-buffer-overflow)", "important": false, "type": "Line"}, {"lineNumber": 12, "content": "    #0 0x7b0505 in stsz_box_read /src/gpac/src/isomedia/box_code_base.c:5677:24", "important": true, "type": "Line"}, {"lineNumber": 13, "content": "    #1 0x802f47 in gf_isom_box_read /src/gpac/src/isomedia/box_funcs.c:1817:9", "important": true, "type": "Line"}, {"lineNumber": 14, "content": "    #2 0x80134b in gf_isom_box_parse_ex /src/gpac/src/isomedia/box_funcs.c:263:14", "important": true, "type": "Line"}, {"lineNumber": 15, "content": "    #3 0x80020a in gf_isom_parse_root_box /src/gpac/src/isomedia/box_funcs.c:38:8", "important": false, "type": "Line"}, {"lineNumber": 16, "content": "    #4 0x4e3155 in gf_isom_parse_movie_boxes_internal /src/gpac/src/isomedia/isom_intern.c:320:7", "important": false, "type": "Line"}, {"lineNumber": 17, "content": "    #5 0x4e3155 in gf_isom_parse_movie_boxes /src/gpac/src/isomedia/isom_intern.c:783:6", "important": false, "type": "Line"}, {"lineNumber": 18, "content": "    #6 0x4e8f91 in gf_isom_open_file /src/gpac/src/isomedia/isom_intern.c:903:19", "important": false, "type": "Line"}, {"lineNumber": 19, "content": "    #7 0x4e0dfc in LLVMFuzzerTestOneInput /src/gpac/fuzz_parse.c:19:13", "important": false, "type": "Line"}, {"lineNumber": 20, "content": "    #8 0x4d6fbb in main", "important": false, "type": "Line"}, {"lineNumber": 21, "content": "    #9 0x7f6cb31bd0b2 in __libc_start_main", "important": false, "type": "Line"}, {"lineNumber": 22, "content": "    #10 0x41eb9d in _start", "important": false, "type": "Line"}, {"lineNumber": 23, "content": "", "important": false, "type": "Line"}, {"lineNumber": 24, "content": "0x6140000001c8 is located 0 bytes to the right of 200-byte region [0x614000000100,0x6140000001c8)", "important": false, "type": "Line"}, {"lineNumber": 25, "content": "allocated by thread T0 here:", "important": false, "type": "Line"}, {"lineNumber": 26, "content": "    #0 0x49fe1d in __interceptor_malloc /src/llvm-project/compiler-rt/lib/asan/asan_malloc_linux.cpp:129:3", "important": false, "type": "Line"}, {"lineNumber": 27, "content": "    #1 0x6e204c in gf_malloc /src/gpac/src/utils/alloc.c:150:9", "important": false, "type": "Line"}, {"lineNumber": 28, "content": "    #2 0x7afaec in stsz_box_read /src/gpac/src/isomedia/box_code_base.c:5656:24", "important": true, "type": "Line"}, {"lineNumber": 29, "content": "    #3 0x802f47 in gf_isom_box_read /src/gpac/src/isomedia/box_funcs.c:1817:9", "important": true, "type": "Line"}, {"lineNumber": 30, "content": "    #4 0x80134b in gf_isom_box_parse_ex /src/gpac/src/isomedia/box_funcs.c:263:14", "important": true, "type": "Line"}, {"lineNumber": 31, "content": "    #5 0x80020a in gf_isom_parse_root_box /src/gpac/src/isomedia/box_funcs.c:38:8", "important": false, "type": "Line"}, {"lineNumber": 32, "content": "    #6 0x4e3155 in gf_isom_parse_movie_boxes_internal /src/gpac/src/isomedia/isom_intern.c:320:7", "important": false, "type": "Line"}, {"lineNumber": 33, "content": "    #7 0x4e3155 in gf_isom_parse_movie_boxes /src/gpac/src/isomedia/isom_intern.c:783:6", "important": false, "type": "Line"}, {"lineNumber": 34, "content": "    #8 0x4e8f91 in gf_isom_open_file /src/gpac/src/isomedia/isom_intern.c:903:19", "important": false, "type": "Line"}, {"lineNumber": 35, "content": "    #9 0x4e0dfc in LLVMFuzzerTestOneInput /src/gpac/fuzz_parse.c:19:13", "important": false, "type": "Line"}, {"lineNumber": 36, "content": "    #10 0x4d6fbb in main", "important": false, "type": "Line"}, {"lineNumber": 37, "content": "", "important": false, "type": "Line"}, {"lineNumber": 38, "content": "SUMMARY: AddressSanitizer: heap-buffer-overflow (/clusterfuzz/run_bot/clusterfuzz/bot/builds/gpac_honggfuzz_asan/custom/fuzz_parse+0x7b0505)", "important": false, "type": "Line"}, {"lineNumber": 39, "content": "Shadow bytes around the buggy address:", "important": false, "type": "Line"}, {"lineNumber": 40, "content": "  0x0c287fff7fe0: 00 00 00 00 00 00 00 00 00 00 00 00 00 00 00 00", "important": false, "type": "Line"}, {"lineNumber": 41, "content": "  0x0c287fff7ff0: 00 00 00 00 00 00 00 00 00 00 00 00 00 00 00 00", "important": false, "type": "Line"}, {"lineNumber": 42, "content": "  0x0c287fff8000: fa fa fa fa fa fa fa fa fa fa fa fa fa fa fa fa", "important": false, "type": "Line"}, {"lineNumber": 43, "content": "  0x0c287fff8010: fa fa fa fa fa fa fa fa fa fa fa fa fa fa fa fa", "important": false, "type": "Line"}, {"lineNumber": 44, "content": "  0x0c287fff8020: 00 00 00 00 00 00 00 00 00 00 00 00 00 00 00 00", "important": false, "type": "Line"}, {"lineNumber": 45, "content": "=&gt;0x0c287fff8030: 00 00 00 00 00 00 00 00 00[fa]fa fa fa fa fa fa", "important": false, "type": "Line"}, {"lineNumber": 46, "content": "  0x0c287fff8040: fa fa fa fa fa fa fa fa fa fa fa fa fa fa fa fa", "important": false, "type": "Line"}, {"lineNumber": 47, "content": "  0x0c287fff8050: fa fa fa fa fa fa fa fa fa fa fa fa fa fa fa fa", "important": false, "type": "Line"}, {"lineNumber": 48, "content": "  0x0c287fff8060: fa fa fa fa fa fa fa fa fa fa fa fa fa fa fa fa", "important": false, "type": "Line"}, {"lineNumber": 49, "content": "  0x0c287fff8070: fa fa fa fa fa fa fa fa fa fa fa fa fa fa fa fa", "important": false, "type": "Line"}, {"lineNumber": 50, "content": "  0x0c287fff8080: fa fa fa fa fa fa fa fa fa fa fa fa fa fa fa fa", "important": false, "type": "Line"}, {"lineNumber": 51, "content": "Shadow byte legend (one shadow byte represents 8 application bytes):", "important": false, "type": "Line"}, {"lineNumber": 52, "content": "  Addressable:           00", "important": false, "type": "Line"}, {"lineNumber": 53, "content": "  Partially addressable: 01 02 03 04 05 06 07", "important": false, "type": "Line"}, {"lineNumber": 54, "content": "  Heap left redzone:       fa", "important": false, "type": "Line"}, {"lineNumber": 55, "content": "  Freed heap region:       fd", "important": false, "type": "Line"}, {"lineNumber": 56, "content": "  Stack left redzone:      f1", "important": false, "type": "Line"}, {"lineNumber": 57, "content": "  Stack mid redzone:       f2", "important": false, "type": "Line"}, {"lineNumber": 58, "content": "  Stack right redzone:     f3", "important": false, "type": "Line"}, {"lineNumber": 59, "content": "  Stack after return:      f5", "important": false, "type": "Line"}, {"lineNumber": 60, "content": "  Stack use after scope:   f8", "important": false, "type": "Line"}, {"lineNumber": 61, "content": "  Global redzone:          f9", "important": false, "type": "Line"}, {"lineNumber": 62, "content": "  Global init order:       f6", "important": false, "type": "Line"}, {"lineNumber": 63, "content": "  Poisoned by user:        f7", "important": false, "type": "Line"}, {"lineNumber": 64, "content": "  Container overflow:      fc", "important": false, "type": "Line"}, {"lineNumber": 65, "content": "  Array cookie:            ac", "important": false, "type": "Line"}, {"lineNumber": 66, "content": "  Intra object redzone:    bb", "important": false, "type": "Line"}, {"lineNumber": 67, "content": "  ASan internal:           fe", "important": false, "type": "Line"}, {"lineNumber": 68, "content": "  Left alloca redzone:     ca", "important": false, "type": "Line"}, {"lineNumber": 69, "content": "  Right alloca redzone:    cb", "important": false, "type": "Line"}, {"lineNumber": 70, "content": "==78246==ABORTING", "important": false, "type": "Line"}, {"lineNumber": 71, "content": "", "important": false, "type": "Line"}, {"lineNumber": 72, "content": "", "important": false, "type": "Line"}, {"lineNumber": 73, "content": "+----------------------------------------Release Build Unsymbolized Stacktrace (diff)----------------------------------------+", "important": false, "type": "Line"}, {"lineNumber": 74, "content": "", "important": false, "type": "Line"}, {"lineNumber": 75, "content": "READ of size 4 at 0x6140000001c8 thread T0", "important": false, "type": "Line"}, {"lineNumber": 76, "content": "SCARINESS: 17 (4-byte-read-heap-buffer-overflow)", "important": false, "type": "Line"}, {"lineNumber": 77, "content": "    #0 0x7b0505  (/clusterfuzz/run_bot/clusterfuzz/bot/builds/gpac_honggfuzz_asan/custom/fuzz_parse+0x7b0505)", "important": false, "type": "Line"}, {"lineNumber": 78, "content": "    #1 0x802f47  (/clusterfuzz/run_bot/clusterfuzz/bot/builds/gpac_honggfuzz_asan/custom/fuzz_parse+0x802f47)", "important": false, "type": "Line"}, {"lineNumber": 79, "content": "    #2 0x80134b  (/clusterfuzz/run_bot/clusterfuzz/bot/builds/gpac_honggfuzz_asan/custom/fuzz_parse+0x80134b)", "important": false, "type": "Line"}, {"lineNumber": 80, "content": "    #3 0x80020a  (/clusterfuzz/run_bot/clusterfuzz/bot/builds/gpac_honggfuzz_asan/custom/fuzz_parse+0x80020a)", "important": false, "type": "Line"}, {"lineNumber": 81, "content": "    #4 0x4e3155  (/clusterfuzz/run_bot/clusterfuzz/bot/builds/gpac_honggfuzz_asan/custom/fuzz_parse+0x4e3155)", "important": false, "type": "Line"}, {"lineNumber": 82, "content": "    #5 0x4e8f91  (/clusterfuzz/run_bot/clusterfuzz/bot/builds/gpac_honggfuzz_asan/custom/fuzz_parse+0x4e8f91)", "important": false, "type": "Line"}, {"lineNumber": 83, "content": "    #6 0x4e0dfc  (/clusterfuzz/run_bot/clusterfuzz/bot/builds/gpac_honggfuzz_asan/custom/fuzz_parse+0x4e0dfc)", "important": false, "type": "Line"}, {"lineNumber": 84, "content": "    #7 0x4d6fbb  (/clusterfuzz/run_bot/clusterfuzz/bot/builds/gpac_honggfuzz_asan/custom/fuzz_parse+0x4d6fbb)", "important": false, "type": "Line"}, {"lineNumber": 85, "content": "    #8 0x7f6cb31bd0b2  (/lib/x86_64-linux-gnu/libc.so.6+0x270b2)", "important": false, "type": "Line"}, {"lineNumber": 86, "content": "    #9 0x41eb9d  (/clusterfuzz/run_bot/clusterfuzz/bot/builds/gpac_honggfuzz_asan/custom/fuzz_parse+0x41eb9d)", "important": false, "type": "Line"}, {"lineNumber": 87, "content": "", "important": false, "type": "Line"}, {"lineNumber": 88, "content": "0x6140000001c8 is located 0 bytes to the right of 200-byte region [0x614000000100,0x6140000001c8)", "important": false, "type": "Line"}, {"lineNumber": 89, "content": "allocated by thread T0 here:", "important": false, "type": "Line"}, {"lineNumber": 90, "content": "    #0 0x49fe1d  (/clusterfuzz/run_bot/clusterfuzz/bot/builds/gpac_honggfuzz_asan/custom/fuzz_parse+0x49fe1d)", "important": false, "type": "Line"}, {"lineNumber": 91, "content": "    #1 0x6e204c  (/clusterfuzz/run_bot/clusterfuzz/bot/builds/gpac_honggfuzz_asan/custom/fuzz_parse+0x6e204c)", "important": false, "type": "Line"}, {"lineNumber": 92, "content": "    #2 0x7afaec  (/clusterfuzz/run_bot/clusterfuzz/bot/builds/gpac_honggfuzz_asan/custom/fuzz_parse+0x7afaec)", "important": false, "type": "Line"}, {"lineNumber": 93, "content": "    #3 0x802f47  (/clusterfuzz/run_bot/clusterfuzz/bot/builds/gpac_honggfuzz_asan/custom/fuzz_parse+0x802f47)", "important": false, "type": "Line"}, {"lineNumber": 94, "content": "    #4 0x80134b  (/clusterfuzz/run_bot/clusterfuzz/bot/builds/gpac_honggfuzz_asan/custom/fuzz_parse+0x80134b)", "important": false, "type": "Line"}, {"lineNumber": 95, "content": "    #5 0x80020a  (/clusterfuzz/run_bot/clusterfuzz/bot/builds/gpac_honggfuzz_asan/custom/fuzz_parse+0x80020a)", "important": false, "type": "Line"}, {"lineNumber": 96, "content": "    #6 0x4e3155  (/clusterfuzz/run_bot/clusterfuzz/bot/builds/gpac_honggfuzz_asan/custom/fuzz_parse+0x4e3155)", "important": false, "type": "Line"}, {"lineNumber": 97, "content": "    #7 0x4e8f91  (/clusterfuzz/run_bot/clusterfuzz/bot/builds/gpac_honggfuzz_asan/custom/fuzz_parse+0x4e8f91)", "important": false, "type": "Line"}, {"lineNumber": 98, "content": "    #8 0x4e0dfc  (/clusterfuzz/run_bot/clusterfuzz/bot/builds/gpac_honggfuzz_asan/custom/fuzz_parse+0x4e0dfc)", "important": false, "type": "Line"}, {"lineNumber": 99, "content": "    #9 0x4d6fbb  (/clusterfuzz/run_bot/clusterfuzz/bot/builds/gpac_honggfuzz_asan/custom/fuzz_parse+0x4d6fbb)", "important": false, "type": "Line"}], "revision": null}, "security_severity": "Medium", "security_severities": [{"value": 0, "name": "Critical"}, {"value": 1, "name": "High", "default": true}, {"value": 2, "name": "Medium"}, {"value": 3, "name": "Low"}, {"value": 4, "name": "Missing"}], "stats": {"min_hour": 1, "max_hour": 1}, "suspected_cls": null, "testcase": {"absolute_path": "/clusterfuzz/run_bot/clusterfuzz/bot/inputs/fuzzer-testcases/SIGABRT.PC.7b0506.STACK.c3c337db.CODE.-6.ADDR.0.INSTR.[UNKNOWN].fuzz", "additional_metadata": "{\"build_key\": \"7507b72d-3ff6-4aa3-807a-03616039e9b7\", \"fuzzer_binary_name\": \"fuzz_parse\", \"last_tested_crash_revision\": null, \"last_tested_crash_time\": {\"__type__\": \"datetime\", \"day\": 30, \"hour\": 0, \"microsecond\": 745588, \"minute\": 12, \"month\": 11, \"second\": 26, \"year\": 2021}, \"last_tested_revision\": null}", "archive_filename": null, "archive_state": 0, "binary_flag": true, "bug_indices": [], "bug_information": "", "comments": "[2021-11-29 00:13:11 UTC] comput6-20211128-16:39: Fuzz task : Fuzzer honggfuzz_fuzz_parse generated testcase crashed in 45 seconds (r1).\n[2021-11-29 00:22:11 UTC] snode6-20211128-16:40: Minimize task started.\n[2021-11-29 00:23:38 UTC] snode6-20211128-16:40: Minimize task errored out: Engine does not support minimization.\n[2021-11-30 00:11:05 UTC] comput4-20211129-15:14: Progression task started.\n[2021-11-30 00:12:26 UTC] comput4-20211129-15:14: Progression task finished: still crashes on latest custom build.\n", "crash_address": "0x61400000d5c8", "crash_revision": 1, "crash_stacktrace": "[Environment] ASAN_OPTIONS=alloc_dealloc_mismatch=0:allocator_may_return_null=1:allocator_release_to_os_interval_ms=500:allow_user_segv_handler=0:check_malloc_usable_size=0:detect_leaks=1:detect_odr_violation=0:detect_stack_use_after_return=1:fast_unwind_on_fatal=0:handle_abort=2:handle_segv=2:handle_sigbus=2:handle_sigfpe=2:handle_sigill=2:max_uar_stack_size_log=16:print_scariness=1:print_summary=1:print_suppressions=0:quarantine_size_mb=64:redzone=256:strict_memcmp=1:symbolize=0:use_sigaltstack=1\n+----------------------------------------Release Build Stacktrace----------------------------------------+\n=================================================================\n==5939==ERROR: AddressSanitizer: heap-buffer-overflow on address 0x61400000d5c8 at pc 0x0000007b0506 bp 0x7fffffffc8f0 sp 0x7fffffffc8e8\nREAD of size 4 at 0x61400000d5c8 thread T0\nSCARINESS: 17 (4-byte-read-heap-buffer-overflow)\n    #0 0x7b0505 in stsz_box_read /src/gpac/src/isomedia/box_code_base.c:5677:24\n    #1 0x802f47 in gf_isom_box_read /src/gpac/src/isomedia/box_funcs.c:1817:9\n    #2 0x80134b in gf_isom_box_parse_ex /src/gpac/src/isomedia/box_funcs.c:263:14\n    #3 0x80020a in gf_isom_parse_root_box /src/gpac/src/isomedia/box_funcs.c:38:8\n    #4 0x4e3155 in gf_isom_parse_movie_boxes_internal /src/gpac/src/isomedia/isom_intern.c:320:7\n    #5 0x4e3155 in gf_isom_parse_movie_boxes /src/gpac/src/isomedia/isom_intern.c:783:6\n    #6 0x4e8f91 in gf_isom_open_file /src/gpac/src/isomedia/isom_intern.c:903:19\n    #7 0x4e0dfc in LLVMFuzzerTestOneInput /src/gpac/fuzz_parse.c:19:13\n    #8 0x4d709e in main\n    #9 0x7ffff7c3d0b2 in __libc_start_main\n    #10 0x41eb9d in _start\n\n0x61400000d5c8 is located 0 bytes to the right of 200-byte region [0x61400000d500,0x61400000d5c8)\nallocated by thread T0 here:\n    #0 0x49fe1d in __interceptor_malloc /src/llvm-project/compiler-rt/lib/asan/asan_malloc_linux.cpp:129:3\n    #1 0x6e204c in gf_malloc /src/gpac/src/utils/alloc.c:150:9\n    #2 0x7afaec in stsz_box_read /src/gpac/src/isomedia/box_code_base.c:5656:24\n    #3 0x802f47 in gf_isom_box_read /src/gpac/src/isomedia/box_funcs.c:1817:9\n    #4 0x80134b in gf_isom_box_parse_ex /src/gpac/src/isomedia/box_funcs.c:263:14\n    #5 0x80020a in gf_isom_parse_root_box /src/gpac/src/isomedia/box_funcs.c:38:8\n    #6 0x4e3155 in gf_isom_parse_movie_boxes_internal /src/gpac/src/isomedia/isom_intern.c:320:7\n    #7 0x4e3155 in gf_isom_parse_movie_boxes /src/gpac/src/isomedia/isom_intern.c:783:6\n    #8 0x4e8f91 in gf_isom_open_file /src/gpac/src/isomedia/isom_intern.c:903:19\n    #9 0x4e0dfc in LLVMFuzzerTestOneInput /src/gpac/fuzz_parse.c:19:13\n    #10 0x4d709e in main\n\nSUMMARY: AddressSanitizer: heap-buffer-overflow (/clusterfuzz/run_bot/clusterfuzz/bot/builds/gpac_honggfuzz_asan/custom/fuzz_parse+0x7b0505)\nShadow bytes around the buggy address:\n  0x0c287fff9a60: fd fd fd fd fd fd fd fd fd fd fd fd fd fd fd fd\n  0x0c287fff9a70: fd fd fd fd fd fd fd fd fd fd fd fd fd fd fd fa\n  0x0c287fff9a80: fa fa fa fa fa fa fa fa fa fa fa fa fa fa fa fa\n  0x0c287fff9a90: fa fa fa fa fa fa fa fa fa fa fa fa fa fa fa fa\n  0x0c287fff9aa0: 00 00 00 00 00 00 00 00 00 00 00 00 00 00 00 00\n=>0x0c287fff9ab0: 00 00 00 00 00 00 00 00 00[fa]fa fa fa fa fa fa\n  0x0c287fff9ac0: fa fa fa fa fa fa fa fa fa fa fa fa fa fa fa fa\n  0x0c287fff9ad0: fa fa fa fa fa fa fa fa fa fa fa fa fa fa fa fa\n  0x0c287fff9ae0: fd fd fd fd fd fd fd fd fd fd fd fd fd fd fd fd\n  0x0c287fff9af0: fd fd fd fd fd fd fd fd fd fd fd fd fd fa fa fa\n  0x0c287fff9b00: fa fa fa fa fa fa fa fa fa fa fa fa fa fa fa fa\nShadow byte legend (one shadow byte represents 8 application bytes):\n  Addressable:           00\n  Partially addressable: 01 02 03 04 05 06 07\n  Heap left redzone:       fa\n  Freed heap region:       fd\n  Stack left redzone:      f1\n  Stack mid redzone:       f2\n  Stack right redzone:     f3\n  Stack after return:      f5\n  Stack use after scope:   f8\n  Global redzone:          f9\n  Global init order:       f6\n  Poisoned by user:        f7\n  Container overflow:      fc\n  Array cookie:            ac\n  Intra object redzone:    bb\n  ASan internal:           fe\n  Left alloca redzone:     ca\n  Right alloca redzone:    cb\n==5939==ABORTING\n\n\n+----------------------------------------Release Build Unsymbolized Stacktrace (diff)----------------------------------------+\n\nREAD of size 4 at 0x61400000d5c8 thread T0\nSCARINESS: 17 (4-byte-read-heap-buffer-overflow)\n    #0 0x7b0505  (/clusterfuzz/run_bot/clusterfuzz/bot/builds/gpac_honggfuzz_asan/custom/fuzz_parse+0x7b0505)\n    #1 0x802f47  (/clusterfuzz/run_bot/clusterfuzz/bot/builds/gpac_honggfuzz_asan/custom/fuzz_parse+0x802f47)\n    #2 0x80134b  (/clusterfuzz/run_bot/clusterfuzz/bot/builds/gpac_honggfuzz_asan/custom/fuzz_parse+0x80134b)\n    #3 0x80020a  (/clusterfuzz/run_bot/clusterfuzz/bot/builds/gpac_honggfuzz_asan/custom/fuzz_parse+0x80020a)\n    #4 0x4e3155  (/clusterfuzz/run_bot/clusterfuzz/bot/builds/gpac_honggfuzz_asan/custom/fuzz_parse+0x4e3155)\n    #5 0x4e8f91  (/clusterfuzz/run_bot/clusterfuzz/bot/builds/gpac_honggfuzz_asan/custom/fuzz_parse+0x4e8f91)\n    #6 0x4e0dfc  (/clusterfuzz/run_bot/clusterfuzz/bot/builds/gpac_honggfuzz_asan/custom/fuzz_parse+0x4e0dfc)\n    #7 0x4d709e  (/clusterfuzz/run_bot/clusterfuzz/bot/builds/gpac_honggfuzz_asan/custom/fuzz_parse+0x4d709e)\n    #8 0x7ffff7c3d0b2  (/lib/x86_64-linux-gnu/libc.so.6+0x270b2)\n    #9 0x41eb9d  (/clusterfuzz/run_bot/clusterfuzz/bot/builds/gpac_honggfuzz_asan/custom/fuzz_parse+0x41eb9d)\n\n0x61400000d5c8 is located 0 bytes to the right of 200-byte region [0x61400000d500,0x61400000d5c8)\nallocated by thread T0 here:\n    #0 0x49fe1d  (/clusterfuzz/run_bot/clusterfuzz/bot/builds/gpac_honggfuzz_asan/custom/fuzz_parse+0x49fe1d)\n    #1 0x6e204c  (/clusterfuzz/run_bot/clusterfuzz/bot/builds/gpac_honggfuzz_asan/custom/fuzz_parse+0x6e204c)\n    #2 0x7afaec  (/clusterfuzz/run_bot/clusterfuzz/bot/builds/gpac_honggfuzz_asan/custom/fuzz_parse+0x7afaec)\n    #3 0x802f47  (/clusterfuzz/run_bot/clusterfuzz/bot/builds/gpac_honggfuzz_asan/custom/fuzz_parse+0x802f47)\n    #4 0x80134b  (/clusterfuzz/run_bot/clusterfuzz/bot/builds/gpac_honggfuzz_asan/custom/fuzz_parse+0x80134b)\n    #5 0x80020a  (/clusterfuzz/run_bot/clusterfuzz/bot/builds/gpac_honggfuzz_asan/custom/fuzz_parse+0x80020a)\n    #6 0x4e3155  (/clusterfuzz/run_bot/clusterfuzz/bot/builds/gpac_honggfuzz_asan/custom/fuzz_parse+0x4e3155)\n    #7 0x4e8f91  (/clusterfuzz/run_bot/clusterfuzz/bot/builds/gpac_honggfuzz_asan/custom/fuzz_parse+0x4e8f91)\n    #8 0x4e0dfc  (/clusterfuzz/run_bot/clusterfuzz/bot/builds/gpac_honggfuzz_asan/custom/fuzz_parse+0x4e0dfc)\n    #9 0x4d709e  (/clusterfuzz/run_bot/clusterfuzz/bot/builds/gpac_honggfuzz_asan/custom/fuzz_parse+0x4d709e)\n", "crash_state": "stsz_box_read\ngf_isom_box_read\ngf_isom_box_parse_ex\n", "crash_type": "Heap-buffer-overflow\nREAD 4", "disable_ubsan": false, "duplicate_of": null, "fixed": "", "flaky_stack": false, "fuzzed_keys": "e80030d6-9735-43c1-8564-a0c5b6ac854d", "fuzzer_name": "honggfuzz", "fuzzer_name_indices": ["honggfuzz", "honggfuzz_fuzz_parse"], "gestures": [], "group_bug_information": 0, "group_id": 20367, "has_bug_flag": false, "http_flag": false, "impact_beta_version": null, "impact_beta_version_indices": [], "impact_beta_version_likely": null, "impact_extended_stable_version": null, "impact_extended_stable_version_indices": [], "impact_extended_stable_version_likely": null, "impact_head_version": null, "impact_head_version_indices": [], "impact_head_version_likely": null, "impact_indices": [], "impact_stable_version": null, "impact_stable_version_indices": [], "impact_stable_version_likely": null, "impact_version_indices": [], "is_a_duplicate_flag": false, "is_impact_set_flag": null, "is_leader": true, "job_type": "gpac_honggfuzz_asan", "keywords": ["stsz_box_read", "fuzz_parse", "gf_isom", "gpac_honggfuzz_asan", "gf_isom_box_parse_ex", "4", "box_parse", "isom_box_parse", "buffer-overflow", "heap-buffer-overflow", "box_read", "stsz", "honggfuzz", "gf_isom_box_read", "honggfuzz_fuzz", "linux", "read 4", "isom", "gf_isom_box_parse", "heap", "isom_box_parse_ex", "gf", "parse", "gpac", "read", "overflow", "box", "honggfuzz_asan", "isom_box_read", "stsz_box", "heap-buffer", "asan", "box_parse_ex", "fuzz", "gf_isom_box", "ex", "honggfuzz_fuzz_parse", "isom_box", "parse_ex", "gpac_honggfuzz", "buffer"], "last_tested_crash_stacktrace": "[Environment] ASAN_OPTIONS=alloc_dealloc_mismatch=0:allocator_may_return_null=1:allocator_release_to_os_interval_ms=500:allow_user_segv_handler=0:check_malloc_usable_size=0:detect_leaks=1:detect_odr_violation=0:detect_stack_use_after_return=1:fast_unwind_on_fatal=0:handle_abort=2:handle_segv=2:handle_sigbus=2:handle_sigfpe=2:handle_sigill=2:max_uar_stack_size_log=16:print_scariness=1:print_summary=1:print_suppressions=0:quarantine_size_mb=64:redzone=256:strict_memcmp=1:symbolize=0:use_sigaltstack=1\n+----------------------------------------Release Build Stacktrace----------------------------------------+\nCommand: /clusterfuzz/run_bot/clusterfuzz/bot/builds/gpac_honggfuzz_asan/custom/fuzz_parse\nTime ran: 0.008884668350219727\n\nAccepting input from '[STDIN]'\nUsage for fuzzing: honggfuzz -P [flags] -- /clusterfuzz/run_bot/clusterfuzz/bot/builds/gpac_honggfuzz_asan/custom/fuzz_parse\n=================================================================\n==78246==ERROR: AddressSanitizer: heap-buffer-overflow on address 0x6140000001c8 at pc 0x0000007b0506 bp 0x7ffe72351750 sp 0x7ffe72351748\nREAD of size 4 at 0x6140000001c8 thread T0\nSCARINESS: 17 (4-byte-read-heap-buffer-overflow)\n    #0 0x7b0505 in stsz_box_read /src/gpac/src/isomedia/box_code_base.c:5677:24\n    #1 0x802f47 in gf_isom_box_read /src/gpac/src/isomedia/box_funcs.c:1817:9\n    #2 0x80134b in gf_isom_box_parse_ex /src/gpac/src/isomedia/box_funcs.c:263:14\n    #3 0x80020a in gf_isom_parse_root_box /src/gpac/src/isomedia/box_funcs.c:38:8\n    #4 0x4e3155 in gf_isom_parse_movie_boxes_internal /src/gpac/src/isomedia/isom_intern.c:320:7\n    #5 0x4e3155 in gf_isom_parse_movie_boxes /src/gpac/src/isomedia/isom_intern.c:783:6\n    #6 0x4e8f91 in gf_isom_open_file /src/gpac/src/isomedia/isom_intern.c:903:19\n    #7 0x4e0dfc in LLVMFuzzerTestOneInput /src/gpac/fuzz_parse.c:19:13\n    #8 0x4d6fbb in main\n    #9 0x7f6cb31bd0b2 in __libc_start_main\n    #10 0x41eb9d in _start\n\n0x6140000001c8 is located 0 bytes to the right of 200-byte region [0x614000000100,0x6140000001c8)\nallocated by thread T0 here:\n    #0 0x49fe1d in __interceptor_malloc /src/llvm-project/compiler-rt/lib/asan/asan_malloc_linux.cpp:129:3\n    #1 0x6e204c in gf_malloc /src/gpac/src/utils/alloc.c:150:9\n    #2 0x7afaec in stsz_box_read /src/gpac/src/isomedia/box_code_base.c:5656:24\n    #3 0x802f47 in gf_isom_box_read /src/gpac/src/isomedia/box_funcs.c:1817:9\n    #4 0x80134b in gf_isom_box_parse_ex /src/gpac/src/isomedia/box_funcs.c:263:14\n    #5 0x80020a in gf_isom_parse_root_box /src/gpac/src/isomedia/box_funcs.c:38:8\n    #6 0x4e3155 in gf_isom_parse_movie_boxes_internal /src/gpac/src/isomedia/isom_intern.c:320:7\n    #7 0x4e3155 in gf_isom_parse_movie_boxes /src/gpac/src/isomedia/isom_intern.c:783:6\n    #8 0x4e8f91 in gf_isom_open_file /src/gpac/src/isomedia/isom_intern.c:903:19\n    #9 0x4e0dfc in LLVMFuzzerTestOneInput /src/gpac/fuzz_parse.c:19:13\n    #10 0x4d6fbb in main\n\nSUMMARY: AddressSanitizer: heap-buffer-overflow (/clusterfuzz/run_bot/clusterfuzz/bot/builds/gpac_honggfuzz_asan/custom/fuzz_parse+0x7b0505)\nShadow bytes around the buggy address:\n  0x0c287fff7fe0: 00 00 00 00 00 00 00 00 00 00 00 00 00 00 00 00\n  0x0c287fff7ff0: 00 00 00 00 00 00 00 00 00 00 00 00 00 00 00 00\n  0x0c287fff8000: fa fa fa fa fa fa fa fa fa fa fa fa fa fa fa fa\n  0x0c287fff8010: fa fa fa fa fa fa fa fa fa fa fa fa fa fa fa fa\n  0x0c287fff8020: 00 00 00 00 00 00 00 00 00 00 00 00 00 00 00 00\n=>0x0c287fff8030: 00 00 00 00 00 00 00 00 00[fa]fa fa fa fa fa fa\n  0x0c287fff8040: fa fa fa fa fa fa fa fa fa fa fa fa fa fa fa fa\n  0x0c287fff8050: fa fa fa fa fa fa fa fa fa fa fa fa fa fa fa fa\n  0x0c287fff8060: fa fa fa fa fa fa fa fa fa fa fa fa fa fa fa fa\n  0x0c287fff8070: fa fa fa fa fa fa fa fa fa fa fa fa fa fa fa fa\n  0x0c287fff8080: fa fa fa fa fa fa fa fa fa fa fa fa fa fa fa fa\nShadow byte legend (one shadow byte represents 8 application bytes):\n  Addressable:           00\n  Partially addressable: 01 02 03 04 05 06 07\n  Heap left redzone:       fa\n  Freed heap region:       fd\n  Stack left redzone:      f1\n  Stack mid redzone:       f2\n  Stack right redzone:     f3\n  Stack after return:      f5\n  Stack use after scope:   f8\n  Global redzone:          f9\n  Global init order:       f6\n  Poisoned by user:        f7\n  Container overflow:      fc\n  Array cookie:            ac\n  Intra object redzone:    bb\n  ASan internal:           fe\n  Left alloca redzone:     ca\n  Right alloca redzone:    cb\n==78246==ABORTING\n\n\n+----------------------------------------Release Build Unsymbolized Stacktrace (diff)----------------------------------------+\n\nREAD of size 4 at 0x6140000001c8 thread T0\nSCARINESS: 17 (4-byte-read-heap-buffer-overflow)\n    #0 0x7b0505  (/clusterfuzz/run_bot/clusterfuzz/bot/builds/gpac_honggfuzz_asan/custom/fuzz_parse+0x7b0505)\n    #1 0x802f47  (/clusterfuzz/run_bot/clusterfuzz/bot/builds/gpac_honggfuzz_asan/custom/fuzz_parse+0x802f47)\n    #2 0x80134b  (/clusterfuzz/run_bot/clusterfuzz/bot/builds/gpac_honggfuzz_asan/custom/fuzz_parse+0x80134b)\n    #3 0x80020a  (/clusterfuzz/run_bot/clusterfuzz/bot/builds/gpac_honggfuzz_asan/custom/fuzz_parse+0x80020a)\n    #4 0x4e3155  (/clusterfuzz/run_bot/clusterfuzz/bot/builds/gpac_honggfuzz_asan/custom/fuzz_parse+0x4e3155)\n    #5 0x4e8f91  (/clusterfuzz/run_bot/clusterfuzz/bot/builds/gpac_honggfuzz_asan/custom/fuzz_parse+0x4e8f91)\n    #6 0x4e0dfc  (/clusterfuzz/run_bot/clusterfuzz/bot/builds/gpac_honggfuzz_asan/custom/fuzz_parse+0x4e0dfc)\n    #7 0x4d6fbb  (/clusterfuzz/run_bot/clusterfuzz/bot/builds/gpac_honggfuzz_asan/custom/fuzz_parse+0x4d6fbb)\n    #8 0x7f6cb31bd0b2  (/lib/x86_64-linux-gnu/libc.so.6+0x270b2)\n    #9 0x41eb9d  (/clusterfuzz/run_bot/clusterfuzz/bot/builds/gpac_honggfuzz_asan/custom/fuzz_parse+0x41eb9d)\n\n0x6140000001c8 is located 0 bytes to the right of 200-byte region [0x614000000100,0x6140000001c8)\nallocated by thread T0 here:\n    #0 0x49fe1d  (/clusterfuzz/run_bot/clusterfuzz/bot/builds/gpac_honggfuzz_asan/custom/fuzz_parse+0x49fe1d)\n    #1 0x6e204c  (/clusterfuzz/run_bot/clusterfuzz/bot/builds/gpac_honggfuzz_asan/custom/fuzz_parse+0x6e204c)\n    #2 0x7afaec  (/clusterfuzz/run_bot/clusterfuzz/bot/builds/gpac_honggfuzz_asan/custom/fuzz_parse+0x7afaec)\n    #3 0x802f47  (/clusterfuzz/run_bot/clusterfuzz/bot/builds/gpac_honggfuzz_asan/custom/fuzz_parse+0x802f47)\n    #4 0x80134b  (/clusterfuzz/run_bot/clusterfuzz/bot/builds/gpac_honggfuzz_asan/custom/fuzz_parse+0x80134b)\n    #5 0x80020a  (/clusterfuzz/run_bot/clusterfuzz/bot/builds/gpac_honggfuzz_asan/custom/fuzz_parse+0x80020a)\n    #6 0x4e3155  (/clusterfuzz/run_bot/clusterfuzz/bot/builds/gpac_honggfuzz_asan/custom/fuzz_parse+0x4e3155)\n    #7 0x4e8f91  (/clusterfuzz/run_bot/clusterfuzz/bot/builds/gpac_honggfuzz_asan/custom/fuzz_parse+0x4e8f91)\n    #8 0x4e0dfc  (/clusterfuzz/run_bot/clusterfuzz/bot/builds/gpac_honggfuzz_asan/custom/fuzz_parse+0x4e0dfc)\n    #9 0x4d6fbb  (/clusterfuzz/run_bot/clusterfuzz/bot/builds/gpac_honggfuzz_asan/custom/fuzz_parse+0x4d6fbb)\n", "minidump_keys": "", "minimized_arguments": "", "minimized_keys": "e80030d6-9735-43c1-8564-a0c5b6ac854d", "one_time_crasher_flag": false, "open": true, "overridden_fuzzer_name": "honggfuzz_fuzz_parse", "platform": "linux", "platform_id": "linux", "project_name": "test-project", "queue": "jobs-linux", "redzone": 256, "regression": "NA", "security_flag": true, "security_severity": 2, "status": "Processed", "symbolized": false, "timeout_multiplier": 1.0, "timestamp": 1638144791, "triaged": false, "uploader_email": null, "window_argument": "", "id": 17052}, "timestamp": 1638144791.689546, "show_blame": false, "show_impact": false, "impacts_production": false, "find_similar_issues_options": [{"type": "open", "label": "Open"}, {"type": "all", "label": "All"}], "auto_delete_timestamp": null, "auto_close_timestamp": null, "memory_tool_display_label": "Sanitizer", "memory_tool_display_value": "address (ASAN)", "last_tested": "1:1 (No component revisions found!)", "is_admin_or_not_oss_fuzz": true, "has_issue_tracker": false, "reproduction_help_url": "", "is_local_development": true, "fuzzer_display": {"engine": "honggfuzz", "target": "fuzz_parse", "name": "honggfuzz", "fully_qualified_name": "honggfuzz_fuzz_parse"}}