{"id": 17725, "crash_type": "Fatal error", "crash_address": "", "crash_state": "runtime: out of memory\nwire.(*Ref).load\nstate.(*decodeState).Load.func2\nstate.safely\n", "crash_state_lines": ["runtime: out of memory", "wire.(*Ref).load", "state.(*decodeState).Load.func2", "state.safely"], "crash_revision": 1, "csrf_token": "D6S+cXG/eQvjQp1jhkN2Yfq5FoCaAiuUjD0oLthouNSAPb8xaAgWvNikB3AHnFnrgfWQIz/OKB4owWUbxHHo3A==", "external_user": false, "footer": "[2021-11-29 00:16:09 UTC] snode8-20211128-16:48: Fuzz task : Fuzzer libFuzzer_state_load_fuzz generated testcase crashed in 5 seconds (r1).\n[2021-11-29 00:24:07 UTC] comput5-20211128-16:39: Minimize task started.\n[2021-11-29 00:26:21 UTC] comput5-20211128-16:39: Minimize task errored out: LibFuzzer minimization failed.\n[2021-11-30 00:13:22 UTC] snode9-20211129-17:28: Progression task started.\n[2021-11-30 00:14:40 UTC] snode9-20211129-17:28: Progression task finished: still crashes on latest custom build.\n", "formatted_reproduction_help": "", "fixed": "NO", "fixed_full": null, "issue_url": null, "is_admin": true, "metadata": {"build_key": "d928a82d-39ea-4aa8-ab11-9d6025aaccfb", "env": {"ASAN_OPTIONS": {}}, "fuzzer_binary_name": "state_load_fuzz", "fuzzing_strategies": {"corpus_mutations_radamsa": 1}, "last_tested_crash_revision": null, "last_tested_crash_time": 1638231280, "last_tested_revision": null}, "minimized_testcase_size": "20 B", "needs_refresh": false, "original_testcase_size": "20 B", "privileged_user": true, "regression": "NA", "crash_stacktrace": {"lines": [{"lineNumber": 1, "content": "[Environment] ASAN_OPTIONS=exitcode=77", "important": false, "type": "Line"}, {"lineNumber": 2, "content": "+----------------------------------------Release Build Stacktrace----------------------------------------+", "important": false, "type": "Line"}, {"lineNumber": 3, "content": "Command: /clusterfuzz/run_bot/clusterfuzz/bot/builds/gvisor_libfuzzer_asan/custom/state_load_fuzz -rss_limit_mb=2560 -timeout=60 -runs=100 /clusterfuzz/run_bot/clusterfuzz/bot/inputs/fuzzer-testcases/crash-01639d467fcfc37de353ec63a1356be57a41c25c", "important": false, "type": "Line"}, {"lineNumber": 4, "content": "Time ran: 0.024495601654052734", "important": false, "type": "Line"}, {"lineNumber": 5, "content": "", "important": false, "type": "Line"}, {"lineNumber": 6, "content": "INFO: Running with entropic power schedule (0xFF, 100).", "important": false, "type": "Line"}, {"lineNumber": 7, "content": "INFO: Seed: 2048098036", "important": false, "type": "Line"}, {"lineNumber": 8, "content": "INFO: 5162 Extra Counters", "important": false, "type": "Line"}, {"lineNumber": 9, "content": "/clusterfuzz/run_bot/clusterfuzz/bot/builds/gvisor_libfuzzer_asan/custom/state_load_fuzz: Running 1 inputs 100 time(s) each.", "important": false, "type": "Line"}, {"lineNumber": 10, "content": "Running: /clusterfuzz/run_bot/clusterfuzz/bot/inputs/fuzzer-testcases/crash-01639d467fcfc37de353ec63a1356be57a41c25c", "important": false, "type": "Line"}, {"lineNumber": 11, "content": "fatal error: runtime: out of memory", "important": true, "type": "Line"}, {"lineNumber": 12, "content": "", "important": false, "type": "Line"}, {"lineNumber": 13, "content": "runtime stack:", "important": false, "type": "Line"}, {"lineNumber": 14, "content": "runtime.throw({0x64ef30, 0x7dfb800000})", "important": false, "type": "Line"}, {"lineNumber": 15, "content": "\truntime/panic.go:1198 +0x71", "important": false, "type": "Line"}, {"lineNumber": 16, "content": "runtime.sysMap(0x10c000400000, 0x586320, 0x7ffe0ba92528)", "important": false, "type": "Line"}, {"lineNumber": 17, "content": "\truntime/mem_linux.go:169 +0x96", "important": false, "type": "Line"}, {"lineNumber": 18, "content": "runtime.(*mheap).grow(0x11b9da0, 0x3efdbc0)", "important": false, "type": "Line"}, {"lineNumber": 19, "content": "\truntime/mheap.go:1393 +0x225", "important": false, "type": "Line"}, {"lineNumber": 20, "content": "runtime.(*mheap).allocSpan(0x11b9da0, 0x3efdbc0, 0x0, 0x0)", "important": false, "type": "Line"}, {"lineNumber": 21, "content": "\truntime/mheap.go:1179 +0x165", "important": false, "type": "Line"}, {"lineNumber": 22, "content": "runtime.(*mheap).alloc.func1()", "important": false, "type": "Line"}, {"lineNumber": 23, "content": "\truntime/mheap.go:913 +0x69", "important": false, "type": "Line"}, {"lineNumber": 24, "content": "runtime.systemstack()", "important": false, "type": "Line"}, {"lineNumber": 25, "content": "\truntime/asm_amd64.s:383 +0x46", "important": false, "type": "Line"}, {"lineNumber": 26, "content": "", "important": false, "type": "Line"}, {"lineNumber": 27, "content": "goroutine 17 [running, locked to thread]:", "important": false, "type": "Line"}, {"lineNumber": 28, "content": "runtime.systemstack_switch()", "important": false, "type": "Line"}, {"lineNumber": 29, "content": "\truntime/asm_amd64.s:350 fp=0x10c00004e428 sp=0x10c00004e420 pc=0x5b9ec0", "important": false, "type": "Line"}, {"lineNumber": 30, "content": "runtime.(*mheap).alloc(0x0, 0x0, 0x0, 0x1)", "important": false, "type": "Line"}, {"lineNumber": 31, "content": "\truntime/mheap.go:907 +0x73 fp=0x10c00004e478 sp=0x10c00004e428 pc=0x582653", "important": false, "type": "Line"}, {"lineNumber": 32, "content": "runtime.(*mcache).allocLarge(0x0, 0x7dfb77ed70, 0x80, 0x0)", "important": false, "type": "Line"}, {"lineNumber": 33, "content": "\truntime/mcache.go:227 +0x89 fp=0x10c00004e4d8 sp=0x10c00004e478 pc=0x5734a9", "important": false, "type": "Line"}, {"lineNumber": 34, "content": "runtime.mallocgc(0x7dfb77ed70, 0x6bd820, 0x1)", "important": false, "type": "Line"}, {"lineNumber": 35, "content": "\truntime/malloc.go:1082 +0x5c5 fp=0x10c00004e558 sp=0x10c00004e4d8 pc=0x56aa05", "important": false, "type": "Line"}, {"lineNumber": 36, "content": "runtime.makeslice(0x6d2320, 0x10c00007a1e0, 0x0)", "important": false, "type": "Line"}, {"lineNumber": 37, "content": "\truntime/slice.go:98 +0x52 fp=0x10c00004e580 sp=0x10c00004e558 pc=0x5a4a72", "important": false, "type": "Line"}, {"lineNumber": 38, "content": "gvisor.dev/gvisor/pkg/state/wire.loadRef({0x6d2320, 0x10c00007a1e0})", "important": false, "type": "Line"}, {"lineNumber": 39, "content": "\tgvisor.dev/gvisor/pkg/state/wire/wire.go:317 +0xc5 fp=0x10c00004e658 sp=0x10c00004e580 pc=0x61e5e5", "important": false, "type": "Line"}, {"lineNumber": 40, "content": "gvisor.dev/gvisor/pkg/state/wire.(*Ref).load(...)", "important": true, "type": "Line"}, {"lineNumber": 41, "content": "\tgvisor.dev/gvisor/pkg/state/wire/wire.go:370", "important": false, "type": "Line"}, {"lineNumber": 42, "content": "gvisor.dev/gvisor/pkg/state/wire.Load({0x6d2320, 0x10c00007a1e0})", "important": false, "type": "Line"}, {"lineNumber": 43, "content": "\tgvisor.dev/gvisor/pkg/state/wire/wire.go:929 +0x329 fp=0x10c00004e778 sp=0x10c00004e658 pc=0x620229", "important": false, "type": "Line"}, {"lineNumber": 44, "content": "gvisor.dev/gvisor/pkg/state.(*decodeState).Load.func2()", "important": true, "type": "Line"}, {"lineNumber": 45, "content": "\tgvisor.dev/gvisor/pkg/state/decode.go:616 +0xbe fp=0x10c00004e838 sp=0x10c00004e778 pc=0x627bbe", "important": false, "type": "Line"}, {"lineNumber": 46, "content": "gvisor.dev/gvisor/pkg/state.safely(0x6d2320)", "important": true, "type": "Line"}, {"lineNumber": 47, "content": "\tgvisor.dev/gvisor/pkg/state/state.go:321 +0x71 fp=0x10c00004e878 sp=0x10c00004e838 pc=0x629591", "important": false, "type": "Line"}, {"lineNumber": 48, "content": "gvisor.dev/gvisor/pkg/state.(*decodeState).Load(0x10c00009a000, {0x0, 0x0, 0x30})", "important": false, "type": "Line"}, {"lineNumber": 49, "content": "\tgvisor.dev/gvisor/pkg/state/decode.go:609 +0x445 fp=0x10c00004eb68 sp=0x10c00004e878 pc=0x626f25", "important": false, "type": "Line"}, {"lineNumber": 50, "content": "gvisor.dev/gvisor/pkg/state.Load.func1()", "important": false, "type": "Line"}, {"lineNumber": 51, "content": "\tgvisor.dev/gvisor/pkg/state/state.go:120 +0x18b fp=0x10c00004ebc0 sp=0x10c00004eb68 pc=0x62910b", "important": false, "type": "Line"}, {"lineNumber": 52, "content": "gvisor.dev/gvisor/pkg/state.safely(0x0)", "important": true, "type": "Line"}, {"lineNumber": 53, "content": "\tgvisor.dev/gvisor/pkg/state/state.go:321 +0x71 fp=0x10c00004ec00 sp=0x10c00004ebc0 pc=0x629591", "important": false, "type": "Line"}, {"lineNumber": 54, "content": "gvisor.dev/gvisor/pkg/state.Load({0x6d2760, 0x10c000018178}, {0x6d2320, 0x10c00007a1e0}, {0x6cb960, 0x0})", "important": false, "type": "Line"}, {"lineNumber": 55, "content": "\tgvisor.dev/gvisor/pkg/state/state.go:119 +0x1d1 fp=0x10c00004ed60 sp=0x10c00004ec00 pc=0x628ed1", "important": false, "type": "Line"}, {"lineNumber": 56, "content": "gvisor.dev/gvisor.FuzzStateLoad({0x606000000220, 0x14, 0x14})", "important": false, "type": "Line"}, {"lineNumber": 57, "content": "\tgvisor.dev/gvisor/state_fuzzer.go:28 +0xdf fp=0x10c00004ee08 sp=0x10c00004ed60 pc=0x62e8bf", "important": false, "type": "Line"}, {"lineNumber": 58, "content": "main.LLVMFuzzerTestOneInput(...)", "important": false, "type": "Line"}, {"lineNumber": 59, "content": "\t./main.3590275211.go:21", "important": false, "type": "Line"}, {"lineNumber": 60, "content": "_cgoexp_e7a74286e976_LLVMFuzzerTestOneInput(0x7ffe0ba926d8)", "important": false, "type": "Line"}, {"lineNumber": 61, "content": "\t_cgo_gotypes.go:47 +0x49 fp=0x10c00004ee30 sp=0x10c00004ee08 pc=0x62e969", "important": false, "type": "Line"}, {"lineNumber": 62, "content": "runtime.cgocallbackg1(0x62e920, 0x0, 0x0)", "important": false, "type": "Line"}, {"lineNumber": 63, "content": "\truntime/cgocall.go:306 +0x29a fp=0x10c00004ef00 sp=0x10c00004ee30 pc=0x56203a", "important": false, "type": "Line"}, {"lineNumber": 64, "content": "runtime.cgocallbackg(0x0, 0x0, 0x0)", "important": false, "type": "Line"}, {"lineNumber": 65, "content": "\truntime/cgocall.go:232 +0x109 fp=0x10c00004ef90 sp=0x10c00004ef00 pc=0x561d09", "important": false, "type": "Line"}, {"lineNumber": 66, "content": "runtime.cgocallbackg(0x62e920, 0x7ffe0ba926d8, 0x0)", "important": false, "type": "Line"}, {"lineNumber": 67, "content": "\t&lt;autogenerated&gt;:1 +0x31 fp=0x10c00004efb8 sp=0x10c00004ef90 pc=0x5be371", "important": false, "type": "Line"}, {"lineNumber": 68, "content": "runtime.cgocallback(0x0, 0x0, 0x0)", "important": false, "type": "Line"}, {"lineNumber": 69, "content": "\truntime/asm_amd64.s:915 +0xb3 fp=0x10c00004efe0 sp=0x10c00004efb8 pc=0x5bbf33", "important": false, "type": "Line"}, {"lineNumber": 70, "content": "runtime.goexit()", "important": false, "type": "Line"}, {"lineNumber": 71, "content": "\truntime/asm_amd64.s:1581 +0x1 fp=0x10c00004efe8 sp=0x10c00004efe0 pc=0x5bc161", "important": false, "type": "Line"}, {"lineNumber": 72, "content": "AddressSanitizer:DEADLYSIGNAL", "important": false, "type": "Line"}, {"lineNumber": 73, "content": "=================================================================", "important": false, "type": "Line"}, {"lineNumber": 74, "content": "==47024==ERROR: AddressSanitizer: ABRT on unknown address 0x03e80000b7b0 (pc 0x0000005bda41 bp 0x7ffe0ba92430 sp 0x7ffe0ba92418 T0)", "important": false, "type": "Line"}, {"lineNumber": 75, "content": "SCARINESS: 10 (signal)", "important": false, "type": "Line"}, {"lineNumber": 76, "content": "    #0 0x5bda41 in runtime.raise.abi0 runtime/sys_linux_amd64.s:165", "important": false, "type": "Line"}, {"lineNumber": 77, "content": "    #1 0x5a3d97 in runtime.crash runtime/signal_unix.go:861", "important": false, "type": "Line"}, {"lineNumber": 78, "content": "    #2 0x590130 in runtime.fatalthrow.func1 runtime/panic.go:1257", "important": false, "type": "Line"}, {"lineNumber": 79, "content": "    #3 0x5900af in runtime.fatalthrow runtime/panic.go:1250", "important": false, "type": "Line"}, {"lineNumber": 80, "content": "    #4 0x58fe70 in runtime.throw runtime/panic.go:1198", "important": false, "type": "Line"}, {"lineNumber": 81, "content": "    #5 0x574b15 in runtime.sysMap runtime/mem_linux.go:169", "important": false, "type": "Line"}, {"lineNumber": 82, "content": "    #6 0x583324 in runtime.(*mheap).grow runtime/mheap.go:1393", "important": false, "type": "Line"}, {"lineNumber": 83, "content": "    #7 0x582c84 in runtime.(*mheap).allocSpan runtime/mheap.go:1179", "important": false, "type": "Line"}, {"lineNumber": 84, "content": "    #8 0x582768 in runtime.(*mheap).alloc.func1 runtime/mheap.go:913", "important": false, "type": "Line"}, {"lineNumber": 85, "content": "    #9 0x5b9f25 in runtime.systemstack.abi0 runtime/asm_amd64.s:383", "important": false, "type": "Line"}, {"lineNumber": 86, "content": "", "important": false, "type": "Line"}, {"lineNumber": 87, "content": "AddressSanitizer can not provide additional info.", "important": false, "type": "Line"}, {"lineNumber": 88, "content": "SUMMARY: AddressSanitizer: ABRT (/clusterfuzz/run_bot/clusterfuzz/bot/builds/gvisor_libfuzzer_asan/custom/state_load_fuzz+0x5bda41)", "important": false, "type": "Line"}, {"lineNumber": 89, "content": "==47024==ABORTING", "important": false, "type": "Line"}, {"lineNumber": 90, "content": "", "important": false, "type": "Line"}, {"lineNumber": 91, "content": "", "important": false, "type": "Line"}, {"lineNumber": 92, "content": "+----------------------------------------Release Build Unsymbolized Stacktrace (diff)----------------------------------------+", "important": false, "type": "Line"}, {"lineNumber": 93, "content": "", "important": false, "type": "Line"}, {"lineNumber": 94, "content": "==47024==ERROR: AddressSanitizer: ABRT on unknown address 0x03e80000b7b0 (pc 0x0000005bda41 bp 0x7ffe0ba92430 sp 0x7ffe0ba92418 T0)", "important": false, "type": "Line"}, {"lineNumber": 95, "content": "SCARINESS: 10 (signal)", "important": false, "type": "Line"}, {"lineNumber": 96, "content": "    #0 0x5bda41  (/clusterfuzz/run_bot/clusterfuzz/bot/builds/gvisor_libfuzzer_asan/custom/state_load_fuzz+0x5bda41)", "important": false, "type": "Line"}, {"lineNumber": 97, "content": "    #1 0x5a3d97  (/clusterfuzz/run_bot/clusterfuzz/bot/builds/gvisor_libfuzzer_asan/custom/state_load_fuzz+0x5a3d97)", "important": false, "type": "Line"}, {"lineNumber": 98, "content": "    #2 0x590130  (/clusterfuzz/run_bot/clusterfuzz/bot/builds/gvisor_libfuzzer_asan/custom/state_load_fuzz+0x590130)", "important": false, "type": "Line"}, {"lineNumber": 99, "content": "    #3 0x5900af  (/clusterfuzz/run_bot/clusterfuzz/bot/builds/gvisor_libfuzzer_asan/custom/state_load_fuzz+0x5900af)", "important": false, "type": "Line"}, {"lineNumber": 100, "content": "    #4 0x58fe70  (/clusterfuzz/run_bot/clusterfuzz/bot/builds/gvisor_libfuzzer_asan/custom/state_load_fuzz+0x58fe70)", "important": false, "type": "Line"}, {"lineNumber": 101, "content": "    #5 0x574b15  (/clusterfuzz/run_bot/clusterfuzz/bot/builds/gvisor_libfuzzer_asan/custom/state_load_fuzz+0x574b15)", "important": false, "type": "Line"}, {"lineNumber": 102, "content": "    #6 0x583324  (/clusterfuzz/run_bot/clusterfuzz/bot/builds/gvisor_libfuzzer_asan/custom/state_load_fuzz+0x583324)", "important": false, "type": "Line"}, {"lineNumber": 103, "content": "    #7 0x582c84  (/clusterfuzz/run_bot/clusterfuzz/bot/builds/gvisor_libfuzzer_asan/custom/state_load_fuzz+0x582c84)", "important": false, "type": "Line"}, {"lineNumber": 104, "content": "    #8 0x582768  (/clusterfuzz/run_bot/clusterfuzz/bot/builds/gvisor_libfuzzer_asan/custom/state_load_fuzz+0x582768)", "important": false, "type": "Line"}, {"lineNumber": 105, "content": "    #9 0x5b9f25  (/clusterfuzz/run_bot/clusterfuzz/bot/builds/gvisor_libfuzzer_asan/custom/state_load_fuzz+0x5b9f25)", "important": false, "type": "Line"}], "revision": "1"}, "last_tested_crash_stacktrace": {"lines": [{"lineNumber": 1, "content": "[Environment] ASAN_OPTIONS=exitcode=77", "important": false, "type": "Line"}, {"lineNumber": 2, "content": "+----------------------------------------Release Build Stacktrace----------------------------------------+", "important": false, "type": "Line"}, {"lineNumber": 3, "content": "Command: /clusterfuzz/run_bot/clusterfuzz/bot/builds/gvisor_libfuzzer_asan/custom/state_load_fuzz -rss_limit_mb=2560 -timeout=60 -runs=100 /clusterfuzz/run_bot/clusterfuzz/bot/inputs/fuzzer-testcases/crash-01639d467fcfc37de353ec63a1356be57a41c25c", "important": false, "type": "Line"}, {"lineNumber": 4, "content": "Time ran: 0.02990579605102539", "important": false, "type": "Line"}, {"lineNumber": 5, "content": "", "important": false, "type": "Line"}, {"lineNumber": 6, "content": "INFO: Running with entropic power schedule (0xFF, 100).", "important": false, "type": "Line"}, {"lineNumber": 7, "content": "INFO: Seed: 1904238048", "important": false, "type": "Line"}, {"lineNumber": 8, "content": "INFO: 5162 Extra Counters", "important": false, "type": "Line"}, {"lineNumber": 9, "content": "/clusterfuzz/run_bot/clusterfuzz/bot/builds/gvisor_libfuzzer_asan/custom/state_load_fuzz: Running 1 inputs 100 time(s) each.", "important": false, "type": "Line"}, {"lineNumber": 10, "content": "Running: /clusterfuzz/run_bot/clusterfuzz/bot/inputs/fuzzer-testcases/crash-01639d467fcfc37de353ec63a1356be57a41c25c", "important": false, "type": "Line"}, {"lineNumber": 11, "content": "fatal error: runtime: out of memory", "important": true, "type": "Line"}, {"lineNumber": 12, "content": "", "important": false, "type": "Line"}, {"lineNumber": 13, "content": "runtime stack:", "important": false, "type": "Line"}, {"lineNumber": 14, "content": "runtime.throw({0x64ef30, 0x7dfb800000})", "important": false, "type": "Line"}, {"lineNumber": 15, "content": "\truntime/panic.go:1198 +0x71", "important": false, "type": "Line"}, {"lineNumber": 16, "content": "runtime.sysMap(0x10c000400000, 0x586320, 0x7ffda4a7f6e8)", "important": false, "type": "Line"}, {"lineNumber": 17, "content": "\truntime/mem_linux.go:169 +0x96", "important": false, "type": "Line"}, {"lineNumber": 18, "content": "runtime.(*mheap).grow(0x11b9da0, 0x3efdbc0)", "important": false, "type": "Line"}, {"lineNumber": 19, "content": "\truntime/mheap.go:1393 +0x225", "important": false, "type": "Line"}, {"lineNumber": 20, "content": "runtime.(*mheap).allocSpan(0x11b9da0, 0x3efdbc0, 0x0, 0x0)", "important": false, "type": "Line"}, {"lineNumber": 21, "content": "\truntime/mheap.go:1179 +0x165", "important": false, "type": "Line"}, {"lineNumber": 22, "content": "runtime.(*mheap).alloc.func1()", "important": false, "type": "Line"}, {"lineNumber": 23, "content": "\truntime/mheap.go:913 +0x69", "important": false, "type": "Line"}, {"lineNumber": 24, "content": "runtime.systemstack()", "important": false, "type": "Line"}, {"lineNumber": 25, "content": "\truntime/asm_amd64.s:383 +0x46", "important": false, "type": "Line"}, {"lineNumber": 26, "content": "", "important": false, "type": "Line"}, {"lineNumber": 27, "content": "goroutine 17 [running, locked to thread]:", "important": false, "type": "Line"}, {"lineNumber": 28, "content": "runtime.systemstack_switch()", "important": false, "type": "Line"}, {"lineNumber": 29, "content": "\truntime/asm_amd64.s:350 fp=0x10c0000e6428 sp=0x10c0000e6420 pc=0x5b9ec0", "important": false, "type": "Line"}, {"lineNumber": 30, "content": "runtime.(*mheap).alloc(0x0, 0x0, 0x0, 0x1)", "important": false, "type": "Line"}, {"lineNumber": 31, "content": "\truntime/mheap.go:907 +0x73 fp=0x10c0000e6478 sp=0x10c0000e6428 pc=0x582653", "important": false, "type": "Line"}, {"lineNumber": 32, "content": "runtime.(*mcache).allocLarge(0x0, 0x7dfb77ed70, 0x80, 0x0)", "important": false, "type": "Line"}, {"lineNumber": 33, "content": "\truntime/mcache.go:227 +0x89 fp=0x10c0000e64d8 sp=0x10c0000e6478 pc=0x5734a9", "important": false, "type": "Line"}, {"lineNumber": 34, "content": "runtime.mallocgc(0x7dfb77ed70, 0x6bd820, 0x1)", "important": false, "type": "Line"}, {"lineNumber": 35, "content": "\truntime/malloc.go:1082 +0x5c5 fp=0x10c0000e6558 sp=0x10c0000e64d8 pc=0x56aa05", "important": false, "type": "Line"}, {"lineNumber": 36, "content": "runtime.makeslice(0x6d2320, 0x10c00019c1e0, 0x0)", "important": false, "type": "Line"}, {"lineNumber": 37, "content": "\truntime/slice.go:98 +0x52 fp=0x10c0000e6580 sp=0x10c0000e6558 pc=0x5a4a72", "important": false, "type": "Line"}, {"lineNumber": 38, "content": "gvisor.dev/gvisor/pkg/state/wire.loadRef({0x6d2320, 0x10c00019c1e0})", "important": false, "type": "Line"}, {"lineNumber": 39, "content": "\tgvisor.dev/gvisor/pkg/state/wire/wire.go:317 +0xc5 fp=0x10c0000e6658 sp=0x10c0000e6580 pc=0x61e5e5", "important": false, "type": "Line"}, {"lineNumber": 40, "content": "gvisor.dev/gvisor/pkg/state/wire.(*Ref).load(...)", "important": true, "type": "Line"}, {"lineNumber": 41, "content": "\tgvisor.dev/gvisor/pkg/state/wire/wire.go:370", "important": false, "type": "Line"}, {"lineNumber": 42, "content": "gvisor.dev/gvisor/pkg/state/wire.Load({0x6d2320, 0x10c00019c1e0})", "important": false, "type": "Line"}, {"lineNumber": 43, "content": "\tgvisor.dev/gvisor/pkg/state/wire/wire.go:929 +0x329 fp=0x10c0000e6778 sp=0x10c0000e6658 pc=0x620229", "important": false, "type": "Line"}, {"lineNumber": 44, "content": "gvisor.dev/gvisor/pkg/state.(*decodeState).Load.func2()", "important": true, "type": "Line"}, {"lineNumber": 45, "content": "\tgvisor.dev/gvisor/pkg/state/decode.go:616 +0xbe fp=0x10c0000e6838 sp=0x10c0000e6778 pc=0x627bbe", "important": false, "type": "Line"}, {"lineNumber": 46, "content": "gvisor.dev/gvisor/pkg/state.safely(0x6d2320)", "important": true, "type": "Line"}, {"lineNumber": 47, "content": "\tgvisor.dev/gvisor/pkg/state/state.go:321 +0x71 fp=0x10c0000e6878 sp=0x10c0000e6838 pc=0x629591", "important": false, "type": "Line"}, {"lineNumber": 48, "content": "gvisor.dev/gvisor/pkg/state.(*decodeState).Load(0x10c0001c8000, {0x0, 0x0, 0x30})", "important": false, "type": "Line"}, {"lineNumber": 49, "content": "\tgvisor.dev/gvisor/pkg/state/decode.go:609 +0x445 fp=0x10c0000e6b68 sp=0x10c0000e6878 pc=0x626f25", "important": false, "type": "Line"}, {"lineNumber": 50, "content": "gvisor.dev/gvisor/pkg/state.Load.func1()", "important": false, "type": "Line"}, {"lineNumber": 51, "content": "\tgvisor.dev/gvisor/pkg/state/state.go:120 +0x18b fp=0x10c0000e6bc0 sp=0x10c0000e6b68 pc=0x62910b", "important": false, "type": "Line"}, {"lineNumber": 52, "content": "gvisor.dev/gvisor/pkg/state.safely(0x0)", "important": true, "type": "Line"}, {"lineNumber": 53, "content": "\tgvisor.dev/gvisor/pkg/state/state.go:321 +0x71 fp=0x10c0000e6c00 sp=0x10c0000e6bc0 pc=0x629591", "important": false, "type": "Line"}, {"lineNumber": 54, "content": "gvisor.dev/gvisor/pkg/state.Load({0x6d2760, 0x10c0001ae000}, {0x6d2320, 0x10c00019c1e0}, {0x6cb960, 0x0})", "important": false, "type": "Line"}, {"lineNumber": 55, "content": "\tgvisor.dev/gvisor/pkg/state/state.go:119 +0x1d1 fp=0x10c0000e6d60 sp=0x10c0000e6c00 pc=0x628ed1", "important": false, "type": "Line"}, {"lineNumber": 56, "content": "gvisor.dev/gvisor.FuzzStateLoad({0x603000001900, 0x14, 0x14})", "important": false, "type": "Line"}, {"lineNumber": 57, "content": "\tgvisor.dev/gvisor/state_fuzzer.go:28 +0xdf fp=0x10c0000e6e08 sp=0x10c0000e6d60 pc=0x62e8bf", "important": false, "type": "Line"}, {"lineNumber": 58, "content": "main.LLVMFuzzerTestOneInput(...)", "important": false, "type": "Line"}, {"lineNumber": 59, "content": "\t./main.3590275211.go:21", "important": false, "type": "Line"}, {"lineNumber": 60, "content": "_cgoexp_e7a74286e976_LLVMFuzzerTestOneInput(0x7ffda4a7f898)", "important": false, "type": "Line"}, {"lineNumber": 61, "content": "\t_cgo_gotypes.go:47 +0x49 fp=0x10c0000e6e30 sp=0x10c0000e6e08 pc=0x62e969", "important": false, "type": "Line"}, {"lineNumber": 62, "content": "runtime.cgocallbackg1(0x62e920, 0x0, 0x0)", "important": false, "type": "Line"}, {"lineNumber": 63, "content": "\truntime/cgocall.go:306 +0x29a fp=0x10c0000e6f00 sp=0x10c0000e6e30 pc=0x56203a", "important": false, "type": "Line"}, {"lineNumber": 64, "content": "runtime.cgocallbackg(0x0, 0x0, 0x0)", "important": false, "type": "Line"}, {"lineNumber": 65, "content": "\truntime/cgocall.go:232 +0x109 fp=0x10c0000e6f90 sp=0x10c0000e6f00 pc=0x561d09", "important": false, "type": "Line"}, {"lineNumber": 66, "content": "runtime.cgocallbackg(0x62e920, 0x7ffda4a7f898, 0x0)", "important": false, "type": "Line"}, {"lineNumber": 67, "content": "\t&lt;autogenerated&gt;:1 +0x31 fp=0x10c0000e6fb8 sp=0x10c0000e6f90 pc=0x5be371", "important": false, "type": "Line"}, {"lineNumber": 68, "content": "runtime.cgocallback(0x0, 0x0, 0x0)", "important": false, "type": "Line"}, {"lineNumber": 69, "content": "\truntime/asm_amd64.s:915 +0xb3 fp=0x10c0000e6fe0 sp=0x10c0000e6fb8 pc=0x5bbf33", "important": false, "type": "Line"}, {"lineNumber": 70, "content": "runtime.goexit()", "important": false, "type": "Line"}, {"lineNumber": 71, "content": "\truntime/asm_amd64.s:1581 +0x1 fp=0x10c0000e6fe8 sp=0x10c0000e6fe0 pc=0x5bc161", "important": false, "type": "Line"}, {"lineNumber": 72, "content": "AddressSanitizer:DEADLYSIGNAL", "important": false, "type": "Line"}, {"lineNumber": 73, "content": "=================================================================", "important": false, "type": "Line"}, {"lineNumber": 74, "content": "==14129==ERROR: AddressSanitizer: ABRT on unknown address 0x03e800003731 (pc 0x0000005bda41 bp 0x7ffda4a7f5f0 sp 0x7ffda4a7f5d8 T0)", "important": false, "type": "Line"}, {"lineNumber": 75, "content": "    #0 0x5bda41 in runtime.raise.abi0 runtime/sys_linux_amd64.s:165", "important": false, "type": "Line"}, {"lineNumber": 76, "content": "    #1 0x5a3d97 in runtime.crash runtime/signal_unix.go:861", "important": false, "type": "Line"}, {"lineNumber": 77, "content": "    #2 0x590130 in runtime.fatalthrow.func1 runtime/panic.go:1257", "important": false, "type": "Line"}, {"lineNumber": 78, "content": "    #3 0x5900af in runtime.fatalthrow runtime/panic.go:1250", "important": false, "type": "Line"}, {"lineNumber": 79, "content": "    #4 0x58fe70 in runtime.throw runtime/panic.go:1198", "important": false, "type": "Line"}, {"lineNumber": 80, "content": "    #5 0x574b15 in runtime.sysMap runtime/mem_linux.go:169", "important": false, "type": "Line"}, {"lineNumber": 81, "content": "    #6 0x583324 in runtime.(*mheap).grow runtime/mheap.go:1393", "important": false, "type": "Line"}, {"lineNumber": 82, "content": "    #7 0x582c84 in runtime.(*mheap).allocSpan runtime/mheap.go:1179", "important": false, "type": "Line"}, {"lineNumber": 83, "content": "    #8 0x582768 in runtime.(*mheap).alloc.func1 runtime/mheap.go:913", "important": false, "type": "Line"}, {"lineNumber": 84, "content": "    #9 0x5b9f25 in runtime.systemstack.abi0 runtime/asm_amd64.s:383", "important": false, "type": "Line"}, {"lineNumber": 85, "content": "", "important": false, "type": "Line"}, {"lineNumber": 86, "content": "AddressSanitizer can not provide additional info.", "important": false, "type": "Line"}, {"lineNumber": 87, "content": "SUMMARY: AddressSanitizer: ABRT (/clusterfuzz/run_bot/clusterfuzz/bot/builds/gvisor_libfuzzer_asan/custom/state_load_fuzz+0x5bda41)", "important": false, "type": "Line"}, {"lineNumber": 88, "content": "==14129==ABORTING", "important": false, "type": "Line"}, {"lineNumber": 89, "content": "", "important": false, "type": "Line"}, {"lineNumber": 90, "content": "", "important": false, "type": "Line"}, {"lineNumber": 91, "content": "+----------------------------------------Release Build Unsymbolized Stacktrace (diff)----------------------------------------+", "important": false, "type": "Line"}, {"lineNumber": 92, "content": "", "important": false, "type": "Line"}, {"lineNumber": 93, "content": "=================================================================", "important": false, "type": "Line"}, {"lineNumber": 94, "content": "==14129==ERROR: AddressSanitizer: ABRT on unknown address 0x03e800003731 (pc 0x0000005bda41 bp 0x7ffda4a7f5f0 sp 0x7ffda4a7f5d8 T0)", "important": false, "type": "Line"}, {"lineNumber": 95, "content": "    #0 0x5bda41  (/clusterfuzz/run_bot/clusterfuzz/bot/builds/gvisor_libfuzzer_asan/custom/state_load_fuzz+0x5bda41)", "important": false, "type": "Line"}, {"lineNumber": 96, "content": "    #1 0x5a3d97  (/clusterfuzz/run_bot/clusterfuzz/bot/builds/gvisor_libfuzzer_asan/custom/state_load_fuzz+0x5a3d97)", "important": false, "type": "Line"}, {"lineNumber": 97, "content": "    #2 0x590130  (/clusterfuzz/run_bot/clusterfuzz/bot/builds/gvisor_libfuzzer_asan/custom/state_load_fuzz+0x590130)", "important": false, "type": "Line"}, {"lineNumber": 98, "content": "    #3 0x5900af  (/clusterfuzz/run_bot/clusterfuzz/bot/builds/gvisor_libfuzzer_asan/custom/state_load_fuzz+0x5900af)", "important": false, "type": "Line"}, {"lineNumber": 99, "content": "    #4 0x58fe70  (/clusterfuzz/run_bot/clusterfuzz/bot/builds/gvisor_libfuzzer_asan/custom/state_load_fuzz+0x58fe70)", "important": false, "type": "Line"}, {"lineNumber": 100, "content": "    #5 0x574b15  (/clusterfuzz/run_bot/clusterfuzz/bot/builds/gvisor_libfuzzer_asan/custom/state_load_fuzz+0x574b15)", "important": false, "type": "Line"}, {"lineNumber": 101, "content": "    #6 0x583324  (/clusterfuzz/run_bot/clusterfuzz/bot/builds/gvisor_libfuzzer_asan/custom/state_load_fuzz+0x583324)", "important": false, "type": "Line"}, {"lineNumber": 102, "content": "    #7 0x582c84  (/clusterfuzz/run_bot/clusterfuzz/bot/builds/gvisor_libfuzzer_asan/custom/state_load_fuzz+0x582c84)", "important": false, "type": "Line"}, {"lineNumber": 103, "content": "    #8 0x582768  (/clusterfuzz/run_bot/clusterfuzz/bot/builds/gvisor_libfuzzer_asan/custom/state_load_fuzz+0x582768)", "important": false, "type": "Line"}, {"lineNumber": 104, "content": "    #9 0x5b9f25  (/clusterfuzz/run_bot/clusterfuzz/bot/builds/gvisor_libfuzzer_asan/custom/state_load_fuzz+0x5b9f25)", "important": false, "type": "Line"}], "revision": null}, "security_severity": null, "security_severities": [{"value": 0, "name": "Critical"}, {"value": 1, "name": "High", "default": true}, {"value": 2, "name": "Medium"}, {"value": 3, "name": "Low"}, {"value": 4, "name": "Missing"}], "stats": {"min_hour": 1, "max_hour": 1}, "suspected_cls": null, "testcase": {"absolute_path": "/clusterfuzz/run_bot/clusterfuzz/bot/inputs/fuzzer-testcases/crash-01639d467fcfc37de353ec63a1356be57a41c25c", "additional_metadata": "{\"build_key\": \"d928a82d-39ea-4aa8-ab11-9d6025aaccfb\", \"env\": {\"ASAN_OPTIONS\": {}}, \"fuzzer_binary_name\": \"state_load_fuzz\", \"fuzzing_strategies\": {\"corpus_mutations_radamsa\": 1}, \"last_tested_crash_revision\": null, \"last_tested_crash_time\": {\"__type__\": \"datetime\", \"day\": 30, \"hour\": 0, \"microsecond\": 120507, \"minute\": 14, \"month\": 11, \"second\": 40, \"year\": 2021}, \"last_tested_revision\": null}", "archive_filename": null, "archive_state": 0, "binary_flag": true, "bug_indices": [], "bug_information": "", "comments": "[2021-11-29 00:16:09 UTC] snode8-20211128-16:48: Fuzz task : Fuzzer libFuzzer_state_load_fuzz generated testcase crashed in 5 seconds (r1).\n[2021-11-29 00:24:07 UTC] comput5-20211128-16:39: Minimize task started.\n[2021-11-29 00:26:21 UTC] comput5-20211128-16:39: Minimize task errored out: LibFuzzer minimization failed.\n[2021-11-30 00:13:22 UTC] snode9-20211129-17:28: Progression task started.\n[2021-11-30 00:14:40 UTC] snode9-20211129-17:28: Progression task finished: still crashes on latest custom build.\n", "crash_address": "", "crash_revision": 1, "crash_stacktrace": "[Environment] ASAN_OPTIONS=exitcode=77\n+----------------------------------------Release Build Stacktrace----------------------------------------+\nCommand: /clusterfuzz/run_bot/clusterfuzz/bot/builds/gvisor_libfuzzer_asan/custom/state_load_fuzz -rss_limit_mb=2560 -timeout=60 -runs=100 /clusterfuzz/run_bot/clusterfuzz/bot/inputs/fuzzer-testcases/crash-01639d467fcfc37de353ec63a1356be57a41c25c\nTime ran: 0.024495601654052734\n\nINFO: Running with entropic power schedule (0xFF, 100).\nINFO: Seed: 2048098036\nINFO: 5162 Extra Counters\n/clusterfuzz/run_bot/clusterfuzz/bot/builds/gvisor_libfuzzer_asan/custom/state_load_fuzz: Running 1 inputs 100 time(s) each.\nRunning: /clusterfuzz/run_bot/clusterfuzz/bot/inputs/fuzzer-testcases/crash-01639d467fcfc37de353ec63a1356be57a41c25c\nfatal error: runtime: out of memory\n\nruntime stack:\nruntime.throw({0x64ef30, 0x7dfb800000})\n\truntime/panic.go:1198 +0x71\nruntime.sysMap(0x10c000400000, 0x586320, 0x7ffe0ba92528)\n\truntime/mem_linux.go:169 +0x96\nruntime.(*mheap).grow(0x11b9da0, 0x3efdbc0)\n\truntime/mheap.go:1393 +0x225\nruntime.(*mheap).allocSpan(0x11b9da0, 0x3efdbc0, 0x0, 0x0)\n\truntime/mheap.go:1179 +0x165\nruntime.(*mheap).alloc.func1()\n\truntime/mheap.go:913 +0x69\nruntime.systemstack()\n\truntime/asm_amd64.s:383 +0x46\n\ngoroutine 17 [running, locked to thread]:\nruntime.systemstack_switch()\n\truntime/asm_amd64.s:350 fp=0x10c00004e428 sp=0x10c00004e420 pc=0x5b9ec0\nruntime.(*mheap).alloc(0x0, 0x0, 0x0, 0x1)\n\truntime/mheap.go:907 +0x73 fp=0x10c00004e478 sp=0x10c00004e428 pc=0x582653\nruntime.(*mcache).allocLarge(0x0, 0x7dfb77ed70, 0x80, 0x0)\n\truntime/mcache.go:227 +0x89 fp=0x10c00004e4d8 sp=0x10c00004e478 pc=0x5734a9\nruntime.mallocgc(0x7dfb77ed70, 0x6bd820, 0x1)\n\truntime/malloc.go:1082 +0x5c5 fp=0x10c00004e558 sp=0x10c00004e4d8 pc=0x56aa05\nruntime.makeslice(0x6d2320, 0x10c00007a1e0, 0x0)\n\truntime/slice.go:98 +0x52 fp=0x10c00004e580 sp=0x10c00004e558 pc=0x5a4a72\ngvisor.dev/gvisor/pkg/state/wire.loadRef({0x6d2320, 0x10c00007a1e0})\n\tgvisor.dev/gvisor/pkg/state/wire/wire.go:317 +0xc5 fp=0x10c00004e658 sp=0x10c00004e580 pc=0x61e5e5\ngvisor.dev/gvisor/pkg/state/wire.(*Ref).load(...)\n\tgvisor.dev/gvisor/pkg/state/wire/wire.go:370\ngvisor.dev/gvisor/pkg/state/wire.Load({0x6d2320, 0x10c00007a1e0})\n\tgvisor.dev/gvisor/pkg/state/wire/wire.go:929 +0x329 fp=0x10c00004e778 sp=0x10c00004e658 pc=0x620229\ngvisor.dev/gvisor/pkg/state.(*decodeState).Load.func2()\n\tgvisor.dev/gvisor/pkg/state/decode.go:616 +0xbe fp=0x10c00004e838 sp=0x10c00004e778 pc=0x627bbe\ngvisor.dev/gvisor/pkg/state.safely(0x6d2320)\n\tgvisor.dev/gvisor/pkg/state/state.go:321 +0x71 fp=0x10c00004e878 sp=0x10c00004e838 pc=0x629591\ngvisor.dev/gvisor/pkg/state.(*decodeState).Load(0x10c00009a000, {0x0, 0x0, 0x30})\n\tgvisor.dev/gvisor/pkg/state/decode.go:609 +0x445 fp=0x10c00004eb68 sp=0x10c00004e878 pc=0x626f25\ngvisor.dev/gvisor/pkg/state.Load.func1()\n\tgvisor.dev/gvisor/pkg/state/state.go:120 +0x18b fp=0x10c00004ebc0 sp=0x10c00004eb68 pc=0x62910b\ngvisor.dev/gvisor/pkg/state.safely(0x0)\n\tgvisor.dev/gvisor/pkg/state/state.go:321 +0x71 fp=0x10c00004ec00 sp=0x10c00004ebc0 pc=0x629591\ngvisor.dev/gvisor/pkg/state.Load({0x6d2760, 0x10c000018178}, {0x6d2320, 0x10c00007a1e0}, {0x6cb960, 0x0})\n\tgvisor.dev/gvisor/pkg/state/state.go:119 +0x1d1 fp=0x10c00004ed60 sp=0x10c00004ec00 pc=0x628ed1\ngvisor.dev/gvisor.FuzzStateLoad({0x606000000220, 0x14, 0x14})\n\tgvisor.dev/gvisor/state_fuzzer.go:28 +0xdf fp=0x10c00004ee08 sp=0x10c00004ed60 pc=0x62e8bf\nmain.LLVMFuzzerTestOneInput(...)\n\t./main.3590275211.go:21\n_cgoexp_e7a74286e976_LLVMFuzzerTestOneInput(0x7ffe0ba926d8)\n\t_cgo_gotypes.go:47 +0x49 fp=0x10c00004ee30 sp=0x10c00004ee08 pc=0x62e969\nruntime.cgocallbackg1(0x62e920, 0x0, 0x0)\n\truntime/cgocall.go:306 +0x29a fp=0x10c00004ef00 sp=0x10c00004ee30 pc=0x56203a\nruntime.cgocallbackg(0x0, 0x0, 0x0)\n\truntime/cgocall.go:232 +0x109 fp=0x10c00004ef90 sp=0x10c00004ef00 pc=0x561d09\nruntime.cgocallbackg(0x62e920, 0x7ffe0ba926d8, 0x0)\n\t<autogenerated>:1 +0x31 fp=0x10c00004efb8 sp=0x10c00004ef90 pc=0x5be371\nruntime.cgocallback(0x0, 0x0, 0x0)\n\truntime/asm_amd64.s:915 +0xb3 fp=0x10c00004efe0 sp=0x10c00004efb8 pc=0x5bbf33\nruntime.goexit()\n\truntime/asm_amd64.s:1581 +0x1 fp=0x10c00004efe8 sp=0x10c00004efe0 pc=0x5bc161\nAddressSanitizer:DEADLYSIGNAL\n=================================================================\n==47024==ERROR: AddressSanitizer: ABRT on unknown address 0x03e80000b7b0 (pc 0x0000005bda41 bp 0x7ffe0ba92430 sp 0x7ffe0ba92418 T0)\nSCARINESS: 10 (signal)\n    #0 0x5bda41 in runtime.raise.abi0 runtime/sys_linux_amd64.s:165\n    #1 0x5a3d97 in runtime.crash runtime/signal_unix.go:861\n    #2 0x590130 in runtime.fatalthrow.func1 runtime/panic.go:1257\n    #3 0x5900af in runtime.fatalthrow runtime/panic.go:1250\n    #4 0x58fe70 in runtime.throw runtime/panic.go:1198\n    #5 0x574b15 in runtime.sysMap runtime/mem_linux.go:169\n    #6 0x583324 in runtime.(*mheap).grow runtime/mheap.go:1393\n    #7 0x582c84 in runtime.(*mheap).allocSpan runtime/mheap.go:1179\n    #8 0x582768 in runtime.(*mheap).alloc.func1 runtime/mheap.go:913\n    #9 0x5b9f25 in runtime.systemstack.abi0 runtime/asm_amd64.s:383\n\nAddressSanitizer can not provide additional info.\nSUMMARY: AddressSanitizer: ABRT (/clusterfuzz/run_bot/clusterfuzz/bot/builds/gvisor_libfuzzer_asan/custom/state_load_fuzz+0x5bda41)\n==47024==ABORTING\n\n\n+----------------------------------------Release Build Unsymbolized Stacktrace (diff)----------------------------------------+\n\n==47024==ERROR: AddressSanitizer: ABRT on unknown address 0x03e80000b7b0 (pc 0x0000005bda41 bp 0x7ffe0ba92430 sp 0x7ffe0ba92418 T0)\nSCARINESS: 10 (signal)\n    #0 0x5bda41  (/clusterfuzz/run_bot/clusterfuzz/bot/builds/gvisor_libfuzzer_asan/custom/state_load_fuzz+0x5bda41)\n    #1 0x5a3d97  (/clusterfuzz/run_bot/clusterfuzz/bot/builds/gvisor_libfuzzer_asan/custom/state_load_fuzz+0x5a3d97)\n    #2 0x590130  (/clusterfuzz/run_bot/clusterfuzz/bot/builds/gvisor_libfuzzer_asan/custom/state_load_fuzz+0x590130)\n    #3 0x5900af  (/clusterfuzz/run_bot/clusterfuzz/bot/builds/gvisor_libfuzzer_asan/custom/state_load_fuzz+0x5900af)\n    #4 0x58fe70  (/clusterfuzz/run_bot/clusterfuzz/bot/builds/gvisor_libfuzzer_asan/custom/state_load_fuzz+0x58fe70)\n    #5 0x574b15  (/clusterfuzz/run_bot/clusterfuzz/bot/builds/gvisor_libfuzzer_asan/custom/state_load_fuzz+0x574b15)\n    #6 0x583324  (/clusterfuzz/run_bot/clusterfuzz/bot/builds/gvisor_libfuzzer_asan/custom/state_load_fuzz+0x583324)\n    #7 0x582c84  (/clusterfuzz/run_bot/clusterfuzz/bot/builds/gvisor_libfuzzer_asan/custom/state_load_fuzz+0x582c84)\n    #8 0x582768  (/clusterfuzz/run_bot/clusterfuzz/bot/builds/gvisor_libfuzzer_asan/custom/state_load_fuzz+0x582768)\n    #9 0x5b9f25  (/clusterfuzz/run_bot/clusterfuzz/bot/builds/gvisor_libfuzzer_asan/custom/state_load_fuzz+0x5b9f25)\n", "crash_state": "runtime: out of memory\nwire.(*Ref).load\nstate.(*decodeState).Load.func2\nstate.safely\n", "crash_type": "Fatal error", "disable_ubsan": false, "duplicate_of": null, "fixed": "", "flaky_stack": false, "fuzzed_keys": "c254d9cd-db21-45b1-ab81-9d17497f9b79", "fuzzer_name": "libFuzzer", "fuzzer_name_indices": ["libFuzzer_state_load_fuzz", "libFuzzer"], "gestures": [], "group_bug_information": 0, "group_id": 14568, "has_bug_flag": false, "http_flag": false, "impact_beta_version": null, "impact_beta_version_indices": [], "impact_beta_version_likely": null, "impact_extended_stable_version": null, "impact_extended_stable_version_indices": [], "impact_extended_stable_version_likely": null, "impact_head_version": null, "impact_head_version_indices": [], "impact_head_version_likely": null, "impact_indices": [], "impact_stable_version": null, "impact_stable_version_indices": [], "impact_stable_version_likely": null, "impact_version_indices": [], "is_a_duplicate_flag": false, "is_impact_set_flag": null, "is_leader": true, "job_type": "gvisor_libfuzzer_asan", "keywords": ["decodestate).load", "runtime: out of memory", "out", "memory", "wire.(*ref", "fatal error", "load_fuzz", "libfuzzer_state", "out of", "lib", "fatal", "load.func2", "state.(*decodestate).load", "out of memory", "ref", "decodestate", "runtime: out", "decode", "linux", "wire.(*ref).load", "fuzzer_state", "of", "libfuzzer_asan", "decodestate).load.func2", "error", "libfuzzer_state_load", "gvisor_libfuzzer_asan", "state_load", "state.safely", "func2", "state).load", "fuzzer", "load", "state", "state_load_fuzz", "gvisor_libfuzzer", "state.(*decode", "gvisor", "wire", "state.(*decodestate).load.func2", "libfuzzer_state_load_fuzz", "fuzzer_state_load_fuzz", "runtime: out of", "ref).load", "fuzzer_state_load", "asan", "libfuzzer", "state).load.func2", "state.(*decodestate", "of memory", "safely", "fuzz", "runtime"], "last_tested_crash_stacktrace": "[Environment] ASAN_OPTIONS=exitcode=77\n+----------------------------------------Release Build Stacktrace----------------------------------------+\nCommand: /clusterfuzz/run_bot/clusterfuzz/bot/builds/gvisor_libfuzzer_asan/custom/state_load_fuzz -rss_limit_mb=2560 -timeout=60 -runs=100 /clusterfuzz/run_bot/clusterfuzz/bot/inputs/fuzzer-testcases/crash-01639d467fcfc37de353ec63a1356be57a41c25c\nTime ran: 0.02990579605102539\n\nINFO: Running with entropic power schedule (0xFF, 100).\nINFO: Seed: 1904238048\nINFO: 5162 Extra Counters\n/clusterfuzz/run_bot/clusterfuzz/bot/builds/gvisor_libfuzzer_asan/custom/state_load_fuzz: Running 1 inputs 100 time(s) each.\nRunning: /clusterfuzz/run_bot/clusterfuzz/bot/inputs/fuzzer-testcases/crash-01639d467fcfc37de353ec63a1356be57a41c25c\nfatal error: runtime: out of memory\n\nruntime stack:\nruntime.throw({0x64ef30, 0x7dfb800000})\n\truntime/panic.go:1198 +0x71\nruntime.sysMap(0x10c000400000, 0x586320, 0x7ffda4a7f6e8)\n\truntime/mem_linux.go:169 +0x96\nruntime.(*mheap).grow(0x11b9da0, 0x3efdbc0)\n\truntime/mheap.go:1393 +0x225\nruntime.(*mheap).allocSpan(0x11b9da0, 0x3efdbc0, 0x0, 0x0)\n\truntime/mheap.go:1179 +0x165\nruntime.(*mheap).alloc.func1()\n\truntime/mheap.go:913 +0x69\nruntime.systemstack()\n\truntime/asm_amd64.s:383 +0x46\n\ngoroutine 17 [running, locked to thread]:\nruntime.systemstack_switch()\n\truntime/asm_amd64.s:350 fp=0x10c0000e6428 sp=0x10c0000e6420 pc=0x5b9ec0\nruntime.(*mheap).alloc(0x0, 0x0, 0x0, 0x1)\n\truntime/mheap.go:907 +0x73 fp=0x10c0000e6478 sp=0x10c0000e6428 pc=0x582653\nruntime.(*mcache).allocLarge(0x0, 0x7dfb77ed70, 0x80, 0x0)\n\truntime/mcache.go:227 +0x89 fp=0x10c0000e64d8 sp=0x10c0000e6478 pc=0x5734a9\nruntime.mallocgc(0x7dfb77ed70, 0x6bd820, 0x1)\n\truntime/malloc.go:1082 +0x5c5 fp=0x10c0000e6558 sp=0x10c0000e64d8 pc=0x56aa05\nruntime.makeslice(0x6d2320, 0x10c00019c1e0, 0x0)\n\truntime/slice.go:98 +0x52 fp=0x10c0000e6580 sp=0x10c0000e6558 pc=0x5a4a72\ngvisor.dev/gvisor/pkg/state/wire.loadRef({0x6d2320, 0x10c00019c1e0})\n\tgvisor.dev/gvisor/pkg/state/wire/wire.go:317 +0xc5 fp=0x10c0000e6658 sp=0x10c0000e6580 pc=0x61e5e5\ngvisor.dev/gvisor/pkg/state/wire.(*Ref).load(...)\n\tgvisor.dev/gvisor/pkg/state/wire/wire.go:370\ngvisor.dev/gvisor/pkg/state/wire.Load({0x6d2320, 0x10c00019c1e0})\n\tgvisor.dev/gvisor/pkg/state/wire/wire.go:929 +0x329 fp=0x10c0000e6778 sp=0x10c0000e6658 pc=0x620229\ngvisor.dev/gvisor/pkg/state.(*decodeState).Load.func2()\n\tgvisor.dev/gvisor/pkg/state/decode.go:616 +0xbe fp=0x10c0000e6838 sp=0x10c0000e6778 pc=0x627bbe\ngvisor.dev/gvisor/pkg/state.safely(0x6d2320)\n\tgvisor.dev/gvisor/pkg/state/state.go:321 +0x71 fp=0x10c0000e6878 sp=0x10c0000e6838 pc=0x629591\ngvisor.dev/gvisor/pkg/state.(*decodeState).Load(0x10c0001c8000, {0x0, 0x0, 0x30})\n\tgvisor.dev/gvisor/pkg/state/decode.go:609 +0x445 fp=0x10c0000e6b68 sp=0x10c0000e6878 pc=0x626f25\ngvisor.dev/gvisor/pkg/state.Load.func1()\n\tgvisor.dev/gvisor/pkg/state/state.go:120 +0x18b fp=0x10c0000e6bc0 sp=0x10c0000e6b68 pc=0x62910b\ngvisor.dev/gvisor/pkg/state.safely(0x0)\n\tgvisor.dev/gvisor/pkg/state/state.go:321 +0x71 fp=0x10c0000e6c00 sp=0x10c0000e6bc0 pc=0x629591\ngvisor.dev/gvisor/pkg/state.Load({0x6d2760, 0x10c0001ae000}, {0x6d2320, 0x10c00019c1e0}, {0x6cb960, 0x0})\n\tgvisor.dev/gvisor/pkg/state/state.go:119 +0x1d1 fp=0x10c0000e6d60 sp=0x10c0000e6c00 pc=0x628ed1\ngvisor.dev/gvisor.FuzzStateLoad({0x603000001900, 0x14, 0x14})\n\tgvisor.dev/gvisor/state_fuzzer.go:28 +0xdf fp=0x10c0000e6e08 sp=0x10c0000e6d60 pc=0x62e8bf\nmain.LLVMFuzzerTestOneInput(...)\n\t./main.3590275211.go:21\n_cgoexp_e7a74286e976_LLVMFuzzerTestOneInput(0x7ffda4a7f898)\n\t_cgo_gotypes.go:47 +0x49 fp=0x10c0000e6e30 sp=0x10c0000e6e08 pc=0x62e969\nruntime.cgocallbackg1(0x62e920, 0x0, 0x0)\n\truntime/cgocall.go:306 +0x29a fp=0x10c0000e6f00 sp=0x10c0000e6e30 pc=0x56203a\nruntime.cgocallbackg(0x0, 0x0, 0x0)\n\truntime/cgocall.go:232 +0x109 fp=0x10c0000e6f90 sp=0x10c0000e6f00 pc=0x561d09\nruntime.cgocallbackg(0x62e920, 0x7ffda4a7f898, 0x0)\n\t<autogenerated>:1 +0x31 fp=0x10c0000e6fb8 sp=0x10c0000e6f90 pc=0x5be371\nruntime.cgocallback(0x0, 0x0, 0x0)\n\truntime/asm_amd64.s:915 +0xb3 fp=0x10c0000e6fe0 sp=0x10c0000e6fb8 pc=0x5bbf33\nruntime.goexit()\n\truntime/asm_amd64.s:1581 +0x1 fp=0x10c0000e6fe8 sp=0x10c0000e6fe0 pc=0x5bc161\nAddressSanitizer:DEADLYSIGNAL\n=================================================================\n==14129==ERROR: AddressSanitizer: ABRT on unknown address 0x03e800003731 (pc 0x0000005bda41 bp 0x7ffda4a7f5f0 sp 0x7ffda4a7f5d8 T0)\n    #0 0x5bda41 in runtime.raise.abi0 runtime/sys_linux_amd64.s:165\n    #1 0x5a3d97 in runtime.crash runtime/signal_unix.go:861\n    #2 0x590130 in runtime.fatalthrow.func1 runtime/panic.go:1257\n    #3 0x5900af in runtime.fatalthrow runtime/panic.go:1250\n    #4 0x58fe70 in runtime.throw runtime/panic.go:1198\n    #5 0x574b15 in runtime.sysMap runtime/mem_linux.go:169\n    #6 0x583324 in runtime.(*mheap).grow runtime/mheap.go:1393\n    #7 0x582c84 in runtime.(*mheap).allocSpan runtime/mheap.go:1179\n    #8 0x582768 in runtime.(*mheap).alloc.func1 runtime/mheap.go:913\n    #9 0x5b9f25 in runtime.systemstack.abi0 runtime/asm_amd64.s:383\n\nAddressSanitizer can not provide additional info.\nSUMMARY: AddressSanitizer: ABRT (/clusterfuzz/run_bot/clusterfuzz/bot/builds/gvisor_libfuzzer_asan/custom/state_load_fuzz+0x5bda41)\n==14129==ABORTING\n\n\n+----------------------------------------Release Build Unsymbolized Stacktrace (diff)----------------------------------------+\n\n=================================================================\n==14129==ERROR: AddressSanitizer: ABRT on unknown address 0x03e800003731 (pc 0x0000005bda41 bp 0x7ffda4a7f5f0 sp 0x7ffda4a7f5d8 T0)\n    #0 0x5bda41  (/clusterfuzz/run_bot/clusterfuzz/bot/builds/gvisor_libfuzzer_asan/custom/state_load_fuzz+0x5bda41)\n    #1 0x5a3d97  (/clusterfuzz/run_bot/clusterfuzz/bot/builds/gvisor_libfuzzer_asan/custom/state_load_fuzz+0x5a3d97)\n    #2 0x590130  (/clusterfuzz/run_bot/clusterfuzz/bot/builds/gvisor_libfuzzer_asan/custom/state_load_fuzz+0x590130)\n    #3 0x5900af  (/clusterfuzz/run_bot/clusterfuzz/bot/builds/gvisor_libfuzzer_asan/custom/state_load_fuzz+0x5900af)\n    #4 0x58fe70  (/clusterfuzz/run_bot/clusterfuzz/bot/builds/gvisor_libfuzzer_asan/custom/state_load_fuzz+0x58fe70)\n    #5 0x574b15  (/clusterfuzz/run_bot/clusterfuzz/bot/builds/gvisor_libfuzzer_asan/custom/state_load_fuzz+0x574b15)\n    #6 0x583324  (/clusterfuzz/run_bot/clusterfuzz/bot/builds/gvisor_libfuzzer_asan/custom/state_load_fuzz+0x583324)\n    #7 0x582c84  (/clusterfuzz/run_bot/clusterfuzz/bot/builds/gvisor_libfuzzer_asan/custom/state_load_fuzz+0x582c84)\n    #8 0x582768  (/clusterfuzz/run_bot/clusterfuzz/bot/builds/gvisor_libfuzzer_asan/custom/state_load_fuzz+0x582768)\n    #9 0x5b9f25  (/clusterfuzz/run_bot/clusterfuzz/bot/builds/gvisor_libfuzzer_asan/custom/state_load_fuzz+0x5b9f25)\n", "minidump_keys": "", "minimized_arguments": "-rss_limit_mb=2560 -timeout=60", "minimized_keys": "c254d9cd-db21-45b1-ab81-9d17497f9b79", "one_time_crasher_flag": false, "open": true, "overridden_fuzzer_name": "libFuzzer_state_load_fuzz", "platform": "linux", "platform_id": "linux", "project_name": "test-project", "queue": "jobs-linux", "redzone": 64, "regression": "NA", "security_flag": false, "security_severity": null, "status": "Processed", "symbolized": false, "timeout_multiplier": 1.0, "timestamp": 1638144969, "triaged": false, "uploader_email": null, "window_argument": "", "id": 17725}, "timestamp": 1638144969.06144, "show_blame": false, "show_impact": false, "impacts_production": false, "find_similar_issues_options": [{"type": "open", "label": "Open"}, {"type": "all", "label": "All"}], "auto_delete_timestamp": null, "auto_close_timestamp": null, "memory_tool_display_label": "Sanitizer", "memory_tool_display_value": "address (ASAN)", "last_tested": "1:1 (No component revisions found!)", "is_admin_or_not_oss_fuzz": true, "has_issue_tracker": false, "reproduction_help_url": "", "is_local_development": true, "fuzzer_display": {"engine": "libFuzzer", "target": "state_load_fuzz", "name": "libFuzzer", "fully_qualified_name": "libFuzzer_state_load_fuzz"}}