{"id": 18129, "crash_type": "Stack-buffer-overflow READ 1", "crash_address": "0x7f674b8f01cf", "crash_state": "TranslateRoman\nTranslateWord3\nTranslateWord\n", "crash_state_lines": ["TranslateRoman", "TranslateWord3", "TranslateWord"], "crash_revision": 1, "csrf_token": "D6S+cXG/eQvjQp1jhkN2Yfq5FoCaAiuUjD0oLthouNSAPb8xaAgWvNikB3AHnFnrgfWQIz/OKB4owWUbxHHo3A==", "external_user": false, "footer": "[2021-11-29 00:13:56 UTC] comput10-20211128-16:40: Fuzz task : Fuzzer afl_ssml-fuzzer generated testcase crashed in 7 seconds (r1).\n[2021-11-29 00:26:51 UTC] snode5-20211128-16:40: Minimize task started.\n[2021-11-29 00:28:14 UTC] snode5-20211128-16:40: Minimize task errored out: Engine does not support minimization.\n[2021-11-30 00:10:54 UTC] comput8-20211129-15:14: Progression task started.\n[2021-11-30 00:12:13 UTC] comput8-20211129-15:14: Progression task finished: still crashes on latest custom build.\n", "formatted_reproduction_help": "", "fixed": "NO", "fixed_full": null, "issue_url": null, "is_admin": true, "metadata": {"build_key": "b6b49e17-d15a-419f-a5f8-c0ffd5c36ac6", "fuzzer_binary_name": "ssml-fuzzer", "fuzzing_strategies": {"corpus_subset": 150}, "last_tested_crash_revision": null, "last_tested_crash_time": 1638231133, "last_tested_revision": null}, "minimized_testcase_size": "24 B", "needs_refresh": false, "original_testcase_size": "24 B", "privileged_user": true, "regression": "NA", "crash_stacktrace": {"lines": [{"lineNumber": 1, "content": "[Environment] ASAN_OPTIONS=abort_on_error=1:alloc_dealloc_mismatch=0:allocator_may_return_null=1:allocator_release_to_os_interval_ms=500:allow_user_segv_handler=0:check_malloc_usable_size=0:detect_leaks=1:detect_odr_violation=0:detect_stack_use_after_return=1:fast_unwind_on_fatal=0:handle_abort=2:handle_segv=2:handle_sigbus=2:handle_sigfpe=2:handle_sigill=2:max_uar_stack_size_log=16:print_scariness=1:print_summary=1:print_suppressions=0:quarantine_size_mb=64:redzone=128:strict_memcmp=1:symbolize=0:use_sigaltstack=1", "important": false, "type": "Line"}, {"lineNumber": 2, "content": "+----------------------------------------Release Build Stacktrace----------------------------------------+", "important": false, "type": "Line"}, {"lineNumber": 3, "content": "=================================================================", "important": false, "type": "Line"}, {"lineNumber": 4, "content": "==6361==ERROR: AddressSanitizer: stack-buffer-overflow on address 0x7f674b8f01cf at pc 0x0000005a701a bp 0x7ffe777e5f30 sp 0x7ffe777e5f28", "important": false, "type": "Line"}, {"lineNumber": 5, "content": "READ of size 1 at 0x7f674b8f01cf thread T0", "important": false, "type": "Line"}, {"lineNumber": 6, "content": "SCARINESS: 27 (1-byte-read-stack-buffer-overflow)", "important": false, "type": "Line"}, {"lineNumber": 7, "content": "    #0 0x5a7019 in TranslateRoman /src/espeak-ng/src/libespeak-ng/numbers.c:1051:102", "important": true, "type": "Line"}, {"lineNumber": 8, "content": "    #1 0x4ff884 in TranslateWord3 /src/espeak-ng/src/libespeak-ng/translate.c:653:19", "important": true, "type": "Line"}, {"lineNumber": 9, "content": "    #2 0x4fd122 in TranslateWord /src/espeak-ng/src/libespeak-ng/translate.c:1100:14", "important": true, "type": "Line"}, {"lineNumber": 10, "content": "    #3 0x510bda in TranslateWord2 /src/espeak-ng/src/libespeak-ng/translate.c:1351:11", "important": true, "type": "Line"}, {"lineNumber": 11, "content": "    #4 0x50d39e in TranslateClause /src/espeak-ng/src/libespeak-ng/translate.c:2588:18", "important": false, "type": "Line"}, {"lineNumber": 12, "content": "    #5 0x4f598f in SpeakNextClause /src/espeak-ng/src/libespeak-ng/synthesize.c:1569:2", "important": false, "type": "Line"}, {"lineNumber": 13, "content": "    #6 0x4db895 in Synthesize /src/espeak-ng/src/libespeak-ng/speech.c:457:2", "important": false, "type": "Line"}, {"lineNumber": 14, "content": "    #7 0x4db4e2 in sync_espeak_Synth /src/espeak-ng/src/libespeak-ng/speech.c:570:29", "important": false, "type": "Line"}, {"lineNumber": 15, "content": "    #8 0x4dc6d9 in espeak_ng_Synthesize /src/espeak-ng/src/libespeak-ng/speech.c:678:10", "important": false, "type": "Line"}, {"lineNumber": 16, "content": "    #9 0x4d9683 in espeak_Synth /src/espeak-ng/src/libespeak-ng/espeak_api.c:90:32", "important": false, "type": "Line"}, {"lineNumber": 17, "content": "    #10 0x4d9238 in LLVMFuzzerTestOneInput /src/espeak-ng/tests/ssml-fuzzer.c:67:8", "important": false, "type": "Line"}, {"lineNumber": 18, "content": "    #11 0x4d8f3f in main /src/aflplusplus/utils/aflpp_driver/aflpp_driver.c:303:7", "important": false, "type": "Line"}, {"lineNumber": 19, "content": "    #12 0x7f674c4ff0b2 in __libc_start_main", "important": false, "type": "Line"}, {"lineNumber": 20, "content": "    #13 0x41e60d in _start", "important": false, "type": "Line"}, {"lineNumber": 21, "content": "", "important": false, "type": "Line"}, {"lineNumber": 22, "content": "Address 0x7f674b8f01cf is located in stack of thread T0 at offset 6607 in frame", "important": false, "type": "Line"}, {"lineNumber": 23, "content": "    #0 0x504cdf in TranslateClause /src/espeak-ng/src/libespeak-ng/translate.c:1918", "important": false, "type": "Line"}, {"lineNumber": 24, "content": "", "important": false, "type": "Line"}, {"lineNumber": 25, "content": "  This frame has 16 object(s):", "important": false, "type": "Line"}, {"lineNumber": 26, "content": "    [32, 36) &#x27;cc&#x27; (line 1921)", "important": false, "type": "Line"}, {"lineNumber": 27, "content": "    [48, 52) &#x27;source_index&#x27; (line 1922)", "important": false, "type": "Line"}, {"lineNumber": 28, "content": "    [64, 68) &#x27;prev_in&#x27; (line 1925)", "important": false, "type": "Line"}, {"lineNumber": 29, "content": "    [80, 84) &#x27;prev_out&#x27; (line 1926)", "important": false, "type": "Line"}, {"lineNumber": 30, "content": "    [96, 100) &#x27;next_in&#x27; (line 1929)", "important": false, "type": "Line"}, {"lineNumber": 31, "content": "    [112, 116) &#x27;char_inserted&#x27; (line 1931)", "important": false, "type": "Line"}, {"lineNumber": 32, "content": "    [128, 132) &#x27;word_flags&#x27; (line 1940)", "important": false, "type": "Line"}, {"lineNumber": 33, "content": "    [144, 148) &#x27;charix_top&#x27; (line 1952)", "important": false, "type": "Line"}, {"lineNumber": 34, "content": "    [160, 1768) &#x27;charix&#x27; (line 1954)", "important": false, "type": "Line"}, {"lineNumber": 35, "content": "    [1904, 5504) &#x27;words&#x27; (line 1955)", "important": false, "type": "Line"}, {"lineNumber": 36, "content": "    [5632, 6432) &#x27;sbuf&#x27; (line 1959)", "important": false, "type": "Line"}, {"lineNumber": 37, "content": "    [6560, 6564) &#x27;tone&#x27; (line 1962)", "important": false, "type": "Line"}, {"lineNumber": 38, "content": "    [6576, 6580) &#x27;next2_in&#x27; (line 2271)", "important": false, "type": "Line"}, {"lineNumber": 39, "content": "    [6592, 6596) &#x27;c_temp&#x27; (line 2493)", "important": false, "type": "Line"}, {"lineNumber": 40, "content": "    [6608, 6758) &#x27;number_buf&#x27; (line 2497) &lt;== Memory access at offset 6607 underflows this variable", "important": false, "type": "Line"}, {"lineNumber": 41, "content": "    [6832, 7432) &#x27;num_wtab&#x27; (line 2498)", "important": false, "type": "Line"}, {"lineNumber": 42, "content": "HINT: this may be a false positive if your program uses some custom stack unwind mechanism, swapcontext or vfork", "important": false, "type": "Line"}, {"lineNumber": 43, "content": "      (longjmp and C++ exceptions *are* supported)", "important": false, "type": "Line"}, {"lineNumber": 44, "content": "SUMMARY: AddressSanitizer: stack-buffer-overflow (/clusterfuzz/run_bot/clusterfuzz/bot/builds/espeak-ng_afl_asan/custom/ssml-fuzzer+0x5a7019)", "important": false, "type": "Line"}, {"lineNumber": 45, "content": "Shadow bytes around the buggy address:", "important": false, "type": "Line"}, {"lineNumber": 46, "content": "  0x0fed69715fe0: 00 00 00 00 00 00 00 00 00 00 00 00 00 00 00 00", "important": false, "type": "Line"}, {"lineNumber": 47, "content": "  0x0fed69715ff0: 00 00 00 00 00 00 00 00 00 00 00 00 00 00 00 00", "important": false, "type": "Line"}, {"lineNumber": 48, "content": "  0x0fed69716000: 00 00 00 00 00 00 00 00 00 00 00 00 00 00 00 00", "important": false, "type": "Line"}, {"lineNumber": 49, "content": "  0x0fed69716010: 00 00 00 00 00 00 00 00 00 00 00 00 00 00 00 00", "important": false, "type": "Line"}, {"lineNumber": 50, "content": "  0x0fed69716020: 00 00 00 00 f2 f2 f2 f2 f2 f2 f2 f2 f2 f2 f2 f2", "important": false, "type": "Line"}, {"lineNumber": 51, "content": "=&gt;0x0fed69716030: f2 f2 f2 f2 04 f2 f8 f2 04[f2]00 00 00 00 00 00", "important": false, "type": "Line"}, {"lineNumber": 52, "content": "  0x0fed69716040: 00 00 00 00 00 00 00 00 00 00 00 00 06 f2 f2 f2", "important": false, "type": "Line"}, {"lineNumber": 53, "content": "  0x0fed69716050: f2 f2 f2 f2 f2 f2 00 00 00 00 00 00 00 00 00 00", "important": false, "type": "Line"}, {"lineNumber": 54, "content": "  0x0fed69716060: 00 00 00 00 00 00 00 00 00 00 00 00 00 00 00 00", "important": false, "type": "Line"}, {"lineNumber": 55, "content": "  0x0fed69716070: 00 00 00 00 00 00 00 00 00 00 00 00 00 00 00 00", "important": false, "type": "Line"}, {"lineNumber": 56, "content": "  0x0fed69716080: 00 00 00 00 00 00 00 00 00 00 00 00 00 00 00 00", "important": false, "type": "Line"}, {"lineNumber": 57, "content": "Shadow byte legend (one shadow byte represents 8 application bytes):", "important": false, "type": "Line"}, {"lineNumber": 58, "content": "  Addressable:           00", "important": false, "type": "Line"}, {"lineNumber": 59, "content": "  Partially addressable: 01 02 03 04 05 06 07", "important": false, "type": "Line"}, {"lineNumber": 60, "content": "  Heap left redzone:       fa", "important": false, "type": "Line"}, {"lineNumber": 61, "content": "  Freed heap region:       fd", "important": false, "type": "Line"}, {"lineNumber": 62, "content": "  Stack left redzone:      f1", "important": false, "type": "Line"}, {"lineNumber": 63, "content": "  Stack mid redzone:       f2", "important": false, "type": "Line"}, {"lineNumber": 64, "content": "  Stack right redzone:     f3", "important": false, "type": "Line"}, {"lineNumber": 65, "content": "  Stack after return:      f5", "important": false, "type": "Line"}, {"lineNumber": 66, "content": "  Stack use after scope:   f8", "important": false, "type": "Line"}, {"lineNumber": 67, "content": "  Global redzone:          f9", "important": false, "type": "Line"}, {"lineNumber": 68, "content": "  Global init order:       f6", "important": false, "type": "Line"}, {"lineNumber": 69, "content": "  Poisoned by user:        f7", "important": false, "type": "Line"}, {"lineNumber": 70, "content": "  Container overflow:      fc", "important": false, "type": "Line"}, {"lineNumber": 71, "content": "  Array cookie:            ac", "important": false, "type": "Line"}, {"lineNumber": 72, "content": "  Intra object redzone:    bb", "important": false, "type": "Line"}, {"lineNumber": 73, "content": "  ASan internal:           fe", "important": false, "type": "Line"}, {"lineNumber": 74, "content": "  Left alloca redzone:     ca", "important": false, "type": "Line"}, {"lineNumber": 75, "content": "  Right alloca redzone:    cb", "important": false, "type": "Line"}, {"lineNumber": 76, "content": "==6361==ABORTING", "important": false, "type": "Line"}, {"lineNumber": 77, "content": "", "important": false, "type": "Line"}, {"lineNumber": 78, "content": "", "important": false, "type": "Line"}, {"lineNumber": 79, "content": "+----------------------------------------Release Build Unsymbolized Stacktrace (diff)----------------------------------------+", "important": false, "type": "Line"}, {"lineNumber": 80, "content": "", "important": false, "type": "Line"}, {"lineNumber": 81, "content": "READ of size 1 at 0x7f674b8f01cf thread T0", "important": false, "type": "Line"}, {"lineNumber": 82, "content": "SCARINESS: 27 (1-byte-read-stack-buffer-overflow)", "important": false, "type": "Line"}, {"lineNumber": 83, "content": "    #0 0x5a7019  (/clusterfuzz/run_bot/clusterfuzz/bot/builds/espeak-ng_afl_asan/custom/ssml-fuzzer+0x5a7019)", "important": false, "type": "Line"}, {"lineNumber": 84, "content": "    #1 0x4ff884  (/clusterfuzz/run_bot/clusterfuzz/bot/builds/espeak-ng_afl_asan/custom/ssml-fuzzer+0x4ff884)", "important": false, "type": "Line"}, {"lineNumber": 85, "content": "    #2 0x4fd122  (/clusterfuzz/run_bot/clusterfuzz/bot/builds/espeak-ng_afl_asan/custom/ssml-fuzzer+0x4fd122)", "important": false, "type": "Line"}, {"lineNumber": 86, "content": "    #3 0x510bda  (/clusterfuzz/run_bot/clusterfuzz/bot/builds/espeak-ng_afl_asan/custom/ssml-fuzzer+0x510bda)", "important": false, "type": "Line"}, {"lineNumber": 87, "content": "    #4 0x50d39e  (/clusterfuzz/run_bot/clusterfuzz/bot/builds/espeak-ng_afl_asan/custom/ssml-fuzzer+0x50d39e)", "important": false, "type": "Line"}, {"lineNumber": 88, "content": "    #5 0x4f598f  (/clusterfuzz/run_bot/clusterfuzz/bot/builds/espeak-ng_afl_asan/custom/ssml-fuzzer+0x4f598f)", "important": false, "type": "Line"}, {"lineNumber": 89, "content": "    #6 0x4db895  (/clusterfuzz/run_bot/clusterfuzz/bot/builds/espeak-ng_afl_asan/custom/ssml-fuzzer+0x4db895)", "important": false, "type": "Line"}, {"lineNumber": 90, "content": "    #7 0x4db4e2  (/clusterfuzz/run_bot/clusterfuzz/bot/builds/espeak-ng_afl_asan/custom/ssml-fuzzer+0x4db4e2)", "important": false, "type": "Line"}, {"lineNumber": 91, "content": "    #8 0x4dc6d9  (/clusterfuzz/run_bot/clusterfuzz/bot/builds/espeak-ng_afl_asan/custom/ssml-fuzzer+0x4dc6d9)", "important": false, "type": "Line"}, {"lineNumber": 92, "content": "    #9 0x4d9683  (/clusterfuzz/run_bot/clusterfuzz/bot/builds/espeak-ng_afl_asan/custom/ssml-fuzzer+0x4d9683)", "important": false, "type": "Line"}, {"lineNumber": 93, "content": "    #10 0x4d9238  (/clusterfuzz/run_bot/clusterfuzz/bot/builds/espeak-ng_afl_asan/custom/ssml-fuzzer+0x4d9238)", "important": false, "type": "Line"}, {"lineNumber": 94, "content": "    #11 0x4d8f3f  (/clusterfuzz/run_bot/clusterfuzz/bot/builds/espeak-ng_afl_asan/custom/ssml-fuzzer+0x4d8f3f)", "important": false, "type": "Line"}, {"lineNumber": 95, "content": "    #12 0x7f674c4ff0b2  (/lib/x86_64-linux-gnu/libc.so.6+0x270b2)", "important": false, "type": "Line"}, {"lineNumber": 96, "content": "    #13 0x41e60d  (/clusterfuzz/run_bot/clusterfuzz/bot/builds/espeak-ng_afl_asan/custom/ssml-fuzzer+0x41e60d)", "important": false, "type": "Line"}, {"lineNumber": 97, "content": "", "important": false, "type": "Line"}, {"lineNumber": 98, "content": "Address 0x7f674b8f01cf is located in stack of thread T0 at offset 6607 in frame", "important": false, "type": "Line"}, {"lineNumber": 99, "content": "    #0 0x504cdf  (/clusterfuzz/run_bot/clusterfuzz/bot/builds/espeak-ng_afl_asan/custom/ssml-fuzzer+0x504cdf)", "important": false, "type": "Line"}], "revision": "1"}, "last_tested_crash_stacktrace": {"lines": [{"lineNumber": 1, "content": "[Environment] ASAN_OPTIONS=abort_on_error=1:alloc_dealloc_mismatch=0:allocator_may_return_null=1:allocator_release_to_os_interval_ms=500:allow_user_segv_handler=0:check_malloc_usable_size=0:detect_leaks=1:detect_odr_violation=0:detect_stack_use_after_return=1:fast_unwind_on_fatal=0:handle_abort=2:handle_segv=2:handle_sigbus=2:handle_sigfpe=2:handle_sigill=2:max_uar_stack_size_log=16:print_scariness=1:print_summary=1:print_suppressions=0:quarantine_size_mb=64:redzone=128:strict_memcmp=1:symbolize=0:use_sigaltstack=1", "important": false, "type": "Line"}, {"lineNumber": 2, "content": "+----------------------------------------Release Build Stacktrace----------------------------------------+", "important": false, "type": "Line"}, {"lineNumber": 3, "content": "Command: /clusterfuzz/run_bot/clusterfuzz/bot/builds/espeak-ng_afl_asan/custom/ssml-fuzzer /clusterfuzz/run_bot/clusterfuzz/bot/inputs/fuzzer-testcases/crash", "important": false, "type": "Line"}, {"lineNumber": 4, "content": "Time ran: 0.01615142822265625", "important": false, "type": "Line"}, {"lineNumber": 5, "content": "", "important": false, "type": "Line"}, {"lineNumber": 6, "content": "=================================================================", "important": false, "type": "Line"}, {"lineNumber": 7, "content": "==33056==ERROR: AddressSanitizer: stack-buffer-overflow on address 0x7f2beb85d1cf at pc 0x0000005ac441 bp 0x7fff30410170 sp 0x7fff30410168", "important": false, "type": "Line"}, {"lineNumber": 8, "content": "READ of size 1 at 0x7f2beb85d1cf thread T0", "important": false, "type": "Line"}, {"lineNumber": 9, "content": "SCARINESS: 27 (1-byte-read-stack-buffer-overflow)", "important": false, "type": "Line"}, {"lineNumber": 10, "content": "    #0 0x5ac440 in TranslateNumber_1 /src/espeak-ng/src/libespeak-ng/numbers.c:1785:34", "important": false, "type": "Line"}, {"lineNumber": 11, "content": "    #1 0x5a80e6 in TranslateNumber /src/espeak-ng/src/libespeak-ng/numbers.c:2080:10", "important": false, "type": "Line"}, {"lineNumber": 12, "content": "    #2 0x5022e7 in TranslateWord3 /src/espeak-ng/src/libespeak-ng/translate.c:644:12", "important": true, "type": "Line"}, {"lineNumber": 13, "content": "    #3 0x4fd122 in TranslateWord /src/espeak-ng/src/libespeak-ng/translate.c:1100:14", "important": true, "type": "Line"}, {"lineNumber": 14, "content": "    #4 0x510bda in TranslateWord2 /src/espeak-ng/src/libespeak-ng/translate.c:1351:11", "important": true, "type": "Line"}, {"lineNumber": 15, "content": "    #5 0x50d39e in TranslateClause /src/espeak-ng/src/libespeak-ng/translate.c:2588:18", "important": false, "type": "Line"}, {"lineNumber": 16, "content": "    #6 0x4f598f in SpeakNextClause /src/espeak-ng/src/libespeak-ng/synthesize.c:1569:2", "important": false, "type": "Line"}, {"lineNumber": 17, "content": "    #7 0x4db895 in Synthesize /src/espeak-ng/src/libespeak-ng/speech.c:457:2", "important": false, "type": "Line"}, {"lineNumber": 18, "content": "    #8 0x4db4e2 in sync_espeak_Synth /src/espeak-ng/src/libespeak-ng/speech.c:570:29", "important": false, "type": "Line"}, {"lineNumber": 19, "content": "    #9 0x4dc6d9 in espeak_ng_Synthesize /src/espeak-ng/src/libespeak-ng/speech.c:678:10", "important": false, "type": "Line"}, {"lineNumber": 20, "content": "    #10 0x4d9683 in espeak_Synth /src/espeak-ng/src/libespeak-ng/espeak_api.c:90:32", "important": false, "type": "Line"}, {"lineNumber": 21, "content": "    #11 0x4d9238 in LLVMFuzzerTestOneInput /src/espeak-ng/tests/ssml-fuzzer.c:67:8", "important": false, "type": "Line"}, {"lineNumber": 22, "content": "    #12 0x4d9065 in ExecuteFilesOnyByOne /src/aflplusplus/utils/aflpp_driver/aflpp_driver.c:191:7", "important": false, "type": "Line"}, {"lineNumber": 23, "content": "    #13 0x4d8ed5 in main /src/aflplusplus/utils/aflpp_driver/aflpp_driver.c:0", "important": false, "type": "Line"}, {"lineNumber": 24, "content": "    #14 0x7f2bec4740b2 in __libc_start_main", "important": false, "type": "Line"}, {"lineNumber": 25, "content": "    #15 0x41e60d in _start", "important": false, "type": "Line"}, {"lineNumber": 26, "content": "", "important": false, "type": "Line"}, {"lineNumber": 27, "content": "Address 0x7f2beb85d1cf is located in stack of thread T0 at offset 6607 in frame", "important": false, "type": "Line"}, {"lineNumber": 28, "content": "    #0 0x504cdf in TranslateClause /src/espeak-ng/src/libespeak-ng/translate.c:1918", "important": false, "type": "Line"}, {"lineNumber": 29, "content": "", "important": false, "type": "Line"}, {"lineNumber": 30, "content": "  This frame has 16 object(s):", "important": false, "type": "Line"}, {"lineNumber": 31, "content": "    [32, 36) &#x27;cc&#x27; (line 1921)", "important": false, "type": "Line"}, {"lineNumber": 32, "content": "    [48, 52) &#x27;source_index&#x27; (line 1922)", "important": false, "type": "Line"}, {"lineNumber": 33, "content": "    [64, 68) &#x27;prev_in&#x27; (line 1925)", "important": false, "type": "Line"}, {"lineNumber": 34, "content": "    [80, 84) &#x27;prev_out&#x27; (line 1926)", "important": false, "type": "Line"}, {"lineNumber": 35, "content": "    [96, 100) &#x27;next_in&#x27; (line 1929)", "important": false, "type": "Line"}, {"lineNumber": 36, "content": "    [112, 116) &#x27;char_inserted&#x27; (line 1931)", "important": false, "type": "Line"}, {"lineNumber": 37, "content": "    [128, 132) &#x27;word_flags&#x27; (line 1940)", "important": false, "type": "Line"}, {"lineNumber": 38, "content": "    [144, 148) &#x27;charix_top&#x27; (line 1952)", "important": false, "type": "Line"}, {"lineNumber": 39, "content": "    [160, 1768) &#x27;charix&#x27; (line 1954)", "important": false, "type": "Line"}, {"lineNumber": 40, "content": "    [1904, 5504) &#x27;words&#x27; (line 1955)", "important": false, "type": "Line"}, {"lineNumber": 41, "content": "    [5632, 6432) &#x27;sbuf&#x27; (line 1959)", "important": false, "type": "Line"}, {"lineNumber": 42, "content": "    [6560, 6564) &#x27;tone&#x27; (line 1962)", "important": false, "type": "Line"}, {"lineNumber": 43, "content": "    [6576, 6580) &#x27;next2_in&#x27; (line 2271)", "important": false, "type": "Line"}, {"lineNumber": 44, "content": "    [6592, 6596) &#x27;c_temp&#x27; (line 2493)", "important": false, "type": "Line"}, {"lineNumber": 45, "content": "    [6608, 6758) &#x27;number_buf&#x27; (line 2497) &lt;== Memory access at offset 6607 underflows this variable", "important": false, "type": "Line"}, {"lineNumber": 46, "content": "    [6832, 7432) &#x27;num_wtab&#x27; (line 2498)", "important": false, "type": "Line"}, {"lineNumber": 47, "content": "HINT: this may be a false positive if your program uses some custom stack unwind mechanism, swapcontext or vfork", "important": false, "type": "Line"}, {"lineNumber": 48, "content": "      (longjmp and C++ exceptions *are* supported)", "important": false, "type": "Line"}, {"lineNumber": 49, "content": "SUMMARY: AddressSanitizer: stack-buffer-overflow (/clusterfuzz/run_bot/clusterfuzz/bot/builds/espeak-ng_afl_asan/custom/ssml-fuzzer+0x5ac440)", "important": false, "type": "Line"}, {"lineNumber": 50, "content": "Shadow bytes around the buggy address:", "important": false, "type": "Line"}, {"lineNumber": 51, "content": "  0x0fe5fd7039e0: 00 00 00 00 00 00 00 00 00 00 00 00 00 00 00 00", "important": false, "type": "Line"}, {"lineNumber": 52, "content": "  0x0fe5fd7039f0: 00 00 00 00 00 00 00 00 00 00 00 00 00 00 00 00", "important": false, "type": "Line"}, {"lineNumber": 53, "content": "  0x0fe5fd703a00: 00 00 00 00 00 00 00 00 00 00 00 00 00 00 00 00", "important": false, "type": "Line"}, {"lineNumber": 54, "content": "  0x0fe5fd703a10: 00 00 00 00 00 00 00 00 00 00 00 00 00 00 00 00", "important": false, "type": "Line"}, {"lineNumber": 55, "content": "  0x0fe5fd703a20: 00 00 00 00 f2 f2 f2 f2 f2 f2 f2 f2 f2 f2 f2 f2", "important": false, "type": "Line"}, {"lineNumber": 56, "content": "=&gt;0x0fe5fd703a30: f2 f2 f2 f2 04 f2 f8 f2 04[f2]00 00 00 00 00 00", "important": false, "type": "Line"}, {"lineNumber": 57, "content": "  0x0fe5fd703a40: 00 00 00 00 00 00 00 00 00 00 00 00 06 f2 f2 f2", "important": false, "type": "Line"}, {"lineNumber": 58, "content": "  0x0fe5fd703a50: f2 f2 f2 f2 f2 f2 00 00 00 00 00 00 00 00 00 00", "important": false, "type": "Line"}, {"lineNumber": 59, "content": "  0x0fe5fd703a60: 00 00 00 00 00 00 00 00 00 00 00 00 00 00 00 00", "important": false, "type": "Line"}, {"lineNumber": 60, "content": "  0x0fe5fd703a70: 00 00 00 00 00 00 00 00 00 00 00 00 00 00 00 00", "important": false, "type": "Line"}, {"lineNumber": 61, "content": "  0x0fe5fd703a80: 00 00 00 00 00 00 00 00 00 00 00 00 00 00 00 00", "important": false, "type": "Line"}, {"lineNumber": 62, "content": "Shadow byte legend (one shadow byte represents 8 application bytes):", "important": false, "type": "Line"}, {"lineNumber": 63, "content": "  Addressable:           00", "important": false, "type": "Line"}, {"lineNumber": 64, "content": "  Partially addressable: 01 02 03 04 05 06 07", "important": false, "type": "Line"}, {"lineNumber": 65, "content": "  Heap left redzone:       fa", "important": false, "type": "Line"}, {"lineNumber": 66, "content": "  Freed heap region:       fd", "important": false, "type": "Line"}, {"lineNumber": 67, "content": "  Stack left redzone:      f1", "important": false, "type": "Line"}, {"lineNumber": 68, "content": "  Stack mid redzone:       f2", "important": false, "type": "Line"}, {"lineNumber": 69, "content": "  Stack right redzone:     f3", "important": false, "type": "Line"}, {"lineNumber": 70, "content": "  Stack after return:      f5", "important": false, "type": "Line"}, {"lineNumber": 71, "content": "  Stack use after scope:   f8", "important": false, "type": "Line"}, {"lineNumber": 72, "content": "  Global redzone:          f9", "important": false, "type": "Line"}, {"lineNumber": 73, "content": "  Global init order:       f6", "important": false, "type": "Line"}, {"lineNumber": 74, "content": "  Poisoned by user:        f7", "important": false, "type": "Line"}, {"lineNumber": 75, "content": "  Container overflow:      fc", "important": false, "type": "Line"}, {"lineNumber": 76, "content": "  Array cookie:            ac", "important": false, "type": "Line"}, {"lineNumber": 77, "content": "  Intra object redzone:    bb", "important": false, "type": "Line"}, {"lineNumber": 78, "content": "  ASan internal:           fe", "important": false, "type": "Line"}, {"lineNumber": 79, "content": "  Left alloca redzone:     ca", "important": false, "type": "Line"}, {"lineNumber": 80, "content": "  Right alloca redzone:    cb", "important": false, "type": "Line"}, {"lineNumber": 81, "content": "==33056==ABORTING", "important": false, "type": "Line"}, {"lineNumber": 82, "content": "", "important": false, "type": "Line"}, {"lineNumber": 83, "content": "", "important": false, "type": "Line"}, {"lineNumber": 84, "content": "+----------------------------------------Release Build Unsymbolized Stacktrace (diff)----------------------------------------+", "important": false, "type": "Line"}, {"lineNumber": 85, "content": "", "important": false, "type": "Line"}, {"lineNumber": 86, "content": "READ of size 1 at 0x7f2beb85d1cf thread T0", "important": false, "type": "Line"}, {"lineNumber": 87, "content": "SCARINESS: 27 (1-byte-read-stack-buffer-overflow)", "important": false, "type": "Line"}, {"lineNumber": 88, "content": "    #0 0x5ac440  (/clusterfuzz/run_bot/clusterfuzz/bot/builds/espeak-ng_afl_asan/custom/ssml-fuzzer+0x5ac440)", "important": false, "type": "Line"}, {"lineNumber": 89, "content": "    #1 0x5a80e6  (/clusterfuzz/run_bot/clusterfuzz/bot/builds/espeak-ng_afl_asan/custom/ssml-fuzzer+0x5a80e6)", "important": false, "type": "Line"}, {"lineNumber": 90, "content": "    #2 0x5022e7  (/clusterfuzz/run_bot/clusterfuzz/bot/builds/espeak-ng_afl_asan/custom/ssml-fuzzer+0x5022e7)", "important": false, "type": "Line"}, {"lineNumber": 91, "content": "    #3 0x4fd122  (/clusterfuzz/run_bot/clusterfuzz/bot/builds/espeak-ng_afl_asan/custom/ssml-fuzzer+0x4fd122)", "important": false, "type": "Line"}, {"lineNumber": 92, "content": "    #4 0x510bda  (/clusterfuzz/run_bot/clusterfuzz/bot/builds/espeak-ng_afl_asan/custom/ssml-fuzzer+0x510bda)", "important": false, "type": "Line"}, {"lineNumber": 93, "content": "    #5 0x50d39e  (/clusterfuzz/run_bot/clusterfuzz/bot/builds/espeak-ng_afl_asan/custom/ssml-fuzzer+0x50d39e)", "important": false, "type": "Line"}, {"lineNumber": 94, "content": "    #6 0x4f598f  (/clusterfuzz/run_bot/clusterfuzz/bot/builds/espeak-ng_afl_asan/custom/ssml-fuzzer+0x4f598f)", "important": false, "type": "Line"}, {"lineNumber": 95, "content": "    #7 0x4db895  (/clusterfuzz/run_bot/clusterfuzz/bot/builds/espeak-ng_afl_asan/custom/ssml-fuzzer+0x4db895)", "important": false, "type": "Line"}, {"lineNumber": 96, "content": "    #8 0x4db4e2  (/clusterfuzz/run_bot/clusterfuzz/bot/builds/espeak-ng_afl_asan/custom/ssml-fuzzer+0x4db4e2)", "important": false, "type": "Line"}, {"lineNumber": 97, "content": "    #9 0x4dc6d9  (/clusterfuzz/run_bot/clusterfuzz/bot/builds/espeak-ng_afl_asan/custom/ssml-fuzzer+0x4dc6d9)", "important": false, "type": "Line"}, {"lineNumber": 98, "content": "    #10 0x4d9683  (/clusterfuzz/run_bot/clusterfuzz/bot/builds/espeak-ng_afl_asan/custom/ssml-fuzzer+0x4d9683)", "important": false, "type": "Line"}, {"lineNumber": 99, "content": "    #11 0x4d9238  (/clusterfuzz/run_bot/clusterfuzz/bot/builds/espeak-ng_afl_asan/custom/ssml-fuzzer+0x4d9238)", "important": false, "type": "Line"}, {"lineNumber": 100, "content": "    #12 0x4d9065  (/clusterfuzz/run_bot/clusterfuzz/bot/builds/espeak-ng_afl_asan/custom/ssml-fuzzer+0x4d9065)", "important": false, "type": "Line"}, {"lineNumber": 101, "content": "    #13 0x4d8ed5  (/clusterfuzz/run_bot/clusterfuzz/bot/builds/espeak-ng_afl_asan/custom/ssml-fuzzer+0x4d8ed5)", "important": false, "type": "Line"}, {"lineNumber": 102, "content": "    #14 0x7f2bec4740b2  (/lib/x86_64-linux-gnu/libc.so.6+0x270b2)", "important": false, "type": "Line"}, {"lineNumber": 103, "content": "    #15 0x41e60d  (/clusterfuzz/run_bot/clusterfuzz/bot/builds/espeak-ng_afl_asan/custom/ssml-fuzzer+0x41e60d)", "important": false, "type": "Line"}, {"lineNumber": 104, "content": "", "important": false, "type": "Line"}, {"lineNumber": 105, "content": "Address 0x7f2beb85d1cf is located in stack of thread T0 at offset 6607 in frame", "important": false, "type": "Line"}, {"lineNumber": 106, "content": "    #0 0x504cdf  (/clusterfuzz/run_bot/clusterfuzz/bot/builds/espeak-ng_afl_asan/custom/ssml-fuzzer+0x504cdf)", "important": false, "type": "Line"}], "revision": null}, "security_severity": "Medium", "security_severities": [{"value": 0, "name": "Critical"}, {"value": 1, "name": "High", "default": true}, {"value": 2, "name": "Medium"}, {"value": 3, "name": "Low"}, {"value": 4, "name": "Missing"}], "stats": {"min_hour": 1, "max_hour": 1}, "suspected_cls": null, "testcase": {"absolute_path": "/clusterfuzz/run_bot/clusterfuzz/bot/inputs/fuzzer-testcases/crash", "additional_metadata": "{\"build_key\": \"b6b49e17-d15a-419f-a5f8-c0ffd5c36ac6\", \"fuzzer_binary_name\": \"ssml-fuzzer\", \"fuzzing_strategies\": {\"corpus_subset\": 150}, \"last_tested_crash_revision\": null, \"last_tested_crash_time\": {\"__type__\": \"datetime\", \"day\": 30, \"hour\": 0, \"microsecond\": 95367, \"minute\": 12, \"month\": 11, \"second\": 13, \"year\": 2021}, \"last_tested_revision\": null}", "archive_filename": null, "archive_state": 0, "binary_flag": true, "bug_indices": [], "bug_information": "", "comments": "[2021-11-29 00:13:56 UTC] comput10-20211128-16:40: Fuzz task : Fuzzer afl_ssml-fuzzer generated testcase crashed in 7 seconds (r1).\n[2021-11-29 00:26:51 UTC] snode5-20211128-16:40: Minimize task started.\n[2021-11-29 00:28:14 UTC] snode5-20211128-16:40: Minimize task errored out: Engine does not support minimization.\n[2021-11-30 00:10:54 UTC] comput8-20211129-15:14: Progression task started.\n[2021-11-30 00:12:13 UTC] comput8-20211129-15:14: Progression task finished: still crashes on latest custom build.\n", "crash_address": "0x7f674b8f01cf", "crash_revision": 1, "crash_stacktrace": "[Environment] ASAN_OPTIONS=abort_on_error=1:alloc_dealloc_mismatch=0:allocator_may_return_null=1:allocator_release_to_os_interval_ms=500:allow_user_segv_handler=0:check_malloc_usable_size=0:detect_leaks=1:detect_odr_violation=0:detect_stack_use_after_return=1:fast_unwind_on_fatal=0:handle_abort=2:handle_segv=2:handle_sigbus=2:handle_sigfpe=2:handle_sigill=2:max_uar_stack_size_log=16:print_scariness=1:print_summary=1:print_suppressions=0:quarantine_size_mb=64:redzone=128:strict_memcmp=1:symbolize=0:use_sigaltstack=1\n+----------------------------------------Release Build Stacktrace----------------------------------------+\n=================================================================\n==6361==ERROR: AddressSanitizer: stack-buffer-overflow on address 0x7f674b8f01cf at pc 0x0000005a701a bp 0x7ffe777e5f30 sp 0x7ffe777e5f28\nREAD of size 1 at 0x7f674b8f01cf thread T0\nSCARINESS: 27 (1-byte-read-stack-buffer-overflow)\n    #0 0x5a7019 in TranslateRoman /src/espeak-ng/src/libespeak-ng/numbers.c:1051:102\n    #1 0x4ff884 in TranslateWord3 /src/espeak-ng/src/libespeak-ng/translate.c:653:19\n    #2 0x4fd122 in TranslateWord /src/espeak-ng/src/libespeak-ng/translate.c:1100:14\n    #3 0x510bda in TranslateWord2 /src/espeak-ng/src/libespeak-ng/translate.c:1351:11\n    #4 0x50d39e in TranslateClause /src/espeak-ng/src/libespeak-ng/translate.c:2588:18\n    #5 0x4f598f in SpeakNextClause /src/espeak-ng/src/libespeak-ng/synthesize.c:1569:2\n    #6 0x4db895 in Synthesize /src/espeak-ng/src/libespeak-ng/speech.c:457:2\n    #7 0x4db4e2 in sync_espeak_Synth /src/espeak-ng/src/libespeak-ng/speech.c:570:29\n    #8 0x4dc6d9 in espeak_ng_Synthesize /src/espeak-ng/src/libespeak-ng/speech.c:678:10\n    #9 0x4d9683 in espeak_Synth /src/espeak-ng/src/libespeak-ng/espeak_api.c:90:32\n    #10 0x4d9238 in LLVMFuzzerTestOneInput /src/espeak-ng/tests/ssml-fuzzer.c:67:8\n    #11 0x4d8f3f in main /src/aflplusplus/utils/aflpp_driver/aflpp_driver.c:303:7\n    #12 0x7f674c4ff0b2 in __libc_start_main\n    #13 0x41e60d in _start\n\nAddress 0x7f674b8f01cf is located in stack of thread T0 at offset 6607 in frame\n    #0 0x504cdf in TranslateClause /src/espeak-ng/src/libespeak-ng/translate.c:1918\n\n  This frame has 16 object(s):\n    [32, 36) 'cc' (line 1921)\n    [48, 52) 'source_index' (line 1922)\n    [64, 68) 'prev_in' (line 1925)\n    [80, 84) 'prev_out' (line 1926)\n    [96, 100) 'next_in' (line 1929)\n    [112, 116) 'char_inserted' (line 1931)\n    [128, 132) 'word_flags' (line 1940)\n    [144, 148) 'charix_top' (line 1952)\n    [160, 1768) 'charix' (line 1954)\n    [1904, 5504) 'words' (line 1955)\n    [5632, 6432) 'sbuf' (line 1959)\n    [6560, 6564) 'tone' (line 1962)\n    [6576, 6580) 'next2_in' (line 2271)\n    [6592, 6596) 'c_temp' (line 2493)\n    [6608, 6758) 'number_buf' (line 2497) <== Memory access at offset 6607 underflows this variable\n    [6832, 7432) 'num_wtab' (line 2498)\nHINT: this may be a false positive if your program uses some custom stack unwind mechanism, swapcontext or vfork\n      (longjmp and C++ exceptions *are* supported)\nSUMMARY: AddressSanitizer: stack-buffer-overflow (/clusterfuzz/run_bot/clusterfuzz/bot/builds/espeak-ng_afl_asan/custom/ssml-fuzzer+0x5a7019)\nShadow bytes around the buggy address:\n  0x0fed69715fe0: 00 00 00 00 00 00 00 00 00 00 00 00 00 00 00 00\n  0x0fed69715ff0: 00 00 00 00 00 00 00 00 00 00 00 00 00 00 00 00\n  0x0fed69716000: 00 00 00 00 00 00 00 00 00 00 00 00 00 00 00 00\n  0x0fed69716010: 00 00 00 00 00 00 00 00 00 00 00 00 00 00 00 00\n  0x0fed69716020: 00 00 00 00 f2 f2 f2 f2 f2 f2 f2 f2 f2 f2 f2 f2\n=>0x0fed69716030: f2 f2 f2 f2 04 f2 f8 f2 04[f2]00 00 00 00 00 00\n  0x0fed69716040: 00 00 00 00 00 00 00 00 00 00 00 00 06 f2 f2 f2\n  0x0fed69716050: f2 f2 f2 f2 f2 f2 00 00 00 00 00 00 00 00 00 00\n  0x0fed69716060: 00 00 00 00 00 00 00 00 00 00 00 00 00 00 00 00\n  0x0fed69716070: 00 00 00 00 00 00 00 00 00 00 00 00 00 00 00 00\n  0x0fed69716080: 00 00 00 00 00 00 00 00 00 00 00 00 00 00 00 00\nShadow byte legend (one shadow byte represents 8 application bytes):\n  Addressable:           00\n  Partially addressable: 01 02 03 04 05 06 07\n  Heap left redzone:       fa\n  Freed heap region:       fd\n  Stack left redzone:      f1\n  Stack mid redzone:       f2\n  Stack right redzone:     f3\n  Stack after return:      f5\n  Stack use after scope:   f8\n  Global redzone:          f9\n  Global init order:       f6\n  Poisoned by user:        f7\n  Container overflow:      fc\n  Array cookie:            ac\n  Intra object redzone:    bb\n  ASan internal:           fe\n  Left alloca redzone:     ca\n  Right alloca redzone:    cb\n==6361==ABORTING\n\n\n+----------------------------------------Release Build Unsymbolized Stacktrace (diff)----------------------------------------+\n\nREAD of size 1 at 0x7f674b8f01cf thread T0\nSCARINESS: 27 (1-byte-read-stack-buffer-overflow)\n    #0 0x5a7019  (/clusterfuzz/run_bot/clusterfuzz/bot/builds/espeak-ng_afl_asan/custom/ssml-fuzzer+0x5a7019)\n    #1 0x4ff884  (/clusterfuzz/run_bot/clusterfuzz/bot/builds/espeak-ng_afl_asan/custom/ssml-fuzzer+0x4ff884)\n    #2 0x4fd122  (/clusterfuzz/run_bot/clusterfuzz/bot/builds/espeak-ng_afl_asan/custom/ssml-fuzzer+0x4fd122)\n    #3 0x510bda  (/clusterfuzz/run_bot/clusterfuzz/bot/builds/espeak-ng_afl_asan/custom/ssml-fuzzer+0x510bda)\n    #4 0x50d39e  (/clusterfuzz/run_bot/clusterfuzz/bot/builds/espeak-ng_afl_asan/custom/ssml-fuzzer+0x50d39e)\n    #5 0x4f598f  (/clusterfuzz/run_bot/clusterfuzz/bot/builds/espeak-ng_afl_asan/custom/ssml-fuzzer+0x4f598f)\n    #6 0x4db895  (/clusterfuzz/run_bot/clusterfuzz/bot/builds/espeak-ng_afl_asan/custom/ssml-fuzzer+0x4db895)\n    #7 0x4db4e2  (/clusterfuzz/run_bot/clusterfuzz/bot/builds/espeak-ng_afl_asan/custom/ssml-fuzzer+0x4db4e2)\n    #8 0x4dc6d9  (/clusterfuzz/run_bot/clusterfuzz/bot/builds/espeak-ng_afl_asan/custom/ssml-fuzzer+0x4dc6d9)\n    #9 0x4d9683  (/clusterfuzz/run_bot/clusterfuzz/bot/builds/espeak-ng_afl_asan/custom/ssml-fuzzer+0x4d9683)\n    #10 0x4d9238  (/clusterfuzz/run_bot/clusterfuzz/bot/builds/espeak-ng_afl_asan/custom/ssml-fuzzer+0x4d9238)\n    #11 0x4d8f3f  (/clusterfuzz/run_bot/clusterfuzz/bot/builds/espeak-ng_afl_asan/custom/ssml-fuzzer+0x4d8f3f)\n    #12 0x7f674c4ff0b2  (/lib/x86_64-linux-gnu/libc.so.6+0x270b2)\n    #13 0x41e60d  (/clusterfuzz/run_bot/clusterfuzz/bot/builds/espeak-ng_afl_asan/custom/ssml-fuzzer+0x41e60d)\n\nAddress 0x7f674b8f01cf is located in stack of thread T0 at offset 6607 in frame\n    #0 0x504cdf  (/clusterfuzz/run_bot/clusterfuzz/bot/builds/espeak-ng_afl_asan/custom/ssml-fuzzer+0x504cdf)\n", "crash_state": "TranslateRoman\nTranslateWord3\nTranslateWord\n", "crash_type": "Stack-buffer-overflow\nREAD 1", "disable_ubsan": false, "duplicate_of": null, "fixed": "", "flaky_stack": false, "fuzzed_keys": "8715a248-f516-41f0-963e-f5a1536425a9", "fuzzer_name": "afl", "fuzzer_name_indices": ["afl", "afl_ssml-fuzzer"], "gestures": [], "group_bug_information": 0, "group_id": 22012, "has_bug_flag": false, "http_flag": false, "impact_beta_version": null, "impact_beta_version_indices": [], "impact_beta_version_likely": null, "impact_extended_stable_version": null, "impact_extended_stable_version_indices": [], "impact_extended_stable_version_likely": null, "impact_head_version": null, "impact_head_version_indices": [], "impact_head_version_likely": null, "impact_indices": [], "impact_stable_version": null, "impact_stable_version_indices": [], "impact_stable_version_likely": null, "impact_version_indices": [], "is_a_duplicate_flag": false, "is_impact_set_flag": null, "is_leader": true, "job_type": "espeak-ng_afl_asan", "keywords": ["buffer", "afl", "read 1", "espeak", "ng_afl_asan", "translateroman", "afl_asan", "buffer-overflow", "espeak-ng_afl_asan", "overflow", "1", "afl_ssml", "ng_afl", "word3", "ssml", "stack-buffer-overflow", "translate", "linux", "ssml-fuzzer", "ng", "stack", "read", "espeak-ng", "fuzzer", "roman", "translateword", "asan", "stack-buffer", "afl_ssml-fuzzer", "word", "espeak-ng_afl", "translateword3"], "last_tested_crash_stacktrace": "[Environment] ASAN_OPTIONS=abort_on_error=1:alloc_dealloc_mismatch=0:allocator_may_return_null=1:allocator_release_to_os_interval_ms=500:allow_user_segv_handler=0:check_malloc_usable_size=0:detect_leaks=1:detect_odr_violation=0:detect_stack_use_after_return=1:fast_unwind_on_fatal=0:handle_abort=2:handle_segv=2:handle_sigbus=2:handle_sigfpe=2:handle_sigill=2:max_uar_stack_size_log=16:print_scariness=1:print_summary=1:print_suppressions=0:quarantine_size_mb=64:redzone=128:strict_memcmp=1:symbolize=0:use_sigaltstack=1\n+----------------------------------------Release Build Stacktrace----------------------------------------+\nCommand: /clusterfuzz/run_bot/clusterfuzz/bot/builds/espeak-ng_afl_asan/custom/ssml-fuzzer /clusterfuzz/run_bot/clusterfuzz/bot/inputs/fuzzer-testcases/crash\nTime ran: 0.01615142822265625\n\n=================================================================\n==33056==ERROR: AddressSanitizer: stack-buffer-overflow on address 0x7f2beb85d1cf at pc 0x0000005ac441 bp 0x7fff30410170 sp 0x7fff30410168\nREAD of size 1 at 0x7f2beb85d1cf thread T0\nSCARINESS: 27 (1-byte-read-stack-buffer-overflow)\n    #0 0x5ac440 in TranslateNumber_1 /src/espeak-ng/src/libespeak-ng/numbers.c:1785:34\n    #1 0x5a80e6 in TranslateNumber /src/espeak-ng/src/libespeak-ng/numbers.c:2080:10\n    #2 0x5022e7 in TranslateWord3 /src/espeak-ng/src/libespeak-ng/translate.c:644:12\n    #3 0x4fd122 in TranslateWord /src/espeak-ng/src/libespeak-ng/translate.c:1100:14\n    #4 0x510bda in TranslateWord2 /src/espeak-ng/src/libespeak-ng/translate.c:1351:11\n    #5 0x50d39e in TranslateClause /src/espeak-ng/src/libespeak-ng/translate.c:2588:18\n    #6 0x4f598f in SpeakNextClause /src/espeak-ng/src/libespeak-ng/synthesize.c:1569:2\n    #7 0x4db895 in Synthesize /src/espeak-ng/src/libespeak-ng/speech.c:457:2\n    #8 0x4db4e2 in sync_espeak_Synth /src/espeak-ng/src/libespeak-ng/speech.c:570:29\n    #9 0x4dc6d9 in espeak_ng_Synthesize /src/espeak-ng/src/libespeak-ng/speech.c:678:10\n    #10 0x4d9683 in espeak_Synth /src/espeak-ng/src/libespeak-ng/espeak_api.c:90:32\n    #11 0x4d9238 in LLVMFuzzerTestOneInput /src/espeak-ng/tests/ssml-fuzzer.c:67:8\n    #12 0x4d9065 in ExecuteFilesOnyByOne /src/aflplusplus/utils/aflpp_driver/aflpp_driver.c:191:7\n    #13 0x4d8ed5 in main /src/aflplusplus/utils/aflpp_driver/aflpp_driver.c:0\n    #14 0x7f2bec4740b2 in __libc_start_main\n    #15 0x41e60d in _start\n\nAddress 0x7f2beb85d1cf is located in stack of thread T0 at offset 6607 in frame\n    #0 0x504cdf in TranslateClause /src/espeak-ng/src/libespeak-ng/translate.c:1918\n\n  This frame has 16 object(s):\n    [32, 36) 'cc' (line 1921)\n    [48, 52) 'source_index' (line 1922)\n    [64, 68) 'prev_in' (line 1925)\n    [80, 84) 'prev_out' (line 1926)\n    [96, 100) 'next_in' (line 1929)\n    [112, 116) 'char_inserted' (line 1931)\n    [128, 132) 'word_flags' (line 1940)\n    [144, 148) 'charix_top' (line 1952)\n    [160, 1768) 'charix' (line 1954)\n    [1904, 5504) 'words' (line 1955)\n    [5632, 6432) 'sbuf' (line 1959)\n    [6560, 6564) 'tone' (line 1962)\n    [6576, 6580) 'next2_in' (line 2271)\n    [6592, 6596) 'c_temp' (line 2493)\n    [6608, 6758) 'number_buf' (line 2497) <== Memory access at offset 6607 underflows this variable\n    [6832, 7432) 'num_wtab' (line 2498)\nHINT: this may be a false positive if your program uses some custom stack unwind mechanism, swapcontext or vfork\n      (longjmp and C++ exceptions *are* supported)\nSUMMARY: AddressSanitizer: stack-buffer-overflow (/clusterfuzz/run_bot/clusterfuzz/bot/builds/espeak-ng_afl_asan/custom/ssml-fuzzer+0x5ac440)\nShadow bytes around the buggy address:\n  0x0fe5fd7039e0: 00 00 00 00 00 00 00 00 00 00 00 00 00 00 00 00\n  0x0fe5fd7039f0: 00 00 00 00 00 00 00 00 00 00 00 00 00 00 00 00\n  0x0fe5fd703a00: 00 00 00 00 00 00 00 00 00 00 00 00 00 00 00 00\n  0x0fe5fd703a10: 00 00 00 00 00 00 00 00 00 00 00 00 00 00 00 00\n  0x0fe5fd703a20: 00 00 00 00 f2 f2 f2 f2 f2 f2 f2 f2 f2 f2 f2 f2\n=>0x0fe5fd703a30: f2 f2 f2 f2 04 f2 f8 f2 04[f2]00 00 00 00 00 00\n  0x0fe5fd703a40: 00 00 00 00 00 00 00 00 00 00 00 00 06 f2 f2 f2\n  0x0fe5fd703a50: f2 f2 f2 f2 f2 f2 00 00 00 00 00 00 00 00 00 00\n  0x0fe5fd703a60: 00 00 00 00 00 00 00 00 00 00 00 00 00 00 00 00\n  0x0fe5fd703a70: 00 00 00 00 00 00 00 00 00 00 00 00 00 00 00 00\n  0x0fe5fd703a80: 00 00 00 00 00 00 00 00 00 00 00 00 00 00 00 00\nShadow byte legend (one shadow byte represents 8 application bytes):\n  Addressable:           00\n  Partially addressable: 01 02 03 04 05 06 07\n  Heap left redzone:       fa\n  Freed heap region:       fd\n  Stack left redzone:      f1\n  Stack mid redzone:       f2\n  Stack right redzone:     f3\n  Stack after return:      f5\n  Stack use after scope:   f8\n  Global redzone:          f9\n  Global init order:       f6\n  Poisoned by user:        f7\n  Container overflow:      fc\n  Array cookie:            ac\n  Intra object redzone:    bb\n  ASan internal:           fe\n  Left alloca redzone:     ca\n  Right alloca redzone:    cb\n==33056==ABORTING\n\n\n+----------------------------------------Release Build Unsymbolized Stacktrace (diff)----------------------------------------+\n\nREAD of size 1 at 0x7f2beb85d1cf thread T0\nSCARINESS: 27 (1-byte-read-stack-buffer-overflow)\n    #0 0x5ac440  (/clusterfuzz/run_bot/clusterfuzz/bot/builds/espeak-ng_afl_asan/custom/ssml-fuzzer+0x5ac440)\n    #1 0x5a80e6  (/clusterfuzz/run_bot/clusterfuzz/bot/builds/espeak-ng_afl_asan/custom/ssml-fuzzer+0x5a80e6)\n    #2 0x5022e7  (/clusterfuzz/run_bot/clusterfuzz/bot/builds/espeak-ng_afl_asan/custom/ssml-fuzzer+0x5022e7)\n    #3 0x4fd122  (/clusterfuzz/run_bot/clusterfuzz/bot/builds/espeak-ng_afl_asan/custom/ssml-fuzzer+0x4fd122)\n    #4 0x510bda  (/clusterfuzz/run_bot/clusterfuzz/bot/builds/espeak-ng_afl_asan/custom/ssml-fuzzer+0x510bda)\n    #5 0x50d39e  (/clusterfuzz/run_bot/clusterfuzz/bot/builds/espeak-ng_afl_asan/custom/ssml-fuzzer+0x50d39e)\n    #6 0x4f598f  (/clusterfuzz/run_bot/clusterfuzz/bot/builds/espeak-ng_afl_asan/custom/ssml-fuzzer+0x4f598f)\n    #7 0x4db895  (/clusterfuzz/run_bot/clusterfuzz/bot/builds/espeak-ng_afl_asan/custom/ssml-fuzzer+0x4db895)\n    #8 0x4db4e2  (/clusterfuzz/run_bot/clusterfuzz/bot/builds/espeak-ng_afl_asan/custom/ssml-fuzzer+0x4db4e2)\n    #9 0x4dc6d9  (/clusterfuzz/run_bot/clusterfuzz/bot/builds/espeak-ng_afl_asan/custom/ssml-fuzzer+0x4dc6d9)\n    #10 0x4d9683  (/clusterfuzz/run_bot/clusterfuzz/bot/builds/espeak-ng_afl_asan/custom/ssml-fuzzer+0x4d9683)\n    #11 0x4d9238  (/clusterfuzz/run_bot/clusterfuzz/bot/builds/espeak-ng_afl_asan/custom/ssml-fuzzer+0x4d9238)\n    #12 0x4d9065  (/clusterfuzz/run_bot/clusterfuzz/bot/builds/espeak-ng_afl_asan/custom/ssml-fuzzer+0x4d9065)\n    #13 0x4d8ed5  (/clusterfuzz/run_bot/clusterfuzz/bot/builds/espeak-ng_afl_asan/custom/ssml-fuzzer+0x4d8ed5)\n    #14 0x7f2bec4740b2  (/lib/x86_64-linux-gnu/libc.so.6+0x270b2)\n    #15 0x41e60d  (/clusterfuzz/run_bot/clusterfuzz/bot/builds/espeak-ng_afl_asan/custom/ssml-fuzzer+0x41e60d)\n\nAddress 0x7f2beb85d1cf is located in stack of thread T0 at offset 6607 in frame\n    #0 0x504cdf  (/clusterfuzz/run_bot/clusterfuzz/bot/builds/espeak-ng_afl_asan/custom/ssml-fuzzer+0x504cdf)\n", "minidump_keys": "", "minimized_arguments": "", "minimized_keys": "8715a248-f516-41f0-963e-f5a1536425a9", "one_time_crasher_flag": false, "open": true, "overridden_fuzzer_name": "afl_ssml-fuzzer", "platform": "linux", "platform_id": "linux", "project_name": "test-project", "queue": "jobs-linux", "redzone": 128, "regression": "NA", "security_flag": true, "security_severity": 2, "status": "Processed", "symbolized": false, "timeout_multiplier": 1.0, "timestamp": 1638144836, "triaged": false, "uploader_email": null, "window_argument": "", "id": 18129}, "timestamp": 1638144836.567493, "show_blame": false, "show_impact": false, "impacts_production": false, "find_similar_issues_options": [{"type": "open", "label": "Open"}, {"type": "all", "label": "All"}], "auto_delete_timestamp": null, "auto_close_timestamp": null, "memory_tool_display_label": "Sanitizer", "memory_tool_display_value": "address (ASAN)", "last_tested": "1:1 (No component revisions found!)", "is_admin_or_not_oss_fuzz": true, "has_issue_tracker": false, "reproduction_help_url": "", "is_local_development": true, "fuzzer_display": {"engine": "afl", "target": "ssml-fuzzer", "name": "afl", "fully_qualified_name": "afl_ssml-fuzzer"}}