{"id": 18291, "crash_type": "Use-of-uninitialized-value", "crash_address": "", "crash_state": "logLog\nfuzzmain.c\n", "crash_state_lines": ["logLog", "fuzzmain.c"], "crash_revision": 1, "csrf_token": "D6S+cXG/eQvjQp1jhkN2Yfq5FoCaAiuUjD0oLthouNSAPb8xaAgWvNikB3AHnFnrgfWQIz/OKB4owWUbxHHo3A==", "external_user": false, "footer": "[2021-11-29 00:12:59 UTC] snode7-20211128-16:36: Fuzz task : Fuzzer honggfuzz_civetweb_fuzz2 generated testcase crashed in 5 seconds (r1).\n[2021-11-29 00:26:06 UTC] snode4-20211128-16:39: Minimize task started.\n[2021-11-29 00:27:24 UTC] snode4-20211128-16:39: Minimize task errored out: Engine does not support minimization.\n[2021-11-30 00:12:01 UTC] snode8-20211129-17:29: Progression task started.\n[2021-11-30 00:13:23 UTC] snode8-20211129-17:29: Progression task finished: still crashes on latest custom build.\n", "formatted_reproduction_help": "", "fixed": "NO", "fixed_full": null, "issue_url": null, "is_admin": true, "metadata": {"build_key": "3a866f99-05e2-49f3-a63d-956943ca281d", "fuzzer_binary_name": "civetweb_fuzz2", "last_tested_crash_revision": null, "last_tested_crash_time": 1638231203, "last_tested_revision": null}, "minimized_testcase_size": "2 B", "needs_refresh": false, "original_testcase_size": "2 B", "privileged_user": true, "regression": "NA", "crash_stacktrace": {"lines": [{"lineNumber": 1, "content": "[Environment] MSAN_OPTIONS=allocator_release_to_os_interval_ms=500:halt_on_error=1:handle_abort=2:handle_segv=2:handle_sigbus=2:handle_sigfpe=2:handle_sigill=2:print_stats=1:print_summary=1:symbolize=0:use_sigaltstack=1", "important": false, "type": "Line"}, {"lineNumber": 2, "content": "+----------------------------------------Release Build Stacktrace----------------------------------------+", "important": false, "type": "Line"}, {"lineNumber": 3, "content": "Uninitialized bytes in __interceptor_localtime_r at offset 0 inside [0x7fffffffcc88, 8)", "important": false, "type": "Line"}, {"lineNumber": 4, "content": "==85912==WARNING: MemorySanitizer: use-of-uninitialized-value", "important": false, "type": "Line"}, {"lineNumber": 5, "content": "    #0 0x4a26f2 in logLog", "important": true, "type": "Line"}, {"lineNumber": 6, "content": "    #1 0x4a0dca in main", "important": false, "type": "Line"}, {"lineNumber": 7, "content": "    #2 0x7ffff7c5b0b2 in __libc_start_main", "important": false, "type": "Line"}, {"lineNumber": 8, "content": "    #3 0x41e69d in _start", "important": false, "type": "Line"}, {"lineNumber": 9, "content": "", "important": false, "type": "Line"}, {"lineNumber": 10, "content": "  Uninitialized value was created by an allocation of &#x27;client_data_buf.i.i&#x27; in the stack frame of function &#x27;LLVMFuzzerTestOneInput&#x27;", "important": false, "type": "Line"}, {"lineNumber": 11, "content": "    #0 0x554a50 in LLVMFuzzerTestOneInput /src/civetweb/fuzztest/fuzzmain.c:497", "important": true, "type": "Line"}, {"lineNumber": 12, "content": "", "important": false, "type": "Line"}, {"lineNumber": 13, "content": "SUMMARY: MemorySanitizer: use-of-uninitialized-value (/clusterfuzz/run_bot/clusterfuzz/bot/builds/civetweb_honggfuzz_msan/custom/civetweb_fuzz2+0x4a26f2)", "important": false, "type": "Line"}, {"lineNumber": 14, "content": "Exiting", "important": false, "type": "Line"}, {"lineNumber": 15, "content": "", "important": false, "type": "Line"}, {"lineNumber": 16, "content": "", "important": false, "type": "Line"}, {"lineNumber": 17, "content": "+----------------------------------------Release Build Unsymbolized Stacktrace (diff)----------------------------------------+", "important": false, "type": "Line"}, {"lineNumber": 18, "content": "", "important": false, "type": "Line"}, {"lineNumber": 19, "content": "Uninitialized bytes in __interceptor_localtime_r at offset 0 inside [0x7fffffffcc88, 8)", "important": false, "type": "Line"}, {"lineNumber": 20, "content": "==85912==WARNING: MemorySanitizer: use-of-uninitialized-value", "important": false, "type": "Line"}, {"lineNumber": 21, "content": "    #0 0x4a26f2  (/clusterfuzz/run_bot/clusterfuzz/bot/builds/civetweb_honggfuzz_msan/custom/civetweb_fuzz2+0x4a26f2)", "important": false, "type": "Line"}, {"lineNumber": 22, "content": "    #1 0x4a0dca  (/clusterfuzz/run_bot/clusterfuzz/bot/builds/civetweb_honggfuzz_msan/custom/civetweb_fuzz2+0x4a0dca)", "important": false, "type": "Line"}, {"lineNumber": 23, "content": "    #2 0x7ffff7c5b0b2  (/lib/x86_64-linux-gnu/libc.so.6+0x270b2)", "important": false, "type": "Line"}, {"lineNumber": 24, "content": "    #3 0x41e69d  (/clusterfuzz/run_bot/clusterfuzz/bot/builds/civetweb_honggfuzz_msan/custom/civetweb_fuzz2+0x41e69d)", "important": false, "type": "Line"}, {"lineNumber": 25, "content": "", "important": false, "type": "Line"}, {"lineNumber": 26, "content": "  Uninitialized value was created by an allocation of &#x27;client_data_buf.i.i&#x27; in the stack frame of function &#x27;LLVMFuzzerTestOneInput&#x27;", "important": false, "type": "Line"}, {"lineNumber": 27, "content": "    #0 0x554a50  (/clusterfuzz/run_bot/clusterfuzz/bot/builds/civetweb_honggfuzz_msan/custom/civetweb_fuzz2+0x554a50)", "important": false, "type": "Line"}], "revision": "1"}, "last_tested_crash_stacktrace": {"lines": [{"lineNumber": 1, "content": "[Environment] MSAN_OPTIONS=allocator_release_to_os_interval_ms=500:halt_on_error=1:handle_abort=2:handle_segv=2:handle_sigbus=2:handle_sigfpe=2:handle_sigill=2:print_stats=1:print_summary=1:symbolize=0:use_sigaltstack=1", "important": false, "type": "Line"}, {"lineNumber": 2, "content": "+----------------------------------------Release Build Stacktrace----------------------------------------+", "important": false, "type": "Line"}, {"lineNumber": 3, "content": "Command: /clusterfuzz/run_bot/clusterfuzz/bot/builds/civetweb_honggfuzz_msan/custom/civetweb_fuzz2", "important": false, "type": "Line"}, {"lineNumber": 4, "content": "Time ran: 5.0201475620269775", "important": false, "type": "Line"}, {"lineNumber": 5, "content": "", "important": false, "type": "Line"}, {"lineNumber": 6, "content": "Accepting input from &#x27;[STDIN]&#x27;", "important": false, "type": "Line"}, {"lineNumber": 7, "content": "Usage for fuzzing: honggfuzz -P [flags] -- /clusterfuzz/run_bot/clusterfuzz/bot/builds/civetweb_honggfuzz_msan/custom/civetweb_fuzz2", "important": false, "type": "Line"}, {"lineNumber": 8, "content": "Uninitialized bytes in __interceptor_localtime_r at offset 0 inside [0x7ffcf2b0b2f8, 8)", "important": false, "type": "Line"}, {"lineNumber": 9, "content": "==130953==WARNING: MemorySanitizer: use-of-uninitialized-value", "important": false, "type": "Line"}, {"lineNumber": 10, "content": "    #0 0x4a26f2 in logLog", "important": true, "type": "Line"}, {"lineNumber": 11, "content": "    #1 0x4a0dca in main", "important": false, "type": "Line"}, {"lineNumber": 12, "content": "    #2 0x7f0b178900b2 in __libc_start_main", "important": false, "type": "Line"}, {"lineNumber": 13, "content": "    #3 0x41e69d in _start", "important": false, "type": "Line"}, {"lineNumber": 14, "content": "", "important": false, "type": "Line"}, {"lineNumber": 15, "content": "  Uninitialized value was created by an allocation of &#x27;client_data_buf.i.i&#x27; in the stack frame of function &#x27;LLVMFuzzerTestOneInput&#x27;", "important": false, "type": "Line"}, {"lineNumber": 16, "content": "    #0 0x554a50 in LLVMFuzzerTestOneInput /src/civetweb/fuzztest/fuzzmain.c:497", "important": true, "type": "Line"}, {"lineNumber": 17, "content": "", "important": false, "type": "Line"}, {"lineNumber": 18, "content": "SUMMARY: MemorySanitizer: use-of-uninitialized-value (/clusterfuzz/run_bot/clusterfuzz/bot/builds/civetweb_honggfuzz_msan/custom/civetweb_fuzz2+0x4a26f2)", "important": false, "type": "Line"}, {"lineNumber": 19, "content": "Exiting", "important": false, "type": "Line"}, {"lineNumber": 20, "content": "", "important": false, "type": "Line"}, {"lineNumber": 21, "content": "", "important": false, "type": "Line"}, {"lineNumber": 22, "content": "+----------------------------------------Release Build Unsymbolized Stacktrace (diff)----------------------------------------+", "important": false, "type": "Line"}, {"lineNumber": 23, "content": "", "important": false, "type": "Line"}, {"lineNumber": 24, "content": "Uninitialized bytes in __interceptor_localtime_r at offset 0 inside [0x7ffcf2b0b2f8, 8)", "important": false, "type": "Line"}, {"lineNumber": 25, "content": "==130953==WARNING: MemorySanitizer: use-of-uninitialized-value", "important": false, "type": "Line"}, {"lineNumber": 26, "content": "    #0 0x4a26f2  (/clusterfuzz/run_bot/clusterfuzz/bot/builds/civetweb_honggfuzz_msan/custom/civetweb_fuzz2+0x4a26f2)", "important": false, "type": "Line"}, {"lineNumber": 27, "content": "    #1 0x4a0dca  (/clusterfuzz/run_bot/clusterfuzz/bot/builds/civetweb_honggfuzz_msan/custom/civetweb_fuzz2+0x4a0dca)", "important": false, "type": "Line"}, {"lineNumber": 28, "content": "    #2 0x7f0b178900b2  (/lib/x86_64-linux-gnu/libc.so.6+0x270b2)", "important": false, "type": "Line"}, {"lineNumber": 29, "content": "    #3 0x41e69d  (/clusterfuzz/run_bot/clusterfuzz/bot/builds/civetweb_honggfuzz_msan/custom/civetweb_fuzz2+0x41e69d)", "important": false, "type": "Line"}, {"lineNumber": 30, "content": "", "important": false, "type": "Line"}, {"lineNumber": 31, "content": "  Uninitialized value was created by an allocation of &#x27;client_data_buf.i.i&#x27; in the stack frame of function &#x27;LLVMFuzzerTestOneInput&#x27;", "important": false, "type": "Line"}, {"lineNumber": 32, "content": "    #0 0x554a50  (/clusterfuzz/run_bot/clusterfuzz/bot/builds/civetweb_honggfuzz_msan/custom/civetweb_fuzz2+0x554a50)", "important": false, "type": "Line"}], "revision": null}, "security_severity": "Medium", "security_severities": [{"value": 0, "name": "Critical"}, {"value": 1, "name": "High", "default": true}, {"value": 2, "name": "Medium"}, {"value": 3, "name": "Low"}, {"value": 4, "name": "Missing"}], "stats": {"min_hour": 1, "max_hour": 1}, "suspected_cls": null, "testcase": {"absolute_path": "/clusterfuzz/run_bot/clusterfuzz/bot/inputs/fuzzer-testcases/SIGABRT.PC.7ffff7c7a18b.STACK.154914ca92.CODE.-6.ADDR.0.INSTR.[UNKNOWN].fuzz", "additional_metadata": "{\"build_key\": \"3a866f99-05e2-49f3-a63d-956943ca281d\", \"fuzzer_binary_name\": \"civetweb_fuzz2\", \"last_tested_crash_revision\": null, \"last_tested_crash_time\": {\"__type__\": \"datetime\", \"day\": 30, \"hour\": 0, \"microsecond\": 261093, \"minute\": 13, \"month\": 11, \"second\": 23, \"year\": 2021}, \"last_tested_revision\": null}", "archive_filename": null, "archive_state": 0, "binary_flag": true, "bug_indices": [], "bug_information": "", "comments": "[2021-11-29 00:12:59 UTC] snode7-20211128-16:36: Fuzz task : Fuzzer honggfuzz_civetweb_fuzz2 generated testcase crashed in 5 seconds (r1).\n[2021-11-29 00:26:06 UTC] snode4-20211128-16:39: Minimize task started.\n[2021-11-29 00:27:24 UTC] snode4-20211128-16:39: Minimize task errored out: Engine does not support minimization.\n[2021-11-30 00:12:01 UTC] snode8-20211129-17:29: Progression task started.\n[2021-11-30 00:13:23 UTC] snode8-20211129-17:29: Progression task finished: still crashes on latest custom build.\n", "crash_address": "", "crash_revision": 1, "crash_stacktrace": "[Environment] MSAN_OPTIONS=allocator_release_to_os_interval_ms=500:halt_on_error=1:handle_abort=2:handle_segv=2:handle_sigbus=2:handle_sigfpe=2:handle_sigill=2:print_stats=1:print_summary=1:symbolize=0:use_sigaltstack=1\n+----------------------------------------Release Build Stacktrace----------------------------------------+\nUninitialized bytes in __interceptor_localtime_r at offset 0 inside [0x7fffffffcc88, 8)\n==85912==WARNING: MemorySanitizer: use-of-uninitialized-value\n    #0 0x4a26f2 in logLog\n    #1 0x4a0dca in main\n    #2 0x7ffff7c5b0b2 in __libc_start_main\n    #3 0x41e69d in _start\n\n  Uninitialized value was created by an allocation of 'client_data_buf.i.i' in the stack frame of function 'LLVMFuzzerTestOneInput'\n    #0 0x554a50 in LLVMFuzzerTestOneInput /src/civetweb/fuzztest/fuzzmain.c:497\n\nSUMMARY: MemorySanitizer: use-of-uninitialized-value (/clusterfuzz/run_bot/clusterfuzz/bot/builds/civetweb_honggfuzz_msan/custom/civetweb_fuzz2+0x4a26f2)\nExiting\n\n\n+----------------------------------------Release Build Unsymbolized Stacktrace (diff)----------------------------------------+\n\nUninitialized bytes in __interceptor_localtime_r at offset 0 inside [0x7fffffffcc88, 8)\n==85912==WARNING: MemorySanitizer: use-of-uninitialized-value\n    #0 0x4a26f2  (/clusterfuzz/run_bot/clusterfuzz/bot/builds/civetweb_honggfuzz_msan/custom/civetweb_fuzz2+0x4a26f2)\n    #1 0x4a0dca  (/clusterfuzz/run_bot/clusterfuzz/bot/builds/civetweb_honggfuzz_msan/custom/civetweb_fuzz2+0x4a0dca)\n    #2 0x7ffff7c5b0b2  (/lib/x86_64-linux-gnu/libc.so.6+0x270b2)\n    #3 0x41e69d  (/clusterfuzz/run_bot/clusterfuzz/bot/builds/civetweb_honggfuzz_msan/custom/civetweb_fuzz2+0x41e69d)\n\n  Uninitialized value was created by an allocation of 'client_data_buf.i.i' in the stack frame of function 'LLVMFuzzerTestOneInput'\n    #0 0x554a50  (/clusterfuzz/run_bot/clusterfuzz/bot/builds/civetweb_honggfuzz_msan/custom/civetweb_fuzz2+0x554a50)\n", "crash_state": "logLog\nfuzzmain.c\n", "crash_type": "Use-of-uninitialized-value", "disable_ubsan": false, "duplicate_of": null, "fixed": "", "flaky_stack": false, "fuzzed_keys": "d4e9e29c-69d9-4f4b-85d5-09db335d5d80", "fuzzer_name": "honggfuzz", "fuzzer_name_indices": ["honggfuzz", "honggfuzz_civetweb_fuzz2"], "gestures": [], "group_bug_information": 0, "group_id": 0, "has_bug_flag": false, "http_flag": false, "impact_beta_version": null, "impact_beta_version_indices": [], "impact_beta_version_likely": null, "impact_extended_stable_version": null, "impact_extended_stable_version_indices": [], "impact_extended_stable_version_likely": null, "impact_head_version": null, "impact_head_version_indices": [], "impact_head_version_likely": null, "impact_indices": [], "impact_stable_version": null, "impact_stable_version_indices": [], "impact_stable_version_likely": null, "impact_version_indices": [], "is_a_duplicate_flag": false, "is_impact_set_flag": null, "is_leader": true, "job_type": "civetweb_honggfuzz_msan", "keywords": ["fuzzmain", "use-of-uninitialized-value", "civetweb_honggfuzz", "honggfuzz_msan", "uninitialized-value", "civetweb_honggfuzz_msan", "loglog", "of", "honggfuzz", "fuzzmain.c", "use-of-uninitialized", "log", "fuzz2", "linux", "of-uninitialized", "use-of", "honggfuzz_civetweb", "civetweb_fuzz2", "honggfuzz_civetweb_fuzz2", "value", "civetweb", "uninitialized", "msan", "c", "of-uninitialized-value", "use"], "last_tested_crash_stacktrace": "[Environment] MSAN_OPTIONS=allocator_release_to_os_interval_ms=500:halt_on_error=1:handle_abort=2:handle_segv=2:handle_sigbus=2:handle_sigfpe=2:handle_sigill=2:print_stats=1:print_summary=1:symbolize=0:use_sigaltstack=1\n+----------------------------------------Release Build Stacktrace----------------------------------------+\nCommand: /clusterfuzz/run_bot/clusterfuzz/bot/builds/civetweb_honggfuzz_msan/custom/civetweb_fuzz2\nTime ran: 5.0201475620269775\n\nAccepting input from '[STDIN]'\nUsage for fuzzing: honggfuzz -P [flags] -- /clusterfuzz/run_bot/clusterfuzz/bot/builds/civetweb_honggfuzz_msan/custom/civetweb_fuzz2\nUninitialized bytes in __interceptor_localtime_r at offset 0 inside [0x7ffcf2b0b2f8, 8)\n==130953==WARNING: MemorySanitizer: use-of-uninitialized-value\n    #0 0x4a26f2 in logLog\n    #1 0x4a0dca in main\n    #2 0x7f0b178900b2 in __libc_start_main\n    #3 0x41e69d in _start\n\n  Uninitialized value was created by an allocation of 'client_data_buf.i.i' in the stack frame of function 'LLVMFuzzerTestOneInput'\n    #0 0x554a50 in LLVMFuzzerTestOneInput /src/civetweb/fuzztest/fuzzmain.c:497\n\nSUMMARY: MemorySanitizer: use-of-uninitialized-value (/clusterfuzz/run_bot/clusterfuzz/bot/builds/civetweb_honggfuzz_msan/custom/civetweb_fuzz2+0x4a26f2)\nExiting\n\n\n+----------------------------------------Release Build Unsymbolized Stacktrace (diff)----------------------------------------+\n\nUninitialized bytes in __interceptor_localtime_r at offset 0 inside [0x7ffcf2b0b2f8, 8)\n==130953==WARNING: MemorySanitizer: use-of-uninitialized-value\n    #0 0x4a26f2  (/clusterfuzz/run_bot/clusterfuzz/bot/builds/civetweb_honggfuzz_msan/custom/civetweb_fuzz2+0x4a26f2)\n    #1 0x4a0dca  (/clusterfuzz/run_bot/clusterfuzz/bot/builds/civetweb_honggfuzz_msan/custom/civetweb_fuzz2+0x4a0dca)\n    #2 0x7f0b178900b2  (/lib/x86_64-linux-gnu/libc.so.6+0x270b2)\n    #3 0x41e69d  (/clusterfuzz/run_bot/clusterfuzz/bot/builds/civetweb_honggfuzz_msan/custom/civetweb_fuzz2+0x41e69d)\n\n  Uninitialized value was created by an allocation of 'client_data_buf.i.i' in the stack frame of function 'LLVMFuzzerTestOneInput'\n    #0 0x554a50  (/clusterfuzz/run_bot/clusterfuzz/bot/builds/civetweb_honggfuzz_msan/custom/civetweb_fuzz2+0x554a50)\n", "minidump_keys": "", "minimized_arguments": "", "minimized_keys": "d4e9e29c-69d9-4f4b-85d5-09db335d5d80", "one_time_crasher_flag": false, "open": true, "overridden_fuzzer_name": "honggfuzz_civetweb_fuzz2", "platform": "linux", "platform_id": "linux", "project_name": "test-project", "queue": "jobs-linux", "redzone": 128, "regression": "NA", "security_flag": true, "security_severity": 2, "status": "Processed", "symbolized": false, "timeout_multiplier": 1.0, "timestamp": 1638144779, "triaged": false, "uploader_email": null, "window_argument": "", "id": 18291}, "timestamp": 1638144779.333673, "show_blame": false, "show_impact": false, "impacts_production": false, "find_similar_issues_options": [{"type": "open", "label": "Open"}, {"type": "all", "label": "All"}], "auto_delete_timestamp": null, "auto_close_timestamp": null, "memory_tool_display_label": "Sanitizer", "memory_tool_display_value": "memory (MSAN)", "last_tested": "1:1 (No component revisions found!)", "is_admin_or_not_oss_fuzz": true, "has_issue_tracker": false, "reproduction_help_url": "", "is_local_development": true, "fuzzer_display": {"engine": "honggfuzz", "target": "civetweb_fuzz2", "name": "honggfuzz", "fully_qualified_name": "honggfuzz_civetweb_fuzz2"}}