{"id": 19304, "crash_type": "UNKNOWN READ", "crash_address": "0x000100000220", "crash_state": "NULL", "crash_state_lines": ["NULL"], "crash_revision": 1, "csrf_token": "D6S+cXG/eQvjQp1jhkN2Yfq5FoCaAiuUjD0oLthouNSAPb8xaAgWvNikB3AHnFnrgfWQIz/OKB4owWUbxHHo3A==", "external_user": false, "footer": "[2021-11-29 00:19:55 UTC] login1-20211128-14:48: Fuzz task : Fuzzer libFuzzer_fuzz_auth generated testcase crashed in 227 seconds (r1).\n", "formatted_reproduction_help": "", "fixed": "NA", "fixed_full": null, "issue_url": null, "is_admin": true, "metadata": {"build_key": "ab9a5516-5e10-4595-bdd0-448730709bbe", "fuzzer_binary_name": "fuzz_auth", "fuzzing_strategies": {"corpus_subset": 100, "fork": 96}}, "minimized_testcase_size": null, "needs_refresh": false, "original_testcase_size": "0 B", "privileged_user": true, "regression": "NA", "crash_stacktrace": {"lines": [{"lineNumber": 1, "content": "[Environment] MSAN_OPTIONS=allocator_release_to_os_interval_ms=500:exitcode=77:halt_on_error=1:handle_abort=2:handle_segv=2:handle_sigbus=2:handle_sigfpe=2:handle_sigill=2:print_stats=1:print_summary=1:symbolize=0:use_sigaltstack=1", "important": false, "type": "Line"}, {"lineNumber": 2, "content": "+----------------------------------------Release Build Stacktrace----------------------------------------+", "important": false, "type": "Line"}, {"lineNumber": 3, "content": "INFO: Running with entropic power schedule (0xFF, 100).", "important": false, "type": "Line"}, {"lineNumber": 4, "content": "INFO: Seed: 1489277751", "important": false, "type": "Line"}, {"lineNumber": 5, "content": "INFO: Loaded 1 modules   (13230 inline 8-bit counters): 13230 [0x79d3b3, 0x7a0761),", "important": false, "type": "Line"}, {"lineNumber": 6, "content": "INFO: Loaded 1 PC tables (13230 PCs): 13230 [0x720910,0x7543f0),", "important": false, "type": "Line"}, {"lineNumber": 7, "content": "INFO: -fork=96: fuzzing in separate process(s)", "important": false, "type": "Line"}, {"lineNumber": 8, "content": "INFO: -fork=96: 70 seed inputs, starting to fuzz in /clusterfuzz/run_bot/clusterfuzz/bot_tmpdir/libFuzzerTemp.FuzzWithFork16221.dir", "important": false, "type": "Line"}, {"lineNumber": 9, "content": "#1789: cov: 436 ft: 436 corp: 70 exec/s 894 oom/timeout/crash: 0/0/0 time: 5s job: 1 dft_time: 0", "important": false, "type": "Line"}, {"lineNumber": 10, "content": "  NEW_FUNC: 0x528d80  (/clusterfuzz/run_bot/clusterfuzz/bot/builds/dnsmasq_libfuzzer_msan/custom/fuzz_auth+0x528d80)", "important": false, "type": "Line"}, {"lineNumber": 11, "content": "  NEW_FUNC: 0x531770  (/clusterfuzz/run_bot/clusterfuzz/bot/builds/dnsmasq_libfuzzer_msan/custom/fuzz_auth+0x531770)", "important": false, "type": "Line"}, {"lineNumber": 12, "content": "#3628: cov: 480 ft: 441 corp: 73 exec/s 613 oom/timeout/crash: 0/0/0 time: 9s job: 2 dft_time: 0", "important": false, "type": "Line"}, {"lineNumber": 13, "content": "  NEW_FUNC: 0x527240  (/clusterfuzz/run_bot/clusterfuzz/bot/builds/dnsmasq_libfuzzer_msan/custom/fuzz_auth+0x527240)", "important": false, "type": "Line"}, {"lineNumber": 14, "content": "#6209: cov: 494 ft: 444 corp: 75 exec/s 645 oom/timeout/crash: 0/0/0 time: 13s job: 3 dft_time: 0", "important": false, "type": "Line"}, {"lineNumber": 15, "content": "#9223: cov: 500 ft: 445 corp: 76 exec/s 602 oom/timeout/crash: 0/0/0 time: 17s job: 4 dft_time: 0", "important": false, "type": "Line"}, {"lineNumber": 16, "content": "#11686: cov: 513 ft: 448 corp: 79 exec/s 410 oom/timeout/crash: 0/0/0 time: 20s job: 5 dft_time: 0", "important": false, "type": "Line"}, {"lineNumber": 17, "content": "  NEW_FUNC: 0x532540  (/clusterfuzz/run_bot/clusterfuzz/bot/builds/dnsmasq_libfuzzer_msan/custom/fuzz_auth+0x532540)", "important": false, "type": "Line"}, {"lineNumber": 18, "content": "  NEW_FUNC: 0x544330  (/clusterfuzz/run_bot/clusterfuzz/bot/builds/dnsmasq_libfuzzer_msan/custom/fuzz_auth+0x544330)", "important": false, "type": "Line"}, {"lineNumber": 19, "content": "  NEW_FUNC: 0x544a60  (/clusterfuzz/run_bot/clusterfuzz/bot/builds/dnsmasq_libfuzzer_msan/custom/fuzz_auth+0x544a60)", "important": false, "type": "Line"}, {"lineNumber": 20, "content": "  NEW_FUNC: 0x546790  (/clusterfuzz/run_bot/clusterfuzz/bot/builds/dnsmasq_libfuzzer_msan/custom/fuzz_auth+0x546790)", "important": false, "type": "Line"}, {"lineNumber": 21, "content": "  NEW_FUNC: 0x546c50  (/clusterfuzz/run_bot/clusterfuzz/bot/builds/dnsmasq_libfuzzer_msan/custom/fuzz_auth+0x546c50)", "important": false, "type": "Line"}, {"lineNumber": 22, "content": "  NEW_FUNC: 0x548420  (/clusterfuzz/run_bot/clusterfuzz/bot/builds/dnsmasq_libfuzzer_msan/custom/fuzz_auth+0x548420)", "important": false, "type": "Line"}, {"lineNumber": 23, "content": "  NEW_FUNC: 0x54e7e0  (/clusterfuzz/run_bot/clusterfuzz/bot/builds/dnsmasq_libfuzzer_msan/custom/fuzz_auth+0x54e7e0)", "important": false, "type": "Line"}, {"lineNumber": 24, "content": "  NEW_FUNC: 0x5851d0  (/clusterfuzz/run_bot/clusterfuzz/bot/builds/dnsmasq_libfuzzer_msan/custom/fuzz_auth+0x5851d0)", "important": false, "type": "Line"}, {"lineNumber": 25, "content": "  NEW_FUNC: 0x63b200  (/clusterfuzz/run_bot/clusterfuzz/bot/builds/dnsmasq_libfuzzer_msan/custom/fuzz_auth+0x63b200)", "important": false, "type": "Line"}, {"lineNumber": 26, "content": "  NEW_FUNC: 0x63ebf0  (/clusterfuzz/run_bot/clusterfuzz/bot/builds/dnsmasq_libfuzzer_msan/custom/fuzz_auth+0x63ebf0)", "important": false, "type": "Line"}, {"lineNumber": 27, "content": "  NEW_FUNC: 0x677a20  (/clusterfuzz/run_bot/clusterfuzz/bot/builds/dnsmasq_libfuzzer_msan/custom/fuzz_auth+0x677a20)", "important": false, "type": "Line"}, {"lineNumber": 28, "content": "  NEW_FUNC: 0x678790  (/clusterfuzz/run_bot/clusterfuzz/bot/builds/dnsmasq_libfuzzer_msan/custom/fuzz_auth+0x678790)", "important": false, "type": "Line"}, {"lineNumber": 29, "content": "  NEW_FUNC: 0x678b10  (/clusterfuzz/run_bot/clusterfuzz/bot/builds/dnsmasq_libfuzzer_msan/custom/fuzz_auth+0x678b10)", "important": false, "type": "Line"}, {"lineNumber": 30, "content": "#14892: cov: 601 ft: 491 corp: 88 exec/s 458 oom/timeout/crash: 0/0/0 time: 24s job: 6 dft_time: 0", "important": false, "type": "Line"}, {"lineNumber": 31, "content": "  NEW_FUNC: 0x58d040  (/clusterfuzz/run_bot/clusterfuzz/bot/builds/dnsmasq_libfuzzer_msan/custom/fuzz_auth+0x58d040)", "important": false, "type": "Line"}, {"lineNumber": 32, "content": "  NEW_FUNC: 0x63e560  (/clusterfuzz/run_bot/clusterfuzz/bot/builds/dnsmasq_libfuzzer_msan/custom/fuzz_auth+0x63e560)", "important": false, "type": "Line"}, {"lineNumber": 33, "content": "  NEW_FUNC: 0x63f330  (/clusterfuzz/run_bot/clusterfuzz/bot/builds/dnsmasq_libfuzzer_msan/custom/fuzz_auth+0x63f330)", "important": false, "type": "Line"}, {"lineNumber": 34, "content": "#17886: cov: 630 ft: 497 corp: 92 exec/s 374 oom/timeout/crash: 0/0/0 time: 27s job: 7 dft_time: 0", "important": false, "type": "Line"}, {"lineNumber": 35, "content": "#21635: cov: 634 ft: 506 corp: 97 exec/s 416 oom/timeout/crash: 0/0/0 time: 31s job: 8 dft_time: 0", "important": false, "type": "Line"}, {"lineNumber": 36, "content": "#33917: cov: 639 ft: 511 corp: 101 exec/s 1228 oom/timeout/crash: 0/0/0 time: 34s job: 9 dft_time: 0", "important": false, "type": "Line"}, {"lineNumber": 37, "content": "#43234: cov: 639 ft: 511 corp: 101 exec/s 847 oom/timeout/crash: 0/0/0 time: 34s job: 10 dft_time: 0", "important": false, "type": "Line"}, {"lineNumber": 38, "content": "#52490: cov: 639 ft: 511 corp: 101 exec/s 771 oom/timeout/crash: 0/0/0 time: 34s job: 11 dft_time: 0", "important": false, "type": "Line"}, {"lineNumber": 39, "content": "#61477: cov: 639 ft: 511 corp: 101 exec/s 691 oom/timeout/crash: 0/0/0 time: 34s job: 12 dft_time: 0", "important": false, "type": "Line"}, {"lineNumber": 40, "content": "#67838: cov: 639 ft: 511 corp: 101 exec/s 454 oom/timeout/crash: 0/0/0 time: 34s job: 13 dft_time: 0", "important": false, "type": "Line"}, {"lineNumber": 41, "content": "#75328: cov: 642 ft: 560 corp: 107 exec/s 499 oom/timeout/crash: 0/0/0 time: 37s job: 14 dft_time: 0", "important": false, "type": "Line"}, {"lineNumber": 42, "content": "#82667: cov: 642 ft: 565 corp: 111 exec/s 458 oom/timeout/crash: 0/0/0 time: 40s job: 15 dft_time: 0", "important": false, "type": "Line"}, {"lineNumber": 43, "content": "#89962: cov: 643 ft: 569 corp: 113 exec/s 429 oom/timeout/crash: 0/0/0 time: 43s job: 16 dft_time: 0", "important": false, "type": "Line"}, {"lineNumber": 44, "content": "#111777: cov: 643 ft: 576 corp: 118 exec/s 1211 oom/timeout/crash: 0/0/0 time: 46s job: 17 dft_time: 0", "important": false, "type": "Line"}, {"lineNumber": 45, "content": "#128823: cov: 643 ft: 576 corp: 118 exec/s 897 oom/timeout/crash: 0/0/0 time: 46s job: 18 dft_time: 0", "important": false, "type": "Line"}, {"lineNumber": 46, "content": "#145727: cov: 643 ft: 576 corp: 118 exec/s 845 oom/timeout/crash: 0/0/0 time: 46s job: 19 dft_time: 0", "important": false, "type": "Line"}, {"lineNumber": 47, "content": "#162885: cov: 643 ft: 576 corp: 118 exec/s 817 oom/timeout/crash: 0/0/0 time: 46s job: 20 dft_time: 0", "important": false, "type": "Line"}, {"lineNumber": 48, "content": "#173281: cov: 643 ft: 576 corp: 113 exec/s 472 oom/timeout/crash: 0/0/0 time: 50s job: 21 dft_time: 0", "important": false, "type": "Line"}, {"lineNumber": 49, "content": "#184930: cov: 645 ft: 580 corp: 116 exec/s 506 oom/timeout/crash: 0/0/0 time: 53s job: 22 dft_time: 0", "important": false, "type": "Line"}, {"lineNumber": 50, "content": "#196244: cov: 645 ft: 581 corp: 117 exec/s 471 oom/timeout/crash: 0/0/0 time: 56s job: 23 dft_time: 0", "important": false, "type": "Line"}, {"lineNumber": 51, "content": "#208463: cov: 645 ft: 581 corp: 117 exec/s 488 oom/timeout/crash: 0/0/0 time: 56s job: 24 dft_time: 0", "important": false, "type": "Line"}, {"lineNumber": 52, "content": "#240911: cov: 645 ft: 583 corp: 118 exec/s 1248 oom/timeout/crash: 0/0/0 time: 59s job: 25 dft_time: 0", "important": false, "type": "Line"}, {"lineNumber": 53, "content": "#267320: cov: 645 ft: 583 corp: 118 exec/s 978 oom/timeout/crash: 0/0/0 time: 59s job: 26 dft_time: 0", "important": false, "type": "Line"}, {"lineNumber": 54, "content": "#291481: cov: 645 ft: 583 corp: 118 exec/s 862 oom/timeout/crash: 0/0/0 time: 59s job: 27 dft_time: 0", "important": false, "type": "Line"}, {"lineNumber": 55, "content": "#315663: cov: 645 ft: 583 corp: 118 exec/s 833 oom/timeout/crash: 0/0/0 time: 59s job: 28 dft_time: 0", "important": false, "type": "Line"}, {"lineNumber": 56, "content": "#332173: cov: 645 ft: 583 corp: 118 exec/s 550 oom/timeout/crash: 0/0/0 time: 59s job: 29 dft_time: 0", "important": false, "type": "Line"}, {"lineNumber": 57, "content": "#349859: cov: 645 ft: 583 corp: 118 exec/s 570 oom/timeout/crash: 0/0/0 time: 59s job: 30 dft_time: 0", "important": false, "type": "Line"}, {"lineNumber": 58, "content": "#366571: cov: 645 ft: 583 corp: 118 exec/s 522 oom/timeout/crash: 0/0/0 time: 60s job: 31 dft_time: 0", "important": false, "type": "Line"}, {"lineNumber": 59, "content": "#381763: cov: 645 ft: 583 corp: 118 exec/s 460 oom/timeout/crash: 0/0/0 time: 60s job: 32 dft_time: 0", "important": false, "type": "Line"}, {"lineNumber": 60, "content": "#425022: cov: 645 ft: 584 corp: 119 exec/s 1272 oom/timeout/crash: 0/0/0 time: 63s job: 33 dft_time: 0", "important": false, "type": "Line"}, {"lineNumber": 61, "content": "#460510: cov: 645 ft: 584 corp: 119 exec/s 1013 oom/timeout/crash: 0/0/0 time: 63s job: 34 dft_time: 0", "important": false, "type": "Line"}, {"lineNumber": 62, "content": "#493539: cov: 645 ft: 584 corp: 119 exec/s 917 oom/timeout/crash: 0/0/0 time: 63s job: 35 dft_time: 0", "important": false, "type": "Line"}, {"lineNumber": 63, "content": "#525046: cov: 645 ft: 584 corp: 119 exec/s 851 oom/timeout/crash: 0/0/0 time: 63s job: 36 dft_time: 0", "important": false, "type": "Line"}, {"lineNumber": 64, "content": "#547165: cov: 645 ft: 584 corp: 119 exec/s 582 oom/timeout/crash: 0/0/0 time: 63s job: 37 dft_time: 0", "important": false, "type": "Line"}, {"lineNumber": 65, "content": "#568408: cov: 645 ft: 584 corp: 119 exec/s 544 oom/timeout/crash: 0/0/0 time: 63s job: 38 dft_time: 0", "important": false, "type": "Line"}, {"lineNumber": 66, "content": "#588419: cov: 645 ft: 584 corp: 119 exec/s 500 oom/timeout/crash: 0/0/0 time: 64s job: 39 dft_time: 0", "important": false, "type": "Line"}, {"lineNumber": 67, "content": "#609343: cov: 647 ft: 586 corp: 120 exec/s 510 oom/timeout/crash: 0/0/0 time: 67s job: 40 dft_time: 0", "important": false, "type": "Line"}, {"lineNumber": 68, "content": "#663304: cov: 648 ft: 590 corp: 124 exec/s 1284 oom/timeout/crash: 0/0/0 time: 70s job: 41 dft_time: 0", "important": false, "type": "Line"}, {"lineNumber": 69, "content": "#705676: cov: 648 ft: 590 corp: 124 exec/s 985 oom/timeout/crash: 0/0/0 time: 70s job: 42 dft_time: 0", "important": false, "type": "Line"}, {"lineNumber": 70, "content": "#747158: cov: 648 ft: 590 corp: 124 exec/s 942 oom/timeout/crash: 0/0/0 time: 70s job: 43 dft_time: 0", "important": false, "type": "Line"}, {"lineNumber": 71, "content": "#786625: cov: 648 ft: 590 corp: 124 exec/s 877 oom/timeout/crash: 0/0/0 time: 70s job: 44 dft_time: 0", "important": false, "type": "Line"}, {"lineNumber": 72, "content": "#812813: cov: 648 ft: 590 corp: 124 exec/s 569 oom/timeout/crash: 0/0/0 time: 70s job: 45 dft_time: 0", "important": false, "type": "Line"}, {"lineNumber": 73, "content": "#840602: cov: 648 ft: 592 corp: 123 exec/s 591 oom/timeout/crash: 0/0/0 time: 77s job: 46 dft_time: 0", "important": false, "type": "Line"}, {"lineNumber": 74, "content": "#868723: cov: 648 ft: 592 corp: 123 exec/s 585 oom/timeout/crash: 0/0/0 time: 77s job: 47 dft_time: 0", "important": false, "type": "Line"}, {"lineNumber": 75, "content": "#895043: cov: 648 ft: 592 corp: 123 exec/s 537 oom/timeout/crash: 0/0/0 time: 77s job: 48 dft_time: 0", "important": false, "type": "Line"}, {"lineNumber": 76, "content": "#960901: cov: 648 ft: 592 corp: 123 exec/s 1317 oom/timeout/crash: 0/0/0 time: 78s job: 49 dft_time: 0", "important": false, "type": "Line"}, {"lineNumber": 77, "content": "#1013552: cov: 648 ft: 592 corp: 123 exec/s 1032 oom/timeout/crash: 0/0/0 time: 78s job: 50 dft_time: 0", "important": false, "type": "Line"}, {"lineNumber": 78, "content": "#1066031: cov: 648 ft: 592 corp: 123 exec/s 1009 oom/timeout/crash: 0/0/0 time: 78s job: 51 dft_time: 0", "important": false, "type": "Line"}, {"lineNumber": 79, "content": "#1114159: cov: 648 ft: 592 corp: 123 exec/s 908 oom/timeout/crash: 0/0/0 time: 78s job: 52 dft_time: 0", "important": false, "type": "Line"}, {"lineNumber": 80, "content": "#1144929: cov: 648 ft: 592 corp: 123 exec/s 569 oom/timeout/crash: 0/0/0 time: 78s job: 53 dft_time: 0", "important": false, "type": "Line"}, {"lineNumber": 81, "content": "#1178796: cov: 648 ft: 593 corp: 124 exec/s 615 oom/timeout/crash: 0/0/0 time: 81s job: 54 dft_time: 0", "important": false, "type": "Line"}, {"lineNumber": 82, "content": "#1210410: cov: 648 ft: 593 corp: 124 exec/s 564 oom/timeout/crash: 0/0/0 time: 82s job: 55 dft_time: 0", "important": false, "type": "Line"}, {"lineNumber": 83, "content": "#1240557: cov: 648 ft: 593 corp: 124 exec/s 528 oom/timeout/crash: 0/0/0 time: 82s job: 56 dft_time: 0", "important": false, "type": "Line"}, {"lineNumber": 84, "content": "#1316169: cov: 648 ft: 593 corp: 124 exec/s 1303 oom/timeout/crash: 0/0/0 time: 82s job: 57 dft_time: 0", "important": false, "type": "Line"}, {"lineNumber": 85, "content": "#1384756: cov: 648 ft: 593 corp: 124 exec/s 1162 oom/timeout/crash: 0/0/0 time: 82s job: 58 dft_time: 0", "important": false, "type": "Line"}, {"lineNumber": 86, "content": "#1445269: cov: 648 ft: 593 corp: 124 exec/s 1008 oom/timeout/crash: 0/0/0 time: 82s job: 59 dft_time: 0", "important": false, "type": "Line"}, {"lineNumber": 87, "content": "#1503454: cov: 648 ft: 593 corp: 124 exec/s 953 oom/timeout/crash: 0/0/0 time: 82s job: 60 dft_time: 0", "important": false, "type": "Line"}, {"lineNumber": 88, "content": "#1540699: cov: 648 ft: 593 corp: 124 exec/s 600 oom/timeout/crash: 0/0/0 time: 83s job: 61 dft_time: 0", "important": false, "type": "Line"}, {"lineNumber": 89, "content": "#1578070: cov: 648 ft: 593 corp: 124 exec/s 593 oom/timeout/crash: 0/0/0 time: 83s job: 62 dft_time: 0", "important": false, "type": "Line"}, {"lineNumber": 90, "content": "#1613661: cov: 648 ft: 593 corp: 124 exec/s 556 oom/timeout/crash: 0/0/0 time: 84s job: 63 dft_time: 0", "important": false, "type": "Line"}, {"lineNumber": 91, "content": "#1648231: cov: 648 ft: 594 corp: 125 exec/s 531 oom/timeout/crash: 0/0/0 time: 87s job: 64 dft_time: 0", "important": false, "type": "Line"}, {"lineNumber": 92, "content": "#1731623: cov: 648 ft: 595 corp: 126 exec/s 1263 oom/timeout/crash: 0/0/0 time: 90s job: 65 dft_time: 0", "important": false, "type": "Line"}, {"lineNumber": 93, "content": "#1805281: cov: 648 ft: 595 corp: 126 exec/s 1099 oom/timeout/crash: 0/0/0 time: 90s job: 66 dft_time: 0", "important": false, "type": "Line"}, {"lineNumber": 94, "content": "#1873315: cov: 648 ft: 595 corp: 126 exec/s 1000 oom/timeout/crash: 0/0/0 time: 90s job: 67 dft_time: 0", "important": false, "type": "Line"}, {"lineNumber": 95, "content": "#1937050: cov: 648 ft: 595 corp: 126 exec/s 923 oom/timeout/crash: 0/0/0 time: 90s job: 68 dft_time: 0", "important": false, "type": "Line"}, {"lineNumber": 96, "content": "#1976891: cov: 648 ft: 595 corp: 126 exec/s 569 oom/timeout/crash: 0/0/0 time: 90s job: 69 dft_time: 0", "important": false, "type": "Line"}, {"lineNumber": 97, "content": "#2018401: cov: 648 ft: 595 corp: 126 exec/s 584 oom/timeout/crash: 0/0/0 time: 91s job: 70 dft_time: 0", "important": false, "type": "Line"}, {"lineNumber": 98, "content": "#2059857: cov: 648 ft: 595 corp: 126 exec/s 575 oom/timeout/crash: 0/0/0 time: 91s job: 71 dft_time: 0", "important": false, "type": "Line"}, {"lineNumber": 99, "content": "#2101110: cov: 648 ft: 595 corp: 126 exec/s 565 oom/timeout/crash: 0/0/0 time: 91s job: 72 dft_time: 0", "important": false, "type": "Line"}, {"lineNumber": 100, "content": "#2193038: cov: 648 ft: 595 corp: 126 exec/s 1242 oom/timeout/crash: 0/0/0 time: 92s job: 73 dft_time: 0", "important": false, "type": "Line"}, {"lineNumber": 101, "content": "#2272613: cov: 648 ft: 595 corp: 126 exec/s 1061 oom/timeout/crash: 0/0/0 time: 92s job: 74 dft_time: 0", "important": false, "type": "Line"}, {"lineNumber": 102, "content": "#2349830: cov: 648 ft: 595 corp: 126 exec/s 1016 oom/timeout/crash: 0/0/0 time: 92s job: 75 dft_time: 0", "important": false, "type": "Line"}, {"lineNumber": 103, "content": "#2422831: cov: 648 ft: 595 corp: 124 exec/s 948 oom/timeout/crash: 0/0/0 time: 97s job: 76 dft_time: 0", "important": false, "type": "Line"}, {"lineNumber": 104, "content": "#2469682: cov: 648 ft: 595 corp: 124 exec/s 600 oom/timeout/crash: 0/0/0 time: 97s job: 77 dft_time: 0", "important": false, "type": "Line"}, {"lineNumber": 105, "content": "#2517656: cov: 648 ft: 598 corp: 126 exec/s 607 oom/timeout/crash: 0/0/0 time: 100s job: 78 dft_time: 0", "important": false, "type": "Line"}, {"lineNumber": 106, "content": "#2564587: cov: 648 ft: 598 corp: 126 exec/s 586 oom/timeout/crash: 0/0/0 time: 100s job: 79 dft_time: 0", "important": false, "type": "Line"}, {"lineNumber": 107, "content": "#2607394: cov: 648 ft: 599 corp: 127 exec/s 528 oom/timeout/crash: 0/0/0 time: 103s job: 80 dft_time: 0", "important": false, "type": "Line"}, {"lineNumber": 108, "content": "#2709792: cov: 648 ft: 600 corp: 128 exec/s 1248 oom/timeout/crash: 0/0/0 time: 107s job: 81 dft_time: 0", "important": false, "type": "Line"}, {"lineNumber": 109, "content": "#2798815: cov: 648 ft: 600 corp: 128 exec/s 1072 oom/timeout/crash: 0/0/0 time: 107s job: 82 dft_time: 0", "important": false, "type": "Line"}, {"lineNumber": 110, "content": "#2885710: cov: 648 ft: 600 corp: 128 exec/s 1034 oom/timeout/crash: 0/0/0 time: 107s job: 83 dft_time: 0", "important": false, "type": "Line"}, {"lineNumber": 111, "content": "#2966887: cov: 648 ft: 600 corp: 128 exec/s 955 oom/timeout/crash: 0/0/0 time: 107s job: 84 dft_time: 0", "important": false, "type": "Line"}, {"lineNumber": 112, "content": "#3018502: cov: 648 ft: 600 corp: 128 exec/s 600 oom/timeout/crash: 0/0/0 time: 107s job: 85 dft_time: 0", "important": false, "type": "Line"}, {"lineNumber": 113, "content": "#3072130: cov: 648 ft: 602 corp: 130 exec/s 616 oom/timeout/crash: 0/0/0 time: 111s job: 86 dft_time: 0", "important": false, "type": "Line"}, {"lineNumber": 114, "content": "#3123691: cov: 648 ft: 602 corp: 130 exec/s 585 oom/timeout/crash: 0/0/0 time: 111s job: 87 dft_time: 0", "important": false, "type": "Line"}, {"lineNumber": 115, "content": "#3173546: cov: 653 ft: 610 corp: 135 exec/s 560 oom/timeout/crash: 0/0/0 time: 114s job: 88 dft_time: 0", "important": false, "type": "Line"}, {"lineNumber": 116, "content": "#3287138: cov: 653 ft: 611 corp: 136 exec/s 1262 oom/timeout/crash: 0/0/0 time: 118s job: 89 dft_time: 0", "important": false, "type": "Line"}, {"lineNumber": 117, "content": "#3384487: cov: 653 ft: 611 corp: 136 exec/s 1069 oom/timeout/crash: 0/0/0 time: 118s job: 90 dft_time: 0", "important": false, "type": "Line"}, {"lineNumber": 118, "content": "#3478061: cov: 653 ft: 611 corp: 136 exec/s 1017 oom/timeout/crash: 0/0/0 time: 118s job: 91 dft_time: 0", "important": false, "type": "Line"}, {"lineNumber": 119, "content": "#3566221: cov: 653 ft: 611 corp: 136 exec/s 947 oom/timeout/crash: 0/0/0 time: 118s job: 92 dft_time: 0", "important": false, "type": "Line"}, {"lineNumber": 120, "content": "#3619958: cov: 653 ft: 611 corp: 136 exec/s 571 oom/timeout/crash: 0/0/0 time: 118s job: 93 dft_time: 0", "important": false, "type": "Line"}, {"lineNumber": 121, "content": "#3674217: cov: 654 ft: 624 corp: 138 exec/s 571 oom/timeout/crash: 0/0/0 time: 122s job: 94 dft_time: 0", "important": false, "type": "Line"}, {"lineNumber": 122, "content": "#3727436: cov: 656 ft: 635 corp: 142 exec/s 554 oom/timeout/crash: 0/0/0 time: 126s job: 95 dft_time: 0", "important": false, "type": "Line"}, {"lineNumber": 123, "content": "#3783100: cov: 656 ft: 635 corp: 142 exec/s 573 oom/timeout/crash: 0/0/0 time: 126s job: 96 dft_time: 0", "important": false, "type": "Line"}, {"lineNumber": 124, "content": "#3918061: cov: 656 ft: 635 corp: 142 exec/s 1377 oom/timeout/crash: 0/0/0 time: 126s job: 97 dft_time: 0", "important": false, "type": "Line"}, {"lineNumber": 125, "content": "#4035341: cov: 656 ft: 635 corp: 142 exec/s 1184 oom/timeout/crash: 0/0/0 time: 126s job: 98 dft_time: 0", "important": false, "type": "Line"}, {"lineNumber": 126, "content": "#4144749: cov: 656 ft: 635 corp: 142 exec/s 1094 oom/timeout/crash: 0/0/0 time: 126s job: 99 dft_time: 0", "important": false, "type": "Line"}, {"lineNumber": 127, "content": "#4246869: cov: 656 ft: 635 corp: 142 exec/s 1011 oom/timeout/crash: 0/0/0 time: 127s job: 100 dft_time: 0", "important": false, "type": "Line"}, {"lineNumber": 128, "content": "#4348176: cov: 656 ft: 635 corp: 142 exec/s 993 oom/timeout/crash: 0/0/0 time: 130s job: 101 dft_time: 0", "important": false, "type": "Line"}, {"lineNumber": 129, "content": "#4441778: cov: 656 ft: 635 corp: 142 exec/s 908 oom/timeout/crash: 0/0/0 time: 134s job: 102 dft_time: 0", "important": false, "type": "Line"}, {"lineNumber": 130, "content": "#4502260: cov: 656 ft: 635 corp: 142 exec/s 581 oom/timeout/crash: 0/0/0 time: 138s job: 103 dft_time: 0", "important": false, "type": "Line"}, {"lineNumber": 131, "content": "  NEW_FUNC: 0x63c420  (/clusterfuzz/run_bot/clusterfuzz/bot/builds/dnsmasq_libfuzzer_msan/custom/fuzz_auth+0x63c420)", "important": false, "type": "Line"}, {"lineNumber": 132, "content": "#4565376: cov: 662 ft: 642 corp: 144 exec/s 601 oom/timeout/crash: 0/0/0 time: 142s job: 104 dft_time: 0", "important": false, "type": "Line"}, {"lineNumber": 133, "content": "#4626732: cov: 662 ft: 642 corp: 144 exec/s 578 oom/timeout/crash: 0/0/0 time: 143s job: 105 dft_time: 0", "important": false, "type": "Line"}, {"lineNumber": 134, "content": "#4681118: cov: 662 ft: 645 corp: 146 exec/s 508 oom/timeout/crash: 0/0/0 time: 147s job: 106 dft_time: 0", "important": false, "type": "Line"}, {"lineNumber": 135, "content": "#4741414: cov: 662 ft: 645 corp: 146 exec/s 558 oom/timeout/crash: 0/0/0 time: 147s job: 107 dft_time: 0", "important": false, "type": "Line"}, {"lineNumber": 136, "content": "#4795216: cov: 662 ft: 645 corp: 146 exec/s 493 oom/timeout/crash: 0/0/0 time: 148s job: 108 dft_time: 0", "important": false, "type": "Line"}, {"lineNumber": 137, "content": "#4930074: cov: 662 ft: 645 corp: 146 exec/s 1225 oom/timeout/crash: 0/0/0 time: 150s job: 109 dft_time: 0", "important": false, "type": "Line"}, {"lineNumber": 138, "content": "#5044804: cov: 662 ft: 645 corp: 146 exec/s 1033 oom/timeout/crash: 0/0/0 time: 155s job: 110 dft_time: 0", "important": false, "type": "Line"}, {"lineNumber": 139, "content": "#5150493: cov: 662 ft: 645 corp: 136 exec/s 943 oom/timeout/crash: 0/0/0 time: 160s job: 111 dft_time: 0", "important": false, "type": "Line"}, {"lineNumber": 140, "content": "#5250868: cov: 662 ft: 645 corp: 136 exec/s 888 oom/timeout/crash: 0/0/0 time: 162s job: 112 dft_time: 0", "important": false, "type": "Line"}, {"lineNumber": 141, "content": "#5343690: cov: 662 ft: 645 corp: 136 exec/s 814 oom/timeout/crash: 0/0/0 time: 164s job: 113 dft_time: 0", "important": false, "type": "Line"}, {"lineNumber": 142, "content": "#5404046: cov: 662 ft: 645 corp: 136 exec/s 524 oom/timeout/crash: 0/0/0 time: 165s job: 114 dft_time: 0", "important": false, "type": "Line"}, {"lineNumber": 143, "content": "#5466052: cov: 662 ft: 645 corp: 136 exec/s 534 oom/timeout/crash: 0/0/0 time: 166s job: 115 dft_time: 0", "important": false, "type": "Line"}, {"lineNumber": 144, "content": "#5534897: cov: 662 ft: 645 corp: 136 exec/s 588 oom/timeout/crash: 0/0/0 time: 171s job: 116 dft_time: 0", "important": false, "type": "Line"}, {"lineNumber": 145, "content": "#5598178: cov: 662 ft: 645 corp: 136 exec/s 536 oom/timeout/crash: 0/0/0 time: 174s job: 117 dft_time: 0", "important": false, "type": "Line"}, {"lineNumber": 146, "content": "#5658234: cov: 662 ft: 645 corp: 136 exec/s 504 oom/timeout/crash: 0/0/0 time: 179s job: 118 dft_time: 0", "important": false, "type": "Line"}, {"lineNumber": 147, "content": "#5722976: cov: 662 ft: 648 corp: 137 exec/s 539 oom/timeout/crash: 0/0/0 time: 183s job: 119 dft_time: 0", "important": false, "type": "Line"}, {"lineNumber": 148, "content": "#5780641: cov: 662 ft: 648 corp: 137 exec/s 476 oom/timeout/crash: 0/0/0 time: 183s job: 120 dft_time: 0", "important": false, "type": "Line"}, {"lineNumber": 149, "content": "  NEW_FUNC: 0x63fb20  (/clusterfuzz/run_bot/clusterfuzz/bot/builds/dnsmasq_libfuzzer_msan/custom/fuzz_auth+0x63fb20)", "important": false, "type": "Line"}, {"lineNumber": 150, "content": "#5918222: cov: 671 ft: 657 corp: 138 exec/s 1127 oom/timeout/crash: 0/0/0 time: 187s job: 121 dft_time: 0", "important": false, "type": "Line"}, {"lineNumber": 151, "content": "#6037504: cov: 671 ft: 657 corp: 138 exec/s 969 oom/timeout/crash: 0/0/0 time: 187s job: 122 dft_time: 0", "important": false, "type": "Line"}, {"lineNumber": 152, "content": "#6149121: cov: 671 ft: 657 corp: 138 exec/s 900 oom/timeout/crash: 0/0/0 time: 187s job: 123 dft_time: 0", "important": false, "type": "Line"}, {"lineNumber": 153, "content": "#6256792: cov: 671 ft: 657 corp: 138 exec/s 861 oom/timeout/crash: 0/0/0 time: 187s job: 124 dft_time: 0", "important": false, "type": "Line"}, {"lineNumber": 154, "content": "#6359632: cov: 671 ft: 657 corp: 138 exec/s 816 oom/timeout/crash: 0/0/0 time: 188s job: 125 dft_time: 0", "important": false, "type": "Line"}, {"lineNumber": 155, "content": "#6424264: cov: 671 ft: 657 corp: 138 exec/s 508 oom/timeout/crash: 0/0/0 time: 189s job: 126 dft_time: 0", "important": false, "type": "Line"}, {"lineNumber": 156, "content": "#6490649: cov: 671 ft: 657 corp: 138 exec/s 518 oom/timeout/crash: 0/0/0 time: 191s job: 127 dft_time: 0", "important": false, "type": "Line"}, {"lineNumber": 157, "content": "#6557438: cov: 671 ft: 657 corp: 138 exec/s 517 oom/timeout/crash: 0/0/0 time: 195s job: 128 dft_time: 0", "important": false, "type": "Line"}, {"lineNumber": 158, "content": "#6624530: cov: 671 ft: 657 corp: 138 exec/s 516 oom/timeout/crash: 0/0/0 time: 196s job: 129 dft_time: 0", "important": false, "type": "Line"}, {"lineNumber": 159, "content": "#6686699: cov: 671 ft: 657 corp: 138 exec/s 474 oom/timeout/crash: 0/0/0 time: 198s job: 130 dft_time: 0", "important": false, "type": "Line"}, {"lineNumber": 160, "content": "#6752908: cov: 671 ft: 657 corp: 138 exec/s 501 oom/timeout/crash: 0/0/0 time: 198s job: 131 dft_time: 0", "important": false, "type": "Line"}, {"lineNumber": 161, "content": "#6817162: cov: 674 ft: 669 corp: 141 exec/s 483 oom/timeout/crash: 0/0/0 time: 202s job: 132 dft_time: 0", "important": false, "type": "Line"}, {"lineNumber": 162, "content": "#6963433: cov: 674 ft: 670 corp: 142 exec/s 1091 oom/timeout/crash: 0/0/0 time: 206s job: 133 dft_time: 0", "important": false, "type": "Line"}, {"lineNumber": 163, "content": "#7090210: cov: 674 ft: 670 corp: 142 exec/s 939 oom/timeout/crash: 0/0/0 time: 206s job: 134 dft_time: 0", "important": false, "type": "Line"}, {"lineNumber": 164, "content": "#7208219: cov: 674 ft: 670 corp: 142 exec/s 867 oom/timeout/crash: 0/0/0 time: 206s job: 135 dft_time: 0", "important": false, "type": "Line"}, {"lineNumber": 165, "content": "#7322895: cov: 674 ft: 670 corp: 142 exec/s 837 oom/timeout/crash: 0/0/0 time: 210s job: 136 dft_time: 0", "important": false, "type": "Line"}, {"lineNumber": 166, "content": "#7389827: cov: 674 ft: 670 corp: 142 exec/s 485 oom/timeout/crash: 0/0/0 time: 212s job: 137 dft_time: 0", "important": false, "type": "Line"}, {"lineNumber": 167, "content": "#7458770: cov: 674 ft: 670 corp: 142 exec/s 495 oom/timeout/crash: 0/0/0 time: 212s job: 138 dft_time: 0", "important": false, "type": "Line"}, {"lineNumber": 168, "content": "#7529699: cov: 674 ft: 670 corp: 142 exec/s 506 oom/timeout/crash: 0/0/0 time: 213s job: 139 dft_time: 0", "important": false, "type": "Line"}, {"lineNumber": 169, "content": "#7601754: cov: 674 ft: 670 corp: 142 exec/s 511 oom/timeout/crash: 0/0/0 time: 215s job: 140 dft_time: 0", "important": false, "type": "Line"}, {"lineNumber": 170, "content": "#7669970: cov: 675 ft: 671 corp: 143 exec/s 480 oom/timeout/crash: 0/0/0 time: 222s job: 141 dft_time: 0", "important": false, "type": "Line"}, {"lineNumber": 171, "content": "#7735563: cov: 675 ft: 671 corp: 143 exec/s 458 oom/timeout/crash: 0/0/0 time: 223s job: 142 dft_time: 0", "important": false, "type": "Line"}, {"lineNumber": 172, "content": "#7804787: cov: 675 ft: 671 corp: 143 exec/s 480 oom/timeout/crash: 0/0/0 time: 225s job: 143 dft_time: 0", "important": false, "type": "Line"}, {"lineNumber": 173, "content": "#7867006: cov: 675 ft: 671 corp: 143 exec/s 429 oom/timeout/crash: 0/0/0 time: 226s job: 144 dft_time: 0", "important": false, "type": "Line"}, {"lineNumber": 174, "content": "#7867040: cov: 675 ft: 671 corp: 143 exec/s 0 oom/timeout/crash: 0/0/0 time: 226s job: 237 dft_time: 0", "important": false, "type": "Line"}, {"lineNumber": 175, "content": "INFO: log from the inner process:", "important": false, "type": "Line"}, {"lineNumber": 176, "content": "INFO: Running with entropic power schedule (0xFF, 100).", "important": false, "type": "Line"}, {"lineNumber": 177, "content": "INFO: Seed: 1712891295", "important": false, "type": "Line"}, {"lineNumber": 178, "content": "INFO: Loaded 1 modules   (13230 inline 8-bit counters): 13230 [0x79d3b3, 0x7a0761),", "important": false, "type": "Line"}, {"lineNumber": 179, "content": "INFO: Loaded 1 PC tables (13230 PCs): 13230 [0x720910,0x7543f0),", "important": false, "type": "Line"}, {"lineNumber": 180, "content": "INFO:        0 files found in /clusterfuzz/run_bot/clusterfuzz/bot_tmpdir/libFuzzerTemp.FuzzWithFork16221.dir/C237", "important": false, "type": "Line"}, {"lineNumber": 181, "content": "INFO: -max_len is not provided; libFuzzer will not generate inputs larger than 4096 bytes", "important": false, "type": "Line"}, {"lineNumber": 182, "content": "INFO: seed corpus: files: 12 min: 3005b max: 3025b total: 36169b rss: 76Mb", "important": false, "type": "Line"}, {"lineNumber": 183, "content": "#13\tINITED cov: 158 ft: 222 corp: 8/23Kb exec/s: 0 rss: 76Mb", "important": false, "type": "Line"}, {"lineNumber": 184, "content": "#14\tNEW    cov: 158 ft: 225 corp: 9/26Kb lim: 3025 exec/s: 0 rss: 76Mb L: 3022/3025 MS: 1 ChangeBinInt-", "important": false, "type": "Line"}, {"lineNumber": 185, "content": "#29\tNEW    cov: 163 ft: 233 corp: 10/28Kb lim: 3025 exec/s: 0 rss: 76Mb L: 1870/3025 MS: 5 InsertByte-ShuffleBytes-ChangeBinInt-InsertRepeatedBytes-EraseBytes-", "important": false, "type": "Line"}, {"lineNumber": 186, "content": "MemorySanitizer:DEADLYSIGNAL", "important": false, "type": "Line"}, {"lineNumber": 187, "content": "==17162==ERROR: MemorySanitizer: SEGV on unknown address 0x000100000220 (pc 0x7f43998c0c5b bp 0x7fff4a277c10 sp 0x7fff4a2773c8 T17162)", "important": false, "type": "Line"}, {"lineNumber": 188, "content": "==17162==The signal is caused by a READ memory access.", "important": false, "type": "Line"}, {"lineNumber": 189, "content": "    #0 0x7f43998c0c5b in memcpy", "important": false, "type": "Line"}, {"lineNumber": 190, "content": "    #1 0x4cecc2 in __msan_memcpy /src/llvm-project/compiler-rt/lib/msan/msan_interceptors.cpp:1586:15", "important": false, "type": "Line"}, {"lineNumber": 191, "content": "    #2 0x457ad9 in fuzzer::Fuzzer::MutateAndTestOne() cxa_noexception.cpp:0", "important": false, "type": "Line"}, {"lineNumber": 192, "content": "    #3 0x4586e5 in fuzzer::Fuzzer::Loop(std::__Fuzzer::vector&lt;fuzzer::SizedFile, std::__Fuzzer::allocator&lt;fuzzer::SizedFile&gt; &gt;&amp;) cxa_noexception.cpp:0", "important": false, "type": "Line"}, {"lineNumber": 193, "content": "    #4 0x447e2d in fuzzer::FuzzerDriver(int*, char***, int (*)(unsigned char const*, unsigned long)) cxa_noexception.cpp:0", "important": false, "type": "Line"}, {"lineNumber": 194, "content": "    #5 0x470e72 in main /src/llvm-project/compiler-rt/lib/fuzzer/FuzzerMain.cpp:20:10", "important": false, "type": "Line"}, {"lineNumber": 195, "content": "    #6 0x7f43998290b2 in __libc_start_main", "important": false, "type": "Line"}, {"lineNumber": 196, "content": "    #7 0x41f70d in _start", "important": false, "type": "Line"}, {"lineNumber": 197, "content": "", "important": false, "type": "Line"}, {"lineNumber": 198, "content": "MemorySanitizer can not provide additional info.", "important": false, "type": "Line"}, {"lineNumber": 199, "content": "SUMMARY: MemorySanitizer: SEGV (/lib/x86_64-linux-gnu/libc.so.6+0xbec5b)", "important": false, "type": "Line"}, {"lineNumber": 200, "content": "==17162==ABORTING", "important": false, "type": "Line"}, {"lineNumber": 201, "content": "MS: 0 ; base unit: 53c3b4d1f334f923710490b221db04da34da47d5", "important": false, "type": "Line"}, {"lineNumber": 202, "content": "", "important": false, "type": "Line"}, {"lineNumber": 203, "content": "", "important": false, "type": "Line"}, {"lineNumber": 204, "content": "artifact_prefix=&#x27;/clusterfuzz/run_bot/clusterfuzz/bot/inputs/fuzzer-testcases/&#x27;; Test unit written to /clusterfuzz/run_bot/clusterfuzz/bot/inputs/fuzzer-testcases/crash-da39a3ee5e6b4b0d3255bfef95601890afd80709", "important": false, "type": "Line"}, {"lineNumber": 205, "content": "Base64:", "important": false, "type": "Line"}, {"lineNumber": 206, "content": "stat::number_of_executed_units: 34", "important": false, "type": "Line"}, {"lineNumber": 207, "content": "stat::average_exec_per_sec:     0", "important": false, "type": "Line"}, {"lineNumber": 208, "content": "stat::new_units_added:          2", "important": false, "type": "Line"}, {"lineNumber": 209, "content": "stat::slowest_unit_time_sec:    0", "important": false, "type": "Line"}, {"lineNumber": 210, "content": "stat::peak_rss_mb:              76", "important": false, "type": "Line"}, {"lineNumber": 211, "content": "INFO: exiting: 77 time: 227s", "important": false, "type": "Line"}, {"lineNumber": 212, "content": "", "important": false, "type": "Line"}, {"lineNumber": 213, "content": "", "important": false, "type": "Line"}, {"lineNumber": 214, "content": "+----------------------------------------Release Build Unsymbolized Stacktrace (diff)----------------------------------------+", "important": false, "type": "Line"}, {"lineNumber": 215, "content": "", "important": false, "type": "Line"}, {"lineNumber": 216, "content": "==17162==ERROR: MemorySanitizer: SEGV on unknown address 0x000100000220 (pc 0x7f43998c0c5b bp 0x7fff4a277c10 sp 0x7fff4a2773c8 T17162)", "important": false, "type": "Line"}, {"lineNumber": 217, "content": "==17162==The signal is caused by a READ memory access.", "important": false, "type": "Line"}, {"lineNumber": 218, "content": "    #0 0x7f43998c0c5b  (/lib/x86_64-linux-gnu/libc.so.6+0xbec5b)", "important": false, "type": "Line"}, {"lineNumber": 219, "content": "    #1 0x4cecc2  (/clusterfuzz/run_bot/clusterfuzz/bot/builds/dnsmasq_libfuzzer_msan/custom/fuzz_auth+0x4cecc2)", "important": false, "type": "Line"}, {"lineNumber": 220, "content": "    #2 0x457ad9  (/clusterfuzz/run_bot/clusterfuzz/bot/builds/dnsmasq_libfuzzer_msan/custom/fuzz_auth+0x457ad9)", "important": false, "type": "Line"}, {"lineNumber": 221, "content": "    #3 0x4586e5  (/clusterfuzz/run_bot/clusterfuzz/bot/builds/dnsmasq_libfuzzer_msan/custom/fuzz_auth+0x4586e5)", "important": false, "type": "Line"}, {"lineNumber": 222, "content": "    #4 0x447e2d  (/clusterfuzz/run_bot/clusterfuzz/bot/builds/dnsmasq_libfuzzer_msan/custom/fuzz_auth+0x447e2d)", "important": false, "type": "Line"}, {"lineNumber": 223, "content": "    #5 0x470e72  (/clusterfuzz/run_bot/clusterfuzz/bot/builds/dnsmasq_libfuzzer_msan/custom/fuzz_auth+0x470e72)", "important": false, "type": "Line"}, {"lineNumber": 224, "content": "    #6 0x7f43998290b2  (/lib/x86_64-linux-gnu/libc.so.6+0x270b2)", "important": false, "type": "Line"}, {"lineNumber": 225, "content": "    #7 0x41f70d  (/clusterfuzz/run_bot/clusterfuzz/bot/builds/dnsmasq_libfuzzer_msan/custom/fuzz_auth+0x41f70d)", "important": false, "type": "Line"}], "revision": "1"}, "last_tested_crash_stacktrace": {"lines": [], "revision": null}, "security_severity": "Medium", "security_severities": [{"value": 0, "name": "Critical"}, {"value": 1, "name": "High", "default": true}, {"value": 2, "name": "Medium"}, {"value": 3, "name": "Low"}, {"value": 4, "name": "Missing"}], "stats": {"min_hour": 1, "max_hour": 1}, "suspected_cls": null, "testcase": {"absolute_path": "/clusterfuzz/run_bot/clusterfuzz/bot/inputs/fuzzer-testcases/crash-da39a3ee5e6b4b0d3255bfef95601890afd80709", "additional_metadata": "{\"build_key\": \"ab9a5516-5e10-4595-bdd0-448730709bbe\", \"fuzzer_binary_name\": \"fuzz_auth\", \"fuzzing_strategies\": {\"corpus_subset\": 100, \"fork\": 96}}", "archive_filename": null, "archive_state": 0, "binary_flag": false, "bug_indices": [], "bug_information": "", "comments": "[2021-11-29 00:19:55 UTC] login1-20211128-14:48: Fuzz task : Fuzzer libFuzzer_fuzz_auth generated testcase crashed in 227 seconds (r1).\n", "crash_address": "0x000100000220", "crash_revision": 1, "crash_stacktrace": "[Environment] MSAN_OPTIONS=allocator_release_to_os_interval_ms=500:exitcode=77:halt_on_error=1:handle_abort=2:handle_segv=2:handle_sigbus=2:handle_sigfpe=2:handle_sigill=2:print_stats=1:print_summary=1:symbolize=0:use_sigaltstack=1\n+----------------------------------------Release Build Stacktrace----------------------------------------+\nINFO: Running with entropic power schedule (0xFF, 100).\nINFO: Seed: 1489277751\nINFO: Loaded 1 modules   (13230 inline 8-bit counters): 13230 [0x79d3b3, 0x7a0761),\nINFO: Loaded 1 PC tables (13230 PCs): 13230 [0x720910,0x7543f0),\nINFO: -fork=96: fuzzing in separate process(s)\nINFO: -fork=96: 70 seed inputs, starting to fuzz in /clusterfuzz/run_bot/clusterfuzz/bot_tmpdir/libFuzzerTemp.FuzzWithFork16221.dir\n#1789: cov: 436 ft: 436 corp: 70 exec/s 894 oom/timeout/crash: 0/0/0 time: 5s job: 1 dft_time: 0\n  NEW_FUNC: 0x528d80  (/clusterfuzz/run_bot/clusterfuzz/bot/builds/dnsmasq_libfuzzer_msan/custom/fuzz_auth+0x528d80)\n  NEW_FUNC: 0x531770  (/clusterfuzz/run_bot/clusterfuzz/bot/builds/dnsmasq_libfuzzer_msan/custom/fuzz_auth+0x531770)\n#3628: cov: 480 ft: 441 corp: 73 exec/s 613 oom/timeout/crash: 0/0/0 time: 9s job: 2 dft_time: 0\n  NEW_FUNC: 0x527240  (/clusterfuzz/run_bot/clusterfuzz/bot/builds/dnsmasq_libfuzzer_msan/custom/fuzz_auth+0x527240)\n#6209: cov: 494 ft: 444 corp: 75 exec/s 645 oom/timeout/crash: 0/0/0 time: 13s job: 3 dft_time: 0\n#9223: cov: 500 ft: 445 corp: 76 exec/s 602 oom/timeout/crash: 0/0/0 time: 17s job: 4 dft_time: 0\n#11686: cov: 513 ft: 448 corp: 79 exec/s 410 oom/timeout/crash: 0/0/0 time: 20s job: 5 dft_time: 0\n  NEW_FUNC: 0x532540  (/clusterfuzz/run_bot/clusterfuzz/bot/builds/dnsmasq_libfuzzer_msan/custom/fuzz_auth+0x532540)\n  NEW_FUNC: 0x544330  (/clusterfuzz/run_bot/clusterfuzz/bot/builds/dnsmasq_libfuzzer_msan/custom/fuzz_auth+0x544330)\n  NEW_FUNC: 0x544a60  (/clusterfuzz/run_bot/clusterfuzz/bot/builds/dnsmasq_libfuzzer_msan/custom/fuzz_auth+0x544a60)\n  NEW_FUNC: 0x546790  (/clusterfuzz/run_bot/clusterfuzz/bot/builds/dnsmasq_libfuzzer_msan/custom/fuzz_auth+0x546790)\n  NEW_FUNC: 0x546c50  (/clusterfuzz/run_bot/clusterfuzz/bot/builds/dnsmasq_libfuzzer_msan/custom/fuzz_auth+0x546c50)\n  NEW_FUNC: 0x548420  (/clusterfuzz/run_bot/clusterfuzz/bot/builds/dnsmasq_libfuzzer_msan/custom/fuzz_auth+0x548420)\n  NEW_FUNC: 0x54e7e0  (/clusterfuzz/run_bot/clusterfuzz/bot/builds/dnsmasq_libfuzzer_msan/custom/fuzz_auth+0x54e7e0)\n  NEW_FUNC: 0x5851d0  (/clusterfuzz/run_bot/clusterfuzz/bot/builds/dnsmasq_libfuzzer_msan/custom/fuzz_auth+0x5851d0)\n  NEW_FUNC: 0x63b200  (/clusterfuzz/run_bot/clusterfuzz/bot/builds/dnsmasq_libfuzzer_msan/custom/fuzz_auth+0x63b200)\n  NEW_FUNC: 0x63ebf0  (/clusterfuzz/run_bot/clusterfuzz/bot/builds/dnsmasq_libfuzzer_msan/custom/fuzz_auth+0x63ebf0)\n  NEW_FUNC: 0x677a20  (/clusterfuzz/run_bot/clusterfuzz/bot/builds/dnsmasq_libfuzzer_msan/custom/fuzz_auth+0x677a20)\n  NEW_FUNC: 0x678790  (/clusterfuzz/run_bot/clusterfuzz/bot/builds/dnsmasq_libfuzzer_msan/custom/fuzz_auth+0x678790)\n  NEW_FUNC: 0x678b10  (/clusterfuzz/run_bot/clusterfuzz/bot/builds/dnsmasq_libfuzzer_msan/custom/fuzz_auth+0x678b10)\n#14892: cov: 601 ft: 491 corp: 88 exec/s 458 oom/timeout/crash: 0/0/0 time: 24s job: 6 dft_time: 0\n  NEW_FUNC: 0x58d040  (/clusterfuzz/run_bot/clusterfuzz/bot/builds/dnsmasq_libfuzzer_msan/custom/fuzz_auth+0x58d040)\n  NEW_FUNC: 0x63e560  (/clusterfuzz/run_bot/clusterfuzz/bot/builds/dnsmasq_libfuzzer_msan/custom/fuzz_auth+0x63e560)\n  NEW_FUNC: 0x63f330  (/clusterfuzz/run_bot/clusterfuzz/bot/builds/dnsmasq_libfuzzer_msan/custom/fuzz_auth+0x63f330)\n#17886: cov: 630 ft: 497 corp: 92 exec/s 374 oom/timeout/crash: 0/0/0 time: 27s job: 7 dft_time: 0\n#21635: cov: 634 ft: 506 corp: 97 exec/s 416 oom/timeout/crash: 0/0/0 time: 31s job: 8 dft_time: 0\n#33917: cov: 639 ft: 511 corp: 101 exec/s 1228 oom/timeout/crash: 0/0/0 time: 34s job: 9 dft_time: 0\n#43234: cov: 639 ft: 511 corp: 101 exec/s 847 oom/timeout/crash: 0/0/0 time: 34s job: 10 dft_time: 0\n#52490: cov: 639 ft: 511 corp: 101 exec/s 771 oom/timeout/crash: 0/0/0 time: 34s job: 11 dft_time: 0\n#61477: cov: 639 ft: 511 corp: 101 exec/s 691 oom/timeout/crash: 0/0/0 time: 34s job: 12 dft_time: 0\n#67838: cov: 639 ft: 511 corp: 101 exec/s 454 oom/timeout/crash: 0/0/0 time: 34s job: 13 dft_time: 0\n#75328: cov: 642 ft: 560 corp: 107 exec/s 499 oom/timeout/crash: 0/0/0 time: 37s job: 14 dft_time: 0\n#82667: cov: 642 ft: 565 corp: 111 exec/s 458 oom/timeout/crash: 0/0/0 time: 40s job: 15 dft_time: 0\n#89962: cov: 643 ft: 569 corp: 113 exec/s 429 oom/timeout/crash: 0/0/0 time: 43s job: 16 dft_time: 0\n#111777: cov: 643 ft: 576 corp: 118 exec/s 1211 oom/timeout/crash: 0/0/0 time: 46s job: 17 dft_time: 0\n#128823: cov: 643 ft: 576 corp: 118 exec/s 897 oom/timeout/crash: 0/0/0 time: 46s job: 18 dft_time: 0\n#145727: cov: 643 ft: 576 corp: 118 exec/s 845 oom/timeout/crash: 0/0/0 time: 46s job: 19 dft_time: 0\n#162885: cov: 643 ft: 576 corp: 118 exec/s 817 oom/timeout/crash: 0/0/0 time: 46s job: 20 dft_time: 0\n#173281: cov: 643 ft: 576 corp: 113 exec/s 472 oom/timeout/crash: 0/0/0 time: 50s job: 21 dft_time: 0\n#184930: cov: 645 ft: 580 corp: 116 exec/s 506 oom/timeout/crash: 0/0/0 time: 53s job: 22 dft_time: 0\n#196244: cov: 645 ft: 581 corp: 117 exec/s 471 oom/timeout/crash: 0/0/0 time: 56s job: 23 dft_time: 0\n#208463: cov: 645 ft: 581 corp: 117 exec/s 488 oom/timeout/crash: 0/0/0 time: 56s job: 24 dft_time: 0\n#240911: cov: 645 ft: 583 corp: 118 exec/s 1248 oom/timeout/crash: 0/0/0 time: 59s job: 25 dft_time: 0\n#267320: cov: 645 ft: 583 corp: 118 exec/s 978 oom/timeout/crash: 0/0/0 time: 59s job: 26 dft_time: 0\n#291481: cov: 645 ft: 583 corp: 118 exec/s 862 oom/timeout/crash: 0/0/0 time: 59s job: 27 dft_time: 0\n#315663: cov: 645 ft: 583 corp: 118 exec/s 833 oom/timeout/crash: 0/0/0 time: 59s job: 28 dft_time: 0\n#332173: cov: 645 ft: 583 corp: 118 exec/s 550 oom/timeout/crash: 0/0/0 time: 59s job: 29 dft_time: 0\n#349859: cov: 645 ft: 583 corp: 118 exec/s 570 oom/timeout/crash: 0/0/0 time: 59s job: 30 dft_time: 0\n#366571: cov: 645 ft: 583 corp: 118 exec/s 522 oom/timeout/crash: 0/0/0 time: 60s job: 31 dft_time: 0\n#381763: cov: 645 ft: 583 corp: 118 exec/s 460 oom/timeout/crash: 0/0/0 time: 60s job: 32 dft_time: 0\n#425022: cov: 645 ft: 584 corp: 119 exec/s 1272 oom/timeout/crash: 0/0/0 time: 63s job: 33 dft_time: 0\n#460510: cov: 645 ft: 584 corp: 119 exec/s 1013 oom/timeout/crash: 0/0/0 time: 63s job: 34 dft_time: 0\n#493539: cov: 645 ft: 584 corp: 119 exec/s 917 oom/timeout/crash: 0/0/0 time: 63s job: 35 dft_time: 0\n#525046: cov: 645 ft: 584 corp: 119 exec/s 851 oom/timeout/crash: 0/0/0 time: 63s job: 36 dft_time: 0\n#547165: cov: 645 ft: 584 corp: 119 exec/s 582 oom/timeout/crash: 0/0/0 time: 63s job: 37 dft_time: 0\n#568408: cov: 645 ft: 584 corp: 119 exec/s 544 oom/timeout/crash: 0/0/0 time: 63s job: 38 dft_time: 0\n#588419: cov: 645 ft: 584 corp: 119 exec/s 500 oom/timeout/crash: 0/0/0 time: 64s job: 39 dft_time: 0\n#609343: cov: 647 ft: 586 corp: 120 exec/s 510 oom/timeout/crash: 0/0/0 time: 67s job: 40 dft_time: 0\n#663304: cov: 648 ft: 590 corp: 124 exec/s 1284 oom/timeout/crash: 0/0/0 time: 70s job: 41 dft_time: 0\n#705676: cov: 648 ft: 590 corp: 124 exec/s 985 oom/timeout/crash: 0/0/0 time: 70s job: 42 dft_time: 0\n#747158: cov: 648 ft: 590 corp: 124 exec/s 942 oom/timeout/crash: 0/0/0 time: 70s job: 43 dft_time: 0\n#786625: cov: 648 ft: 590 corp: 124 exec/s 877 oom/timeout/crash: 0/0/0 time: 70s job: 44 dft_time: 0\n#812813: cov: 648 ft: 590 corp: 124 exec/s 569 oom/timeout/crash: 0/0/0 time: 70s job: 45 dft_time: 0\n#840602: cov: 648 ft: 592 corp: 123 exec/s 591 oom/timeout/crash: 0/0/0 time: 77s job: 46 dft_time: 0\n#868723: cov: 648 ft: 592 corp: 123 exec/s 585 oom/timeout/crash: 0/0/0 time: 77s job: 47 dft_time: 0\n#895043: cov: 648 ft: 592 corp: 123 exec/s 537 oom/timeout/crash: 0/0/0 time: 77s job: 48 dft_time: 0\n#960901: cov: 648 ft: 592 corp: 123 exec/s 1317 oom/timeout/crash: 0/0/0 time: 78s job: 49 dft_time: 0\n#1013552: cov: 648 ft: 592 corp: 123 exec/s 1032 oom/timeout/crash: 0/0/0 time: 78s job: 50 dft_time: 0\n#1066031: cov: 648 ft: 592 corp: 123 exec/s 1009 oom/timeout/crash: 0/0/0 time: 78s job: 51 dft_time: 0\n#1114159: cov: 648 ft: 592 corp: 123 exec/s 908 oom/timeout/crash: 0/0/0 time: 78s job: 52 dft_time: 0\n#1144929: cov: 648 ft: 592 corp: 123 exec/s 569 oom/timeout/crash: 0/0/0 time: 78s job: 53 dft_time: 0\n#1178796: cov: 648 ft: 593 corp: 124 exec/s 615 oom/timeout/crash: 0/0/0 time: 81s job: 54 dft_time: 0\n#1210410: cov: 648 ft: 593 corp: 124 exec/s 564 oom/timeout/crash: 0/0/0 time: 82s job: 55 dft_time: 0\n#1240557: cov: 648 ft: 593 corp: 124 exec/s 528 oom/timeout/crash: 0/0/0 time: 82s job: 56 dft_time: 0\n#1316169: cov: 648 ft: 593 corp: 124 exec/s 1303 oom/timeout/crash: 0/0/0 time: 82s job: 57 dft_time: 0\n#1384756: cov: 648 ft: 593 corp: 124 exec/s 1162 oom/timeout/crash: 0/0/0 time: 82s job: 58 dft_time: 0\n#1445269: cov: 648 ft: 593 corp: 124 exec/s 1008 oom/timeout/crash: 0/0/0 time: 82s job: 59 dft_time: 0\n#1503454: cov: 648 ft: 593 corp: 124 exec/s 953 oom/timeout/crash: 0/0/0 time: 82s job: 60 dft_time: 0\n#1540699: cov: 648 ft: 593 corp: 124 exec/s 600 oom/timeout/crash: 0/0/0 time: 83s job: 61 dft_time: 0\n#1578070: cov: 648 ft: 593 corp: 124 exec/s 593 oom/timeout/crash: 0/0/0 time: 83s job: 62 dft_time: 0\n#1613661: cov: 648 ft: 593 corp: 124 exec/s 556 oom/timeout/crash: 0/0/0 time: 84s job: 63 dft_time: 0\n#1648231: cov: 648 ft: 594 corp: 125 exec/s 531 oom/timeout/crash: 0/0/0 time: 87s job: 64 dft_time: 0\n#1731623: cov: 648 ft: 595 corp: 126 exec/s 1263 oom/timeout/crash: 0/0/0 time: 90s job: 65 dft_time: 0\n#1805281: cov: 648 ft: 595 corp: 126 exec/s 1099 oom/timeout/crash: 0/0/0 time: 90s job: 66 dft_time: 0\n#1873315: cov: 648 ft: 595 corp: 126 exec/s 1000 oom/timeout/crash: 0/0/0 time: 90s job: 67 dft_time: 0\n#1937050: cov: 648 ft: 595 corp: 126 exec/s 923 oom/timeout/crash: 0/0/0 time: 90s job: 68 dft_time: 0\n#1976891: cov: 648 ft: 595 corp: 126 exec/s 569 oom/timeout/crash: 0/0/0 time: 90s job: 69 dft_time: 0\n#2018401: cov: 648 ft: 595 corp: 126 exec/s 584 oom/timeout/crash: 0/0/0 time: 91s job: 70 dft_time: 0\n#2059857: cov: 648 ft: 595 corp: 126 exec/s 575 oom/timeout/crash: 0/0/0 time: 91s job: 71 dft_time: 0\n#2101110: cov: 648 ft: 595 corp: 126 exec/s 565 oom/timeout/crash: 0/0/0 time: 91s job: 72 dft_time: 0\n#2193038: cov: 648 ft: 595 corp: 126 exec/s 1242 oom/timeout/crash: 0/0/0 time: 92s job: 73 dft_time: 0\n#2272613: cov: 648 ft: 595 corp: 126 exec/s 1061 oom/timeout/crash: 0/0/0 time: 92s job: 74 dft_time: 0\n#2349830: cov: 648 ft: 595 corp: 126 exec/s 1016 oom/timeout/crash: 0/0/0 time: 92s job: 75 dft_time: 0\n#2422831: cov: 648 ft: 595 corp: 124 exec/s 948 oom/timeout/crash: 0/0/0 time: 97s job: 76 dft_time: 0\n#2469682: cov: 648 ft: 595 corp: 124 exec/s 600 oom/timeout/crash: 0/0/0 time: 97s job: 77 dft_time: 0\n#2517656: cov: 648 ft: 598 corp: 126 exec/s 607 oom/timeout/crash: 0/0/0 time: 100s job: 78 dft_time: 0\n#2564587: cov: 648 ft: 598 corp: 126 exec/s 586 oom/timeout/crash: 0/0/0 time: 100s job: 79 dft_time: 0\n#2607394: cov: 648 ft: 599 corp: 127 exec/s 528 oom/timeout/crash: 0/0/0 time: 103s job: 80 dft_time: 0\n#2709792: cov: 648 ft: 600 corp: 128 exec/s 1248 oom/timeout/crash: 0/0/0 time: 107s job: 81 dft_time: 0\n#2798815: cov: 648 ft: 600 corp: 128 exec/s 1072 oom/timeout/crash: 0/0/0 time: 107s job: 82 dft_time: 0\n#2885710: cov: 648 ft: 600 corp: 128 exec/s 1034 oom/timeout/crash: 0/0/0 time: 107s job: 83 dft_time: 0\n#2966887: cov: 648 ft: 600 corp: 128 exec/s 955 oom/timeout/crash: 0/0/0 time: 107s job: 84 dft_time: 0\n#3018502: cov: 648 ft: 600 corp: 128 exec/s 600 oom/timeout/crash: 0/0/0 time: 107s job: 85 dft_time: 0\n#3072130: cov: 648 ft: 602 corp: 130 exec/s 616 oom/timeout/crash: 0/0/0 time: 111s job: 86 dft_time: 0\n#3123691: cov: 648 ft: 602 corp: 130 exec/s 585 oom/timeout/crash: 0/0/0 time: 111s job: 87 dft_time: 0\n#3173546: cov: 653 ft: 610 corp: 135 exec/s 560 oom/timeout/crash: 0/0/0 time: 114s job: 88 dft_time: 0\n#3287138: cov: 653 ft: 611 corp: 136 exec/s 1262 oom/timeout/crash: 0/0/0 time: 118s job: 89 dft_time: 0\n#3384487: cov: 653 ft: 611 corp: 136 exec/s 1069 oom/timeout/crash: 0/0/0 time: 118s job: 90 dft_time: 0\n#3478061: cov: 653 ft: 611 corp: 136 exec/s 1017 oom/timeout/crash: 0/0/0 time: 118s job: 91 dft_time: 0\n#3566221: cov: 653 ft: 611 corp: 136 exec/s 947 oom/timeout/crash: 0/0/0 time: 118s job: 92 dft_time: 0\n#3619958: cov: 653 ft: 611 corp: 136 exec/s 571 oom/timeout/crash: 0/0/0 time: 118s job: 93 dft_time: 0\n#3674217: cov: 654 ft: 624 corp: 138 exec/s 571 oom/timeout/crash: 0/0/0 time: 122s job: 94 dft_time: 0\n#3727436: cov: 656 ft: 635 corp: 142 exec/s 554 oom/timeout/crash: 0/0/0 time: 126s job: 95 dft_time: 0\n#3783100: cov: 656 ft: 635 corp: 142 exec/s 573 oom/timeout/crash: 0/0/0 time: 126s job: 96 dft_time: 0\n#3918061: cov: 656 ft: 635 corp: 142 exec/s 1377 oom/timeout/crash: 0/0/0 time: 126s job: 97 dft_time: 0\n#4035341: cov: 656 ft: 635 corp: 142 exec/s 1184 oom/timeout/crash: 0/0/0 time: 126s job: 98 dft_time: 0\n#4144749: cov: 656 ft: 635 corp: 142 exec/s 1094 oom/timeout/crash: 0/0/0 time: 126s job: 99 dft_time: 0\n#4246869: cov: 656 ft: 635 corp: 142 exec/s 1011 oom/timeout/crash: 0/0/0 time: 127s job: 100 dft_time: 0\n#4348176: cov: 656 ft: 635 corp: 142 exec/s 993 oom/timeout/crash: 0/0/0 time: 130s job: 101 dft_time: 0\n#4441778: cov: 656 ft: 635 corp: 142 exec/s 908 oom/timeout/crash: 0/0/0 time: 134s job: 102 dft_time: 0\n#4502260: cov: 656 ft: 635 corp: 142 exec/s 581 oom/timeout/crash: 0/0/0 time: 138s job: 103 dft_time: 0\n  NEW_FUNC: 0x63c420  (/clusterfuzz/run_bot/clusterfuzz/bot/builds/dnsmasq_libfuzzer_msan/custom/fuzz_auth+0x63c420)\n#4565376: cov: 662 ft: 642 corp: 144 exec/s 601 oom/timeout/crash: 0/0/0 time: 142s job: 104 dft_time: 0\n#4626732: cov: 662 ft: 642 corp: 144 exec/s 578 oom/timeout/crash: 0/0/0 time: 143s job: 105 dft_time: 0\n#4681118: cov: 662 ft: 645 corp: 146 exec/s 508 oom/timeout/crash: 0/0/0 time: 147s job: 106 dft_time: 0\n#4741414: cov: 662 ft: 645 corp: 146 exec/s 558 oom/timeout/crash: 0/0/0 time: 147s job: 107 dft_time: 0\n#4795216: cov: 662 ft: 645 corp: 146 exec/s 493 oom/timeout/crash: 0/0/0 time: 148s job: 108 dft_time: 0\n#4930074: cov: 662 ft: 645 corp: 146 exec/s 1225 oom/timeout/crash: 0/0/0 time: 150s job: 109 dft_time: 0\n#5044804: cov: 662 ft: 645 corp: 146 exec/s 1033 oom/timeout/crash: 0/0/0 time: 155s job: 110 dft_time: 0\n#5150493: cov: 662 ft: 645 corp: 136 exec/s 943 oom/timeout/crash: 0/0/0 time: 160s job: 111 dft_time: 0\n#5250868: cov: 662 ft: 645 corp: 136 exec/s 888 oom/timeout/crash: 0/0/0 time: 162s job: 112 dft_time: 0\n#5343690: cov: 662 ft: 645 corp: 136 exec/s 814 oom/timeout/crash: 0/0/0 time: 164s job: 113 dft_time: 0\n#5404046: cov: 662 ft: 645 corp: 136 exec/s 524 oom/timeout/crash: 0/0/0 time: 165s job: 114 dft_time: 0\n#5466052: cov: 662 ft: 645 corp: 136 exec/s 534 oom/timeout/crash: 0/0/0 time: 166s job: 115 dft_time: 0\n#5534897: cov: 662 ft: 645 corp: 136 exec/s 588 oom/timeout/crash: 0/0/0 time: 171s job: 116 dft_time: 0\n#5598178: cov: 662 ft: 645 corp: 136 exec/s 536 oom/timeout/crash: 0/0/0 time: 174s job: 117 dft_time: 0\n#5658234: cov: 662 ft: 645 corp: 136 exec/s 504 oom/timeout/crash: 0/0/0 time: 179s job: 118 dft_time: 0\n#5722976: cov: 662 ft: 648 corp: 137 exec/s 539 oom/timeout/crash: 0/0/0 time: 183s job: 119 dft_time: 0\n#5780641: cov: 662 ft: 648 corp: 137 exec/s 476 oom/timeout/crash: 0/0/0 time: 183s job: 120 dft_time: 0\n  NEW_FUNC: 0x63fb20  (/clusterfuzz/run_bot/clusterfuzz/bot/builds/dnsmasq_libfuzzer_msan/custom/fuzz_auth+0x63fb20)\n#5918222: cov: 671 ft: 657 corp: 138 exec/s 1127 oom/timeout/crash: 0/0/0 time: 187s job: 121 dft_time: 0\n#6037504: cov: 671 ft: 657 corp: 138 exec/s 969 oom/timeout/crash: 0/0/0 time: 187s job: 122 dft_time: 0\n#6149121: cov: 671 ft: 657 corp: 138 exec/s 900 oom/timeout/crash: 0/0/0 time: 187s job: 123 dft_time: 0\n#6256792: cov: 671 ft: 657 corp: 138 exec/s 861 oom/timeout/crash: 0/0/0 time: 187s job: 124 dft_time: 0\n#6359632: cov: 671 ft: 657 corp: 138 exec/s 816 oom/timeout/crash: 0/0/0 time: 188s job: 125 dft_time: 0\n#6424264: cov: 671 ft: 657 corp: 138 exec/s 508 oom/timeout/crash: 0/0/0 time: 189s job: 126 dft_time: 0\n#6490649: cov: 671 ft: 657 corp: 138 exec/s 518 oom/timeout/crash: 0/0/0 time: 191s job: 127 dft_time: 0\n#6557438: cov: 671 ft: 657 corp: 138 exec/s 517 oom/timeout/crash: 0/0/0 time: 195s job: 128 dft_time: 0\n#6624530: cov: 671 ft: 657 corp: 138 exec/s 516 oom/timeout/crash: 0/0/0 time: 196s job: 129 dft_time: 0\n#6686699: cov: 671 ft: 657 corp: 138 exec/s 474 oom/timeout/crash: 0/0/0 time: 198s job: 130 dft_time: 0\n#6752908: cov: 671 ft: 657 corp: 138 exec/s 501 oom/timeout/crash: 0/0/0 time: 198s job: 131 dft_time: 0\n#6817162: cov: 674 ft: 669 corp: 141 exec/s 483 oom/timeout/crash: 0/0/0 time: 202s job: 132 dft_time: 0\n#6963433: cov: 674 ft: 670 corp: 142 exec/s 1091 oom/timeout/crash: 0/0/0 time: 206s job: 133 dft_time: 0\n#7090210: cov: 674 ft: 670 corp: 142 exec/s 939 oom/timeout/crash: 0/0/0 time: 206s job: 134 dft_time: 0\n#7208219: cov: 674 ft: 670 corp: 142 exec/s 867 oom/timeout/crash: 0/0/0 time: 206s job: 135 dft_time: 0\n#7322895: cov: 674 ft: 670 corp: 142 exec/s 837 oom/timeout/crash: 0/0/0 time: 210s job: 136 dft_time: 0\n#7389827: cov: 674 ft: 670 corp: 142 exec/s 485 oom/timeout/crash: 0/0/0 time: 212s job: 137 dft_time: 0\n#7458770: cov: 674 ft: 670 corp: 142 exec/s 495 oom/timeout/crash: 0/0/0 time: 212s job: 138 dft_time: 0\n#7529699: cov: 674 ft: 670 corp: 142 exec/s 506 oom/timeout/crash: 0/0/0 time: 213s job: 139 dft_time: 0\n#7601754: cov: 674 ft: 670 corp: 142 exec/s 511 oom/timeout/crash: 0/0/0 time: 215s job: 140 dft_time: 0\n#7669970: cov: 675 ft: 671 corp: 143 exec/s 480 oom/timeout/crash: 0/0/0 time: 222s job: 141 dft_time: 0\n#7735563: cov: 675 ft: 671 corp: 143 exec/s 458 oom/timeout/crash: 0/0/0 time: 223s job: 142 dft_time: 0\n#7804787: cov: 675 ft: 671 corp: 143 exec/s 480 oom/timeout/crash: 0/0/0 time: 225s job: 143 dft_time: 0\n#7867006: cov: 675 ft: 671 corp: 143 exec/s 429 oom/timeout/crash: 0/0/0 time: 226s job: 144 dft_time: 0\n#7867040: cov: 675 ft: 671 corp: 143 exec/s 0 oom/timeout/crash: 0/0/0 time: 226s job: 237 dft_time: 0\nINFO: log from the inner process:\nINFO: Running with entropic power schedule (0xFF, 100).\nINFO: Seed: 1712891295\nINFO: Loaded 1 modules   (13230 inline 8-bit counters): 13230 [0x79d3b3, 0x7a0761),\nINFO: Loaded 1 PC tables (13230 PCs): 13230 [0x720910,0x7543f0),\nINFO:        0 files found in /clusterfuzz/run_bot/clusterfuzz/bot_tmpdir/libFuzzerTemp.FuzzWithFork16221.dir/C237\nINFO: -max_len is not provided; libFuzzer will not generate inputs larger than 4096 bytes\nINFO: seed corpus: files: 12 min: 3005b max: 3025b total: 36169b rss: 76Mb\n#13\tINITED cov: 158 ft: 222 corp: 8/23Kb exec/s: 0 rss: 76Mb\n#14\tNEW    cov: 158 ft: 225 corp: 9/26Kb lim: 3025 exec/s: 0 rss: 76Mb L: 3022/3025 MS: 1 ChangeBinInt-\n#29\tNEW    cov: 163 ft: 233 corp: 10/28Kb lim: 3025 exec/s: 0 rss: 76Mb L: 1870/3025 MS: 5 InsertByte-ShuffleBytes-ChangeBinInt-InsertRepeatedBytes-EraseBytes-\nMemorySanitizer:DEADLYSIGNAL\n==17162==ERROR: MemorySanitizer: SEGV on unknown address 0x000100000220 (pc 0x7f43998c0c5b bp 0x7fff4a277c10 sp 0x7fff4a2773c8 T17162)\n==17162==The signal is caused by a READ memory access.\n    #0 0x7f43998c0c5b in memcpy\n    #1 0x4cecc2 in __msan_memcpy /src/llvm-project/compiler-rt/lib/msan/msan_interceptors.cpp:1586:15\n    #2 0x457ad9 in fuzzer::Fuzzer::MutateAndTestOne() cxa_noexception.cpp:0\n    #3 0x4586e5 in fuzzer::Fuzzer::Loop(std::__Fuzzer::vector<fuzzer::SizedFile, std::__Fuzzer::allocator<fuzzer::SizedFile> >&) cxa_noexception.cpp:0\n    #4 0x447e2d in fuzzer::FuzzerDriver(int*, char***, int (*)(unsigned char const*, unsigned long)) cxa_noexception.cpp:0\n    #5 0x470e72 in main /src/llvm-project/compiler-rt/lib/fuzzer/FuzzerMain.cpp:20:10\n    #6 0x7f43998290b2 in __libc_start_main\n    #7 0x41f70d in _start\n\nMemorySanitizer can not provide additional info.\nSUMMARY: MemorySanitizer: SEGV (/lib/x86_64-linux-gnu/libc.so.6+0xbec5b)\n==17162==ABORTING\nMS: 0 ; base unit: 53c3b4d1f334f923710490b221db04da34da47d5\n\n\nartifact_prefix='/clusterfuzz/run_bot/clusterfuzz/bot/inputs/fuzzer-testcases/'; Test unit written to /clusterfuzz/run_bot/clusterfuzz/bot/inputs/fuzzer-testcases/crash-da39a3ee5e6b4b0d3255bfef95601890afd80709\nBase64:\nstat::number_of_executed_units: 34\nstat::average_exec_per_sec:     0\nstat::new_units_added:          2\nstat::slowest_unit_time_sec:    0\nstat::peak_rss_mb:              76\nINFO: exiting: 77 time: 227s\n\n\n+----------------------------------------Release Build Unsymbolized Stacktrace (diff)----------------------------------------+\n\n==17162==ERROR: MemorySanitizer: SEGV on unknown address 0x000100000220 (pc 0x7f43998c0c5b bp 0x7fff4a277c10 sp 0x7fff4a2773c8 T17162)\n==17162==The signal is caused by a READ memory access.\n    #0 0x7f43998c0c5b  (/lib/x86_64-linux-gnu/libc.so.6+0xbec5b)\n    #1 0x4cecc2  (/clusterfuzz/run_bot/clusterfuzz/bot/builds/dnsmasq_libfuzzer_msan/custom/fuzz_auth+0x4cecc2)\n    #2 0x457ad9  (/clusterfuzz/run_bot/clusterfuzz/bot/builds/dnsmasq_libfuzzer_msan/custom/fuzz_auth+0x457ad9)\n    #3 0x4586e5  (/clusterfuzz/run_bot/clusterfuzz/bot/builds/dnsmasq_libfuzzer_msan/custom/fuzz_auth+0x4586e5)\n    #4 0x447e2d  (/clusterfuzz/run_bot/clusterfuzz/bot/builds/dnsmasq_libfuzzer_msan/custom/fuzz_auth+0x447e2d)\n    #5 0x470e72  (/clusterfuzz/run_bot/clusterfuzz/bot/builds/dnsmasq_libfuzzer_msan/custom/fuzz_auth+0x470e72)\n    #6 0x7f43998290b2  (/lib/x86_64-linux-gnu/libc.so.6+0x270b2)\n    #7 0x41f70d  (/clusterfuzz/run_bot/clusterfuzz/bot/builds/dnsmasq_libfuzzer_msan/custom/fuzz_auth+0x41f70d)\n", "crash_state": "NULL", "crash_type": "UNKNOWN READ", "disable_ubsan": false, "duplicate_of": null, "fixed": "NA", "flaky_stack": false, "fuzzed_keys": "ed2a45d6-b25f-4d08-b8ec-7a1dbc75de2a", "fuzzer_name": "libFuzzer", "fuzzer_name_indices": ["libFuzzer", "libFuzzer_fuzz_auth"], "gestures": [], "group_bug_information": 0, "group_id": 19098, "has_bug_flag": false, "http_flag": false, "impact_beta_version": null, "impact_beta_version_indices": [], "impact_beta_version_likely": null, "impact_extended_stable_version": null, "impact_extended_stable_version_indices": [], "impact_extended_stable_version_likely": null, "impact_head_version": null, "impact_head_version_indices": [], "impact_head_version_likely": null, "impact_indices": [], "impact_stable_version": null, "impact_stable_version_indices": [], "impact_stable_version_likely": null, "impact_version_indices": [], "is_a_duplicate_flag": false, "is_impact_set_flag": null, "is_leader": true, "job_type": "dnsmasq_libfuzzer_msan", "keywords": ["unknown read", "null", "libfuzzer_fuzz", "dnsmasq", "dnsmasq_libfuzzer_msan", "libfuzzer", "libfuzzer_fuzz_auth", "msan", "unknown", "lib", "fuzzer", "auth", "fuzz", "linux", "fuzzer_fuzz_auth", "fuzzer_fuzz", "read", "dnsmasq_libfuzzer", "fuzz_auth", "libfuzzer_msan"], "last_tested_crash_stacktrace": null, "minidump_keys": "", "minimized_arguments": "-rss_limit_mb=2560 -timeout=60", "minimized_keys": "NA", "one_time_crasher_flag": true, "open": true, "overridden_fuzzer_name": "libFuzzer_fuzz_auth", "platform": "linux", "platform_id": "linux", "project_name": "test-project", "queue": "jobs-linux", "redzone": 32, "regression": "NA", "security_flag": true, "security_severity": 2, "status": "Processed", "symbolized": false, "timeout_multiplier": 1.0, "timestamp": 1638145195, "triaged": false, "uploader_email": null, "window_argument": "", "id": 19304}, "timestamp": 1638145195.980368, "show_blame": false, "show_impact": false, "impacts_production": false, "find_similar_issues_options": [{"type": "open", "label": "Open"}, {"type": "all", "label": "All"}], "auto_delete_timestamp": 1638749995.980368, "auto_close_timestamp": null, "memory_tool_display_label": "Sanitizer", "memory_tool_display_value": "memory (MSAN)", "last_tested": "1:1 (No component revisions found!)", "is_admin_or_not_oss_fuzz": true, "has_issue_tracker": false, "reproduction_help_url": "", "is_local_development": true, "fuzzer_display": {"engine": "libFuzzer", "target": "fuzz_auth", "name": "libFuzzer", "fully_qualified_name": "libFuzzer_fuzz_auth"}}