{"id": 22251, "crash_type": "Direct-leak", "crash_address": "", "crash_state": "mk_rconf_read\nmk_rconf_open\nflb_parser_conf_file\n", "crash_state_lines": ["mk_rconf_read", "mk_rconf_open", "flb_parser_conf_file"], "crash_revision": 1, "csrf_token": "D6S+cXG/eQvjQp1jhkN2Yfq5FoCaAiuUjD0oLthouNSAPb8xaAgWvNikB3AHnFnrgfWQIz/OKB4owWUbxHHo3A==", "external_user": false, "footer": "[2021-11-29 06:44:58 UTC] snode3-20211128-16:39: Fuzz task : Fuzzer libFuzzer_flb-it-fuzz-config_random_fuzzer_OSSFUZZ generated testcase crashed in 3 seconds (r1).\n[2021-11-29 06:47:39 UTC] snode5-20211128-16:38: Minimize task started.\n[2021-11-29 06:50:29 UTC] snode5-20211128-16:38: Minimize task errored out: LibFuzzer minimization failed.\n[2021-11-30 00:12:12 UTC] snode8-20211129-17:28: Progression task started.\n[2021-11-30 00:14:25 UTC] snode8-20211129-17:28: Progression task finished: still crashes on latest custom build.\n", "formatted_reproduction_help": "", "fixed": "NO", "fixed_full": null, "issue_url": null, "is_admin": true, "metadata": {"build_key": "e57315a1-00ce-4d7e-8648-fd41d4016c85", "env": {"ASAN_OPTIONS": {}}, "fuzzer_binary_name": "flb-it-fuzz-config_random_fuzzer_OSSFUZZ", "fuzzing_strategies": {"fork": 64}, "last_tested_crash_revision": null, "last_tested_crash_time": 1638231265, "last_tested_revision": null}, "minimized_testcase_size": "4 B", "needs_refresh": false, "original_testcase_size": "4 B", "privileged_user": true, "regression": "NA", "crash_stacktrace": {"lines": [{"lineNumber": 1, "content": "[Environment] ASAN_OPTIONS=exitcode=77", "important": false, "type": "Line"}, {"lineNumber": 2, "content": "+----------------------------------------Release Build Stacktrace----------------------------------------+", "important": false, "type": "Line"}, {"lineNumber": 3, "content": "Command: /clusterfuzz/run_bot/clusterfuzz/bot/builds/fluent-bit_libfuzzer_asan/custom/flb-it-fuzz-config_random_fuzzer_OSSFUZZ -rss_limit_mb=2560 -timeout=60 -runs=100 /clusterfuzz/run_bot/clusterfuzz/bot/inputs/fuzzer-testcases/leak-711011cdac696fc29e0da3a3cddb2e4361c9f2b2", "important": false, "type": "Line"}, {"lineNumber": 4, "content": "Time ran: 0.08240175247192383", "important": false, "type": "Line"}, {"lineNumber": 5, "content": "", "important": false, "type": "Line"}, {"lineNumber": 6, "content": "INFO: Running with entropic power schedule (0xFF, 100).", "important": false, "type": "Line"}, {"lineNumber": 7, "content": "INFO: Seed: 3666403044", "important": false, "type": "Line"}, {"lineNumber": 8, "content": "INFO: Loaded 1 modules   (86898 inline 8-bit counters): 86898 [0x10caff0, 0x10e0362),", "important": false, "type": "Line"}, {"lineNumber": 9, "content": "INFO: Loaded 1 PC tables (86898 PCs): 86898 [0x10e0368,0x1233a88),", "important": false, "type": "Line"}, {"lineNumber": 10, "content": "/clusterfuzz/run_bot/clusterfuzz/bot/builds/fluent-bit_libfuzzer_asan/custom/flb-it-fuzz-config_random_fuzzer_OSSFUZZ: Running 1 inputs 100 time(s) each.", "important": false, "type": "Line"}, {"lineNumber": 11, "content": "Running: /clusterfuzz/run_bot/clusterfuzz/bot/inputs/fuzzer-testcases/leak-711011cdac696fc29e0da3a3cddb2e4361c9f2b2", "important": false, "type": "Line"}, {"lineNumber": 12, "content": "[2021/11/29 06:50:17] [  Error] File /tmp/libfuzzer.11345", "important": false, "type": "Line"}, {"lineNumber": 13, "content": "[2021/11/29 06:50:17] [  Error] Error in line 1: Each key must have a value", "important": false, "type": "Line"}, {"lineNumber": 14, "content": "[2021/11/29 06:50:17] [  Error] File /tmp/libfuzzer.11345", "important": false, "type": "Line"}, {"lineNumber": 15, "content": "[2021/11/29 06:50:17] [  Error] Error in line 1: Each key must have a value", "important": false, "type": "Line"}, {"lineNumber": 16, "content": "", "important": false, "type": "Line"}, {"lineNumber": 17, "content": "=================================================================", "important": false, "type": "Line"}, {"lineNumber": 18, "content": "==11345==ERROR: LeakSanitizer: detected memory leaks", "important": false, "type": "Line"}, {"lineNumber": 19, "content": "", "important": false, "type": "Line"}, {"lineNumber": 20, "content": "Direct leak of 4096 byte(s) in 1 object(s) allocated from:", "important": false, "type": "Line"}, {"lineNumber": 21, "content": "<b>    #0 0x5561dd in malloc /src/llvm-project/compiler-rt/lib/asan/asan_malloc_linux.cpp:129:3</b>", "important": false, "type": "Line"}, {"lineNumber": 22, "content": "<b>    #1 0xe43772 in mk_mem_alloc /src/fluent-bit/lib/monkey/include/monkey/mk_core/mk_memory.h:53:17</b>", "important": false, "type": "Line"}, {"lineNumber": 23, "content": "<b>    #2 0xe43772 in mk_rconf_read /src/fluent-bit/lib/monkey/mk_core/mk_rconf.c:251:11</b>", "important": true, "type": "Line"}, {"lineNumber": 24, "content": "<b>    #3 0xe432ff in mk_rconf_open /src/fluent-bit/lib/monkey/mk_core/mk_rconf.c:633:11</b>", "important": true, "type": "Line"}, {"lineNumber": 25, "content": "<b>    #4 0x5aa12c in flb_parser_conf_file /src/fluent-bit/src/flb_parser.c:842:13</b>", "important": true, "type": "Line"}, {"lineNumber": 26, "content": "<b>    #5 0x58d06a in LLVMFuzzerTestOneInput /src/fluent-bit/tests/internal/fuzzers/config_random_fuzzer.c:45:5</b>", "important": false, "type": "Line"}, {"lineNumber": 27, "content": "<b>    #6 0x487013 in fuzzer::Fuzzer::ExecuteCallback(unsigned char const*, unsigned long) cxa_noexception.cpp:0</b>", "important": false, "type": "Line"}, {"lineNumber": 28, "content": "<b>    #7 0x472922 in fuzzer::RunOneTest(fuzzer::Fuzzer*, char const*, unsigned long) /src/llvm-project/compiler-rt/lib/fuzzer/FuzzerDriver.cpp:324:6</b>", "important": false, "type": "Line"}, {"lineNumber": 29, "content": "<b>    #8 0x4783ea in fuzzer::FuzzerDriver(int*, char***, int (*)(unsigned char const*, unsigned long)) cxa_noexception.cpp:0</b>", "important": false, "type": "Line"}, {"lineNumber": 30, "content": "<b>    #9 0x4a1312 in main /src/llvm-project/compiler-rt/lib/fuzzer/FuzzerMain.cpp:20:10</b>", "important": false, "type": "Line"}, {"lineNumber": 31, "content": "<b>    #10 0x7f496f8870b2 in __libc_start_main</b>", "important": false, "type": "Line"}, {"lineNumber": 32, "content": "", "important": false, "type": "Line"}, {"lineNumber": 33, "content": "================================================================================", "important": false, "type": "Line"}, {"lineNumber": 34, "content": "The following leaks are not necessarily related to the first leak.", "important": false, "type": "Line"}, {"lineNumber": 35, "content": "", "important": false, "type": "Line"}, {"lineNumber": 36, "content": "", "important": false, "type": "Line"}, {"lineNumber": 37, "content": "Direct leak of 4 byte(s) in 1 object(s) allocated from:", "important": false, "type": "Line"}, {"lineNumber": 38, "content": "    #0 0x5561dd in malloc /src/llvm-project/compiler-rt/lib/asan/asan_malloc_linux.cpp:129:3", "important": false, "type": "Line"}, {"lineNumber": 39, "content": "    #1 0xe469bb in mk_mem_alloc /src/fluent-bit/lib/monkey/include/monkey/mk_core/mk_memory.h:53:17", "important": false, "type": "Line"}, {"lineNumber": 40, "content": "    #2 0xe469bb in mk_string_copy_substr /src/fluent-bit/lib/monkey/mk_core/mk_string.c:596:14", "important": false, "type": "Line"}, {"lineNumber": 41, "content": "    #3 0xe43d9a in mk_rconf_read /src/fluent-bit/lib/monkey/mk_core/mk_rconf.c:355:22", "important": true, "type": "Line"}, {"lineNumber": 42, "content": "    #4 0xe432ff in mk_rconf_open /src/fluent-bit/lib/monkey/mk_core/mk_rconf.c:633:11", "important": true, "type": "Line"}, {"lineNumber": 43, "content": "    #5 0x5aa12c in flb_parser_conf_file /src/fluent-bit/src/flb_parser.c:842:13", "important": true, "type": "Line"}, {"lineNumber": 44, "content": "    #6 0x58d06a in LLVMFuzzerTestOneInput /src/fluent-bit/tests/internal/fuzzers/config_random_fuzzer.c:45:5", "important": false, "type": "Line"}, {"lineNumber": 45, "content": "    #7 0x487013 in fuzzer::Fuzzer::ExecuteCallback(unsigned char const*, unsigned long) cxa_noexception.cpp:0", "important": false, "type": "Line"}, {"lineNumber": 46, "content": "    #8 0x472922 in fuzzer::RunOneTest(fuzzer::Fuzzer*, char const*, unsigned long) /src/llvm-project/compiler-rt/lib/fuzzer/FuzzerDriver.cpp:324:6", "important": false, "type": "Line"}, {"lineNumber": 47, "content": "    #9 0x4783ea in fuzzer::FuzzerDriver(int*, char***, int (*)(unsigned char const*, unsigned long)) cxa_noexception.cpp:0", "important": false, "type": "Line"}, {"lineNumber": 48, "content": "    #10 0x4a1312 in main /src/llvm-project/compiler-rt/lib/fuzzer/FuzzerMain.cpp:20:10", "important": false, "type": "Line"}, {"lineNumber": 49, "content": "    #11 0x7f496f8870b2 in __libc_start_main", "important": false, "type": "Line"}, {"lineNumber": 50, "content": "", "important": false, "type": "Line"}, {"lineNumber": 51, "content": "SUMMARY: AddressSanitizer: 4100 byte(s) leaked in 2 allocation(s).", "important": false, "type": "Line"}, {"lineNumber": 52, "content": "", "important": false, "type": "Line"}, {"lineNumber": 53, "content": "INFO: a leak has been found in the initial corpus.", "important": false, "type": "Line"}, {"lineNumber": 54, "content": "", "important": false, "type": "Line"}, {"lineNumber": 55, "content": "INFO: to ignore leaks on libFuzzer side use -detect_leaks=0.", "important": false, "type": "Line"}, {"lineNumber": 56, "content": "", "important": false, "type": "Line"}, {"lineNumber": 57, "content": "", "important": false, "type": "Line"}, {"lineNumber": 58, "content": "", "important": false, "type": "Line"}, {"lineNumber": 59, "content": "+----------------------------------------Release Build Unsymbolized Stacktrace (diff)----------------------------------------+", "important": false, "type": "Line"}, {"lineNumber": 60, "content": "", "important": false, "type": "Line"}, {"lineNumber": 61, "content": "", "important": false, "type": "Line"}, {"lineNumber": 62, "content": "Direct leak of 4096 byte(s) in 1 object(s) allocated from:", "important": false, "type": "Line"}, {"lineNumber": 63, "content": "    #0 0x5561dd  (/clusterfuzz/run_bot/clusterfuzz/bot/builds/fluent-bit_libfuzzer_asan/custom/flb-it-fuzz-config_random_fuzzer_OSSFUZZ+0x5561dd)", "important": false, "type": "Line"}, {"lineNumber": 64, "content": "    #1 0xe43772  (/clusterfuzz/run_bot/clusterfuzz/bot/builds/fluent-bit_libfuzzer_asan/custom/flb-it-fuzz-config_random_fuzzer_OSSFUZZ+0xe43772)", "important": false, "type": "Line"}, {"lineNumber": 65, "content": "    #2 0xe432ff  (/clusterfuzz/run_bot/clusterfuzz/bot/builds/fluent-bit_libfuzzer_asan/custom/flb-it-fuzz-config_random_fuzzer_OSSFUZZ+0xe432ff)", "important": false, "type": "Line"}, {"lineNumber": 66, "content": "    #3 0x5aa12c  (/clusterfuzz/run_bot/clusterfuzz/bot/builds/fluent-bit_libfuzzer_asan/custom/flb-it-fuzz-config_random_fuzzer_OSSFUZZ+0x5aa12c)", "important": false, "type": "Line"}, {"lineNumber": 67, "content": "    #4 0x58d06a  (/clusterfuzz/run_bot/clusterfuzz/bot/builds/fluent-bit_libfuzzer_asan/custom/flb-it-fuzz-config_random_fuzzer_OSSFUZZ+0x58d06a)", "important": false, "type": "Line"}, {"lineNumber": 68, "content": "    #5 0x487013  (/clusterfuzz/run_bot/clusterfuzz/bot/builds/fluent-bit_libfuzzer_asan/custom/flb-it-fuzz-config_random_fuzzer_OSSFUZZ+0x487013)", "important": false, "type": "Line"}, {"lineNumber": 69, "content": "    #6 0x472922  (/clusterfuzz/run_bot/clusterfuzz/bot/builds/fluent-bit_libfuzzer_asan/custom/flb-it-fuzz-config_random_fuzzer_OSSFUZZ+0x472922)", "important": false, "type": "Line"}, {"lineNumber": 70, "content": "    #7 0x4783ea  (/clusterfuzz/run_bot/clusterfuzz/bot/builds/fluent-bit_libfuzzer_asan/custom/flb-it-fuzz-config_random_fuzzer_OSSFUZZ+0x4783ea)", "important": false, "type": "Line"}, {"lineNumber": 71, "content": "    #8 0x4a1312  (/clusterfuzz/run_bot/clusterfuzz/bot/builds/fluent-bit_libfuzzer_asan/custom/flb-it-fuzz-config_random_fuzzer_OSSFUZZ+0x4a1312)", "important": false, "type": "Line"}, {"lineNumber": 72, "content": "    #9 0x7f496f8870b2  (/lib/x86_64-linux-gnu/libc.so.6+0x270b2)", "important": false, "type": "Line"}, {"lineNumber": 73, "content": "", "important": false, "type": "Line"}, {"lineNumber": 74, "content": "Direct leak of 4 byte(s) in 1 object(s) allocated from:", "important": false, "type": "Line"}, {"lineNumber": 75, "content": "    #0 0x5561dd  (/clusterfuzz/run_bot/clusterfuzz/bot/builds/fluent-bit_libfuzzer_asan/custom/flb-it-fuzz-config_random_fuzzer_OSSFUZZ+0x5561dd)", "important": false, "type": "Line"}, {"lineNumber": 76, "content": "    #1 0xe469bb  (/clusterfuzz/run_bot/clusterfuzz/bot/builds/fluent-bit_libfuzzer_asan/custom/flb-it-fuzz-config_random_fuzzer_OSSFUZZ+0xe469bb)", "important": false, "type": "Line"}, {"lineNumber": 77, "content": "    #2 0xe43d9a  (/clusterfuzz/run_bot/clusterfuzz/bot/builds/fluent-bit_libfuzzer_asan/custom/flb-it-fuzz-config_random_fuzzer_OSSFUZZ+0xe43d9a)", "important": false, "type": "Line"}, {"lineNumber": 78, "content": "    #3 0xe432ff  (/clusterfuzz/run_bot/clusterfuzz/bot/builds/fluent-bit_libfuzzer_asan/custom/flb-it-fuzz-config_random_fuzzer_OSSFUZZ+0xe432ff)", "important": false, "type": "Line"}, {"lineNumber": 79, "content": "    #4 0x5aa12c  (/clusterfuzz/run_bot/clusterfuzz/bot/builds/fluent-bit_libfuzzer_asan/custom/flb-it-fuzz-config_random_fuzzer_OSSFUZZ+0x5aa12c)", "important": false, "type": "Line"}, {"lineNumber": 80, "content": "    #5 0x58d06a  (/clusterfuzz/run_bot/clusterfuzz/bot/builds/fluent-bit_libfuzzer_asan/custom/flb-it-fuzz-config_random_fuzzer_OSSFUZZ+0x58d06a)", "important": false, "type": "Line"}, {"lineNumber": 81, "content": "    #6 0x487013  (/clusterfuzz/run_bot/clusterfuzz/bot/builds/fluent-bit_libfuzzer_asan/custom/flb-it-fuzz-config_random_fuzzer_OSSFUZZ+0x487013)", "important": false, "type": "Line"}, {"lineNumber": 82, "content": "    #7 0x472922  (/clusterfuzz/run_bot/clusterfuzz/bot/builds/fluent-bit_libfuzzer_asan/custom/flb-it-fuzz-config_random_fuzzer_OSSFUZZ+0x472922)", "important": false, "type": "Line"}, {"lineNumber": 83, "content": "    #8 0x4783ea  (/clusterfuzz/run_bot/clusterfuzz/bot/builds/fluent-bit_libfuzzer_asan/custom/flb-it-fuzz-config_random_fuzzer_OSSFUZZ+0x4783ea)", "important": false, "type": "Line"}, {"lineNumber": 84, "content": "    #9 0x4a1312  (/clusterfuzz/run_bot/clusterfuzz/bot/builds/fluent-bit_libfuzzer_asan/custom/flb-it-fuzz-config_random_fuzzer_OSSFUZZ+0x4a1312)", "important": false, "type": "Line"}, {"lineNumber": 85, "content": "    #10 0x7f496f8870b2  (/lib/x86_64-linux-gnu/libc.so.6+0x270b2)", "important": false, "type": "Line"}], "revision": "1"}, "last_tested_crash_stacktrace": {"lines": [{"lineNumber": 1, "content": "[Environment] ASAN_OPTIONS=exitcode=77", "important": false, "type": "Line"}, {"lineNumber": 2, "content": "+----------------------------------------Release Build Stacktrace----------------------------------------+", "important": false, "type": "Line"}, {"lineNumber": 3, "content": "Command: /clusterfuzz/run_bot/clusterfuzz/bot/builds/fluent-bit_libfuzzer_asan/custom/flb-it-fuzz-config_random_fuzzer_OSSFUZZ -rss_limit_mb=2560 -timeout=60 -runs=100 /clusterfuzz/run_bot/clusterfuzz/bot/inputs/fuzzer-testcases/leak-711011cdac696fc29e0da3a3cddb2e4361c9f2b2", "important": false, "type": "Line"}, {"lineNumber": 4, "content": "Time ran: 0.04221653938293457", "important": false, "type": "Line"}, {"lineNumber": 5, "content": "", "important": false, "type": "Line"}, {"lineNumber": 6, "content": "INFO: Running with entropic power schedule (0xFF, 100).", "important": false, "type": "Line"}, {"lineNumber": 7, "content": "INFO: Seed: 1889124959", "important": false, "type": "Line"}, {"lineNumber": 8, "content": "INFO: Loaded 1 modules   (86898 inline 8-bit counters): 86898 [0x10caff0, 0x10e0362),", "important": false, "type": "Line"}, {"lineNumber": 9, "content": "INFO: Loaded 1 PC tables (86898 PCs): 86898 [0x10e0368,0x1233a88),", "important": false, "type": "Line"}, {"lineNumber": 10, "content": "/clusterfuzz/run_bot/clusterfuzz/bot/builds/fluent-bit_libfuzzer_asan/custom/flb-it-fuzz-config_random_fuzzer_OSSFUZZ: Running 1 inputs 100 time(s) each.", "important": false, "type": "Line"}, {"lineNumber": 11, "content": "Running: /clusterfuzz/run_bot/clusterfuzz/bot/inputs/fuzzer-testcases/leak-711011cdac696fc29e0da3a3cddb2e4361c9f2b2", "important": false, "type": "Line"}, {"lineNumber": 12, "content": "[2021/11/30 00:14:24] [  Error] File /tmp/libfuzzer.13846", "important": false, "type": "Line"}, {"lineNumber": 13, "content": "[2021/11/30 00:14:24] [  Error] Error in line 1: Each key must have a value", "important": false, "type": "Line"}, {"lineNumber": 14, "content": "[2021/11/30 00:14:24] [  Error] File /tmp/libfuzzer.13846", "important": false, "type": "Line"}, {"lineNumber": 15, "content": "[2021/11/30 00:14:24] [  Error] Error in line 1: Each key must have a value", "important": false, "type": "Line"}, {"lineNumber": 16, "content": "", "important": false, "type": "Line"}, {"lineNumber": 17, "content": "=================================================================", "important": false, "type": "Line"}, {"lineNumber": 18, "content": "==13846==ERROR: LeakSanitizer: detected memory leaks", "important": false, "type": "Line"}, {"lineNumber": 19, "content": "", "important": false, "type": "Line"}, {"lineNumber": 20, "content": "Direct leak of 4096 byte(s) in 1 object(s) allocated from:", "important": false, "type": "Line"}, {"lineNumber": 21, "content": "<b>    #0 0x5561dd in malloc /src/llvm-project/compiler-rt/lib/asan/asan_malloc_linux.cpp:129:3</b>", "important": false, "type": "Line"}, {"lineNumber": 22, "content": "<b>    #1 0xe43772 in mk_mem_alloc /src/fluent-bit/lib/monkey/include/monkey/mk_core/mk_memory.h:53:17</b>", "important": false, "type": "Line"}, {"lineNumber": 23, "content": "<b>    #2 0xe43772 in mk_rconf_read /src/fluent-bit/lib/monkey/mk_core/mk_rconf.c:251:11</b>", "important": true, "type": "Line"}, {"lineNumber": 24, "content": "<b>    #3 0xe432ff in mk_rconf_open /src/fluent-bit/lib/monkey/mk_core/mk_rconf.c:633:11</b>", "important": true, "type": "Line"}, {"lineNumber": 25, "content": "<b>    #4 0x5aa12c in flb_parser_conf_file /src/fluent-bit/src/flb_parser.c:842:13</b>", "important": true, "type": "Line"}, {"lineNumber": 26, "content": "<b>    #5 0x58d06a in LLVMFuzzerTestOneInput /src/fluent-bit/tests/internal/fuzzers/config_random_fuzzer.c:45:5</b>", "important": false, "type": "Line"}, {"lineNumber": 27, "content": "<b>    #6 0x487013 in fuzzer::Fuzzer::ExecuteCallback(unsigned char const*, unsigned long) cxa_noexception.cpp:0</b>", "important": false, "type": "Line"}, {"lineNumber": 28, "content": "<b>    #7 0x472922 in fuzzer::RunOneTest(fuzzer::Fuzzer*, char const*, unsigned long) /src/llvm-project/compiler-rt/lib/fuzzer/FuzzerDriver.cpp:324:6</b>", "important": false, "type": "Line"}, {"lineNumber": 29, "content": "<b>    #8 0x4783ea in fuzzer::FuzzerDriver(int*, char***, int (*)(unsigned char const*, unsigned long)) cxa_noexception.cpp:0</b>", "important": false, "type": "Line"}, {"lineNumber": 30, "content": "<b>    #9 0x4a1312 in main /src/llvm-project/compiler-rt/lib/fuzzer/FuzzerMain.cpp:20:10</b>", "important": false, "type": "Line"}, {"lineNumber": 31, "content": "<b>    #10 0x7f043c6f50b2 in __libc_start_main</b>", "important": false, "type": "Line"}, {"lineNumber": 32, "content": "", "important": false, "type": "Line"}, {"lineNumber": 33, "content": "================================================================================", "important": false, "type": "Line"}, {"lineNumber": 34, "content": "The following leaks are not necessarily related to the first leak.", "important": false, "type": "Line"}, {"lineNumber": 35, "content": "", "important": false, "type": "Line"}, {"lineNumber": 36, "content": "", "important": false, "type": "Line"}, {"lineNumber": 37, "content": "Direct leak of 4 byte(s) in 1 object(s) allocated from:", "important": false, "type": "Line"}, {"lineNumber": 38, "content": "    #0 0x5561dd in malloc /src/llvm-project/compiler-rt/lib/asan/asan_malloc_linux.cpp:129:3", "important": false, "type": "Line"}, {"lineNumber": 39, "content": "    #1 0xe469bb in mk_mem_alloc /src/fluent-bit/lib/monkey/include/monkey/mk_core/mk_memory.h:53:17", "important": false, "type": "Line"}, {"lineNumber": 40, "content": "    #2 0xe469bb in mk_string_copy_substr /src/fluent-bit/lib/monkey/mk_core/mk_string.c:596:14", "important": false, "type": "Line"}, {"lineNumber": 41, "content": "    #3 0xe43d9a in mk_rconf_read /src/fluent-bit/lib/monkey/mk_core/mk_rconf.c:355:22", "important": true, "type": "Line"}, {"lineNumber": 42, "content": "    #4 0xe432ff in mk_rconf_open /src/fluent-bit/lib/monkey/mk_core/mk_rconf.c:633:11", "important": true, "type": "Line"}, {"lineNumber": 43, "content": "    #5 0x5aa12c in flb_parser_conf_file /src/fluent-bit/src/flb_parser.c:842:13", "important": true, "type": "Line"}, {"lineNumber": 44, "content": "    #6 0x58d06a in LLVMFuzzerTestOneInput /src/fluent-bit/tests/internal/fuzzers/config_random_fuzzer.c:45:5", "important": false, "type": "Line"}, {"lineNumber": 45, "content": "    #7 0x487013 in fuzzer::Fuzzer::ExecuteCallback(unsigned char const*, unsigned long) cxa_noexception.cpp:0", "important": false, "type": "Line"}, {"lineNumber": 46, "content": "    #8 0x472922 in fuzzer::RunOneTest(fuzzer::Fuzzer*, char const*, unsigned long) /src/llvm-project/compiler-rt/lib/fuzzer/FuzzerDriver.cpp:324:6", "important": false, "type": "Line"}, {"lineNumber": 47, "content": "    #9 0x4783ea in fuzzer::FuzzerDriver(int*, char***, int (*)(unsigned char const*, unsigned long)) cxa_noexception.cpp:0", "important": false, "type": "Line"}, {"lineNumber": 48, "content": "    #10 0x4a1312 in main /src/llvm-project/compiler-rt/lib/fuzzer/FuzzerMain.cpp:20:10", "important": false, "type": "Line"}, {"lineNumber": 49, "content": "    #11 0x7f043c6f50b2 in __libc_start_main", "important": false, "type": "Line"}, {"lineNumber": 50, "content": "", "important": false, "type": "Line"}, {"lineNumber": 51, "content": "SUMMARY: AddressSanitizer: 4100 byte(s) leaked in 2 allocation(s).", "important": false, "type": "Line"}, {"lineNumber": 52, "content": "", "important": false, "type": "Line"}, {"lineNumber": 53, "content": "INFO: a leak has been found in the initial corpus.", "important": false, "type": "Line"}, {"lineNumber": 54, "content": "", "important": false, "type": "Line"}, {"lineNumber": 55, "content": "INFO: to ignore leaks on libFuzzer side use -detect_leaks=0.", "important": false, "type": "Line"}, {"lineNumber": 56, "content": "", "important": false, "type": "Line"}, {"lineNumber": 57, "content": "", "important": false, "type": "Line"}, {"lineNumber": 58, "content": "", "important": false, "type": "Line"}, {"lineNumber": 59, "content": "+----------------------------------------Release Build Unsymbolized Stacktrace (diff)----------------------------------------+", "important": false, "type": "Line"}, {"lineNumber": 60, "content": "", "important": false, "type": "Line"}, {"lineNumber": 61, "content": "", "important": false, "type": "Line"}, {"lineNumber": 62, "content": "Direct leak of 4096 byte(s) in 1 object(s) allocated from:", "important": false, "type": "Line"}, {"lineNumber": 63, "content": "    #0 0x5561dd  (/clusterfuzz/run_bot/clusterfuzz/bot/builds/fluent-bit_libfuzzer_asan/custom/flb-it-fuzz-config_random_fuzzer_OSSFUZZ+0x5561dd)", "important": false, "type": "Line"}, {"lineNumber": 64, "content": "    #1 0xe43772  (/clusterfuzz/run_bot/clusterfuzz/bot/builds/fluent-bit_libfuzzer_asan/custom/flb-it-fuzz-config_random_fuzzer_OSSFUZZ+0xe43772)", "important": false, "type": "Line"}, {"lineNumber": 65, "content": "    #2 0xe432ff  (/clusterfuzz/run_bot/clusterfuzz/bot/builds/fluent-bit_libfuzzer_asan/custom/flb-it-fuzz-config_random_fuzzer_OSSFUZZ+0xe432ff)", "important": false, "type": "Line"}, {"lineNumber": 66, "content": "    #3 0x5aa12c  (/clusterfuzz/run_bot/clusterfuzz/bot/builds/fluent-bit_libfuzzer_asan/custom/flb-it-fuzz-config_random_fuzzer_OSSFUZZ+0x5aa12c)", "important": false, "type": "Line"}, {"lineNumber": 67, "content": "    #4 0x58d06a  (/clusterfuzz/run_bot/clusterfuzz/bot/builds/fluent-bit_libfuzzer_asan/custom/flb-it-fuzz-config_random_fuzzer_OSSFUZZ+0x58d06a)", "important": false, "type": "Line"}, {"lineNumber": 68, "content": "    #5 0x487013  (/clusterfuzz/run_bot/clusterfuzz/bot/builds/fluent-bit_libfuzzer_asan/custom/flb-it-fuzz-config_random_fuzzer_OSSFUZZ+0x487013)", "important": false, "type": "Line"}, {"lineNumber": 69, "content": "    #6 0x472922  (/clusterfuzz/run_bot/clusterfuzz/bot/builds/fluent-bit_libfuzzer_asan/custom/flb-it-fuzz-config_random_fuzzer_OSSFUZZ+0x472922)", "important": false, "type": "Line"}, {"lineNumber": 70, "content": "    #7 0x4783ea  (/clusterfuzz/run_bot/clusterfuzz/bot/builds/fluent-bit_libfuzzer_asan/custom/flb-it-fuzz-config_random_fuzzer_OSSFUZZ+0x4783ea)", "important": false, "type": "Line"}, {"lineNumber": 71, "content": "    #8 0x4a1312  (/clusterfuzz/run_bot/clusterfuzz/bot/builds/fluent-bit_libfuzzer_asan/custom/flb-it-fuzz-config_random_fuzzer_OSSFUZZ+0x4a1312)", "important": false, "type": "Line"}, {"lineNumber": 72, "content": "    #9 0x7f043c6f50b2  (/lib/x86_64-linux-gnu/libc.so.6+0x270b2)", "important": false, "type": "Line"}, {"lineNumber": 73, "content": "", "important": false, "type": "Line"}, {"lineNumber": 74, "content": "Direct leak of 4 byte(s) in 1 object(s) allocated from:", "important": false, "type": "Line"}, {"lineNumber": 75, "content": "    #0 0x5561dd  (/clusterfuzz/run_bot/clusterfuzz/bot/builds/fluent-bit_libfuzzer_asan/custom/flb-it-fuzz-config_random_fuzzer_OSSFUZZ+0x5561dd)", "important": false, "type": "Line"}, {"lineNumber": 76, "content": "    #1 0xe469bb  (/clusterfuzz/run_bot/clusterfuzz/bot/builds/fluent-bit_libfuzzer_asan/custom/flb-it-fuzz-config_random_fuzzer_OSSFUZZ+0xe469bb)", "important": false, "type": "Line"}, {"lineNumber": 77, "content": "    #2 0xe43d9a  (/clusterfuzz/run_bot/clusterfuzz/bot/builds/fluent-bit_libfuzzer_asan/custom/flb-it-fuzz-config_random_fuzzer_OSSFUZZ+0xe43d9a)", "important": false, "type": "Line"}, {"lineNumber": 78, "content": "    #3 0xe432ff  (/clusterfuzz/run_bot/clusterfuzz/bot/builds/fluent-bit_libfuzzer_asan/custom/flb-it-fuzz-config_random_fuzzer_OSSFUZZ+0xe432ff)", "important": false, "type": "Line"}, {"lineNumber": 79, "content": "    #4 0x5aa12c  (/clusterfuzz/run_bot/clusterfuzz/bot/builds/fluent-bit_libfuzzer_asan/custom/flb-it-fuzz-config_random_fuzzer_OSSFUZZ+0x5aa12c)", "important": false, "type": "Line"}, {"lineNumber": 80, "content": "    #5 0x58d06a  (/clusterfuzz/run_bot/clusterfuzz/bot/builds/fluent-bit_libfuzzer_asan/custom/flb-it-fuzz-config_random_fuzzer_OSSFUZZ+0x58d06a)", "important": false, "type": "Line"}, {"lineNumber": 81, "content": "    #6 0x487013  (/clusterfuzz/run_bot/clusterfuzz/bot/builds/fluent-bit_libfuzzer_asan/custom/flb-it-fuzz-config_random_fuzzer_OSSFUZZ+0x487013)", "important": false, "type": "Line"}, {"lineNumber": 82, "content": "    #7 0x472922  (/clusterfuzz/run_bot/clusterfuzz/bot/builds/fluent-bit_libfuzzer_asan/custom/flb-it-fuzz-config_random_fuzzer_OSSFUZZ+0x472922)", "important": false, "type": "Line"}, {"lineNumber": 83, "content": "    #8 0x4783ea  (/clusterfuzz/run_bot/clusterfuzz/bot/builds/fluent-bit_libfuzzer_asan/custom/flb-it-fuzz-config_random_fuzzer_OSSFUZZ+0x4783ea)", "important": false, "type": "Line"}, {"lineNumber": 84, "content": "    #9 0x4a1312  (/clusterfuzz/run_bot/clusterfuzz/bot/builds/fluent-bit_libfuzzer_asan/custom/flb-it-fuzz-config_random_fuzzer_OSSFUZZ+0x4a1312)", "important": false, "type": "Line"}, {"lineNumber": 85, "content": "    #10 0x7f043c6f50b2  (/lib/x86_64-linux-gnu/libc.so.6+0x270b2)", "important": false, "type": "Line"}], "revision": null}, "security_severity": null, "security_severities": [{"value": 0, "name": "Critical"}, {"value": 1, "name": "High", "default": true}, {"value": 2, "name": "Medium"}, {"value": 3, "name": "Low"}, {"value": 4, "name": "Missing"}], "stats": {"min_hour": 1, "max_hour": 1}, "suspected_cls": null, "testcase": {"absolute_path": "/clusterfuzz/run_bot/clusterfuzz/bot/inputs/fuzzer-testcases/leak-711011cdac696fc29e0da3a3cddb2e4361c9f2b2", "additional_metadata": "{\"build_key\": \"e57315a1-00ce-4d7e-8648-fd41d4016c85\", \"env\": {\"ASAN_OPTIONS\": {}}, \"fuzzer_binary_name\": \"flb-it-fuzz-config_random_fuzzer_OSSFUZZ\", \"fuzzing_strategies\": {\"fork\": 64}, \"last_tested_crash_revision\": null, \"last_tested_crash_time\": {\"__type__\": \"datetime\", \"day\": 30, \"hour\": 0, \"microsecond\": 13715, \"minute\": 14, \"month\": 11, \"second\": 25, \"year\": 2021}, \"last_tested_revision\": null}", "archive_filename": null, "archive_state": 0, "binary_flag": true, "bug_indices": [], "bug_information": "", "comments": "[2021-11-29 06:44:58 UTC] snode3-20211128-16:39: Fuzz task : Fuzzer libFuzzer_flb-it-fuzz-config_random_fuzzer_OSSFUZZ generated testcase crashed in 3 seconds (r1).\n[2021-11-29 06:47:39 UTC] snode5-20211128-16:38: Minimize task started.\n[2021-11-29 06:50:29 UTC] snode5-20211128-16:38: Minimize task errored out: LibFuzzer minimization failed.\n[2021-11-30 00:12:12 UTC] snode8-20211129-17:28: Progression task started.\n[2021-11-30 00:14:25 UTC] snode8-20211129-17:28: Progression task finished: still crashes on latest custom build.\n", "crash_address": "", "crash_revision": 1, "crash_stacktrace": "[Environment] ASAN_OPTIONS=exitcode=77\n+----------------------------------------Release Build Stacktrace----------------------------------------+\nCommand: /clusterfuzz/run_bot/clusterfuzz/bot/builds/fluent-bit_libfuzzer_asan/custom/flb-it-fuzz-config_random_fuzzer_OSSFUZZ -rss_limit_mb=2560 -timeout=60 -runs=100 /clusterfuzz/run_bot/clusterfuzz/bot/inputs/fuzzer-testcases/leak-711011cdac696fc29e0da3a3cddb2e4361c9f2b2\nTime ran: 0.08240175247192383\n\nINFO: Running with entropic power schedule (0xFF, 100).\nINFO: Seed: 3666403044\nINFO: Loaded 1 modules   (86898 inline 8-bit counters): 86898 [0x10caff0, 0x10e0362),\nINFO: Loaded 1 PC tables (86898 PCs): 86898 [0x10e0368,0x1233a88),\n/clusterfuzz/run_bot/clusterfuzz/bot/builds/fluent-bit_libfuzzer_asan/custom/flb-it-fuzz-config_random_fuzzer_OSSFUZZ: Running 1 inputs 100 time(s) each.\nRunning: /clusterfuzz/run_bot/clusterfuzz/bot/inputs/fuzzer-testcases/leak-711011cdac696fc29e0da3a3cddb2e4361c9f2b2\n[2021/11/29 06:50:17] [  Error] File /tmp/libfuzzer.11345\n[2021/11/29 06:50:17] [  Error] Error in line 1: Each key must have a value\n[2021/11/29 06:50:17] [  Error] File /tmp/libfuzzer.11345\n[2021/11/29 06:50:17] [  Error] Error in line 1: Each key must have a value\n\n=================================================================\n==11345==ERROR: LeakSanitizer: detected memory leaks\n\nDirect leak of 4096 byte(s) in 1 object(s) allocated from:\n    #0 0x5561dd in malloc /src/llvm-project/compiler-rt/lib/asan/asan_malloc_linux.cpp:129:3\n    #1 0xe43772 in mk_mem_alloc /src/fluent-bit/lib/monkey/include/monkey/mk_core/mk_memory.h:53:17\n    #2 0xe43772 in mk_rconf_read /src/fluent-bit/lib/monkey/mk_core/mk_rconf.c:251:11\n    #3 0xe432ff in mk_rconf_open /src/fluent-bit/lib/monkey/mk_core/mk_rconf.c:633:11\n    #4 0x5aa12c in flb_parser_conf_file /src/fluent-bit/src/flb_parser.c:842:13\n    #5 0x58d06a in LLVMFuzzerTestOneInput /src/fluent-bit/tests/internal/fuzzers/config_random_fuzzer.c:45:5\n    #6 0x487013 in fuzzer::Fuzzer::ExecuteCallback(unsigned char const*, unsigned long) cxa_noexception.cpp:0\n    #7 0x472922 in fuzzer::RunOneTest(fuzzer::Fuzzer*, char const*, unsigned long) /src/llvm-project/compiler-rt/lib/fuzzer/FuzzerDriver.cpp:324:6\n    #8 0x4783ea in fuzzer::FuzzerDriver(int*, char***, int (*)(unsigned char const*, unsigned long)) cxa_noexception.cpp:0\n    #9 0x4a1312 in main /src/llvm-project/compiler-rt/lib/fuzzer/FuzzerMain.cpp:20:10\n    #10 0x7f496f8870b2 in __libc_start_main\n\nDirect leak of 4 byte(s) in 1 object(s) allocated from:\n    #0 0x5561dd in malloc /src/llvm-project/compiler-rt/lib/asan/asan_malloc_linux.cpp:129:3\n    #1 0xe469bb in mk_mem_alloc /src/fluent-bit/lib/monkey/include/monkey/mk_core/mk_memory.h:53:17\n    #2 0xe469bb in mk_string_copy_substr /src/fluent-bit/lib/monkey/mk_core/mk_string.c:596:14\n    #3 0xe43d9a in mk_rconf_read /src/fluent-bit/lib/monkey/mk_core/mk_rconf.c:355:22\n    #4 0xe432ff in mk_rconf_open /src/fluent-bit/lib/monkey/mk_core/mk_rconf.c:633:11\n    #5 0x5aa12c in flb_parser_conf_file /src/fluent-bit/src/flb_parser.c:842:13\n    #6 0x58d06a in LLVMFuzzerTestOneInput /src/fluent-bit/tests/internal/fuzzers/config_random_fuzzer.c:45:5\n    #7 0x487013 in fuzzer::Fuzzer::ExecuteCallback(unsigned char const*, unsigned long) cxa_noexception.cpp:0\n    #8 0x472922 in fuzzer::RunOneTest(fuzzer::Fuzzer*, char const*, unsigned long) /src/llvm-project/compiler-rt/lib/fuzzer/FuzzerDriver.cpp:324:6\n    #9 0x4783ea in fuzzer::FuzzerDriver(int*, char***, int (*)(unsigned char const*, unsigned long)) cxa_noexception.cpp:0\n    #10 0x4a1312 in main /src/llvm-project/compiler-rt/lib/fuzzer/FuzzerMain.cpp:20:10\n    #11 0x7f496f8870b2 in __libc_start_main\n\nSUMMARY: AddressSanitizer: 4100 byte(s) leaked in 2 allocation(s).\n\nINFO: a leak has been found in the initial corpus.\n\nINFO: to ignore leaks on libFuzzer side use -detect_leaks=0.\n\n\n\n+----------------------------------------Release Build Unsymbolized Stacktrace (diff)----------------------------------------+\n\n\nDirect leak of 4096 byte(s) in 1 object(s) allocated from:\n    #0 0x5561dd  (/clusterfuzz/run_bot/clusterfuzz/bot/builds/fluent-bit_libfuzzer_asan/custom/flb-it-fuzz-config_random_fuzzer_OSSFUZZ+0x5561dd)\n    #1 0xe43772  (/clusterfuzz/run_bot/clusterfuzz/bot/builds/fluent-bit_libfuzzer_asan/custom/flb-it-fuzz-config_random_fuzzer_OSSFUZZ+0xe43772)\n    #2 0xe432ff  (/clusterfuzz/run_bot/clusterfuzz/bot/builds/fluent-bit_libfuzzer_asan/custom/flb-it-fuzz-config_random_fuzzer_OSSFUZZ+0xe432ff)\n    #3 0x5aa12c  (/clusterfuzz/run_bot/clusterfuzz/bot/builds/fluent-bit_libfuzzer_asan/custom/flb-it-fuzz-config_random_fuzzer_OSSFUZZ+0x5aa12c)\n    #4 0x58d06a  (/clusterfuzz/run_bot/clusterfuzz/bot/builds/fluent-bit_libfuzzer_asan/custom/flb-it-fuzz-config_random_fuzzer_OSSFUZZ+0x58d06a)\n    #5 0x487013  (/clusterfuzz/run_bot/clusterfuzz/bot/builds/fluent-bit_libfuzzer_asan/custom/flb-it-fuzz-config_random_fuzzer_OSSFUZZ+0x487013)\n    #6 0x472922  (/clusterfuzz/run_bot/clusterfuzz/bot/builds/fluent-bit_libfuzzer_asan/custom/flb-it-fuzz-config_random_fuzzer_OSSFUZZ+0x472922)\n    #7 0x4783ea  (/clusterfuzz/run_bot/clusterfuzz/bot/builds/fluent-bit_libfuzzer_asan/custom/flb-it-fuzz-config_random_fuzzer_OSSFUZZ+0x4783ea)\n    #8 0x4a1312  (/clusterfuzz/run_bot/clusterfuzz/bot/builds/fluent-bit_libfuzzer_asan/custom/flb-it-fuzz-config_random_fuzzer_OSSFUZZ+0x4a1312)\n    #9 0x7f496f8870b2  (/lib/x86_64-linux-gnu/libc.so.6+0x270b2)\n\nDirect leak of 4 byte(s) in 1 object(s) allocated from:\n    #0 0x5561dd  (/clusterfuzz/run_bot/clusterfuzz/bot/builds/fluent-bit_libfuzzer_asan/custom/flb-it-fuzz-config_random_fuzzer_OSSFUZZ+0x5561dd)\n    #1 0xe469bb  (/clusterfuzz/run_bot/clusterfuzz/bot/builds/fluent-bit_libfuzzer_asan/custom/flb-it-fuzz-config_random_fuzzer_OSSFUZZ+0xe469bb)\n    #2 0xe43d9a  (/clusterfuzz/run_bot/clusterfuzz/bot/builds/fluent-bit_libfuzzer_asan/custom/flb-it-fuzz-config_random_fuzzer_OSSFUZZ+0xe43d9a)\n    #3 0xe432ff  (/clusterfuzz/run_bot/clusterfuzz/bot/builds/fluent-bit_libfuzzer_asan/custom/flb-it-fuzz-config_random_fuzzer_OSSFUZZ+0xe432ff)\n    #4 0x5aa12c  (/clusterfuzz/run_bot/clusterfuzz/bot/builds/fluent-bit_libfuzzer_asan/custom/flb-it-fuzz-config_random_fuzzer_OSSFUZZ+0x5aa12c)\n    #5 0x58d06a  (/clusterfuzz/run_bot/clusterfuzz/bot/builds/fluent-bit_libfuzzer_asan/custom/flb-it-fuzz-config_random_fuzzer_OSSFUZZ+0x58d06a)\n    #6 0x487013  (/clusterfuzz/run_bot/clusterfuzz/bot/builds/fluent-bit_libfuzzer_asan/custom/flb-it-fuzz-config_random_fuzzer_OSSFUZZ+0x487013)\n    #7 0x472922  (/clusterfuzz/run_bot/clusterfuzz/bot/builds/fluent-bit_libfuzzer_asan/custom/flb-it-fuzz-config_random_fuzzer_OSSFUZZ+0x472922)\n    #8 0x4783ea  (/clusterfuzz/run_bot/clusterfuzz/bot/builds/fluent-bit_libfuzzer_asan/custom/flb-it-fuzz-config_random_fuzzer_OSSFUZZ+0x4783ea)\n    #9 0x4a1312  (/clusterfuzz/run_bot/clusterfuzz/bot/builds/fluent-bit_libfuzzer_asan/custom/flb-it-fuzz-config_random_fuzzer_OSSFUZZ+0x4a1312)\n    #10 0x7f496f8870b2  (/lib/x86_64-linux-gnu/libc.so.6+0x270b2)\n", "crash_state": "mk_rconf_read\nmk_rconf_open\nflb_parser_conf_file\n", "crash_type": "Direct-leak", "disable_ubsan": false, "duplicate_of": null, "fixed": "", "flaky_stack": false, "fuzzed_keys": "74281a28-15ee-4131-a9b1-a13f404cd7c1", "fuzzer_name": "libFuzzer", "fuzzer_name_indices": ["libFuzzer", "libFuzzer_flb-it-fuzz-config_random_fuzzer_OSSFUZZ"], "gestures": [], "group_bug_information": 0, "group_id": 0, "has_bug_flag": false, "http_flag": false, "impact_beta_version": null, "impact_beta_version_indices": [], "impact_beta_version_likely": null, "impact_extended_stable_version": null, "impact_extended_stable_version_indices": [], "impact_extended_stable_version_likely": null, "impact_head_version": null, "impact_head_version_indices": [], "impact_head_version_likely": null, "impact_indices": [], "impact_stable_version": null, "impact_stable_version_indices": [], "impact_stable_version_likely": null, "impact_version_indices": [], "is_a_duplicate_flag": false, "is_impact_set_flag": null, "is_leader": true, "job_type": "fluent-bit_libfuzzer_asan", "keywords": ["libfuzzer_flb-it-fuzz-config_random_fuzzer_ossfuzz", "fuzz", "fuzz-config_random", "rconf_read", "fluent-bit_libfuzzer", "flb-it", "linux", "flb-it-fuzz-config_random_fuzzer", "libfuzzer_flb-it-fuzz-config", "conf", "it-fuzz-config_random_fuzzer_ossfuzz", "libfuzzer_flb-it-fuzz", "leak", "fuzzer_flb-it-fuzz-config_random_fuzzer", "it-fuzz-config_random_fuzzer", "mk_rconf_read", "fuzzer_flb-it-fuzz-config_random", "config_random_fuzzer_ossfuzz", "bit_libfuzzer", "open", "libfuzzer_flb-it", "it-fuzz", "it-fuzz-config", "parser_conf_file", "flb-it-fuzz-config", "bit", "read", "fluent-bit", "mk_rconf", "flb_parser_conf", "it-fuzz-config_random", "libfuzzer_flb", "fuzz-config", "conf_file", "flb-it-fuzz", "lib", "mk", "parser", "fuzzer", "config_random", "rconf_open", "fuzzer_flb", "random", "libfuzzer_asan", "libfuzzer_flb-it-fuzz-config_random", "fuzz-config_random_fuzzer", "fuzzer_flb-it", "fuzzer_flb-it-fuzz-config", "mk_rconf_open", "libfuzzer", "fuzzer_ossfuzz", "ossfuzz", "direct-leak", "fuzz-config_random_fuzzer_ossfuzz", "flb-it-fuzz-config_random", "random_fuzzer", "it", "bit_libfuzzer_asan", "libfuzzer_flb-it-fuzz-config_random_fuzzer", "fuzzer_flb-it-fuzz-config_random_fuzzer_ossfuzz", "config_random_fuzzer", "random_fuzzer_ossfuzz", "direct", "rconf", "flb", "flb_parser_conf_file", "asan", "fluent-bit_libfuzzer_asan", "flb_parser", "fuzzer_flb-it-fuzz", "config", "file", "fluent", "flb-it-fuzz-config_random_fuzzer_ossfuzz", "parser_conf"], "last_tested_crash_stacktrace": "[Environment] ASAN_OPTIONS=exitcode=77\n+----------------------------------------Release Build Stacktrace----------------------------------------+\nCommand: /clusterfuzz/run_bot/clusterfuzz/bot/builds/fluent-bit_libfuzzer_asan/custom/flb-it-fuzz-config_random_fuzzer_OSSFUZZ -rss_limit_mb=2560 -timeout=60 -runs=100 /clusterfuzz/run_bot/clusterfuzz/bot/inputs/fuzzer-testcases/leak-711011cdac696fc29e0da3a3cddb2e4361c9f2b2\nTime ran: 0.04221653938293457\n\nINFO: Running with entropic power schedule (0xFF, 100).\nINFO: Seed: 1889124959\nINFO: Loaded 1 modules   (86898 inline 8-bit counters): 86898 [0x10caff0, 0x10e0362),\nINFO: Loaded 1 PC tables (86898 PCs): 86898 [0x10e0368,0x1233a88),\n/clusterfuzz/run_bot/clusterfuzz/bot/builds/fluent-bit_libfuzzer_asan/custom/flb-it-fuzz-config_random_fuzzer_OSSFUZZ: Running 1 inputs 100 time(s) each.\nRunning: /clusterfuzz/run_bot/clusterfuzz/bot/inputs/fuzzer-testcases/leak-711011cdac696fc29e0da3a3cddb2e4361c9f2b2\n[2021/11/30 00:14:24] [  Error] File /tmp/libfuzzer.13846\n[2021/11/30 00:14:24] [  Error] Error in line 1: Each key must have a value\n[2021/11/30 00:14:24] [  Error] File /tmp/libfuzzer.13846\n[2021/11/30 00:14:24] [  Error] Error in line 1: Each key must have a value\n\n=================================================================\n==13846==ERROR: LeakSanitizer: detected memory leaks\n\nDirect leak of 4096 byte(s) in 1 object(s) allocated from:\n    #0 0x5561dd in malloc /src/llvm-project/compiler-rt/lib/asan/asan_malloc_linux.cpp:129:3\n    #1 0xe43772 in mk_mem_alloc /src/fluent-bit/lib/monkey/include/monkey/mk_core/mk_memory.h:53:17\n    #2 0xe43772 in mk_rconf_read /src/fluent-bit/lib/monkey/mk_core/mk_rconf.c:251:11\n    #3 0xe432ff in mk_rconf_open /src/fluent-bit/lib/monkey/mk_core/mk_rconf.c:633:11\n    #4 0x5aa12c in flb_parser_conf_file /src/fluent-bit/src/flb_parser.c:842:13\n    #5 0x58d06a in LLVMFuzzerTestOneInput /src/fluent-bit/tests/internal/fuzzers/config_random_fuzzer.c:45:5\n    #6 0x487013 in fuzzer::Fuzzer::ExecuteCallback(unsigned char const*, unsigned long) cxa_noexception.cpp:0\n    #7 0x472922 in fuzzer::RunOneTest(fuzzer::Fuzzer*, char const*, unsigned long) /src/llvm-project/compiler-rt/lib/fuzzer/FuzzerDriver.cpp:324:6\n    #8 0x4783ea in fuzzer::FuzzerDriver(int*, char***, int (*)(unsigned char const*, unsigned long)) cxa_noexception.cpp:0\n    #9 0x4a1312 in main /src/llvm-project/compiler-rt/lib/fuzzer/FuzzerMain.cpp:20:10\n    #10 0x7f043c6f50b2 in __libc_start_main\n\nDirect leak of 4 byte(s) in 1 object(s) allocated from:\n    #0 0x5561dd in malloc /src/llvm-project/compiler-rt/lib/asan/asan_malloc_linux.cpp:129:3\n    #1 0xe469bb in mk_mem_alloc /src/fluent-bit/lib/monkey/include/monkey/mk_core/mk_memory.h:53:17\n    #2 0xe469bb in mk_string_copy_substr /src/fluent-bit/lib/monkey/mk_core/mk_string.c:596:14\n    #3 0xe43d9a in mk_rconf_read /src/fluent-bit/lib/monkey/mk_core/mk_rconf.c:355:22\n    #4 0xe432ff in mk_rconf_open /src/fluent-bit/lib/monkey/mk_core/mk_rconf.c:633:11\n    #5 0x5aa12c in flb_parser_conf_file /src/fluent-bit/src/flb_parser.c:842:13\n    #6 0x58d06a in LLVMFuzzerTestOneInput /src/fluent-bit/tests/internal/fuzzers/config_random_fuzzer.c:45:5\n    #7 0x487013 in fuzzer::Fuzzer::ExecuteCallback(unsigned char const*, unsigned long) cxa_noexception.cpp:0\n    #8 0x472922 in fuzzer::RunOneTest(fuzzer::Fuzzer*, char const*, unsigned long) /src/llvm-project/compiler-rt/lib/fuzzer/FuzzerDriver.cpp:324:6\n    #9 0x4783ea in fuzzer::FuzzerDriver(int*, char***, int (*)(unsigned char const*, unsigned long)) cxa_noexception.cpp:0\n    #10 0x4a1312 in main /src/llvm-project/compiler-rt/lib/fuzzer/FuzzerMain.cpp:20:10\n    #11 0x7f043c6f50b2 in __libc_start_main\n\nSUMMARY: AddressSanitizer: 4100 byte(s) leaked in 2 allocation(s).\n\nINFO: a leak has been found in the initial corpus.\n\nINFO: to ignore leaks on libFuzzer side use -detect_leaks=0.\n\n\n\n+----------------------------------------Release Build Unsymbolized Stacktrace (diff)----------------------------------------+\n\n\nDirect leak of 4096 byte(s) in 1 object(s) allocated from:\n    #0 0x5561dd  (/clusterfuzz/run_bot/clusterfuzz/bot/builds/fluent-bit_libfuzzer_asan/custom/flb-it-fuzz-config_random_fuzzer_OSSFUZZ+0x5561dd)\n    #1 0xe43772  (/clusterfuzz/run_bot/clusterfuzz/bot/builds/fluent-bit_libfuzzer_asan/custom/flb-it-fuzz-config_random_fuzzer_OSSFUZZ+0xe43772)\n    #2 0xe432ff  (/clusterfuzz/run_bot/clusterfuzz/bot/builds/fluent-bit_libfuzzer_asan/custom/flb-it-fuzz-config_random_fuzzer_OSSFUZZ+0xe432ff)\n    #3 0x5aa12c  (/clusterfuzz/run_bot/clusterfuzz/bot/builds/fluent-bit_libfuzzer_asan/custom/flb-it-fuzz-config_random_fuzzer_OSSFUZZ+0x5aa12c)\n    #4 0x58d06a  (/clusterfuzz/run_bot/clusterfuzz/bot/builds/fluent-bit_libfuzzer_asan/custom/flb-it-fuzz-config_random_fuzzer_OSSFUZZ+0x58d06a)\n    #5 0x487013  (/clusterfuzz/run_bot/clusterfuzz/bot/builds/fluent-bit_libfuzzer_asan/custom/flb-it-fuzz-config_random_fuzzer_OSSFUZZ+0x487013)\n    #6 0x472922  (/clusterfuzz/run_bot/clusterfuzz/bot/builds/fluent-bit_libfuzzer_asan/custom/flb-it-fuzz-config_random_fuzzer_OSSFUZZ+0x472922)\n    #7 0x4783ea  (/clusterfuzz/run_bot/clusterfuzz/bot/builds/fluent-bit_libfuzzer_asan/custom/flb-it-fuzz-config_random_fuzzer_OSSFUZZ+0x4783ea)\n    #8 0x4a1312  (/clusterfuzz/run_bot/clusterfuzz/bot/builds/fluent-bit_libfuzzer_asan/custom/flb-it-fuzz-config_random_fuzzer_OSSFUZZ+0x4a1312)\n    #9 0x7f043c6f50b2  (/lib/x86_64-linux-gnu/libc.so.6+0x270b2)\n\nDirect leak of 4 byte(s) in 1 object(s) allocated from:\n    #0 0x5561dd  (/clusterfuzz/run_bot/clusterfuzz/bot/builds/fluent-bit_libfuzzer_asan/custom/flb-it-fuzz-config_random_fuzzer_OSSFUZZ+0x5561dd)\n    #1 0xe469bb  (/clusterfuzz/run_bot/clusterfuzz/bot/builds/fluent-bit_libfuzzer_asan/custom/flb-it-fuzz-config_random_fuzzer_OSSFUZZ+0xe469bb)\n    #2 0xe43d9a  (/clusterfuzz/run_bot/clusterfuzz/bot/builds/fluent-bit_libfuzzer_asan/custom/flb-it-fuzz-config_random_fuzzer_OSSFUZZ+0xe43d9a)\n    #3 0xe432ff  (/clusterfuzz/run_bot/clusterfuzz/bot/builds/fluent-bit_libfuzzer_asan/custom/flb-it-fuzz-config_random_fuzzer_OSSFUZZ+0xe432ff)\n    #4 0x5aa12c  (/clusterfuzz/run_bot/clusterfuzz/bot/builds/fluent-bit_libfuzzer_asan/custom/flb-it-fuzz-config_random_fuzzer_OSSFUZZ+0x5aa12c)\n    #5 0x58d06a  (/clusterfuzz/run_bot/clusterfuzz/bot/builds/fluent-bit_libfuzzer_asan/custom/flb-it-fuzz-config_random_fuzzer_OSSFUZZ+0x58d06a)\n    #6 0x487013  (/clusterfuzz/run_bot/clusterfuzz/bot/builds/fluent-bit_libfuzzer_asan/custom/flb-it-fuzz-config_random_fuzzer_OSSFUZZ+0x487013)\n    #7 0x472922  (/clusterfuzz/run_bot/clusterfuzz/bot/builds/fluent-bit_libfuzzer_asan/custom/flb-it-fuzz-config_random_fuzzer_OSSFUZZ+0x472922)\n    #8 0x4783ea  (/clusterfuzz/run_bot/clusterfuzz/bot/builds/fluent-bit_libfuzzer_asan/custom/flb-it-fuzz-config_random_fuzzer_OSSFUZZ+0x4783ea)\n    #9 0x4a1312  (/clusterfuzz/run_bot/clusterfuzz/bot/builds/fluent-bit_libfuzzer_asan/custom/flb-it-fuzz-config_random_fuzzer_OSSFUZZ+0x4a1312)\n    #10 0x7f043c6f50b2  (/lib/x86_64-linux-gnu/libc.so.6+0x270b2)\n", "minidump_keys": "", "minimized_arguments": "-rss_limit_mb=2560 -timeout=60", "minimized_keys": "74281a28-15ee-4131-a9b1-a13f404cd7c1", "one_time_crasher_flag": false, "open": true, "overridden_fuzzer_name": "libFuzzer_flb-it-fuzz-config_random_fuzzer_OSSFUZZ", "platform": "linux", "platform_id": "linux", "project_name": "test-project", "queue": "jobs-linux", "redzone": 256, "regression": "NA", "security_flag": false, "security_severity": null, "status": "Processed", "symbolized": false, "timeout_multiplier": 1.0, "timestamp": 1638168298, "triaged": false, "uploader_email": null, "window_argument": "", "id": 22251}, "timestamp": 1638168298.591786, "show_blame": false, "show_impact": false, "impacts_production": false, "find_similar_issues_options": [{"type": "open", "label": "Open"}, {"type": "all", "label": "All"}], "auto_delete_timestamp": null, "auto_close_timestamp": null, "memory_tool_display_label": "Sanitizer", "memory_tool_display_value": "address (ASAN)", "last_tested": "1:1 (No component revisions found!)", "is_admin_or_not_oss_fuzz": true, "has_issue_tracker": false, "reproduction_help_url": "", "is_local_development": true, "fuzzer_display": {"engine": "libFuzzer", "target": "flb-it-fuzz-config_random_fuzzer_OSSFUZZ", "name": "libFuzzer", "fully_qualified_name": "libFuzzer_flb-it-fuzz-config_random_fuzzer_OSSFUZZ"}}