{"id": 22255, "crash_type": "Heap-buffer-overflow READ 1", "crash_address": "0x60300000b574", "crash_state": "string_decoder_getc_utf_8\ntext_decoder_getc\nGetC\n", "crash_state_lines": ["string_decoder_getc_utf_8", "text_decoder_getc", "GetC"], "crash_revision": 1, "csrf_token": "D6S+cXG/eQvjQp1jhkN2Yfq5FoCaAiuUjD0oLthouNSAPb8xaAgWvNikB3AHnFnrgfWQIz/OKB4owWUbxHHo3A==", "external_user": false, "footer": "[2021-11-29 06:47:26 UTC] snode2-20211128-16:46: Fuzz task : Fuzzer afl_ssml-fuzzer generated testcase crashed in 13 seconds (r1).\n[2021-11-29 06:50:21 UTC] snode5-20211128-16:38: Minimize task started.\n[2021-11-29 06:51:42 UTC] snode5-20211128-16:38: Minimize task errored out: Engine does not support minimization.\n[2021-11-30 00:10:26 UTC] snode5-20211129-17:27: Progression task started.\n[2021-11-30 00:11:45 UTC] snode5-20211129-17:27: Progression task finished: still crashes on latest custom build.\n", "formatted_reproduction_help": "", "fixed": "NO", "fixed_full": null, "issue_url": null, "is_admin": true, "metadata": {"build_key": "b6b49e17-d15a-419f-a5f8-c0ffd5c36ac6", "fuzzer_binary_name": "ssml-fuzzer", "fuzzing_strategies": {"corpus_subset": 75}, "last_tested_crash_revision": null, "last_tested_crash_time": 1638231105, "last_tested_revision": null}, "minimized_testcase_size": "3 B", "needs_refresh": false, "original_testcase_size": "3 B", "privileged_user": true, "regression": "NA", "crash_stacktrace": {"lines": [{"lineNumber": 1, "content": "[Environment] ASAN_OPTIONS=abort_on_error=1:alloc_dealloc_mismatch=0:allocator_may_return_null=1:allocator_release_to_os_interval_ms=500:allow_user_segv_handler=0:check_malloc_usable_size=0:detect_leaks=1:detect_odr_violation=0:detect_stack_use_after_return=1:fast_unwind_on_fatal=0:handle_abort=2:handle_segv=2:handle_sigbus=2:handle_sigfpe=2:handle_sigill=2:max_uar_stack_size_log=16:print_scariness=1:print_summary=1:print_suppressions=0:quarantine_size_mb=64:redzone=32:strict_memcmp=1:symbolize=0:use_sigaltstack=1", "important": false, "type": "Line"}, {"lineNumber": 2, "content": "+----------------------------------------Release Build Stacktrace----------------------------------------+", "important": false, "type": "Line"}, {"lineNumber": 3, "content": "=================================================================", "important": false, "type": "Line"}, {"lineNumber": 4, "content": "==110536==ERROR: AddressSanitizer: heap-buffer-overflow on address 0x60300000b574 at pc 0x000000598d11 bp 0x7fff86106ea0 sp 0x7fff86106e98", "important": false, "type": "Line"}, {"lineNumber": 5, "content": "READ of size 1 at 0x60300000b574 thread T0", "important": false, "type": "Line"}, {"lineNumber": 6, "content": "SCARINESS: 12 (1-byte-read-heap-buffer-overflow)", "important": false, "type": "Line"}, {"lineNumber": 7, "content": "    #0 0x598d10 in string_decoder_getc_utf_8 /src/espeak-ng/src/libespeak-ng/encoding.c:539:15", "important": true, "type": "Line"}, {"lineNumber": 8, "content": "    #1 0x59814a in text_decoder_getc /src/espeak-ng/src/libespeak-ng/encoding.c:769:9", "important": true, "type": "Line"}, {"lineNumber": 9, "content": "    #2 0x5bb51c in GetC /src/espeak-ng/src/libespeak-ng/readclause.c:175:9", "important": true, "type": "Line"}, {"lineNumber": 10, "content": "    #3 0x5b53fc in ReadClause /src/espeak-ng/src/libespeak-ng/readclause.c:677:10", "important": false, "type": "Line"}, {"lineNumber": 11, "content": "    #4 0x50512b in TranslateClause /src/espeak-ng/src/libespeak-ng/translate.c:1978:15", "important": false, "type": "Line"}, {"lineNumber": 12, "content": "    #5 0x4f598f in SpeakNextClause /src/espeak-ng/src/libespeak-ng/synthesize.c:1569:2", "important": false, "type": "Line"}, {"lineNumber": 13, "content": "    #6 0x4db895 in Synthesize /src/espeak-ng/src/libespeak-ng/speech.c:457:2", "important": false, "type": "Line"}, {"lineNumber": 14, "content": "    #7 0x4db4e2 in sync_espeak_Synth /src/espeak-ng/src/libespeak-ng/speech.c:570:29", "important": false, "type": "Line"}, {"lineNumber": 15, "content": "    #8 0x4dc6d9 in espeak_ng_Synthesize /src/espeak-ng/src/libespeak-ng/speech.c:678:10", "important": false, "type": "Line"}, {"lineNumber": 16, "content": "    #9 0x4d9683 in espeak_Synth /src/espeak-ng/src/libespeak-ng/espeak_api.c:90:32", "important": false, "type": "Line"}, {"lineNumber": 17, "content": "    #10 0x4d9238 in LLVMFuzzerTestOneInput /src/espeak-ng/tests/ssml-fuzzer.c:67:8", "important": false, "type": "Line"}, {"lineNumber": 18, "content": "    #11 0x4d8f3f in main /src/aflplusplus/utils/aflpp_driver/aflpp_driver.c:303:7", "important": false, "type": "Line"}, {"lineNumber": 19, "content": "    #12 0x7ffab43690b2 in __libc_start_main", "important": false, "type": "Line"}, {"lineNumber": 20, "content": "    #13 0x41e60d in _start", "important": false, "type": "Line"}, {"lineNumber": 21, "content": "", "important": false, "type": "Line"}, {"lineNumber": 22, "content": "0x60300000b574 is located 0 bytes to the right of 4-byte region [0x60300000b570,0x60300000b574)", "important": false, "type": "Line"}, {"lineNumber": 23, "content": "allocated by thread T0 here:", "important": false, "type": "Line"}, {"lineNumber": 24, "content": "    #0 0x49f86a in __interceptor_malloc /src/llvm-project/compiler-rt/lib/asan/asan_malloc_linux.cpp:129:3", "important": false, "type": "Line"}, {"lineNumber": 25, "content": "", "important": false, "type": "Line"}, {"lineNumber": 26, "content": "SUMMARY: AddressSanitizer: heap-buffer-overflow (/clusterfuzz/run_bot/clusterfuzz/bot/builds/espeak-ng_afl_asan/custom/ssml-fuzzer+0x598d10)", "important": false, "type": "Line"}, {"lineNumber": 27, "content": "Shadow bytes around the buggy address:", "important": false, "type": "Line"}, {"lineNumber": 28, "content": "  0x0c067fff9650: fa fa fa fa fd fa fa fa fa fa fd fa fa fa fa fa", "important": false, "type": "Line"}, {"lineNumber": 29, "content": "  0x0c067fff9660: fd fa fa fa fa fa fd fa fa fa fa fa fd fa fa fa", "important": false, "type": "Line"}, {"lineNumber": 30, "content": "  0x0c067fff9670: fa fa fd fa fa fa fa fa fd fa fa fa fa fa fd fa", "important": false, "type": "Line"}, {"lineNumber": 31, "content": "  0x0c067fff9680: fa fa fa fa fd fa fa fa fa fa fd fa fa fa fa fa", "important": false, "type": "Line"}, {"lineNumber": 32, "content": "  0x0c067fff9690: fd fa fa fa fa fa fd fa fa fa fa fa fd fa fa fa", "important": false, "type": "Line"}, {"lineNumber": 33, "content": "=&gt;0x0c067fff96a0: fa fa fd fa fa fa fa fa fd fd fa fa fa fa[04]fa", "important": false, "type": "Line"}, {"lineNumber": 34, "content": "  0x0c067fff96b0: fa fa fa fa fa fa fa fa fa fa fa fa fa fa fa fa", "important": false, "type": "Line"}, {"lineNumber": 35, "content": "  0x0c067fff96c0: fa fa fa fa fa fa fa fa fa fa fa fa fa fa fa fa", "important": false, "type": "Line"}, {"lineNumber": 36, "content": "  0x0c067fff96d0: fa fa fa fa fa fa fa fa fa fa fa fa fa fa fa fa", "important": false, "type": "Line"}, {"lineNumber": 37, "content": "  0x0c067fff96e0: fa fa fa fa fa fa fa fa fa fa fa fa fa fa fa fa", "important": false, "type": "Line"}, {"lineNumber": 38, "content": "  0x0c067fff96f0: fa fa fa fa fa fa fa fa fa fa fa fa fa fa fa fa", "important": false, "type": "Line"}, {"lineNumber": 39, "content": "Shadow byte legend (one shadow byte represents 8 application bytes):", "important": false, "type": "Line"}, {"lineNumber": 40, "content": "  Addressable:           00", "important": false, "type": "Line"}, {"lineNumber": 41, "content": "  Partially addressable: 01 02 03 04 05 06 07", "important": false, "type": "Line"}, {"lineNumber": 42, "content": "  Heap left redzone:       fa", "important": false, "type": "Line"}, {"lineNumber": 43, "content": "  Freed heap region:       fd", "important": false, "type": "Line"}, {"lineNumber": 44, "content": "  Stack left redzone:      f1", "important": false, "type": "Line"}, {"lineNumber": 45, "content": "  Stack mid redzone:       f2", "important": false, "type": "Line"}, {"lineNumber": 46, "content": "  Stack right redzone:     f3", "important": false, "type": "Line"}, {"lineNumber": 47, "content": "  Stack after return:      f5", "important": false, "type": "Line"}, {"lineNumber": 48, "content": "  Stack use after scope:   f8", "important": false, "type": "Line"}, {"lineNumber": 49, "content": "  Global redzone:          f9", "important": false, "type": "Line"}, {"lineNumber": 50, "content": "  Global init order:       f6", "important": false, "type": "Line"}, {"lineNumber": 51, "content": "  Poisoned by user:        f7", "important": false, "type": "Line"}, {"lineNumber": 52, "content": "  Container overflow:      fc", "important": false, "type": "Line"}, {"lineNumber": 53, "content": "  Array cookie:            ac", "important": false, "type": "Line"}, {"lineNumber": 54, "content": "  Intra object redzone:    bb", "important": false, "type": "Line"}, {"lineNumber": 55, "content": "  ASan internal:           fe", "important": false, "type": "Line"}, {"lineNumber": 56, "content": "  Left alloca redzone:     ca", "important": false, "type": "Line"}, {"lineNumber": 57, "content": "  Right alloca redzone:    cb", "important": false, "type": "Line"}, {"lineNumber": 58, "content": "==110536==ABORTING", "important": false, "type": "Line"}, {"lineNumber": 59, "content": "", "important": false, "type": "Line"}, {"lineNumber": 60, "content": "", "important": false, "type": "Line"}, {"lineNumber": 61, "content": "+----------------------------------------Release Build Unsymbolized Stacktrace (diff)----------------------------------------+", "important": false, "type": "Line"}, {"lineNumber": 62, "content": "", "important": false, "type": "Line"}, {"lineNumber": 63, "content": "READ of size 1 at 0x60300000b574 thread T0", "important": false, "type": "Line"}, {"lineNumber": 64, "content": "SCARINESS: 12 (1-byte-read-heap-buffer-overflow)", "important": false, "type": "Line"}, {"lineNumber": 65, "content": "    #0 0x598d10  (/clusterfuzz/run_bot/clusterfuzz/bot/builds/espeak-ng_afl_asan/custom/ssml-fuzzer+0x598d10)", "important": false, "type": "Line"}, {"lineNumber": 66, "content": "    #1 0x59814a  (/clusterfuzz/run_bot/clusterfuzz/bot/builds/espeak-ng_afl_asan/custom/ssml-fuzzer+0x59814a)", "important": false, "type": "Line"}, {"lineNumber": 67, "content": "    #2 0x5bb51c  (/clusterfuzz/run_bot/clusterfuzz/bot/builds/espeak-ng_afl_asan/custom/ssml-fuzzer+0x5bb51c)", "important": false, "type": "Line"}, {"lineNumber": 68, "content": "    #3 0x5b53fc  (/clusterfuzz/run_bot/clusterfuzz/bot/builds/espeak-ng_afl_asan/custom/ssml-fuzzer+0x5b53fc)", "important": false, "type": "Line"}, {"lineNumber": 69, "content": "    #4 0x50512b  (/clusterfuzz/run_bot/clusterfuzz/bot/builds/espeak-ng_afl_asan/custom/ssml-fuzzer+0x50512b)", "important": false, "type": "Line"}, {"lineNumber": 70, "content": "    #5 0x4f598f  (/clusterfuzz/run_bot/clusterfuzz/bot/builds/espeak-ng_afl_asan/custom/ssml-fuzzer+0x4f598f)", "important": false, "type": "Line"}, {"lineNumber": 71, "content": "    #6 0x4db895  (/clusterfuzz/run_bot/clusterfuzz/bot/builds/espeak-ng_afl_asan/custom/ssml-fuzzer+0x4db895)", "important": false, "type": "Line"}, {"lineNumber": 72, "content": "    #7 0x4db4e2  (/clusterfuzz/run_bot/clusterfuzz/bot/builds/espeak-ng_afl_asan/custom/ssml-fuzzer+0x4db4e2)", "important": false, "type": "Line"}, {"lineNumber": 73, "content": "    #8 0x4dc6d9  (/clusterfuzz/run_bot/clusterfuzz/bot/builds/espeak-ng_afl_asan/custom/ssml-fuzzer+0x4dc6d9)", "important": false, "type": "Line"}, {"lineNumber": 74, "content": "    #9 0x4d9683  (/clusterfuzz/run_bot/clusterfuzz/bot/builds/espeak-ng_afl_asan/custom/ssml-fuzzer+0x4d9683)", "important": false, "type": "Line"}, {"lineNumber": 75, "content": "    #10 0x4d9238  (/clusterfuzz/run_bot/clusterfuzz/bot/builds/espeak-ng_afl_asan/custom/ssml-fuzzer+0x4d9238)", "important": false, "type": "Line"}, {"lineNumber": 76, "content": "    #11 0x4d8f3f  (/clusterfuzz/run_bot/clusterfuzz/bot/builds/espeak-ng_afl_asan/custom/ssml-fuzzer+0x4d8f3f)", "important": false, "type": "Line"}, {"lineNumber": 77, "content": "    #12 0x7ffab43690b2  (/lib/x86_64-linux-gnu/libc.so.6+0x270b2)", "important": false, "type": "Line"}, {"lineNumber": 78, "content": "    #13 0x41e60d  (/clusterfuzz/run_bot/clusterfuzz/bot/builds/espeak-ng_afl_asan/custom/ssml-fuzzer+0x41e60d)", "important": false, "type": "Line"}, {"lineNumber": 79, "content": "", "important": false, "type": "Line"}, {"lineNumber": 80, "content": "0x60300000b574 is located 0 bytes to the right of 4-byte region [0x60300000b570,0x60300000b574)", "important": false, "type": "Line"}, {"lineNumber": 81, "content": "allocated by thread T0 here:", "important": false, "type": "Line"}, {"lineNumber": 82, "content": "    #0 0x49f86a  (/clusterfuzz/run_bot/clusterfuzz/bot/builds/espeak-ng_afl_asan/custom/ssml-fuzzer+0x49f86a)", "important": false, "type": "Line"}], "revision": "1"}, "last_tested_crash_stacktrace": {"lines": [{"lineNumber": 1, "content": "[Environment] ASAN_OPTIONS=abort_on_error=1:alloc_dealloc_mismatch=0:allocator_may_return_null=1:allocator_release_to_os_interval_ms=500:allow_user_segv_handler=0:check_malloc_usable_size=0:detect_leaks=1:detect_odr_violation=0:detect_stack_use_after_return=1:fast_unwind_on_fatal=0:handle_abort=2:handle_segv=2:handle_sigbus=2:handle_sigfpe=2:handle_sigill=2:max_uar_stack_size_log=16:print_scariness=1:print_summary=1:print_suppressions=0:quarantine_size_mb=64:redzone=32:strict_memcmp=1:symbolize=0:use_sigaltstack=1", "important": false, "type": "Line"}, {"lineNumber": 2, "content": "+----------------------------------------Release Build Stacktrace----------------------------------------+", "important": false, "type": "Line"}, {"lineNumber": 3, "content": "Command: /clusterfuzz/run_bot/clusterfuzz/bot/builds/espeak-ng_afl_asan/custom/ssml-fuzzer /clusterfuzz/run_bot/clusterfuzz/bot/inputs/fuzzer-testcases/crash", "important": false, "type": "Line"}, {"lineNumber": 4, "content": "Time ran: 0.042031049728393555", "important": false, "type": "Line"}, {"lineNumber": 5, "content": "", "important": false, "type": "Line"}, {"lineNumber": 6, "content": "=================================================================", "important": false, "type": "Line"}, {"lineNumber": 7, "content": "==2794==ERROR: AddressSanitizer: heap-buffer-overflow on address 0x6030000000e4 at pc 0x000000598d11 bp 0x7fff53725220 sp 0x7fff53725218", "important": false, "type": "Line"}, {"lineNumber": 8, "content": "READ of size 1 at 0x6030000000e4 thread T0", "important": false, "type": "Line"}, {"lineNumber": 9, "content": "SCARINESS: 12 (1-byte-read-heap-buffer-overflow)", "important": false, "type": "Line"}, {"lineNumber": 10, "content": "    #0 0x598d10 in string_decoder_getc_utf_8 /src/espeak-ng/src/libespeak-ng/encoding.c:539:15", "important": true, "type": "Line"}, {"lineNumber": 11, "content": "    #1 0x59814a in text_decoder_getc /src/espeak-ng/src/libespeak-ng/encoding.c:769:9", "important": true, "type": "Line"}, {"lineNumber": 12, "content": "    #2 0x5bb51c in GetC /src/espeak-ng/src/libespeak-ng/readclause.c:175:9", "important": true, "type": "Line"}, {"lineNumber": 13, "content": "    #3 0x5b53fc in ReadClause /src/espeak-ng/src/libespeak-ng/readclause.c:677:10", "important": false, "type": "Line"}, {"lineNumber": 14, "content": "    #4 0x50512b in TranslateClause /src/espeak-ng/src/libespeak-ng/translate.c:1978:15", "important": false, "type": "Line"}, {"lineNumber": 15, "content": "    #5 0x4f598f in SpeakNextClause /src/espeak-ng/src/libespeak-ng/synthesize.c:1569:2", "important": false, "type": "Line"}, {"lineNumber": 16, "content": "    #6 0x4db895 in Synthesize /src/espeak-ng/src/libespeak-ng/speech.c:457:2", "important": false, "type": "Line"}, {"lineNumber": 17, "content": "    #7 0x4db4e2 in sync_espeak_Synth /src/espeak-ng/src/libespeak-ng/speech.c:570:29", "important": false, "type": "Line"}, {"lineNumber": 18, "content": "    #8 0x4dc6d9 in espeak_ng_Synthesize /src/espeak-ng/src/libespeak-ng/speech.c:678:10", "important": false, "type": "Line"}, {"lineNumber": 19, "content": "    #9 0x4d9683 in espeak_Synth /src/espeak-ng/src/libespeak-ng/espeak_api.c:90:32", "important": false, "type": "Line"}, {"lineNumber": 20, "content": "    #10 0x4d9238 in LLVMFuzzerTestOneInput /src/espeak-ng/tests/ssml-fuzzer.c:67:8", "important": false, "type": "Line"}, {"lineNumber": 21, "content": "    #11 0x4d9065 in ExecuteFilesOnyByOne /src/aflplusplus/utils/aflpp_driver/aflpp_driver.c:191:7", "important": false, "type": "Line"}, {"lineNumber": 22, "content": "    #12 0x4d8ed5 in main /src/aflplusplus/utils/aflpp_driver/aflpp_driver.c:0", "important": false, "type": "Line"}, {"lineNumber": 23, "content": "    #13 0x7f896058e0b2 in __libc_start_main", "important": false, "type": "Line"}, {"lineNumber": 24, "content": "    #14 0x41e60d in _start", "important": false, "type": "Line"}, {"lineNumber": 25, "content": "", "important": false, "type": "Line"}, {"lineNumber": 26, "content": "0x6030000000e4 is located 0 bytes to the right of 4-byte region [0x6030000000e0,0x6030000000e4)", "important": false, "type": "Line"}, {"lineNumber": 27, "content": "allocated by thread T0 here:", "important": false, "type": "Line"}, {"lineNumber": 28, "content": "    #0 0x49f88d in __interceptor_malloc /src/llvm-project/compiler-rt/lib/asan/asan_malloc_linux.cpp:129:3", "important": false, "type": "Line"}, {"lineNumber": 29, "content": "    #1 0x4d91ed in LLVMFuzzerTestOneInput /src/espeak-ng/tests/ssml-fuzzer.c:64:20", "important": false, "type": "Line"}, {"lineNumber": 30, "content": "    #2 0x4d9065 in ExecuteFilesOnyByOne /src/aflplusplus/utils/aflpp_driver/aflpp_driver.c:191:7", "important": false, "type": "Line"}, {"lineNumber": 31, "content": "", "important": false, "type": "Line"}, {"lineNumber": 32, "content": "SUMMARY: AddressSanitizer: heap-buffer-overflow (/clusterfuzz/run_bot/clusterfuzz/bot/builds/espeak-ng_afl_asan/custom/ssml-fuzzer+0x598d10)", "important": false, "type": "Line"}, {"lineNumber": 33, "content": "Shadow bytes around the buggy address:", "important": false, "type": "Line"}, {"lineNumber": 34, "content": "  0x0c067fff7fc0: 00 00 00 00 00 00 00 00 00 00 00 00 00 00 00 00", "important": false, "type": "Line"}, {"lineNumber": 35, "content": "  0x0c067fff7fd0: 00 00 00 00 00 00 00 00 00 00 00 00 00 00 00 00", "important": false, "type": "Line"}, {"lineNumber": 36, "content": "  0x0c067fff7fe0: 00 00 00 00 00 00 00 00 00 00 00 00 00 00 00 00", "important": false, "type": "Line"}, {"lineNumber": 37, "content": "  0x0c067fff7ff0: 00 00 00 00 00 00 00 00 00 00 00 00 00 00 00 00", "important": false, "type": "Line"}, {"lineNumber": 38, "content": "  0x0c067fff8000: fa fa fa fa fd fa fa fa fa fa fd fa fa fa fa fa", "important": false, "type": "Line"}, {"lineNumber": 39, "content": "=&gt;0x0c067fff8010: 00 fa fa fa fa fa 00 fa fa fa fa fa[04]fa fa fa", "important": false, "type": "Line"}, {"lineNumber": 40, "content": "  0x0c067fff8020: fa fa fa fa fa fa fa fa fa fa fa fa fa fa fa fa", "important": false, "type": "Line"}, {"lineNumber": 41, "content": "  0x0c067fff8030: fa fa fa fa fa fa fa fa fa fa fa fa fa fa fa fa", "important": false, "type": "Line"}, {"lineNumber": 42, "content": "  0x0c067fff8040: fa fa fa fa fa fa fa fa fa fa fa fa fa fa fa fa", "important": false, "type": "Line"}, {"lineNumber": 43, "content": "  0x0c067fff8050: fa fa fa fa fa fa fa fa fa fa fa fa fa fa fa fa", "important": false, "type": "Line"}, {"lineNumber": 44, "content": "  0x0c067fff8060: fa fa fa fa fa fa fa fa fa fa fa fa fa fa fa fa", "important": false, "type": "Line"}, {"lineNumber": 45, "content": "Shadow byte legend (one shadow byte represents 8 application bytes):", "important": false, "type": "Line"}, {"lineNumber": 46, "content": "  Addressable:           00", "important": false, "type": "Line"}, {"lineNumber": 47, "content": "  Partially addressable: 01 02 03 04 05 06 07", "important": false, "type": "Line"}, {"lineNumber": 48, "content": "  Heap left redzone:       fa", "important": false, "type": "Line"}, {"lineNumber": 49, "content": "  Freed heap region:       fd", "important": false, "type": "Line"}, {"lineNumber": 50, "content": "  Stack left redzone:      f1", "important": false, "type": "Line"}, {"lineNumber": 51, "content": "  Stack mid redzone:       f2", "important": false, "type": "Line"}, {"lineNumber": 52, "content": "  Stack right redzone:     f3", "important": false, "type": "Line"}, {"lineNumber": 53, "content": "  Stack after return:      f5", "important": false, "type": "Line"}, {"lineNumber": 54, "content": "  Stack use after scope:   f8", "important": false, "type": "Line"}, {"lineNumber": 55, "content": "  Global redzone:          f9", "important": false, "type": "Line"}, {"lineNumber": 56, "content": "  Global init order:       f6", "important": false, "type": "Line"}, {"lineNumber": 57, "content": "  Poisoned by user:        f7", "important": false, "type": "Line"}, {"lineNumber": 58, "content": "  Container overflow:      fc", "important": false, "type": "Line"}, {"lineNumber": 59, "content": "  Array cookie:            ac", "important": false, "type": "Line"}, {"lineNumber": 60, "content": "  Intra object redzone:    bb", "important": false, "type": "Line"}, {"lineNumber": 61, "content": "  ASan internal:           fe", "important": false, "type": "Line"}, {"lineNumber": 62, "content": "  Left alloca redzone:     ca", "important": false, "type": "Line"}, {"lineNumber": 63, "content": "  Right alloca redzone:    cb", "important": false, "type": "Line"}, {"lineNumber": 64, "content": "==2794==ABORTING", "important": false, "type": "Line"}, {"lineNumber": 65, "content": "", "important": false, "type": "Line"}, {"lineNumber": 66, "content": "", "important": false, "type": "Line"}, {"lineNumber": 67, "content": "+----------------------------------------Release Build Unsymbolized Stacktrace (diff)----------------------------------------+", "important": false, "type": "Line"}, {"lineNumber": 68, "content": "", "important": false, "type": "Line"}, {"lineNumber": 69, "content": "READ of size 1 at 0x6030000000e4 thread T0", "important": false, "type": "Line"}, {"lineNumber": 70, "content": "SCARINESS: 12 (1-byte-read-heap-buffer-overflow)", "important": false, "type": "Line"}, {"lineNumber": 71, "content": "    #0 0x598d10  (/clusterfuzz/run_bot/clusterfuzz/bot/builds/espeak-ng_afl_asan/custom/ssml-fuzzer+0x598d10)", "important": false, "type": "Line"}, {"lineNumber": 72, "content": "    #1 0x59814a  (/clusterfuzz/run_bot/clusterfuzz/bot/builds/espeak-ng_afl_asan/custom/ssml-fuzzer+0x59814a)", "important": false, "type": "Line"}, {"lineNumber": 73, "content": "    #2 0x5bb51c  (/clusterfuzz/run_bot/clusterfuzz/bot/builds/espeak-ng_afl_asan/custom/ssml-fuzzer+0x5bb51c)", "important": false, "type": "Line"}, {"lineNumber": 74, "content": "    #3 0x5b53fc  (/clusterfuzz/run_bot/clusterfuzz/bot/builds/espeak-ng_afl_asan/custom/ssml-fuzzer+0x5b53fc)", "important": false, "type": "Line"}, {"lineNumber": 75, "content": "    #4 0x50512b  (/clusterfuzz/run_bot/clusterfuzz/bot/builds/espeak-ng_afl_asan/custom/ssml-fuzzer+0x50512b)", "important": false, "type": "Line"}, {"lineNumber": 76, "content": "    #5 0x4f598f  (/clusterfuzz/run_bot/clusterfuzz/bot/builds/espeak-ng_afl_asan/custom/ssml-fuzzer+0x4f598f)", "important": false, "type": "Line"}, {"lineNumber": 77, "content": "    #6 0x4db895  (/clusterfuzz/run_bot/clusterfuzz/bot/builds/espeak-ng_afl_asan/custom/ssml-fuzzer+0x4db895)", "important": false, "type": "Line"}, {"lineNumber": 78, "content": "    #7 0x4db4e2  (/clusterfuzz/run_bot/clusterfuzz/bot/builds/espeak-ng_afl_asan/custom/ssml-fuzzer+0x4db4e2)", "important": false, "type": "Line"}, {"lineNumber": 79, "content": "    #8 0x4dc6d9  (/clusterfuzz/run_bot/clusterfuzz/bot/builds/espeak-ng_afl_asan/custom/ssml-fuzzer+0x4dc6d9)", "important": false, "type": "Line"}, {"lineNumber": 80, "content": "    #9 0x4d9683  (/clusterfuzz/run_bot/clusterfuzz/bot/builds/espeak-ng_afl_asan/custom/ssml-fuzzer+0x4d9683)", "important": false, "type": "Line"}, {"lineNumber": 81, "content": "    #10 0x4d9238  (/clusterfuzz/run_bot/clusterfuzz/bot/builds/espeak-ng_afl_asan/custom/ssml-fuzzer+0x4d9238)", "important": false, "type": "Line"}, {"lineNumber": 82, "content": "    #11 0x4d9065  (/clusterfuzz/run_bot/clusterfuzz/bot/builds/espeak-ng_afl_asan/custom/ssml-fuzzer+0x4d9065)", "important": false, "type": "Line"}, {"lineNumber": 83, "content": "    #12 0x4d8ed5  (/clusterfuzz/run_bot/clusterfuzz/bot/builds/espeak-ng_afl_asan/custom/ssml-fuzzer+0x4d8ed5)", "important": false, "type": "Line"}, {"lineNumber": 84, "content": "    #13 0x7f896058e0b2  (/lib/x86_64-linux-gnu/libc.so.6+0x270b2)", "important": false, "type": "Line"}, {"lineNumber": 85, "content": "    #14 0x41e60d  (/clusterfuzz/run_bot/clusterfuzz/bot/builds/espeak-ng_afl_asan/custom/ssml-fuzzer+0x41e60d)", "important": false, "type": "Line"}, {"lineNumber": 86, "content": "", "important": false, "type": "Line"}, {"lineNumber": 87, "content": "0x6030000000e4 is located 0 bytes to the right of 4-byte region [0x6030000000e0,0x6030000000e4)", "important": false, "type": "Line"}, {"lineNumber": 88, "content": "allocated by thread T0 here:", "important": false, "type": "Line"}, {"lineNumber": 89, "content": "    #0 0x49f88d  (/clusterfuzz/run_bot/clusterfuzz/bot/builds/espeak-ng_afl_asan/custom/ssml-fuzzer+0x49f88d)", "important": false, "type": "Line"}, {"lineNumber": 90, "content": "    #1 0x4d91ed  (/clusterfuzz/run_bot/clusterfuzz/bot/builds/espeak-ng_afl_asan/custom/ssml-fuzzer+0x4d91ed)", "important": false, "type": "Line"}, {"lineNumber": 91, "content": "    #2 0x4d9065  (/clusterfuzz/run_bot/clusterfuzz/bot/builds/espeak-ng_afl_asan/custom/ssml-fuzzer+0x4d9065)", "important": false, "type": "Line"}], "revision": null}, "security_severity": "Medium", "security_severities": [{"value": 0, "name": "Critical"}, {"value": 1, "name": "High", "default": true}, {"value": 2, "name": "Medium"}, {"value": 3, "name": "Low"}, {"value": 4, "name": "Missing"}], "stats": {"min_hour": 1, "max_hour": 1}, "suspected_cls": null, "testcase": {"absolute_path": "/clusterfuzz/run_bot/clusterfuzz/bot/inputs/fuzzer-testcases/crash", "additional_metadata": "{\"build_key\": \"b6b49e17-d15a-419f-a5f8-c0ffd5c36ac6\", \"fuzzer_binary_name\": \"ssml-fuzzer\", \"fuzzing_strategies\": {\"corpus_subset\": 75}, \"last_tested_crash_revision\": null, \"last_tested_crash_time\": {\"__type__\": \"datetime\", \"day\": 30, \"hour\": 0, \"microsecond\": 844953, \"minute\": 11, \"month\": 11, \"second\": 45, \"year\": 2021}, \"last_tested_revision\": null}", "archive_filename": null, "archive_state": 0, "binary_flag": true, "bug_indices": [], "bug_information": "", "comments": "[2021-11-29 06:47:26 UTC] snode2-20211128-16:46: Fuzz task : Fuzzer afl_ssml-fuzzer generated testcase crashed in 13 seconds (r1).\n[2021-11-29 06:50:21 UTC] snode5-20211128-16:38: Minimize task started.\n[2021-11-29 06:51:42 UTC] snode5-20211128-16:38: Minimize task errored out: Engine does not support minimization.\n[2021-11-30 00:10:26 UTC] snode5-20211129-17:27: Progression task started.\n[2021-11-30 00:11:45 UTC] snode5-20211129-17:27: Progression task finished: still crashes on latest custom build.\n", "crash_address": "0x60300000b574", "crash_revision": 1, "crash_stacktrace": "[Environment] ASAN_OPTIONS=abort_on_error=1:alloc_dealloc_mismatch=0:allocator_may_return_null=1:allocator_release_to_os_interval_ms=500:allow_user_segv_handler=0:check_malloc_usable_size=0:detect_leaks=1:detect_odr_violation=0:detect_stack_use_after_return=1:fast_unwind_on_fatal=0:handle_abort=2:handle_segv=2:handle_sigbus=2:handle_sigfpe=2:handle_sigill=2:max_uar_stack_size_log=16:print_scariness=1:print_summary=1:print_suppressions=0:quarantine_size_mb=64:redzone=32:strict_memcmp=1:symbolize=0:use_sigaltstack=1\n+----------------------------------------Release Build Stacktrace----------------------------------------+\n=================================================================\n==110536==ERROR: AddressSanitizer: heap-buffer-overflow on address 0x60300000b574 at pc 0x000000598d11 bp 0x7fff86106ea0 sp 0x7fff86106e98\nREAD of size 1 at 0x60300000b574 thread T0\nSCARINESS: 12 (1-byte-read-heap-buffer-overflow)\n    #0 0x598d10 in string_decoder_getc_utf_8 /src/espeak-ng/src/libespeak-ng/encoding.c:539:15\n    #1 0x59814a in text_decoder_getc /src/espeak-ng/src/libespeak-ng/encoding.c:769:9\n    #2 0x5bb51c in GetC /src/espeak-ng/src/libespeak-ng/readclause.c:175:9\n    #3 0x5b53fc in ReadClause /src/espeak-ng/src/libespeak-ng/readclause.c:677:10\n    #4 0x50512b in TranslateClause /src/espeak-ng/src/libespeak-ng/translate.c:1978:15\n    #5 0x4f598f in SpeakNextClause /src/espeak-ng/src/libespeak-ng/synthesize.c:1569:2\n    #6 0x4db895 in Synthesize /src/espeak-ng/src/libespeak-ng/speech.c:457:2\n    #7 0x4db4e2 in sync_espeak_Synth /src/espeak-ng/src/libespeak-ng/speech.c:570:29\n    #8 0x4dc6d9 in espeak_ng_Synthesize /src/espeak-ng/src/libespeak-ng/speech.c:678:10\n    #9 0x4d9683 in espeak_Synth /src/espeak-ng/src/libespeak-ng/espeak_api.c:90:32\n    #10 0x4d9238 in LLVMFuzzerTestOneInput /src/espeak-ng/tests/ssml-fuzzer.c:67:8\n    #11 0x4d8f3f in main /src/aflplusplus/utils/aflpp_driver/aflpp_driver.c:303:7\n    #12 0x7ffab43690b2 in __libc_start_main\n    #13 0x41e60d in _start\n\n0x60300000b574 is located 0 bytes to the right of 4-byte region [0x60300000b570,0x60300000b574)\nallocated by thread T0 here:\n    #0 0x49f86a in __interceptor_malloc /src/llvm-project/compiler-rt/lib/asan/asan_malloc_linux.cpp:129:3\n\nSUMMARY: AddressSanitizer: heap-buffer-overflow (/clusterfuzz/run_bot/clusterfuzz/bot/builds/espeak-ng_afl_asan/custom/ssml-fuzzer+0x598d10)\nShadow bytes around the buggy address:\n  0x0c067fff9650: fa fa fa fa fd fa fa fa fa fa fd fa fa fa fa fa\n  0x0c067fff9660: fd fa fa fa fa fa fd fa fa fa fa fa fd fa fa fa\n  0x0c067fff9670: fa fa fd fa fa fa fa fa fd fa fa fa fa fa fd fa\n  0x0c067fff9680: fa fa fa fa fd fa fa fa fa fa fd fa fa fa fa fa\n  0x0c067fff9690: fd fa fa fa fa fa fd fa fa fa fa fa fd fa fa fa\n=>0x0c067fff96a0: fa fa fd fa fa fa fa fa fd fd fa fa fa fa[04]fa\n  0x0c067fff96b0: fa fa fa fa fa fa fa fa fa fa fa fa fa fa fa fa\n  0x0c067fff96c0: fa fa fa fa fa fa fa fa fa fa fa fa fa fa fa fa\n  0x0c067fff96d0: fa fa fa fa fa fa fa fa fa fa fa fa fa fa fa fa\n  0x0c067fff96e0: fa fa fa fa fa fa fa fa fa fa fa fa fa fa fa fa\n  0x0c067fff96f0: fa fa fa fa fa fa fa fa fa fa fa fa fa fa fa fa\nShadow byte legend (one shadow byte represents 8 application bytes):\n  Addressable:           00\n  Partially addressable: 01 02 03 04 05 06 07\n  Heap left redzone:       fa\n  Freed heap region:       fd\n  Stack left redzone:      f1\n  Stack mid redzone:       f2\n  Stack right redzone:     f3\n  Stack after return:      f5\n  Stack use after scope:   f8\n  Global redzone:          f9\n  Global init order:       f6\n  Poisoned by user:        f7\n  Container overflow:      fc\n  Array cookie:            ac\n  Intra object redzone:    bb\n  ASan internal:           fe\n  Left alloca redzone:     ca\n  Right alloca redzone:    cb\n==110536==ABORTING\n\n\n+----------------------------------------Release Build Unsymbolized Stacktrace (diff)----------------------------------------+\n\nREAD of size 1 at 0x60300000b574 thread T0\nSCARINESS: 12 (1-byte-read-heap-buffer-overflow)\n    #0 0x598d10  (/clusterfuzz/run_bot/clusterfuzz/bot/builds/espeak-ng_afl_asan/custom/ssml-fuzzer+0x598d10)\n    #1 0x59814a  (/clusterfuzz/run_bot/clusterfuzz/bot/builds/espeak-ng_afl_asan/custom/ssml-fuzzer+0x59814a)\n    #2 0x5bb51c  (/clusterfuzz/run_bot/clusterfuzz/bot/builds/espeak-ng_afl_asan/custom/ssml-fuzzer+0x5bb51c)\n    #3 0x5b53fc  (/clusterfuzz/run_bot/clusterfuzz/bot/builds/espeak-ng_afl_asan/custom/ssml-fuzzer+0x5b53fc)\n    #4 0x50512b  (/clusterfuzz/run_bot/clusterfuzz/bot/builds/espeak-ng_afl_asan/custom/ssml-fuzzer+0x50512b)\n    #5 0x4f598f  (/clusterfuzz/run_bot/clusterfuzz/bot/builds/espeak-ng_afl_asan/custom/ssml-fuzzer+0x4f598f)\n    #6 0x4db895  (/clusterfuzz/run_bot/clusterfuzz/bot/builds/espeak-ng_afl_asan/custom/ssml-fuzzer+0x4db895)\n    #7 0x4db4e2  (/clusterfuzz/run_bot/clusterfuzz/bot/builds/espeak-ng_afl_asan/custom/ssml-fuzzer+0x4db4e2)\n    #8 0x4dc6d9  (/clusterfuzz/run_bot/clusterfuzz/bot/builds/espeak-ng_afl_asan/custom/ssml-fuzzer+0x4dc6d9)\n    #9 0x4d9683  (/clusterfuzz/run_bot/clusterfuzz/bot/builds/espeak-ng_afl_asan/custom/ssml-fuzzer+0x4d9683)\n    #10 0x4d9238  (/clusterfuzz/run_bot/clusterfuzz/bot/builds/espeak-ng_afl_asan/custom/ssml-fuzzer+0x4d9238)\n    #11 0x4d8f3f  (/clusterfuzz/run_bot/clusterfuzz/bot/builds/espeak-ng_afl_asan/custom/ssml-fuzzer+0x4d8f3f)\n    #12 0x7ffab43690b2  (/lib/x86_64-linux-gnu/libc.so.6+0x270b2)\n    #13 0x41e60d  (/clusterfuzz/run_bot/clusterfuzz/bot/builds/espeak-ng_afl_asan/custom/ssml-fuzzer+0x41e60d)\n\n0x60300000b574 is located 0 bytes to the right of 4-byte region [0x60300000b570,0x60300000b574)\nallocated by thread T0 here:\n    #0 0x49f86a  (/clusterfuzz/run_bot/clusterfuzz/bot/builds/espeak-ng_afl_asan/custom/ssml-fuzzer+0x49f86a)\n", "crash_state": "string_decoder_getc_utf_8\ntext_decoder_getc\nGetC\n", "crash_type": "Heap-buffer-overflow\nREAD 1", "disable_ubsan": false, "duplicate_of": null, "fixed": "", "flaky_stack": false, "fuzzed_keys": "3abb9ff2-2d3a-4b9d-bfad-abc72a4fbce4", "fuzzer_name": "afl", "fuzzer_name_indices": ["afl", "afl_ssml-fuzzer"], "gestures": [], "group_bug_information": 0, "group_id": 23382, "has_bug_flag": false, "http_flag": false, "impact_beta_version": null, "impact_beta_version_indices": [], "impact_beta_version_likely": null, "impact_extended_stable_version": null, "impact_extended_stable_version_indices": [], "impact_extended_stable_version_likely": null, "impact_head_version": null, "impact_head_version_indices": [], "impact_head_version_likely": null, "impact_indices": [], "impact_stable_version": null, "impact_stable_version_indices": [], "impact_stable_version_likely": null, "impact_version_indices": [], "is_a_duplicate_flag": false, "is_impact_set_flag": null, "is_leader": true, "job_type": "espeak-ng_afl_asan", "keywords": ["heap", "string_decoder_getc", "text_decoder_getc", "read 1", "text_decoder", "string_decoder_getc_utf_8", "linux", "espeak", "decoder", "afl_ssml", "read", "ng_afl_asan", "asan", "text", "utf_8", "string_decoder_getc_utf", "ssml", "espeak-ng", "overflow", "afl_ssml-fuzzer", "heap-buffer-overflow", "ng_afl", "getc_utf", "heap-buffer", "utf", "ng", "afl", "ssml-fuzzer", "decoder_getc_utf_8", "espeak-ng_afl", "8", "fuzzer", "afl_asan", "string_decoder", "decoder_getc", "c", "buffer-overflow", "decoder_getc_utf", "get", "buffer", "getc", "1", "espeak-ng_afl_asan", "getc_utf_8", "string"], "last_tested_crash_stacktrace": "[Environment] ASAN_OPTIONS=abort_on_error=1:alloc_dealloc_mismatch=0:allocator_may_return_null=1:allocator_release_to_os_interval_ms=500:allow_user_segv_handler=0:check_malloc_usable_size=0:detect_leaks=1:detect_odr_violation=0:detect_stack_use_after_return=1:fast_unwind_on_fatal=0:handle_abort=2:handle_segv=2:handle_sigbus=2:handle_sigfpe=2:handle_sigill=2:max_uar_stack_size_log=16:print_scariness=1:print_summary=1:print_suppressions=0:quarantine_size_mb=64:redzone=32:strict_memcmp=1:symbolize=0:use_sigaltstack=1\n+----------------------------------------Release Build Stacktrace----------------------------------------+\nCommand: /clusterfuzz/run_bot/clusterfuzz/bot/builds/espeak-ng_afl_asan/custom/ssml-fuzzer /clusterfuzz/run_bot/clusterfuzz/bot/inputs/fuzzer-testcases/crash\nTime ran: 0.042031049728393555\n\n=================================================================\n==2794==ERROR: AddressSanitizer: heap-buffer-overflow on address 0x6030000000e4 at pc 0x000000598d11 bp 0x7fff53725220 sp 0x7fff53725218\nREAD of size 1 at 0x6030000000e4 thread T0\nSCARINESS: 12 (1-byte-read-heap-buffer-overflow)\n    #0 0x598d10 in string_decoder_getc_utf_8 /src/espeak-ng/src/libespeak-ng/encoding.c:539:15\n    #1 0x59814a in text_decoder_getc /src/espeak-ng/src/libespeak-ng/encoding.c:769:9\n    #2 0x5bb51c in GetC /src/espeak-ng/src/libespeak-ng/readclause.c:175:9\n    #3 0x5b53fc in ReadClause /src/espeak-ng/src/libespeak-ng/readclause.c:677:10\n    #4 0x50512b in TranslateClause /src/espeak-ng/src/libespeak-ng/translate.c:1978:15\n    #5 0x4f598f in SpeakNextClause /src/espeak-ng/src/libespeak-ng/synthesize.c:1569:2\n    #6 0x4db895 in Synthesize /src/espeak-ng/src/libespeak-ng/speech.c:457:2\n    #7 0x4db4e2 in sync_espeak_Synth /src/espeak-ng/src/libespeak-ng/speech.c:570:29\n    #8 0x4dc6d9 in espeak_ng_Synthesize /src/espeak-ng/src/libespeak-ng/speech.c:678:10\n    #9 0x4d9683 in espeak_Synth /src/espeak-ng/src/libespeak-ng/espeak_api.c:90:32\n    #10 0x4d9238 in LLVMFuzzerTestOneInput /src/espeak-ng/tests/ssml-fuzzer.c:67:8\n    #11 0x4d9065 in ExecuteFilesOnyByOne /src/aflplusplus/utils/aflpp_driver/aflpp_driver.c:191:7\n    #12 0x4d8ed5 in main /src/aflplusplus/utils/aflpp_driver/aflpp_driver.c:0\n    #13 0x7f896058e0b2 in __libc_start_main\n    #14 0x41e60d in _start\n\n0x6030000000e4 is located 0 bytes to the right of 4-byte region [0x6030000000e0,0x6030000000e4)\nallocated by thread T0 here:\n    #0 0x49f88d in __interceptor_malloc /src/llvm-project/compiler-rt/lib/asan/asan_malloc_linux.cpp:129:3\n    #1 0x4d91ed in LLVMFuzzerTestOneInput /src/espeak-ng/tests/ssml-fuzzer.c:64:20\n    #2 0x4d9065 in ExecuteFilesOnyByOne /src/aflplusplus/utils/aflpp_driver/aflpp_driver.c:191:7\n\nSUMMARY: AddressSanitizer: heap-buffer-overflow (/clusterfuzz/run_bot/clusterfuzz/bot/builds/espeak-ng_afl_asan/custom/ssml-fuzzer+0x598d10)\nShadow bytes around the buggy address:\n  0x0c067fff7fc0: 00 00 00 00 00 00 00 00 00 00 00 00 00 00 00 00\n  0x0c067fff7fd0: 00 00 00 00 00 00 00 00 00 00 00 00 00 00 00 00\n  0x0c067fff7fe0: 00 00 00 00 00 00 00 00 00 00 00 00 00 00 00 00\n  0x0c067fff7ff0: 00 00 00 00 00 00 00 00 00 00 00 00 00 00 00 00\n  0x0c067fff8000: fa fa fa fa fd fa fa fa fa fa fd fa fa fa fa fa\n=>0x0c067fff8010: 00 fa fa fa fa fa 00 fa fa fa fa fa[04]fa fa fa\n  0x0c067fff8020: fa fa fa fa fa fa fa fa fa fa fa fa fa fa fa fa\n  0x0c067fff8030: fa fa fa fa fa fa fa fa fa fa fa fa fa fa fa fa\n  0x0c067fff8040: fa fa fa fa fa fa fa fa fa fa fa fa fa fa fa fa\n  0x0c067fff8050: fa fa fa fa fa fa fa fa fa fa fa fa fa fa fa fa\n  0x0c067fff8060: fa fa fa fa fa fa fa fa fa fa fa fa fa fa fa fa\nShadow byte legend (one shadow byte represents 8 application bytes):\n  Addressable:           00\n  Partially addressable: 01 02 03 04 05 06 07\n  Heap left redzone:       fa\n  Freed heap region:       fd\n  Stack left redzone:      f1\n  Stack mid redzone:       f2\n  Stack right redzone:     f3\n  Stack after return:      f5\n  Stack use after scope:   f8\n  Global redzone:          f9\n  Global init order:       f6\n  Poisoned by user:        f7\n  Container overflow:      fc\n  Array cookie:            ac\n  Intra object redzone:    bb\n  ASan internal:           fe\n  Left alloca redzone:     ca\n  Right alloca redzone:    cb\n==2794==ABORTING\n\n\n+----------------------------------------Release Build Unsymbolized Stacktrace (diff)----------------------------------------+\n\nREAD of size 1 at 0x6030000000e4 thread T0\nSCARINESS: 12 (1-byte-read-heap-buffer-overflow)\n    #0 0x598d10  (/clusterfuzz/run_bot/clusterfuzz/bot/builds/espeak-ng_afl_asan/custom/ssml-fuzzer+0x598d10)\n    #1 0x59814a  (/clusterfuzz/run_bot/clusterfuzz/bot/builds/espeak-ng_afl_asan/custom/ssml-fuzzer+0x59814a)\n    #2 0x5bb51c  (/clusterfuzz/run_bot/clusterfuzz/bot/builds/espeak-ng_afl_asan/custom/ssml-fuzzer+0x5bb51c)\n    #3 0x5b53fc  (/clusterfuzz/run_bot/clusterfuzz/bot/builds/espeak-ng_afl_asan/custom/ssml-fuzzer+0x5b53fc)\n    #4 0x50512b  (/clusterfuzz/run_bot/clusterfuzz/bot/builds/espeak-ng_afl_asan/custom/ssml-fuzzer+0x50512b)\n    #5 0x4f598f  (/clusterfuzz/run_bot/clusterfuzz/bot/builds/espeak-ng_afl_asan/custom/ssml-fuzzer+0x4f598f)\n    #6 0x4db895  (/clusterfuzz/run_bot/clusterfuzz/bot/builds/espeak-ng_afl_asan/custom/ssml-fuzzer+0x4db895)\n    #7 0x4db4e2  (/clusterfuzz/run_bot/clusterfuzz/bot/builds/espeak-ng_afl_asan/custom/ssml-fuzzer+0x4db4e2)\n    #8 0x4dc6d9  (/clusterfuzz/run_bot/clusterfuzz/bot/builds/espeak-ng_afl_asan/custom/ssml-fuzzer+0x4dc6d9)\n    #9 0x4d9683  (/clusterfuzz/run_bot/clusterfuzz/bot/builds/espeak-ng_afl_asan/custom/ssml-fuzzer+0x4d9683)\n    #10 0x4d9238  (/clusterfuzz/run_bot/clusterfuzz/bot/builds/espeak-ng_afl_asan/custom/ssml-fuzzer+0x4d9238)\n    #11 0x4d9065  (/clusterfuzz/run_bot/clusterfuzz/bot/builds/espeak-ng_afl_asan/custom/ssml-fuzzer+0x4d9065)\n    #12 0x4d8ed5  (/clusterfuzz/run_bot/clusterfuzz/bot/builds/espeak-ng_afl_asan/custom/ssml-fuzzer+0x4d8ed5)\n    #13 0x7f896058e0b2  (/lib/x86_64-linux-gnu/libc.so.6+0x270b2)\n    #14 0x41e60d  (/clusterfuzz/run_bot/clusterfuzz/bot/builds/espeak-ng_afl_asan/custom/ssml-fuzzer+0x41e60d)\n\n0x6030000000e4 is located 0 bytes to the right of 4-byte region [0x6030000000e0,0x6030000000e4)\nallocated by thread T0 here:\n    #0 0x49f88d  (/clusterfuzz/run_bot/clusterfuzz/bot/builds/espeak-ng_afl_asan/custom/ssml-fuzzer+0x49f88d)\n    #1 0x4d91ed  (/clusterfuzz/run_bot/clusterfuzz/bot/builds/espeak-ng_afl_asan/custom/ssml-fuzzer+0x4d91ed)\n    #2 0x4d9065  (/clusterfuzz/run_bot/clusterfuzz/bot/builds/espeak-ng_afl_asan/custom/ssml-fuzzer+0x4d9065)\n", "minidump_keys": "", "minimized_arguments": "", "minimized_keys": "3abb9ff2-2d3a-4b9d-bfad-abc72a4fbce4", "one_time_crasher_flag": false, "open": true, "overridden_fuzzer_name": "afl_ssml-fuzzer", "platform": "linux", "platform_id": "linux", "project_name": "test-project", "queue": "jobs-linux", "redzone": 32, "regression": "NA", "security_flag": true, "security_severity": 2, "status": "Processed", "symbolized": false, "timeout_multiplier": 1.0, "timestamp": 1638168446, "triaged": false, "uploader_email": null, "window_argument": "", "id": 22255}, "timestamp": 1638168446.368702, "show_blame": false, "show_impact": false, "impacts_production": false, "find_similar_issues_options": [{"type": "open", "label": "Open"}, {"type": "all", "label": "All"}], "auto_delete_timestamp": null, "auto_close_timestamp": null, "memory_tool_display_label": "Sanitizer", "memory_tool_display_value": "address (ASAN)", "last_tested": "1:1 (No component revisions found!)", "is_admin_or_not_oss_fuzz": true, "has_issue_tracker": false, "reproduction_help_url": "", "is_local_development": true, "fuzzer_display": {"engine": "afl", "target": "ssml-fuzzer", "name": "afl", "fully_qualified_name": "afl_ssml-fuzzer"}}