{"id": 22254, "crash_type": "Use-of-uninitialized-value", "crash_address": "", "crash_state": "verifier.h\n", "crash_state_lines": ["verifier.h"], "crash_revision": 1, "csrf_token": "D6S+cXG/eQvjQp1jhkN2Yfq5FoCaAiuUjD0oLthouNSAPb8xaAgWvNikB3AHnFnrgfWQIz/OKB4owWUbxHHo3A==", "external_user": false, "footer": "[2021-11-29 06:45:02 UTC] comput6-20211128-14:49: Fuzz task : Fuzzer honggfuzz_verifier_fuzzer generated testcase crashed in 4 seconds (r1).\n", "formatted_reproduction_help": "", "fixed": "NA", "fixed_full": null, "issue_url": null, "is_admin": true, "metadata": {"build_key": "c26779b7-2be1-4c7c-8fc3-b6b2872692d2", "fuzzer_binary_name": "verifier_fuzzer"}, "minimized_testcase_size": null, "needs_refresh": false, "original_testcase_size": "4 B", "privileged_user": true, "regression": "NA", "crash_stacktrace": {"lines": [{"lineNumber": 1, "content": "[Environment] MSAN_OPTIONS=allocator_release_to_os_interval_ms=500:halt_on_error=1:handle_abort=2:handle_segv=2:handle_sigbus=2:handle_sigfpe=2:handle_sigill=2:print_stats=1:print_summary=1:symbolize=0:use_sigaltstack=1", "important": false, "type": "Line"}, {"lineNumber": 2, "content": "+----------------------------------------Release Build Stacktrace----------------------------------------+", "important": false, "type": "Line"}, {"lineNumber": 3, "content": "==38485==WARNING: MemorySanitizer: use-of-uninitialized-value", "important": false, "type": "Line"}, {"lineNumber": 4, "content": "    #0 0x2d6b66 in flatbuffers::Verifier::Verifier(unsigned char const*, unsigned long, unsigned int, unsigned int, bool) /src/flatbuffers/include/flatbuffers/verifier.h:39:5", "important": true, "type": "Line"}, {"lineNumber": 5, "content": "    #1 0x2d6b66 in LLVMFuzzerTestOneInput /src/flatbuffers/tests/fuzzer/flatbuffers_verifier_fuzzer.cc:11:25", "important": false, "type": "Line"}, {"lineNumber": 6, "content": "    #2 0x2ec42e in main", "important": false, "type": "Line"}, {"lineNumber": 7, "content": "    #3 0x7ffff7c5b0b2 in __libc_start_main", "important": false, "type": "Line"}, {"lineNumber": 8, "content": "    #4 0x25239d in _start", "important": false, "type": "Line"}, {"lineNumber": 9, "content": "", "important": false, "type": "Line"}, {"lineNumber": 10, "content": "SUMMARY: MemorySanitizer: use-of-uninitialized-value (/clusterfuzz/run_bot/clusterfuzz/bot/builds/flatbuffers_honggfuzz_msan/custom/verifier_fuzzer+0x2d6b66)", "important": false, "type": "Line"}, {"lineNumber": 11, "content": "  ORIGIN: invalid (0). Might be a bug in MemorySanitizer origin tracking.", "important": false, "type": "Line"}, {"lineNumber": 12, "content": "    This could still be a bug in your code, too!", "important": false, "type": "Line"}, {"lineNumber": 13, "content": "Unique heap origins: 21", "important": false, "type": "Line"}, {"lineNumber": 14, "content": "Stack depot allocated bytes: 1900544", "important": false, "type": "Line"}, {"lineNumber": 15, "content": "Unique origin histories: 13", "important": false, "type": "Line"}, {"lineNumber": 16, "content": "History depot allocated bytes: 196608", "important": false, "type": "Line"}, {"lineNumber": 17, "content": "Exiting", "important": false, "type": "Line"}, {"lineNumber": 18, "content": "", "important": false, "type": "Line"}, {"lineNumber": 19, "content": "", "important": false, "type": "Line"}, {"lineNumber": 20, "content": "+----------------------------------------Release Build Unsymbolized Stacktrace (diff)----------------------------------------+", "important": false, "type": "Line"}, {"lineNumber": 21, "content": "", "important": false, "type": "Line"}, {"lineNumber": 22, "content": "==38485==WARNING: MemorySanitizer: use-of-uninitialized-value", "important": false, "type": "Line"}, {"lineNumber": 23, "content": "    #0 0x2d6b66  (/clusterfuzz/run_bot/clusterfuzz/bot/builds/flatbuffers_honggfuzz_msan/custom/verifier_fuzzer+0x2d6b66)", "important": false, "type": "Line"}, {"lineNumber": 24, "content": "    #1 0x2ec42e  (/clusterfuzz/run_bot/clusterfuzz/bot/builds/flatbuffers_honggfuzz_msan/custom/verifier_fuzzer+0x2ec42e)", "important": false, "type": "Line"}, {"lineNumber": 25, "content": "    #2 0x7ffff7c5b0b2  (/lib/x86_64-linux-gnu/libc.so.6+0x270b2)", "important": false, "type": "Line"}, {"lineNumber": 26, "content": "    #3 0x25239d  (/clusterfuzz/run_bot/clusterfuzz/bot/builds/flatbuffers_honggfuzz_msan/custom/verifier_fuzzer+0x25239d)", "important": false, "type": "Line"}], "revision": "1"}, "last_tested_crash_stacktrace": {"lines": [], "revision": null}, "security_severity": "Medium", "security_severities": [{"value": 0, "name": "Critical"}, {"value": 1, "name": "High", "default": true}, {"value": 2, "name": "Medium"}, {"value": 3, "name": "Low"}, {"value": 4, "name": "Missing"}], "stats": {"min_hour": 1, "max_hour": 1}, "suspected_cls": null, "testcase": {"absolute_path": "/clusterfuzz/run_bot/clusterfuzz/bot/inputs/fuzzer-testcases/SIGABRT.PC.7ffff7c7a18b.STACK.150afa1860.CODE.-6.ADDR.0.INSTR.[UNKNOWN].fuzz", "additional_metadata": "{\"build_key\": \"c26779b7-2be1-4c7c-8fc3-b6b2872692d2\", \"fuzzer_binary_name\": \"verifier_fuzzer\"}", "archive_filename": null, "archive_state": 0, "binary_flag": true, "bug_indices": [], "bug_information": "", "comments": "[2021-11-29 06:45:02 UTC] comput6-20211128-14:49: Fuzz task : Fuzzer honggfuzz_verifier_fuzzer generated testcase crashed in 4 seconds (r1).\n", "crash_address": "", "crash_revision": 1, "crash_stacktrace": "[Environment] MSAN_OPTIONS=allocator_release_to_os_interval_ms=500:halt_on_error=1:handle_abort=2:handle_segv=2:handle_sigbus=2:handle_sigfpe=2:handle_sigill=2:print_stats=1:print_summary=1:symbolize=0:use_sigaltstack=1\n+----------------------------------------Release Build Stacktrace----------------------------------------+\n==38485==WARNING: MemorySanitizer: use-of-uninitialized-value\n    #0 0x2d6b66 in flatbuffers::Verifier::Verifier(unsigned char const*, unsigned long, unsigned int, unsigned int, bool) /src/flatbuffers/include/flatbuffers/verifier.h:39:5\n    #1 0x2d6b66 in LLVMFuzzerTestOneInput /src/flatbuffers/tests/fuzzer/flatbuffers_verifier_fuzzer.cc:11:25\n    #2 0x2ec42e in main\n    #3 0x7ffff7c5b0b2 in __libc_start_main\n    #4 0x25239d in _start\n\nSUMMARY: MemorySanitizer: use-of-uninitialized-value (/clusterfuzz/run_bot/clusterfuzz/bot/builds/flatbuffers_honggfuzz_msan/custom/verifier_fuzzer+0x2d6b66)\n  ORIGIN: invalid (0). Might be a bug in MemorySanitizer origin tracking.\n    This could still be a bug in your code, too!\nUnique heap origins: 21\nStack depot allocated bytes: 1900544\nUnique origin histories: 13\nHistory depot allocated bytes: 196608\nExiting\n\n\n+----------------------------------------Release Build Unsymbolized Stacktrace (diff)----------------------------------------+\n\n==38485==WARNING: MemorySanitizer: use-of-uninitialized-value\n    #0 0x2d6b66  (/clusterfuzz/run_bot/clusterfuzz/bot/builds/flatbuffers_honggfuzz_msan/custom/verifier_fuzzer+0x2d6b66)\n    #1 0x2ec42e  (/clusterfuzz/run_bot/clusterfuzz/bot/builds/flatbuffers_honggfuzz_msan/custom/verifier_fuzzer+0x2ec42e)\n    #2 0x7ffff7c5b0b2  (/lib/x86_64-linux-gnu/libc.so.6+0x270b2)\n    #3 0x25239d  (/clusterfuzz/run_bot/clusterfuzz/bot/builds/flatbuffers_honggfuzz_msan/custom/verifier_fuzzer+0x25239d)\n", "crash_state": "verifier.h\n", "crash_type": "Use-of-uninitialized-value", "disable_ubsan": false, "duplicate_of": null, "fixed": "NA", "flaky_stack": false, "fuzzed_keys": "2dac3076-8ace-401a-b440-72cc59071ff4", "fuzzer_name": "honggfuzz", "fuzzer_name_indices": ["honggfuzz_verifier_fuzzer", "honggfuzz"], "gestures": [], "group_bug_information": 0, "group_id": 0, "has_bug_flag": false, "http_flag": false, "impact_beta_version": null, "impact_beta_version_indices": [], "impact_beta_version_likely": null, "impact_extended_stable_version": null, "impact_extended_stable_version_indices": [], "impact_extended_stable_version_likely": null, "impact_head_version": null, "impact_head_version_indices": [], "impact_head_version_likely": null, "impact_indices": [], "impact_stable_version": null, "impact_stable_version_indices": [], "impact_stable_version_likely": null, "impact_version_indices": [], "is_a_duplicate_flag": false, "is_impact_set_flag": null, "is_leader": true, "job_type": "flatbuffers_honggfuzz_msan", "keywords": ["honggfuzz_verifier_fuzzer", "verifier_fuzzer", "h", "verifier", "verifier.h", "flatbuffers_honggfuzz", "flatbuffers_honggfuzz_msan", "linux", "flatbuffers", "uninitialized", "use-of-uninitialized", "use", "of", "fuzzer", "uninitialized-value", "value", "use-of", "of-uninitialized-value", "of-uninitialized", "msan", "honggfuzz_verifier", "use-of-uninitialized-value", "honggfuzz_msan", "honggfuzz"], "last_tested_crash_stacktrace": null, "minidump_keys": "", "minimized_arguments": "", "minimized_keys": "NA", "one_time_crasher_flag": true, "open": true, "overridden_fuzzer_name": "honggfuzz_verifier_fuzzer", "platform": "linux", "platform_id": "linux", "project_name": "test-project", "queue": "jobs-linux", "redzone": 32, "regression": "NA", "security_flag": true, "security_severity": 2, "status": "Processed", "symbolized": false, "timeout_multiplier": 1.0, "timestamp": 1638168302, "triaged": false, "uploader_email": null, "window_argument": "", "id": 22254}, "timestamp": 1638168302.777693, "show_blame": false, "show_impact": false, "impacts_production": false, "find_similar_issues_options": [{"type": "open", "label": "Open"}, {"type": "all", "label": "All"}], "auto_delete_timestamp": 1638773102.777693, "auto_close_timestamp": null, "memory_tool_display_label": "Sanitizer", "memory_tool_display_value": "memory (MSAN)", "last_tested": "1:1 (No component revisions found!)", "is_admin_or_not_oss_fuzz": true, "has_issue_tracker": false, "reproduction_help_url": "", "is_local_development": true, "fuzzer_display": {"engine": "honggfuzz", "target": "verifier_fuzzer", "name": "honggfuzz", "fully_qualified_name": "honggfuzz_verifier_fuzzer"}}