{"id": 22261, "crash_type": "Bus on unknown address", "crash_address": "", "crash_state": "lzo1f_decompress_safe\nlzo_decompress_target.c\n", "crash_state_lines": ["lzo1f_decompress_safe", "lzo_decompress_target.c"], "crash_revision": 1, "csrf_token": "D6S+cXG/eQvjQp1jhkN2Yfq5FoCaAiuUjD0oLthouNSAPb8xaAgWvNikB3AHnFnrgfWQIz/OKB4owWUbxHHo3A==", "external_user": false, "footer": "[2021-11-29 06:48:49 UTC] snode9-20211128-16:42: Fuzz task : Fuzzer honggfuzz_lzo_decompress_target generated testcase crashed in 1 seconds (r1).\n", "formatted_reproduction_help": "", "fixed": "NA", "fixed_full": null, "issue_url": null, "is_admin": true, "metadata": {"build_key": "4ad400fa-9d3f-488c-939d-435f0668d31c", "fuzzer_binary_name": "lzo_decompress_target"}, "minimized_testcase_size": null, "needs_refresh": false, "original_testcase_size": "8 KB", "privileged_user": true, "regression": "NA", "crash_stacktrace": {"lines": [{"lineNumber": 1, "content": "[Environment] MSAN_OPTIONS=allocator_release_to_os_interval_ms=500:halt_on_error=1:handle_abort=2:handle_segv=2:handle_sigbus=2:handle_sigfpe=2:handle_sigill=2:print_stats=1:print_summary=1:symbolize=0:use_sigaltstack=1", "important": false, "type": "Line"}, {"lineNumber": 2, "content": "+----------------------------------------Release Build Stacktrace----------------------------------------+", "important": false, "type": "Line"}, {"lineNumber": 3, "content": "==10393==ERROR: MemorySanitizer: BUS on unknown address (pc 0x0000004b154d bp 0x7ffffffbcf70 sp 0x7ffffffbce70 T10393)", "important": false, "type": "Line"}, {"lineNumber": 4, "content": "==10393==The signal is caused by a READ memory access.", "important": false, "type": "Line"}, {"lineNumber": 5, "content": "==10393==Hint: this fault was caused by a dereference of a high value address (see register values below).  Disassemble the provided pc to learn which register was used.", "important": false, "type": "Line"}, {"lineNumber": 6, "content": "    #0 0x4b154d in lzo1f_decompress_safe /src/lzo-2.10/src/lzo1f_d.ch:112:30", "important": true, "type": "Line"}, {"lineNumber": 7, "content": "    #1 0x4a190c in LLVMFuzzerTestOneInput /src/lzo_decompress_target.c:85:9", "important": true, "type": "Line"}, {"lineNumber": 8, "content": "    #2 0x4a200e in main", "important": false, "type": "Line"}, {"lineNumber": 9, "content": "    #3 0x7ffff7c5b0b2 in __libc_start_main", "important": false, "type": "Line"}, {"lineNumber": 10, "content": "    #4 0x41d41d in _start", "important": false, "type": "Line"}, {"lineNumber": 11, "content": "", "important": false, "type": "Line"}, {"lineNumber": 12, "content": "MemorySanitizer can not provide additional info.", "important": false, "type": "Line"}, {"lineNumber": 13, "content": "SUMMARY: MemorySanitizer: BUS (/clusterfuzz/run_bot/clusterfuzz/bot/builds/lzo_honggfuzz_msan/custom/lzo_decompress_target+0x4b154d)", "important": false, "type": "Line"}, {"lineNumber": 14, "content": "==10393==ABORTING", "important": false, "type": "Line"}, {"lineNumber": 15, "content": "", "important": false, "type": "Line"}, {"lineNumber": 16, "content": "", "important": false, "type": "Line"}, {"lineNumber": 17, "content": "+----------------------------------------Release Build Unsymbolized Stacktrace (diff)----------------------------------------+", "important": false, "type": "Line"}, {"lineNumber": 18, "content": "", "important": false, "type": "Line"}, {"lineNumber": 19, "content": "==10393==The signal is caused by a READ memory access.", "important": false, "type": "Line"}, {"lineNumber": 20, "content": "==10393==Hint: this fault was caused by a dereference of a high value address (see register values below).  Disassemble the provided pc to learn which register was used.", "important": false, "type": "Line"}, {"lineNumber": 21, "content": "    #0 0x4b154d  (/clusterfuzz/run_bot/clusterfuzz/bot/builds/lzo_honggfuzz_msan/custom/lzo_decompress_target+0x4b154d)", "important": false, "type": "Line"}, {"lineNumber": 22, "content": "    #1 0x4a190c  (/clusterfuzz/run_bot/clusterfuzz/bot/builds/lzo_honggfuzz_msan/custom/lzo_decompress_target+0x4a190c)", "important": false, "type": "Line"}, {"lineNumber": 23, "content": "    #2 0x4a200e  (/clusterfuzz/run_bot/clusterfuzz/bot/builds/lzo_honggfuzz_msan/custom/lzo_decompress_target+0x4a200e)", "important": false, "type": "Line"}, {"lineNumber": 24, "content": "    #3 0x7ffff7c5b0b2  (/lib/x86_64-linux-gnu/libc.so.6+0x270b2)", "important": false, "type": "Line"}, {"lineNumber": 25, "content": "    #4 0x41d41d  (/clusterfuzz/run_bot/clusterfuzz/bot/builds/lzo_honggfuzz_msan/custom/lzo_decompress_target+0x41d41d)", "important": false, "type": "Line"}], "revision": "1"}, "last_tested_crash_stacktrace": {"lines": [], "revision": null}, "security_severity": null, "security_severities": [{"value": 0, "name": "Critical"}, {"value": 1, "name": "High", "default": true}, {"value": 2, "name": "Medium"}, {"value": 3, "name": "Low"}, {"value": 4, "name": "Missing"}], "stats": {"min_hour": 1, "max_hour": 1}, "suspected_cls": null, "testcase": {"absolute_path": "/clusterfuzz/run_bot/clusterfuzz/bot/inputs/fuzzer-testcases/SIGABRT.PC.7ffff7c7a18b.STACK.ec6fa5ebd.CODE.-6.ADDR.0.INSTR.[UNKNOWN].fuzz", "additional_metadata": "{\"build_key\": \"4ad400fa-9d3f-488c-939d-435f0668d31c\", \"fuzzer_binary_name\": \"lzo_decompress_target\"}", "archive_filename": null, "archive_state": 0, "binary_flag": true, "bug_indices": [], "bug_information": "", "comments": "[2021-11-29 06:48:49 UTC] snode9-20211128-16:42: Fuzz task : Fuzzer honggfuzz_lzo_decompress_target generated testcase crashed in 1 seconds (r1).\n", "crash_address": "", "crash_revision": 1, "crash_stacktrace": "[Environment] MSAN_OPTIONS=allocator_release_to_os_interval_ms=500:halt_on_error=1:handle_abort=2:handle_segv=2:handle_sigbus=2:handle_sigfpe=2:handle_sigill=2:print_stats=1:print_summary=1:symbolize=0:use_sigaltstack=1\n+----------------------------------------Release Build Stacktrace----------------------------------------+\n==10393==ERROR: MemorySanitizer: BUS on unknown address (pc 0x0000004b154d bp 0x7ffffffbcf70 sp 0x7ffffffbce70 T10393)\n==10393==The signal is caused by a READ memory access.\n==10393==Hint: this fault was caused by a dereference of a high value address (see register values below).  Disassemble the provided pc to learn which register was used.\n    #0 0x4b154d in lzo1f_decompress_safe /src/lzo-2.10/src/lzo1f_d.ch:112:30\n    #1 0x4a190c in LLVMFuzzerTestOneInput /src/lzo_decompress_target.c:85:9\n    #2 0x4a200e in main\n    #3 0x7ffff7c5b0b2 in __libc_start_main\n    #4 0x41d41d in _start\n\nMemorySanitizer can not provide additional info.\nSUMMARY: MemorySanitizer: BUS (/clusterfuzz/run_bot/clusterfuzz/bot/builds/lzo_honggfuzz_msan/custom/lzo_decompress_target+0x4b154d)\n==10393==ABORTING\n\n\n+----------------------------------------Release Build Unsymbolized Stacktrace (diff)----------------------------------------+\n\n==10393==The signal is caused by a READ memory access.\n==10393==Hint: this fault was caused by a dereference of a high value address (see register values below).  Disassemble the provided pc to learn which register was used.\n    #0 0x4b154d  (/clusterfuzz/run_bot/clusterfuzz/bot/builds/lzo_honggfuzz_msan/custom/lzo_decompress_target+0x4b154d)\n    #1 0x4a190c  (/clusterfuzz/run_bot/clusterfuzz/bot/builds/lzo_honggfuzz_msan/custom/lzo_decompress_target+0x4a190c)\n    #2 0x4a200e  (/clusterfuzz/run_bot/clusterfuzz/bot/builds/lzo_honggfuzz_msan/custom/lzo_decompress_target+0x4a200e)\n    #3 0x7ffff7c5b0b2  (/lib/x86_64-linux-gnu/libc.so.6+0x270b2)\n    #4 0x41d41d  (/clusterfuzz/run_bot/clusterfuzz/bot/builds/lzo_honggfuzz_msan/custom/lzo_decompress_target+0x41d41d)\n", "crash_state": "lzo1f_decompress_safe\nlzo_decompress_target.c\n", "crash_type": "Bus on unknown address", "disable_ubsan": false, "duplicate_of": null, "fixed": "NA", "flaky_stack": false, "fuzzed_keys": "431a1120-f321-4c2b-864f-a5bf34412cca", "fuzzer_name": "honggfuzz", "fuzzer_name_indices": ["honggfuzz_lzo_decompress_target", "honggfuzz"], "gestures": [], "group_bug_information": 0, "group_id": 0, "has_bug_flag": false, "http_flag": false, "impact_beta_version": null, "impact_beta_version_indices": [], "impact_beta_version_likely": null, "impact_extended_stable_version": null, "impact_extended_stable_version_indices": [], "impact_extended_stable_version_likely": null, "impact_head_version": null, "impact_head_version_indices": [], "impact_head_version_likely": null, "impact_indices": [], "impact_stable_version": null, "impact_stable_version_indices": [], "impact_stable_version_likely": null, "impact_version_indices": [], "is_a_duplicate_flag": false, "is_impact_set_flag": null, "is_leader": true, "job_type": "lzo_honggfuzz_msan", "keywords": ["lzo_decompress_target.c", "lzo1f", "address", "unknown", "decompress", "on unknown", "lzo_honggfuzz", "target.c", "target", "lzo", "decompress_target", "bus on unknown", "honggfuzz_lzo_decompress_target", "bus on", "lzo_decompress_target", "msan", "c", "unknown address", "honggfuzz_lzo_decompress", "safe", "honggfuzz_msan", "honggfuzz", "lzo1f_decompress", "on unknown address", "decompress_target.c", "bus on unknown address", "linux", "decompress_safe", "bus", "honggfuzz_lzo", "lzo_decompress", "lzo_honggfuzz_msan", "on", "lzo1f_decompress_safe"], "last_tested_crash_stacktrace": null, "minidump_keys": "", "minimized_arguments": "", "minimized_keys": "NA", "one_time_crasher_flag": true, "open": true, "overridden_fuzzer_name": "honggfuzz_lzo_decompress_target", "platform": "linux", "platform_id": "linux", "project_name": "test-project", "queue": "jobs-linux", "redzone": 64, "regression": "NA", "security_flag": false, "security_severity": null, "status": "Processed", "symbolized": false, "timeout_multiplier": 1.0, "timestamp": 1638168529, "triaged": false, "uploader_email": null, "window_argument": "", "id": 22261}, "timestamp": 1638168529.48889, "show_blame": false, "show_impact": false, "impacts_production": false, "find_similar_issues_options": [{"type": "open", "label": "Open"}, {"type": "all", "label": "All"}], "auto_delete_timestamp": 1638773329.48889, "auto_close_timestamp": null, "memory_tool_display_label": "Sanitizer", "memory_tool_display_value": "memory (MSAN)", "last_tested": "1:1 (No component revisions found!)", "is_admin_or_not_oss_fuzz": true, "has_issue_tracker": false, "reproduction_help_url": "", "is_local_development": true, "fuzzer_display": {"engine": "honggfuzz", "target": "lzo_decompress_target", "name": "honggfuzz", "fully_qualified_name": "honggfuzz_lzo_decompress_target"}}