{"id": 2333, "crash_type": "Use-of-uninitialized-value", "crash_address": "", "crash_state": "Validate\nFreeImage_ValidateFIF\nFreeImage_GetFileTypeFromMemory\n", "crash_state_lines": ["Validate", "FreeImage_ValidateFIF", "FreeImage_GetFileTypeFromMemory"], "crash_revision": 1, "csrf_token": "D6S+cXG/eQvjQp1jhkN2Yfq5FoCaAiuUjD0oLthouNSAPb8xaAgWvNikB3AHnFnrgfWQIz/OKB4owWUbxHHo3A==", "external_user": false, "footer": "[2021-11-28 12:06:38 UTC] comput3-20211128-14:48: Fuzz task : Fuzzer libFuzzer_load_from_memory_fuzzer generated testcase crashed in 0 seconds (r1).\n[2021-11-28 12:10:28 UTC] snode9-20211128-16:47: Minimize task started.\n[2021-11-28 12:12:01 UTC] snode9-20211128-16:47: Minimize task finished.\n[2021-11-30 00:09:57 UTC] login1-20211128-14:48: Progression task started.\n[2021-11-30 00:11:17 UTC] login1-20211128-14:48: Progression task finished: still crashes on latest custom build.\n", "formatted_reproduction_help": "", "fixed": "NO", "fixed_full": null, "issue_url": null, "is_admin": true, "metadata": {"build_key": "3f3bf9c6-ea7c-4fed-8231-c14cc193962b", "env": {"MSAN_OPTIONS": {}}, "fuzzer_binary_name": "load_from_memory_fuzzer", "fuzzing_strategies": {"mutator_plugin_radamsa": 1}, "last_tested_crash_revision": null, "last_tested_crash_time": 1638231077, "last_tested_revision": null}, "minimized_testcase_size": "0 B", "needs_refresh": false, "original_testcase_size": "0 B", "privileged_user": true, "regression": "NA", "crash_stacktrace": {"lines": [{"lineNumber": 1, "content": "[Environment] MSAN_OPTIONS=exitcode=77", "important": false, "type": "Line"}, {"lineNumber": 2, "content": "+----------------------------------------Release Build Stacktrace----------------------------------------+", "important": false, "type": "Line"}, {"lineNumber": 3, "content": "Command: /clusterfuzz/run_bot/clusterfuzz/bot/builds/freeimage_libfuzzer_msan/custom/load_from_memory_fuzzer -rss_limit_mb=2560 -timeout=60 -runs=100 /clusterfuzz/run_bot/clusterfuzz/bot/inputs/fuzzer-testcases/afce11548f936582c39a36b70893ea945e6b4b0d3255bfef95601890afd80709", "important": false, "type": "Line"}, {"lineNumber": 4, "content": "Time ran: 0.06792306900024414", "important": false, "type": "Line"}, {"lineNumber": 5, "content": "", "important": false, "type": "Line"}, {"lineNumber": 6, "content": "INFO: Running with entropic power schedule (0xFF, 100).", "important": false, "type": "Line"}, {"lineNumber": 7, "content": "INFO: Seed: 994286456", "important": false, "type": "Line"}, {"lineNumber": 8, "content": "INFO: Loaded 1 modules   (102361 inline 8-bit counters): 102361 [0x1b2b1e8, 0x1b441c1),", "important": false, "type": "Line"}, {"lineNumber": 9, "content": "INFO: Loaded 1 PC tables (102361 PCs): 102361 [0x1b441c8,0x1cd3f58),", "important": false, "type": "Line"}, {"lineNumber": 10, "content": "/clusterfuzz/run_bot/clusterfuzz/bot/builds/freeimage_libfuzzer_msan/custom/load_from_memory_fuzzer: Running 1 inputs 100 time(s) each.", "important": false, "type": "Line"}, {"lineNumber": 11, "content": "Running: /clusterfuzz/run_bot/clusterfuzz/bot/inputs/fuzzer-testcases/afce11548f936582c39a36b70893ea945e6b4b0d3255bfef95601890afd80709", "important": false, "type": "Line"}, {"lineNumber": 12, "content": "==3938==WARNING: MemorySanitizer: use-of-uninitialized-value", "important": false, "type": "Line"}, {"lineNumber": 13, "content": "    #0 0x5bba6a in Validate(FreeImageIO*, void*) /src/freeimage-svn/FreeImage/trunk/Source/FreeImage/PluginICO.cpp:210:40", "important": true, "type": "Line"}, {"lineNumber": 14, "content": "    #1 0x569afc in FreeImage_ValidateFIF /src/freeimage-svn/FreeImage/trunk/Source/FreeImage/Plugin.cpp:811:95", "important": true, "type": "Line"}, {"lineNumber": 15, "content": "    #2 0x54bffd in FreeImage_GetFileTypeFromHandle /src/freeimage-svn/FreeImage/trunk/Source/FreeImage/GetType.cpp:43:8", "important": false, "type": "Line"}, {"lineNumber": 16, "content": "    #3 0x54bffd in FreeImage_GetFileTypeFromMemory /src/freeimage-svn/FreeImage/trunk/Source/FreeImage/GetType.cpp:109:10", "important": true, "type": "Line"}, {"lineNumber": 17, "content": "    #4 0x52e004 in LLVMFuzzerTestOneInput /src/load_from_memory_fuzzer.cc:33:27", "important": false, "type": "Line"}, {"lineNumber": 18, "content": "    #5 0x45bae3 in fuzzer::Fuzzer::ExecuteCallback(unsigned char const*, unsigned long) cxa_noexception.cpp:0", "important": false, "type": "Line"}, {"lineNumber": 19, "content": "    #6 0x4473f2 in fuzzer::RunOneTest(fuzzer::Fuzzer*, char const*, unsigned long) /src/llvm-project/compiler-rt/lib/fuzzer/FuzzerDriver.cpp:324:6", "important": false, "type": "Line"}, {"lineNumber": 20, "content": "    #7 0x44ceba in fuzzer::FuzzerDriver(int*, char***, int (*)(unsigned char const*, unsigned long)) cxa_noexception.cpp:0", "important": false, "type": "Line"}, {"lineNumber": 21, "content": "    #8 0x475de2 in main /src/llvm-project/compiler-rt/lib/fuzzer/FuzzerMain.cpp:20:10", "important": false, "type": "Line"}, {"lineNumber": 22, "content": "    #9 0x7f2b41c280b2 in __libc_start_main", "important": false, "type": "Line"}, {"lineNumber": 23, "content": "    #10 0x42467d in _start", "important": false, "type": "Line"}, {"lineNumber": 24, "content": "", "important": false, "type": "Line"}, {"lineNumber": 25, "content": "  Uninitialized value was created by an allocation of &#x27;icon_header&#x27; in the stack frame of function &#x27;_ZL8ValidateP11FreeImageIOPv&#x27;", "important": true, "type": "Line"}, {"lineNumber": 26, "content": "    #0 0x5bb7c0 in Validate(FreeImageIO*, void*) /src/freeimage-svn/FreeImage/trunk/Source/FreeImage/PluginICO.cpp:202", "important": true, "type": "Line"}, {"lineNumber": 27, "content": "", "important": false, "type": "Line"}, {"lineNumber": 28, "content": "SUMMARY: MemorySanitizer: use-of-uninitialized-value (/clusterfuzz/run_bot/clusterfuzz/bot/builds/freeimage_libfuzzer_msan/custom/load_from_memory_fuzzer+0x5bba6a)", "important": false, "type": "Line"}, {"lineNumber": 29, "content": "Exiting", "important": false, "type": "Line"}, {"lineNumber": 30, "content": "", "important": false, "type": "Line"}, {"lineNumber": 31, "content": "", "important": false, "type": "Line"}, {"lineNumber": 32, "content": "+----------------------------------------Release Build Unsymbolized Stacktrace (diff)----------------------------------------+", "important": false, "type": "Line"}, {"lineNumber": 33, "content": "", "important": false, "type": "Line"}, {"lineNumber": 34, "content": "Running: /clusterfuzz/run_bot/clusterfuzz/bot/inputs/fuzzer-testcases/afce11548f936582c39a36b70893ea945e6b4b0d3255bfef95601890afd80709", "important": false, "type": "Line"}, {"lineNumber": 35, "content": "==3938==WARNING: MemorySanitizer: use-of-uninitialized-value", "important": false, "type": "Line"}, {"lineNumber": 36, "content": "    #0 0x5bba6a  (/clusterfuzz/run_bot/clusterfuzz/bot/builds/freeimage_libfuzzer_msan/custom/load_from_memory_fuzzer+0x5bba6a)", "important": false, "type": "Line"}, {"lineNumber": 37, "content": "    #1 0x569afc  (/clusterfuzz/run_bot/clusterfuzz/bot/builds/freeimage_libfuzzer_msan/custom/load_from_memory_fuzzer+0x569afc)", "important": false, "type": "Line"}, {"lineNumber": 38, "content": "    #2 0x54bffd  (/clusterfuzz/run_bot/clusterfuzz/bot/builds/freeimage_libfuzzer_msan/custom/load_from_memory_fuzzer+0x54bffd)", "important": false, "type": "Line"}, {"lineNumber": 39, "content": "    #3 0x52e004  (/clusterfuzz/run_bot/clusterfuzz/bot/builds/freeimage_libfuzzer_msan/custom/load_from_memory_fuzzer+0x52e004)", "important": false, "type": "Line"}, {"lineNumber": 40, "content": "    #4 0x45bae3  (/clusterfuzz/run_bot/clusterfuzz/bot/builds/freeimage_libfuzzer_msan/custom/load_from_memory_fuzzer+0x45bae3)", "important": false, "type": "Line"}, {"lineNumber": 41, "content": "    #5 0x4473f2  (/clusterfuzz/run_bot/clusterfuzz/bot/builds/freeimage_libfuzzer_msan/custom/load_from_memory_fuzzer+0x4473f2)", "important": false, "type": "Line"}, {"lineNumber": 42, "content": "    #6 0x44ceba  (/clusterfuzz/run_bot/clusterfuzz/bot/builds/freeimage_libfuzzer_msan/custom/load_from_memory_fuzzer+0x44ceba)", "important": false, "type": "Line"}, {"lineNumber": 43, "content": "    #7 0x475de2  (/clusterfuzz/run_bot/clusterfuzz/bot/builds/freeimage_libfuzzer_msan/custom/load_from_memory_fuzzer+0x475de2)", "important": false, "type": "Line"}, {"lineNumber": 44, "content": "    #8 0x7f2b41c280b2  (/lib/x86_64-linux-gnu/libc.so.6+0x270b2)", "important": false, "type": "Line"}, {"lineNumber": 45, "content": "    #9 0x42467d  (/clusterfuzz/run_bot/clusterfuzz/bot/builds/freeimage_libfuzzer_msan/custom/load_from_memory_fuzzer+0x42467d)", "important": false, "type": "Line"}, {"lineNumber": 46, "content": "", "important": false, "type": "Line"}, {"lineNumber": 47, "content": "  Uninitialized value was created by an allocation of &#x27;icon_header&#x27; in the stack frame of function &#x27;_ZL8ValidateP11FreeImageIOPv&#x27;", "important": true, "type": "Line"}, {"lineNumber": 48, "content": "    #0 0x5bb7c0  (/clusterfuzz/run_bot/clusterfuzz/bot/builds/freeimage_libfuzzer_msan/custom/load_from_memory_fuzzer+0x5bb7c0)", "important": false, "type": "Line"}], "revision": "1"}, "last_tested_crash_stacktrace": {"lines": [{"lineNumber": 1, "content": "[Environment] MSAN_OPTIONS=exitcode=77", "important": false, "type": "Line"}, {"lineNumber": 2, "content": "+----------------------------------------Release Build Stacktrace----------------------------------------+", "important": false, "type": "Line"}, {"lineNumber": 3, "content": "Command: /clusterfuzz/run_bot/clusterfuzz/bot/builds/freeimage_libfuzzer_msan/custom/load_from_memory_fuzzer -rss_limit_mb=2560 -timeout=60 -runs=100 /clusterfuzz/run_bot/clusterfuzz/bot/inputs/fuzzer-testcases/crash-da39a3ee5e6b4b0d3255bfef95601890afd80709", "important": false, "type": "Line"}, {"lineNumber": 4, "content": "Time ran: 0.030186891555786133", "important": false, "type": "Line"}, {"lineNumber": 5, "content": "", "important": false, "type": "Line"}, {"lineNumber": 6, "content": "INFO: Running with entropic power schedule (0xFF, 100).", "important": false, "type": "Line"}, {"lineNumber": 7, "content": "INFO: Seed: 1701939509", "important": false, "type": "Line"}, {"lineNumber": 8, "content": "INFO: Loaded 1 modules   (102361 inline 8-bit counters): 102361 [0x1b2b1e8, 0x1b441c1),", "important": false, "type": "Line"}, {"lineNumber": 9, "content": "INFO: Loaded 1 PC tables (102361 PCs): 102361 [0x1b441c8,0x1cd3f58),", "important": false, "type": "Line"}, {"lineNumber": 10, "content": "/clusterfuzz/run_bot/clusterfuzz/bot/builds/freeimage_libfuzzer_msan/custom/load_from_memory_fuzzer: Running 1 inputs 100 time(s) each.", "important": false, "type": "Line"}, {"lineNumber": 11, "content": "Running: /clusterfuzz/run_bot/clusterfuzz/bot/inputs/fuzzer-testcases/crash-da39a3ee5e6b4b0d3255bfef95601890afd80709", "important": false, "type": "Line"}, {"lineNumber": 12, "content": "==199580==WARNING: MemorySanitizer: use-of-uninitialized-value", "important": false, "type": "Line"}, {"lineNumber": 13, "content": "    #0 0x5bba6a in Validate(FreeImageIO*, void*) /src/freeimage-svn/FreeImage/trunk/Source/FreeImage/PluginICO.cpp:210:40", "important": true, "type": "Line"}, {"lineNumber": 14, "content": "    #1 0x569afc in FreeImage_ValidateFIF /src/freeimage-svn/FreeImage/trunk/Source/FreeImage/Plugin.cpp:811:95", "important": true, "type": "Line"}, {"lineNumber": 15, "content": "    #2 0x54bffd in FreeImage_GetFileTypeFromHandle /src/freeimage-svn/FreeImage/trunk/Source/FreeImage/GetType.cpp:43:8", "important": false, "type": "Line"}, {"lineNumber": 16, "content": "    #3 0x54bffd in FreeImage_GetFileTypeFromMemory /src/freeimage-svn/FreeImage/trunk/Source/FreeImage/GetType.cpp:109:10", "important": true, "type": "Line"}, {"lineNumber": 17, "content": "    #4 0x52e004 in LLVMFuzzerTestOneInput /src/load_from_memory_fuzzer.cc:33:27", "important": false, "type": "Line"}, {"lineNumber": 18, "content": "    #5 0x45bae3 in fuzzer::Fuzzer::ExecuteCallback(unsigned char const*, unsigned long) cxa_noexception.cpp:0", "important": false, "type": "Line"}, {"lineNumber": 19, "content": "    #6 0x4473f2 in fuzzer::RunOneTest(fuzzer::Fuzzer*, char const*, unsigned long) /src/llvm-project/compiler-rt/lib/fuzzer/FuzzerDriver.cpp:324:6", "important": false, "type": "Line"}, {"lineNumber": 20, "content": "    #7 0x44ceba in fuzzer::FuzzerDriver(int*, char***, int (*)(unsigned char const*, unsigned long)) cxa_noexception.cpp:0", "important": false, "type": "Line"}, {"lineNumber": 21, "content": "    #8 0x475de2 in main /src/llvm-project/compiler-rt/lib/fuzzer/FuzzerMain.cpp:20:10", "important": false, "type": "Line"}, {"lineNumber": 22, "content": "    #9 0x7fe146d8c0b2 in __libc_start_main", "important": false, "type": "Line"}, {"lineNumber": 23, "content": "    #10 0x42467d in _start", "important": false, "type": "Line"}, {"lineNumber": 24, "content": "", "important": false, "type": "Line"}, {"lineNumber": 25, "content": "  Uninitialized value was created by an allocation of &#x27;icon_header&#x27; in the stack frame of function &#x27;_ZL8ValidateP11FreeImageIOPv&#x27;", "important": true, "type": "Line"}, {"lineNumber": 26, "content": "    #0 0x5bb7c0 in Validate(FreeImageIO*, void*) /src/freeimage-svn/FreeImage/trunk/Source/FreeImage/PluginICO.cpp:202", "important": true, "type": "Line"}, {"lineNumber": 27, "content": "", "important": false, "type": "Line"}, {"lineNumber": 28, "content": "SUMMARY: MemorySanitizer: use-of-uninitialized-value (/clusterfuzz/run_bot/clusterfuzz/bot/builds/freeimage_libfuzzer_msan/custom/load_from_memory_fuzzer+0x5bba6a)", "important": false, "type": "Line"}, {"lineNumber": 29, "content": "Exiting", "important": false, "type": "Line"}, {"lineNumber": 30, "content": "", "important": false, "type": "Line"}, {"lineNumber": 31, "content": "", "important": false, "type": "Line"}, {"lineNumber": 32, "content": "+----------------------------------------Release Build Unsymbolized Stacktrace (diff)----------------------------------------+", "important": false, "type": "Line"}, {"lineNumber": 33, "content": "", "important": false, "type": "Line"}, {"lineNumber": 34, "content": "Running: /clusterfuzz/run_bot/clusterfuzz/bot/inputs/fuzzer-testcases/crash-da39a3ee5e6b4b0d3255bfef95601890afd80709", "important": false, "type": "Line"}, {"lineNumber": 35, "content": "==199580==WARNING: MemorySanitizer: use-of-uninitialized-value", "important": false, "type": "Line"}, {"lineNumber": 36, "content": "    #0 0x5bba6a  (/clusterfuzz/run_bot/clusterfuzz/bot/builds/freeimage_libfuzzer_msan/custom/load_from_memory_fuzzer+0x5bba6a)", "important": false, "type": "Line"}, {"lineNumber": 37, "content": "    #1 0x569afc  (/clusterfuzz/run_bot/clusterfuzz/bot/builds/freeimage_libfuzzer_msan/custom/load_from_memory_fuzzer+0x569afc)", "important": false, "type": "Line"}, {"lineNumber": 38, "content": "    #2 0x54bffd  (/clusterfuzz/run_bot/clusterfuzz/bot/builds/freeimage_libfuzzer_msan/custom/load_from_memory_fuzzer+0x54bffd)", "important": false, "type": "Line"}, {"lineNumber": 39, "content": "    #3 0x52e004  (/clusterfuzz/run_bot/clusterfuzz/bot/builds/freeimage_libfuzzer_msan/custom/load_from_memory_fuzzer+0x52e004)", "important": false, "type": "Line"}, {"lineNumber": 40, "content": "    #4 0x45bae3  (/clusterfuzz/run_bot/clusterfuzz/bot/builds/freeimage_libfuzzer_msan/custom/load_from_memory_fuzzer+0x45bae3)", "important": false, "type": "Line"}, {"lineNumber": 41, "content": "    #5 0x4473f2  (/clusterfuzz/run_bot/clusterfuzz/bot/builds/freeimage_libfuzzer_msan/custom/load_from_memory_fuzzer+0x4473f2)", "important": false, "type": "Line"}, {"lineNumber": 42, "content": "    #6 0x44ceba  (/clusterfuzz/run_bot/clusterfuzz/bot/builds/freeimage_libfuzzer_msan/custom/load_from_memory_fuzzer+0x44ceba)", "important": false, "type": "Line"}, {"lineNumber": 43, "content": "    #7 0x475de2  (/clusterfuzz/run_bot/clusterfuzz/bot/builds/freeimage_libfuzzer_msan/custom/load_from_memory_fuzzer+0x475de2)", "important": false, "type": "Line"}, {"lineNumber": 44, "content": "    #8 0x7fe146d8c0b2  (/lib/x86_64-linux-gnu/libc.so.6+0x270b2)", "important": false, "type": "Line"}, {"lineNumber": 45, "content": "    #9 0x42467d  (/clusterfuzz/run_bot/clusterfuzz/bot/builds/freeimage_libfuzzer_msan/custom/load_from_memory_fuzzer+0x42467d)", "important": false, "type": "Line"}, {"lineNumber": 46, "content": "", "important": false, "type": "Line"}, {"lineNumber": 47, "content": "  Uninitialized value was created by an allocation of &#x27;icon_header&#x27; in the stack frame of function &#x27;_ZL8ValidateP11FreeImageIOPv&#x27;", "important": true, "type": "Line"}, {"lineNumber": 48, "content": "    #0 0x5bb7c0  (/clusterfuzz/run_bot/clusterfuzz/bot/builds/freeimage_libfuzzer_msan/custom/load_from_memory_fuzzer+0x5bb7c0)", "important": false, "type": "Line"}], "revision": null}, "security_severity": "Medium", "security_severities": [{"value": 0, "name": "Critical"}, {"value": 1, "name": "High", "default": true}, {"value": 2, "name": "Medium"}, {"value": 3, "name": "Low"}, {"value": 4, "name": "Missing"}], "stats": {"min_hour": 1, "max_hour": 1}, "suspected_cls": null, "testcase": {"absolute_path": "/clusterfuzz/run_bot/clusterfuzz/bot/inputs/fuzzer-testcases/crash-da39a3ee5e6b4b0d3255bfef95601890afd80709", "additional_metadata": "{\"build_key\": \"3f3bf9c6-ea7c-4fed-8231-c14cc193962b\", \"env\": {\"MSAN_OPTIONS\": {}}, \"fuzzer_binary_name\": \"load_from_memory_fuzzer\", \"fuzzing_strategies\": {\"mutator_plugin_radamsa\": 1}, \"last_tested_crash_revision\": null, \"last_tested_crash_time\": {\"__type__\": \"datetime\", \"day\": 30, \"hour\": 0, \"microsecond\": 594537, \"minute\": 11, \"month\": 11, \"second\": 17, \"year\": 2021}, \"last_tested_revision\": null}", "archive_filename": null, "archive_state": 0, "binary_flag": false, "bug_indices": [], "bug_information": "", "comments": "[2021-11-28 12:06:38 UTC] comput3-20211128-14:48: Fuzz task : Fuzzer libFuzzer_load_from_memory_fuzzer generated testcase crashed in 0 seconds (r1).\n[2021-11-28 12:10:28 UTC] snode9-20211128-16:47: Minimize task started.\n[2021-11-28 12:12:01 UTC] snode9-20211128-16:47: Minimize task finished.\n[2021-11-30 00:09:57 UTC] login1-20211128-14:48: Progression task started.\n[2021-11-30 00:11:17 UTC] login1-20211128-14:48: Progression task finished: still crashes on latest custom build.\n", "crash_address": "", "crash_revision": 1, "crash_stacktrace": "[Environment] MSAN_OPTIONS=exitcode=77\n+----------------------------------------Release Build Stacktrace----------------------------------------+\nCommand: /clusterfuzz/run_bot/clusterfuzz/bot/builds/freeimage_libfuzzer_msan/custom/load_from_memory_fuzzer -rss_limit_mb=2560 -timeout=60 -runs=100 /clusterfuzz/run_bot/clusterfuzz/bot/inputs/fuzzer-testcases/afce11548f936582c39a36b70893ea945e6b4b0d3255bfef95601890afd80709\nTime ran: 0.06792306900024414\n\nINFO: Running with entropic power schedule (0xFF, 100).\nINFO: Seed: 994286456\nINFO: Loaded 1 modules   (102361 inline 8-bit counters): 102361 [0x1b2b1e8, 0x1b441c1),\nINFO: Loaded 1 PC tables (102361 PCs): 102361 [0x1b441c8,0x1cd3f58),\n/clusterfuzz/run_bot/clusterfuzz/bot/builds/freeimage_libfuzzer_msan/custom/load_from_memory_fuzzer: Running 1 inputs 100 time(s) each.\nRunning: /clusterfuzz/run_bot/clusterfuzz/bot/inputs/fuzzer-testcases/afce11548f936582c39a36b70893ea945e6b4b0d3255bfef95601890afd80709\n==3938==WARNING: MemorySanitizer: use-of-uninitialized-value\n    #0 0x5bba6a in Validate(FreeImageIO*, void*) /src/freeimage-svn/FreeImage/trunk/Source/FreeImage/PluginICO.cpp:210:40\n    #1 0x569afc in FreeImage_ValidateFIF /src/freeimage-svn/FreeImage/trunk/Source/FreeImage/Plugin.cpp:811:95\n    #2 0x54bffd in FreeImage_GetFileTypeFromHandle /src/freeimage-svn/FreeImage/trunk/Source/FreeImage/GetType.cpp:43:8\n    #3 0x54bffd in FreeImage_GetFileTypeFromMemory /src/freeimage-svn/FreeImage/trunk/Source/FreeImage/GetType.cpp:109:10\n    #4 0x52e004 in LLVMFuzzerTestOneInput /src/load_from_memory_fuzzer.cc:33:27\n    #5 0x45bae3 in fuzzer::Fuzzer::ExecuteCallback(unsigned char const*, unsigned long) cxa_noexception.cpp:0\n    #6 0x4473f2 in fuzzer::RunOneTest(fuzzer::Fuzzer*, char const*, unsigned long) /src/llvm-project/compiler-rt/lib/fuzzer/FuzzerDriver.cpp:324:6\n    #7 0x44ceba in fuzzer::FuzzerDriver(int*, char***, int (*)(unsigned char const*, unsigned long)) cxa_noexception.cpp:0\n    #8 0x475de2 in main /src/llvm-project/compiler-rt/lib/fuzzer/FuzzerMain.cpp:20:10\n    #9 0x7f2b41c280b2 in __libc_start_main\n    #10 0x42467d in _start\n\n  Uninitialized value was created by an allocation of 'icon_header' in the stack frame of function '_ZL8ValidateP11FreeImageIOPv'\n    #0 0x5bb7c0 in Validate(FreeImageIO*, void*) /src/freeimage-svn/FreeImage/trunk/Source/FreeImage/PluginICO.cpp:202\n\nSUMMARY: MemorySanitizer: use-of-uninitialized-value (/clusterfuzz/run_bot/clusterfuzz/bot/builds/freeimage_libfuzzer_msan/custom/load_from_memory_fuzzer+0x5bba6a)\nExiting\n\n\n+----------------------------------------Release Build Unsymbolized Stacktrace (diff)----------------------------------------+\n\nRunning: /clusterfuzz/run_bot/clusterfuzz/bot/inputs/fuzzer-testcases/afce11548f936582c39a36b70893ea945e6b4b0d3255bfef95601890afd80709\n==3938==WARNING: MemorySanitizer: use-of-uninitialized-value\n    #0 0x5bba6a  (/clusterfuzz/run_bot/clusterfuzz/bot/builds/freeimage_libfuzzer_msan/custom/load_from_memory_fuzzer+0x5bba6a)\n    #1 0x569afc  (/clusterfuzz/run_bot/clusterfuzz/bot/builds/freeimage_libfuzzer_msan/custom/load_from_memory_fuzzer+0x569afc)\n    #2 0x54bffd  (/clusterfuzz/run_bot/clusterfuzz/bot/builds/freeimage_libfuzzer_msan/custom/load_from_memory_fuzzer+0x54bffd)\n    #3 0x52e004  (/clusterfuzz/run_bot/clusterfuzz/bot/builds/freeimage_libfuzzer_msan/custom/load_from_memory_fuzzer+0x52e004)\n    #4 0x45bae3  (/clusterfuzz/run_bot/clusterfuzz/bot/builds/freeimage_libfuzzer_msan/custom/load_from_memory_fuzzer+0x45bae3)\n    #5 0x4473f2  (/clusterfuzz/run_bot/clusterfuzz/bot/builds/freeimage_libfuzzer_msan/custom/load_from_memory_fuzzer+0x4473f2)\n    #6 0x44ceba  (/clusterfuzz/run_bot/clusterfuzz/bot/builds/freeimage_libfuzzer_msan/custom/load_from_memory_fuzzer+0x44ceba)\n    #7 0x475de2  (/clusterfuzz/run_bot/clusterfuzz/bot/builds/freeimage_libfuzzer_msan/custom/load_from_memory_fuzzer+0x475de2)\n    #8 0x7f2b41c280b2  (/lib/x86_64-linux-gnu/libc.so.6+0x270b2)\n    #9 0x42467d  (/clusterfuzz/run_bot/clusterfuzz/bot/builds/freeimage_libfuzzer_msan/custom/load_from_memory_fuzzer+0x42467d)\n\n  Uninitialized value was created by an allocation of 'icon_header' in the stack frame of function '_ZL8ValidateP11FreeImageIOPv'\n    #0 0x5bb7c0  (/clusterfuzz/run_bot/clusterfuzz/bot/builds/freeimage_libfuzzer_msan/custom/load_from_memory_fuzzer+0x5bb7c0)\n", "crash_state": "Validate\nFreeImage_ValidateFIF\nFreeImage_GetFileTypeFromMemory\n", "crash_type": "Use-of-uninitialized-value", "disable_ubsan": false, "duplicate_of": null, "fixed": "", "flaky_stack": false, "fuzzed_keys": "fc30bc56-6132-4229-ba7a-9b25aec268b0", "fuzzer_name": "libFuzzer", "fuzzer_name_indices": ["libFuzzer_load_from_memory_fuzzer", "libFuzzer"], "gestures": [], "group_bug_information": 0, "group_id": 0, "has_bug_flag": false, "http_flag": false, "impact_beta_version": null, "impact_beta_version_indices": [], "impact_beta_version_likely": false, "impact_extended_stable_version": null, "impact_extended_stable_version_indices": [], "impact_extended_stable_version_likely": false, "impact_head_version": null, "impact_head_version_indices": [], "impact_head_version_likely": null, "impact_indices": [], "impact_stable_version": null, "impact_stable_version_indices": [], "impact_stable_version_likely": false, "impact_version_indices": [], "is_a_duplicate_flag": false, "is_impact_set_flag": false, "is_leader": true, "job_type": "freeimage_libfuzzer_msan", "keywords": ["libfuzzer_load_from_memory", "from_memory", "getfiletypefrommemory", "use-of", "freeimage_getfiletype", "fuzzer_load", "libfuzzer_load_from", "image_validate", "freeimage_get", "use-of-uninitialized", "freeimage_libfuzzer_msan", "use-of-uninitialized-value", "freeimage_getfiletypefrommemory", "getfiletypefrom", "fuzzer", "from", "load_from", "getfile", "image_validatefif", "fuzzer_load_from_memory", "of-uninitialized-value", "type", "use", "filetypefrom", "image_get", "file", "from_memory_fuzzer", "freeimage_validate", "image", "uninitialized", "frommemory", "value", "of-uninitialized", "of", "filetypefrommemory", "get", "image_getfiletypefrom", "freeimage_getfiletypefrom", "validatefif", "memory_fuzzer", "image_getfiletype", "libfuzzer_load", "libfuzzer_load_from_memory_fuzzer", "fif", "getfiletype", "freeimage_libfuzzer", "free", "image_getfile", "freeimage_getfile", "fuzzer_load_from", "memory", "linux", "validate", "filetype", "uninitialized-value", "load_from_memory_fuzzer", "typefrom", "load_from_memory", "typefrommemory", "fuzzer_load_from_memory_fuzzer", "image_getfiletypefrommemory", "libfuzzer_msan", "libfuzzer", "msan", "freeimage_validatefif", "lib", "load", "freeimage"], "last_tested_crash_stacktrace": "[Environment] MSAN_OPTIONS=exitcode=77\n+----------------------------------------Release Build Stacktrace----------------------------------------+\nCommand: /clusterfuzz/run_bot/clusterfuzz/bot/builds/freeimage_libfuzzer_msan/custom/load_from_memory_fuzzer -rss_limit_mb=2560 -timeout=60 -runs=100 /clusterfuzz/run_bot/clusterfuzz/bot/inputs/fuzzer-testcases/crash-da39a3ee5e6b4b0d3255bfef95601890afd80709\nTime ran: 0.030186891555786133\n\nINFO: Running with entropic power schedule (0xFF, 100).\nINFO: Seed: 1701939509\nINFO: Loaded 1 modules   (102361 inline 8-bit counters): 102361 [0x1b2b1e8, 0x1b441c1),\nINFO: Loaded 1 PC tables (102361 PCs): 102361 [0x1b441c8,0x1cd3f58),\n/clusterfuzz/run_bot/clusterfuzz/bot/builds/freeimage_libfuzzer_msan/custom/load_from_memory_fuzzer: Running 1 inputs 100 time(s) each.\nRunning: /clusterfuzz/run_bot/clusterfuzz/bot/inputs/fuzzer-testcases/crash-da39a3ee5e6b4b0d3255bfef95601890afd80709\n==199580==WARNING: MemorySanitizer: use-of-uninitialized-value\n    #0 0x5bba6a in Validate(FreeImageIO*, void*) /src/freeimage-svn/FreeImage/trunk/Source/FreeImage/PluginICO.cpp:210:40\n    #1 0x569afc in FreeImage_ValidateFIF /src/freeimage-svn/FreeImage/trunk/Source/FreeImage/Plugin.cpp:811:95\n    #2 0x54bffd in FreeImage_GetFileTypeFromHandle /src/freeimage-svn/FreeImage/trunk/Source/FreeImage/GetType.cpp:43:8\n    #3 0x54bffd in FreeImage_GetFileTypeFromMemory /src/freeimage-svn/FreeImage/trunk/Source/FreeImage/GetType.cpp:109:10\n    #4 0x52e004 in LLVMFuzzerTestOneInput /src/load_from_memory_fuzzer.cc:33:27\n    #5 0x45bae3 in fuzzer::Fuzzer::ExecuteCallback(unsigned char const*, unsigned long) cxa_noexception.cpp:0\n    #6 0x4473f2 in fuzzer::RunOneTest(fuzzer::Fuzzer*, char const*, unsigned long) /src/llvm-project/compiler-rt/lib/fuzzer/FuzzerDriver.cpp:324:6\n    #7 0x44ceba in fuzzer::FuzzerDriver(int*, char***, int (*)(unsigned char const*, unsigned long)) cxa_noexception.cpp:0\n    #8 0x475de2 in main /src/llvm-project/compiler-rt/lib/fuzzer/FuzzerMain.cpp:20:10\n    #9 0x7fe146d8c0b2 in __libc_start_main\n    #10 0x42467d in _start\n\n  Uninitialized value was created by an allocation of 'icon_header' in the stack frame of function '_ZL8ValidateP11FreeImageIOPv'\n    #0 0x5bb7c0 in Validate(FreeImageIO*, void*) /src/freeimage-svn/FreeImage/trunk/Source/FreeImage/PluginICO.cpp:202\n\nSUMMARY: MemorySanitizer: use-of-uninitialized-value (/clusterfuzz/run_bot/clusterfuzz/bot/builds/freeimage_libfuzzer_msan/custom/load_from_memory_fuzzer+0x5bba6a)\nExiting\n\n\n+----------------------------------------Release Build Unsymbolized Stacktrace (diff)----------------------------------------+\n\nRunning: /clusterfuzz/run_bot/clusterfuzz/bot/inputs/fuzzer-testcases/crash-da39a3ee5e6b4b0d3255bfef95601890afd80709\n==199580==WARNING: MemorySanitizer: use-of-uninitialized-value\n    #0 0x5bba6a  (/clusterfuzz/run_bot/clusterfuzz/bot/builds/freeimage_libfuzzer_msan/custom/load_from_memory_fuzzer+0x5bba6a)\n    #1 0x569afc  (/clusterfuzz/run_bot/clusterfuzz/bot/builds/freeimage_libfuzzer_msan/custom/load_from_memory_fuzzer+0x569afc)\n    #2 0x54bffd  (/clusterfuzz/run_bot/clusterfuzz/bot/builds/freeimage_libfuzzer_msan/custom/load_from_memory_fuzzer+0x54bffd)\n    #3 0x52e004  (/clusterfuzz/run_bot/clusterfuzz/bot/builds/freeimage_libfuzzer_msan/custom/load_from_memory_fuzzer+0x52e004)\n    #4 0x45bae3  (/clusterfuzz/run_bot/clusterfuzz/bot/builds/freeimage_libfuzzer_msan/custom/load_from_memory_fuzzer+0x45bae3)\n    #5 0x4473f2  (/clusterfuzz/run_bot/clusterfuzz/bot/builds/freeimage_libfuzzer_msan/custom/load_from_memory_fuzzer+0x4473f2)\n    #6 0x44ceba  (/clusterfuzz/run_bot/clusterfuzz/bot/builds/freeimage_libfuzzer_msan/custom/load_from_memory_fuzzer+0x44ceba)\n    #7 0x475de2  (/clusterfuzz/run_bot/clusterfuzz/bot/builds/freeimage_libfuzzer_msan/custom/load_from_memory_fuzzer+0x475de2)\n    #8 0x7fe146d8c0b2  (/lib/x86_64-linux-gnu/libc.so.6+0x270b2)\n    #9 0x42467d  (/clusterfuzz/run_bot/clusterfuzz/bot/builds/freeimage_libfuzzer_msan/custom/load_from_memory_fuzzer+0x42467d)\n\n  Uninitialized value was created by an allocation of 'icon_header' in the stack frame of function '_ZL8ValidateP11FreeImageIOPv'\n    #0 0x5bb7c0  (/clusterfuzz/run_bot/clusterfuzz/bot/builds/freeimage_libfuzzer_msan/custom/load_from_memory_fuzzer+0x5bb7c0)\n", "minidump_keys": "", "minimized_arguments": "-rss_limit_mb=2560 -timeout=60", "minimized_keys": "49c74e73-6660-4e9c-a694-7a24c84cee49", "one_time_crasher_flag": false, "open": true, "overridden_fuzzer_name": "libFuzzer_load_from_memory_fuzzer", "platform": "linux", "platform_id": "linux", "project_name": "test-project", "queue": "jobs-linux", "redzone": 128, "regression": "NA", "security_flag": true, "security_severity": 2, "status": "Processed", "symbolized": false, "timeout_multiplier": 1.0, "timestamp": 1638101198, "triaged": false, "uploader_email": null, "window_argument": "", "id": 2333}, "timestamp": 1638101198.936574, "show_blame": false, "show_impact": false, "impacts_production": false, "find_similar_issues_options": [{"type": "open", "label": "Open"}, {"type": "all", "label": "All"}], "auto_delete_timestamp": null, "auto_close_timestamp": null, "memory_tool_display_label": "Sanitizer", "memory_tool_display_value": "memory (MSAN)", "last_tested": "1:1 (No component revisions found!)", "is_admin_or_not_oss_fuzz": true, "has_issue_tracker": false, "reproduction_help_url": "", "is_local_development": true, "fuzzer_display": {"engine": "libFuzzer", "target": "load_from_memory_fuzzer", "name": "libFuzzer", "fully_qualified_name": "libFuzzer_load_from_memory_fuzzer"}}