{"id": 2338, "crash_type": "Heap-buffer-overflow READ 4", "crash_address": "0x60400006b0f4", "crash_state": "DoStuff\ndo_stuff_fuzzer.cpp\n", "crash_state_lines": ["DoStuff", "do_stuff_fuzzer.cpp"], "crash_revision": 1, "csrf_token": "D6S+cXG/eQvjQp1jhkN2Yfq5FoCaAiuUjD0oLthouNSAPb8xaAgWvNikB3AHnFnrgfWQIz/OKB4owWUbxHHo3A==", "external_user": false, "footer": "[2021-11-28 12:08:19 UTC] snode5-20211128-16:42: Fuzz task : Fuzzer honggfuzz_do_stuff_fuzzer generated testcase crashed in 9 seconds (r1).\n[2021-11-28 12:10:19 UTC] snode5-20211128-16:41: Minimize task started.\n[2021-11-28 12:11:37 UTC] snode5-20211128-16:41: Minimize task errored out: Engine does not support minimization.\n[2021-11-30 00:10:04 UTC] snode5-20211129-17:27: Progression task started.\n[2021-11-30 00:11:20 UTC] snode5-20211129-17:27: Progression task finished: still crashes on latest custom build.\n", "formatted_reproduction_help": "", "fixed": "NO", "fixed_full": null, "issue_url": null, "is_admin": true, "metadata": {"build_key": "370fb5ec-d067-499b-bfac-a6b3348bcd2c", "fuzzer_binary_name": "do_stuff_fuzzer", "last_tested_crash_revision": null, "last_tested_crash_time": 1638231080, "last_tested_revision": null}, "minimized_testcase_size": "7 KB", "needs_refresh": false, "original_testcase_size": "7 KB", "privileged_user": true, "regression": "NA", "crash_stacktrace": {"lines": [{"lineNumber": 1, "content": "[Environment] ASAN_OPTIONS=alloc_dealloc_mismatch=0:allocator_may_return_null=1:allocator_release_to_os_interval_ms=500:allow_user_segv_handler=0:check_malloc_usable_size=0:detect_leaks=1:detect_odr_violation=0:detect_stack_use_after_return=1:fast_unwind_on_fatal=0:handle_abort=2:handle_segv=2:handle_sigbus=2:handle_sigfpe=2:handle_sigill=2:max_uar_stack_size_log=16:print_scariness=1:print_summary=1:print_suppressions=0:quarantine_size_mb=64:redzone=32:strict_memcmp=1:symbolize=0:use_sigaltstack=1", "important": false, "type": "Line"}, {"lineNumber": 2, "content": "+----------------------------------------Release Build Stacktrace----------------------------------------+", "important": false, "type": "Line"}, {"lineNumber": 3, "content": "=================================================================", "important": false, "type": "Line"}, {"lineNumber": 4, "content": "==3853==ERROR: AddressSanitizer: heap-buffer-overflow on address 0x60400006b0f4 at pc 0x0000004d87b7 bp 0x7fffffffcdc0 sp 0x7fffffffcdb8", "important": false, "type": "Line"}, {"lineNumber": 5, "content": "READ of size 4 at 0x60400006b0f4 thread T0", "important": false, "type": "Line"}, {"lineNumber": 6, "content": "SCARINESS: 17 (4-byte-read-heap-buffer-overflow)", "important": false, "type": "Line"}, {"lineNumber": 7, "content": "    #0 0x4d87b6 in DoStuff(std::__1::basic_string&lt;char, std::__1::char_traits&lt;char&gt;, std::__1::allocator&lt;char&gt; &gt; const&amp;) /src/my-git-repo/projects/example/my-api-repo/my_api.cpp:24:10", "important": true, "type": "Line"}, {"lineNumber": 8, "content": "    #1 0x4d7d47 in LLVMFuzzerTestOneInput /src/my-git-repo/projects/example/my-api-repo/do_stuff_fuzzer.cpp:11:3", "important": true, "type": "Line"}, {"lineNumber": 9, "content": "    #2 0x4d8ece in main", "important": false, "type": "Line"}, {"lineNumber": 10, "content": "    #3 0x7ffff7c5b0b2 in __libc_start_main", "important": false, "type": "Line"}, {"lineNumber": 11, "content": "    #4 0x41d64d in _start", "important": false, "type": "Line"}, {"lineNumber": 12, "content": "", "important": false, "type": "Line"}, {"lineNumber": 13, "content": "0x60400006b0f4 is located 0 bytes to the right of 20-byte region [0x60400006b0e0,0x60400006b0f4)", "important": false, "type": "Line"}, {"lineNumber": 14, "content": "allocated by thread T0 here:", "important": false, "type": "Line"}, {"lineNumber": 15, "content": "    #0 0x4d556d in operator new(unsigned long) /src/llvm-project/compiler-rt/lib/asan/asan_new_delete.cpp:95:3", "important": false, "type": "Line"}, {"lineNumber": 16, "content": "    #1 0x4d7ff7 in __libcpp_operator_new&lt;unsigned long&gt; /usr/local/include/c++/v1/new:245:10", "important": false, "type": "Line"}, {"lineNumber": 17, "content": "    #2 0x4d7ff7 in __libcpp_allocate /usr/local/include/c++/v1/new:271:10", "important": false, "type": "Line"}, {"lineNumber": 18, "content": "    #3 0x4d7ff7 in allocate /usr/local/include/c++/v1/__memory/allocator.h:105:38", "important": false, "type": "Line"}, {"lineNumber": 19, "content": "    #4 0x4d7ff7 in allocate /usr/local/include/c++/v1/__memory/allocator_traits.h:262:20", "important": false, "type": "Line"}, {"lineNumber": 20, "content": "    #5 0x4d7ff7 in __vallocate /usr/local/include/c++/v1/vector:1000:37", "important": false, "type": "Line"}, {"lineNumber": 21, "content": "    #6 0x4d7ff7 in vector /usr/local/include/c++/v1/vector:1341:9", "important": false, "type": "Line"}, {"lineNumber": 22, "content": "    #7 0x4d7ff7 in DoStuff(std::__1::basic_string&lt;char, std::__1::char_traits&lt;char&gt;, std::__1::allocator&lt;char&gt; &gt; const&amp;) /src/my-git-repo/projects/example/my-api-repo/my_api.cpp:12:20", "important": true, "type": "Line"}, {"lineNumber": 23, "content": "    #8 0x4d7d47 in LLVMFuzzerTestOneInput /src/my-git-repo/projects/example/my-api-repo/do_stuff_fuzzer.cpp:11:3", "important": true, "type": "Line"}, {"lineNumber": 24, "content": "    #9 0x4d8ece in main", "important": false, "type": "Line"}, {"lineNumber": 25, "content": "", "important": false, "type": "Line"}, {"lineNumber": 26, "content": "SUMMARY: AddressSanitizer: heap-buffer-overflow (/clusterfuzz/run_bot/clusterfuzz/bot/builds/example_honggfuzz_asan/custom/do_stuff_fuzzer+0x4d87b6)", "important": false, "type": "Line"}, {"lineNumber": 27, "content": "Shadow bytes around the buggy address:", "important": false, "type": "Line"}, {"lineNumber": 28, "content": "  0x0c08800055c0: fa fa fa fa fd fd fd fa fa fa fa fa fd fd fd fa", "important": false, "type": "Line"}, {"lineNumber": 29, "content": "  0x0c08800055d0: fa fa fa fa fd fd fd fa fa fa fa fa fd fd fd fa", "important": false, "type": "Line"}, {"lineNumber": 30, "content": "  0x0c08800055e0: fa fa fa fa fd fd fd fa fa fa fa fa fd fd fd fa", "important": false, "type": "Line"}, {"lineNumber": 31, "content": "  0x0c08800055f0: fa fa fa fa fd fd fd fa fa fa fa fa fd fd fd fa", "important": false, "type": "Line"}, {"lineNumber": 32, "content": "  0x0c0880005600: fa fa fa fa fd fd fd fa fa fa fa fa fd fd fd fa", "important": false, "type": "Line"}, {"lineNumber": 33, "content": "=&gt;0x0c0880005610: fa fa fa fa fa fa fa fa fa fa fa fa 00 00[04]fa", "important": false, "type": "Line"}, {"lineNumber": 34, "content": "  0x0c0880005620: fa fa fa fa fa fa fa fa fa fa fa fa fa fa fa fa", "important": false, "type": "Line"}, {"lineNumber": 35, "content": "  0x0c0880005630: fa fa fa fa fa fa fa fa fa fa fa fa fa fa fa fa", "important": false, "type": "Line"}, {"lineNumber": 36, "content": "  0x0c0880005640: fa fa fa fa fa fa fa fa fa fa fa fa fa fa fa fa", "important": false, "type": "Line"}, {"lineNumber": 37, "content": "  0x0c0880005650: fa fa fa fa fa fa fa fa fa fa fa fa fa fa fa fa", "important": false, "type": "Line"}, {"lineNumber": 38, "content": "  0x0c0880005660: fa fa fa fa fa fa fa fa fa fa fa fa fa fa fa fa", "important": false, "type": "Line"}, {"lineNumber": 39, "content": "Shadow byte legend (one shadow byte represents 8 application bytes):", "important": false, "type": "Line"}, {"lineNumber": 40, "content": "  Addressable:           00", "important": false, "type": "Line"}, {"lineNumber": 41, "content": "  Partially addressable: 01 02 03 04 05 06 07", "important": false, "type": "Line"}, {"lineNumber": 42, "content": "  Heap left redzone:       fa", "important": false, "type": "Line"}, {"lineNumber": 43, "content": "  Freed heap region:       fd", "important": false, "type": "Line"}, {"lineNumber": 44, "content": "  Stack left redzone:      f1", "important": false, "type": "Line"}, {"lineNumber": 45, "content": "  Stack mid redzone:       f2", "important": false, "type": "Line"}, {"lineNumber": 46, "content": "  Stack right redzone:     f3", "important": false, "type": "Line"}, {"lineNumber": 47, "content": "  Stack after return:      f5", "important": false, "type": "Line"}, {"lineNumber": 48, "content": "  Stack use after scope:   f8", "important": false, "type": "Line"}, {"lineNumber": 49, "content": "  Global redzone:          f9", "important": false, "type": "Line"}, {"lineNumber": 50, "content": "  Global init order:       f6", "important": false, "type": "Line"}, {"lineNumber": 51, "content": "  Poisoned by user:        f7", "important": false, "type": "Line"}, {"lineNumber": 52, "content": "  Container overflow:      fc", "important": false, "type": "Line"}, {"lineNumber": 53, "content": "  Array cookie:            ac", "important": false, "type": "Line"}, {"lineNumber": 54, "content": "  Intra object redzone:    bb", "important": false, "type": "Line"}, {"lineNumber": 55, "content": "  ASan internal:           fe", "important": false, "type": "Line"}, {"lineNumber": 56, "content": "  Left alloca redzone:     ca", "important": false, "type": "Line"}, {"lineNumber": 57, "content": "  Right alloca redzone:    cb", "important": false, "type": "Line"}, {"lineNumber": 58, "content": "==3853==ABORTING", "important": false, "type": "Line"}, {"lineNumber": 59, "content": "", "important": false, "type": "Line"}, {"lineNumber": 60, "content": "", "important": false, "type": "Line"}, {"lineNumber": 61, "content": "+----------------------------------------Release Build Unsymbolized Stacktrace (diff)----------------------------------------+", "important": false, "type": "Line"}, {"lineNumber": 62, "content": "", "important": false, "type": "Line"}, {"lineNumber": 63, "content": "READ of size 4 at 0x60400006b0f4 thread T0", "important": false, "type": "Line"}, {"lineNumber": 64, "content": "SCARINESS: 17 (4-byte-read-heap-buffer-overflow)", "important": false, "type": "Line"}, {"lineNumber": 65, "content": "    #0 0x4d87b6  (/clusterfuzz/run_bot/clusterfuzz/bot/builds/example_honggfuzz_asan/custom/do_stuff_fuzzer+0x4d87b6)", "important": false, "type": "Line"}, {"lineNumber": 66, "content": "    #1 0x4d7d47  (/clusterfuzz/run_bot/clusterfuzz/bot/builds/example_honggfuzz_asan/custom/do_stuff_fuzzer+0x4d7d47)", "important": false, "type": "Line"}, {"lineNumber": 67, "content": "    #2 0x4d8ece  (/clusterfuzz/run_bot/clusterfuzz/bot/builds/example_honggfuzz_asan/custom/do_stuff_fuzzer+0x4d8ece)", "important": false, "type": "Line"}, {"lineNumber": 68, "content": "    #3 0x7ffff7c5b0b2  (/lib/x86_64-linux-gnu/libc.so.6+0x270b2)", "important": false, "type": "Line"}, {"lineNumber": 69, "content": "    #4 0x41d64d  (/clusterfuzz/run_bot/clusterfuzz/bot/builds/example_honggfuzz_asan/custom/do_stuff_fuzzer+0x41d64d)", "important": false, "type": "Line"}, {"lineNumber": 70, "content": "", "important": false, "type": "Line"}, {"lineNumber": 71, "content": "0x60400006b0f4 is located 0 bytes to the right of 20-byte region [0x60400006b0e0,0x60400006b0f4)", "important": false, "type": "Line"}, {"lineNumber": 72, "content": "allocated by thread T0 here:", "important": false, "type": "Line"}, {"lineNumber": 73, "content": "    #0 0x4d556d  (/clusterfuzz/run_bot/clusterfuzz/bot/builds/example_honggfuzz_asan/custom/do_stuff_fuzzer+0x4d556d)", "important": false, "type": "Line"}, {"lineNumber": 74, "content": "    #1 0x4d7ff7  (/clusterfuzz/run_bot/clusterfuzz/bot/builds/example_honggfuzz_asan/custom/do_stuff_fuzzer+0x4d7ff7)", "important": false, "type": "Line"}, {"lineNumber": 75, "content": "    #2 0x4d7d47  (/clusterfuzz/run_bot/clusterfuzz/bot/builds/example_honggfuzz_asan/custom/do_stuff_fuzzer+0x4d7d47)", "important": false, "type": "Line"}, {"lineNumber": 76, "content": "    #3 0x4d8ece  (/clusterfuzz/run_bot/clusterfuzz/bot/builds/example_honggfuzz_asan/custom/do_stuff_fuzzer+0x4d8ece)", "important": false, "type": "Line"}], "revision": "1"}, "last_tested_crash_stacktrace": {"lines": [{"lineNumber": 1, "content": "[Environment] ASAN_OPTIONS=alloc_dealloc_mismatch=0:allocator_may_return_null=1:allocator_release_to_os_interval_ms=500:allow_user_segv_handler=0:check_malloc_usable_size=0:detect_leaks=1:detect_odr_violation=0:detect_stack_use_after_return=1:fast_unwind_on_fatal=0:handle_abort=2:handle_segv=2:handle_sigbus=2:handle_sigfpe=2:handle_sigill=2:max_uar_stack_size_log=16:print_scariness=1:print_summary=1:print_suppressions=0:quarantine_size_mb=64:redzone=32:strict_memcmp=1:symbolize=0:use_sigaltstack=1", "important": false, "type": "Line"}, {"lineNumber": 2, "content": "+----------------------------------------Release Build Stacktrace----------------------------------------+", "important": false, "type": "Line"}, {"lineNumber": 3, "content": "Command: /clusterfuzz/run_bot/clusterfuzz/bot/builds/example_honggfuzz_asan/custom/do_stuff_fuzzer", "important": false, "type": "Line"}, {"lineNumber": 4, "content": "Time ran: 0.007793903350830078", "important": false, "type": "Line"}, {"lineNumber": 5, "content": "", "important": false, "type": "Line"}, {"lineNumber": 6, "content": "Accepting input from &#x27;[STDIN]&#x27;", "important": false, "type": "Line"}, {"lineNumber": 7, "content": "Usage for fuzzing: honggfuzz -P [flags] -- /clusterfuzz/run_bot/clusterfuzz/bot/builds/example_honggfuzz_asan/custom/do_stuff_fuzzer", "important": false, "type": "Line"}, {"lineNumber": 8, "content": "=================================================================", "important": false, "type": "Line"}, {"lineNumber": 9, "content": "==20759==ERROR: AddressSanitizer: heap-buffer-overflow on address 0x6040000000f4 at pc 0x0000004d87b7 bp 0x7ffe3a7ea460 sp 0x7ffe3a7ea458", "important": false, "type": "Line"}, {"lineNumber": 10, "content": "READ of size 4 at 0x6040000000f4 thread T0", "important": false, "type": "Line"}, {"lineNumber": 11, "content": "SCARINESS: 17 (4-byte-read-heap-buffer-overflow)", "important": false, "type": "Line"}, {"lineNumber": 12, "content": "    #0 0x4d87b6 in DoStuff(std::__1::basic_string&lt;char, std::__1::char_traits&lt;char&gt;, std::__1::allocator&lt;char&gt; &gt; const&amp;) /src/my-git-repo/projects/example/my-api-repo/my_api.cpp:24:10", "important": true, "type": "Line"}, {"lineNumber": 13, "content": "    #1 0x4d7d47 in LLVMFuzzerTestOneInput /src/my-git-repo/projects/example/my-api-repo/do_stuff_fuzzer.cpp:11:3", "important": true, "type": "Line"}, {"lineNumber": 14, "content": "    #2 0x4d8deb in main", "important": false, "type": "Line"}, {"lineNumber": 15, "content": "    #3 0x7f365e45e0b2 in __libc_start_main", "important": false, "type": "Line"}, {"lineNumber": 16, "content": "    #4 0x41d64d in _start", "important": false, "type": "Line"}, {"lineNumber": 17, "content": "", "important": false, "type": "Line"}, {"lineNumber": 18, "content": "0x6040000000f4 is located 0 bytes to the right of 20-byte region [0x6040000000e0,0x6040000000f4)", "important": false, "type": "Line"}, {"lineNumber": 19, "content": "allocated by thread T0 here:", "important": false, "type": "Line"}, {"lineNumber": 20, "content": "    #0 0x4d556d in operator new(unsigned long) /src/llvm-project/compiler-rt/lib/asan/asan_new_delete.cpp:95:3", "important": false, "type": "Line"}, {"lineNumber": 21, "content": "    #1 0x4d7ff7 in __libcpp_operator_new&lt;unsigned long&gt; /usr/local/include/c++/v1/new:245:10", "important": false, "type": "Line"}, {"lineNumber": 22, "content": "    #2 0x4d7ff7 in __libcpp_allocate /usr/local/include/c++/v1/new:271:10", "important": false, "type": "Line"}, {"lineNumber": 23, "content": "    #3 0x4d7ff7 in allocate /usr/local/include/c++/v1/__memory/allocator.h:105:38", "important": false, "type": "Line"}, {"lineNumber": 24, "content": "    #4 0x4d7ff7 in allocate /usr/local/include/c++/v1/__memory/allocator_traits.h:262:20", "important": false, "type": "Line"}, {"lineNumber": 25, "content": "    #5 0x4d7ff7 in __vallocate /usr/local/include/c++/v1/vector:1000:37", "important": false, "type": "Line"}, {"lineNumber": 26, "content": "    #6 0x4d7ff7 in vector /usr/local/include/c++/v1/vector:1341:9", "important": false, "type": "Line"}, {"lineNumber": 27, "content": "    #7 0x4d7ff7 in DoStuff(std::__1::basic_string&lt;char, std::__1::char_traits&lt;char&gt;, std::__1::allocator&lt;char&gt; &gt; const&amp;) /src/my-git-repo/projects/example/my-api-repo/my_api.cpp:12:20", "important": true, "type": "Line"}, {"lineNumber": 28, "content": "    #8 0x4d7d47 in LLVMFuzzerTestOneInput /src/my-git-repo/projects/example/my-api-repo/do_stuff_fuzzer.cpp:11:3", "important": true, "type": "Line"}, {"lineNumber": 29, "content": "    #9 0x4d8deb in main", "important": false, "type": "Line"}, {"lineNumber": 30, "content": "", "important": false, "type": "Line"}, {"lineNumber": 31, "content": "SUMMARY: AddressSanitizer: heap-buffer-overflow (/clusterfuzz/run_bot/clusterfuzz/bot/builds/example_honggfuzz_asan/custom/do_stuff_fuzzer+0x4d87b6)", "important": false, "type": "Line"}, {"lineNumber": 32, "content": "Shadow bytes around the buggy address:", "important": false, "type": "Line"}, {"lineNumber": 33, "content": "  0x0c087fff7fc0: 00 00 00 00 00 00 00 00 00 00 00 00 00 00 00 00", "important": false, "type": "Line"}, {"lineNumber": 34, "content": "  0x0c087fff7fd0: 00 00 00 00 00 00 00 00 00 00 00 00 00 00 00 00", "important": false, "type": "Line"}, {"lineNumber": 35, "content": "  0x0c087fff7fe0: 00 00 00 00 00 00 00 00 00 00 00 00 00 00 00 00", "important": false, "type": "Line"}, {"lineNumber": 36, "content": "  0x0c087fff7ff0: 00 00 00 00 00 00 00 00 00 00 00 00 00 00 00 00", "important": false, "type": "Line"}, {"lineNumber": 37, "content": "  0x0c087fff8000: fa fa fa fa fd fd fd fa fa fa fa fa 00 00 01 fa", "important": false, "type": "Line"}, {"lineNumber": 38, "content": "=&gt;0x0c087fff8010: fa fa fa fa 00 00 04 fa fa fa fa fa 00 00[04]fa", "important": false, "type": "Line"}, {"lineNumber": 39, "content": "  0x0c087fff8020: fa fa fa fa fa fa fa fa fa fa fa fa fa fa fa fa", "important": false, "type": "Line"}, {"lineNumber": 40, "content": "  0x0c087fff8030: fa fa fa fa fa fa fa fa fa fa fa fa fa fa fa fa", "important": false, "type": "Line"}, {"lineNumber": 41, "content": "  0x0c087fff8040: fa fa fa fa fa fa fa fa fa fa fa fa fa fa fa fa", "important": false, "type": "Line"}, {"lineNumber": 42, "content": "  0x0c087fff8050: fa fa fa fa fa fa fa fa fa fa fa fa fa fa fa fa", "important": false, "type": "Line"}, {"lineNumber": 43, "content": "  0x0c087fff8060: fa fa fa fa fa fa fa fa fa fa fa fa fa fa fa fa", "important": false, "type": "Line"}, {"lineNumber": 44, "content": "Shadow byte legend (one shadow byte represents 8 application bytes):", "important": false, "type": "Line"}, {"lineNumber": 45, "content": "  Addressable:           00", "important": false, "type": "Line"}, {"lineNumber": 46, "content": "  Partially addressable: 01 02 03 04 05 06 07", "important": false, "type": "Line"}, {"lineNumber": 47, "content": "  Heap left redzone:       fa", "important": false, "type": "Line"}, {"lineNumber": 48, "content": "  Freed heap region:       fd", "important": false, "type": "Line"}, {"lineNumber": 49, "content": "  Stack left redzone:      f1", "important": false, "type": "Line"}, {"lineNumber": 50, "content": "  Stack mid redzone:       f2", "important": false, "type": "Line"}, {"lineNumber": 51, "content": "  Stack right redzone:     f3", "important": false, "type": "Line"}, {"lineNumber": 52, "content": "  Stack after return:      f5", "important": false, "type": "Line"}, {"lineNumber": 53, "content": "  Stack use after scope:   f8", "important": false, "type": "Line"}, {"lineNumber": 54, "content": "  Global redzone:          f9", "important": false, "type": "Line"}, {"lineNumber": 55, "content": "  Global init order:       f6", "important": false, "type": "Line"}, {"lineNumber": 56, "content": "  Poisoned by user:        f7", "important": false, "type": "Line"}, {"lineNumber": 57, "content": "  Container overflow:      fc", "important": false, "type": "Line"}, {"lineNumber": 58, "content": "  Array cookie:            ac", "important": false, "type": "Line"}, {"lineNumber": 59, "content": "  Intra object redzone:    bb", "important": false, "type": "Line"}, {"lineNumber": 60, "content": "  ASan internal:           fe", "important": false, "type": "Line"}, {"lineNumber": 61, "content": "  Left alloca redzone:     ca", "important": false, "type": "Line"}, {"lineNumber": 62, "content": "  Right alloca redzone:    cb", "important": false, "type": "Line"}, {"lineNumber": 63, "content": "==20759==ABORTING", "important": false, "type": "Line"}, {"lineNumber": 64, "content": "", "important": false, "type": "Line"}, {"lineNumber": 65, "content": "", "important": false, "type": "Line"}, {"lineNumber": 66, "content": "+----------------------------------------Release Build Unsymbolized Stacktrace (diff)----------------------------------------+", "important": false, "type": "Line"}, {"lineNumber": 67, "content": "", "important": false, "type": "Line"}, {"lineNumber": 68, "content": "READ of size 4 at 0x6040000000f4 thread T0", "important": false, "type": "Line"}, {"lineNumber": 69, "content": "SCARINESS: 17 (4-byte-read-heap-buffer-overflow)", "important": false, "type": "Line"}, {"lineNumber": 70, "content": "    #0 0x4d87b6  (/clusterfuzz/run_bot/clusterfuzz/bot/builds/example_honggfuzz_asan/custom/do_stuff_fuzzer+0x4d87b6)", "important": false, "type": "Line"}, {"lineNumber": 71, "content": "    #1 0x4d7d47  (/clusterfuzz/run_bot/clusterfuzz/bot/builds/example_honggfuzz_asan/custom/do_stuff_fuzzer+0x4d7d47)", "important": false, "type": "Line"}, {"lineNumber": 72, "content": "    #2 0x4d8deb  (/clusterfuzz/run_bot/clusterfuzz/bot/builds/example_honggfuzz_asan/custom/do_stuff_fuzzer+0x4d8deb)", "important": false, "type": "Line"}, {"lineNumber": 73, "content": "    #3 0x7f365e45e0b2  (/lib/x86_64-linux-gnu/libc.so.6+0x270b2)", "important": false, "type": "Line"}, {"lineNumber": 74, "content": "    #4 0x41d64d  (/clusterfuzz/run_bot/clusterfuzz/bot/builds/example_honggfuzz_asan/custom/do_stuff_fuzzer+0x41d64d)", "important": false, "type": "Line"}, {"lineNumber": 75, "content": "", "important": false, "type": "Line"}, {"lineNumber": 76, "content": "0x6040000000f4 is located 0 bytes to the right of 20-byte region [0x6040000000e0,0x6040000000f4)", "important": false, "type": "Line"}, {"lineNumber": 77, "content": "allocated by thread T0 here:", "important": false, "type": "Line"}, {"lineNumber": 78, "content": "    #0 0x4d556d  (/clusterfuzz/run_bot/clusterfuzz/bot/builds/example_honggfuzz_asan/custom/do_stuff_fuzzer+0x4d556d)", "important": false, "type": "Line"}, {"lineNumber": 79, "content": "    #1 0x4d7ff7  (/clusterfuzz/run_bot/clusterfuzz/bot/builds/example_honggfuzz_asan/custom/do_stuff_fuzzer+0x4d7ff7)", "important": false, "type": "Line"}, {"lineNumber": 80, "content": "    #2 0x4d7d47  (/clusterfuzz/run_bot/clusterfuzz/bot/builds/example_honggfuzz_asan/custom/do_stuff_fuzzer+0x4d7d47)", "important": false, "type": "Line"}, {"lineNumber": 81, "content": "    #3 0x4d8deb  (/clusterfuzz/run_bot/clusterfuzz/bot/builds/example_honggfuzz_asan/custom/do_stuff_fuzzer+0x4d8deb)", "important": false, "type": "Line"}], "revision": null}, "security_severity": "Medium", "security_severities": [{"value": 0, "name": "Critical"}, {"value": 1, "name": "High", "default": true}, {"value": 2, "name": "Medium"}, {"value": 3, "name": "Low"}, {"value": 4, "name": "Missing"}], "stats": {"min_hour": 1, "max_hour": 1}, "suspected_cls": null, "testcase": {"absolute_path": "/clusterfuzz/run_bot/clusterfuzz/bot/inputs/fuzzer-testcases/SIGABRT.PC.4d87b7.STACK.c391f8838.CODE.-6.ADDR.0.INSTR.[UNKNOWN].fuzz", "additional_metadata": "{\"build_key\": \"370fb5ec-d067-499b-bfac-a6b3348bcd2c\", \"fuzzer_binary_name\": \"do_stuff_fuzzer\", \"last_tested_crash_revision\": null, \"last_tested_crash_time\": {\"__type__\": \"datetime\", \"day\": 30, \"hour\": 0, \"microsecond\": 667226, \"minute\": 11, \"month\": 11, \"second\": 20, \"year\": 2021}, \"last_tested_revision\": null}", "archive_filename": null, "archive_state": 0, "binary_flag": true, "bug_indices": [], "bug_information": "", "comments": "[2021-11-28 12:08:19 UTC] snode5-20211128-16:42: Fuzz task : Fuzzer honggfuzz_do_stuff_fuzzer generated testcase crashed in 9 seconds (r1).\n[2021-11-28 12:10:19 UTC] snode5-20211128-16:41: Minimize task started.\n[2021-11-28 12:11:37 UTC] snode5-20211128-16:41: Minimize task errored out: Engine does not support minimization.\n[2021-11-30 00:10:04 UTC] snode5-20211129-17:27: Progression task started.\n[2021-11-30 00:11:20 UTC] snode5-20211129-17:27: Progression task finished: still crashes on latest custom build.\n", "crash_address": "0x60400006b0f4", "crash_revision": 1, "crash_stacktrace": "[Environment] ASAN_OPTIONS=alloc_dealloc_mismatch=0:allocator_may_return_null=1:allocator_release_to_os_interval_ms=500:allow_user_segv_handler=0:check_malloc_usable_size=0:detect_leaks=1:detect_odr_violation=0:detect_stack_use_after_return=1:fast_unwind_on_fatal=0:handle_abort=2:handle_segv=2:handle_sigbus=2:handle_sigfpe=2:handle_sigill=2:max_uar_stack_size_log=16:print_scariness=1:print_summary=1:print_suppressions=0:quarantine_size_mb=64:redzone=32:strict_memcmp=1:symbolize=0:use_sigaltstack=1\n+----------------------------------------Release Build Stacktrace----------------------------------------+\n=================================================================\n==3853==ERROR: AddressSanitizer: heap-buffer-overflow on address 0x60400006b0f4 at pc 0x0000004d87b7 bp 0x7fffffffcdc0 sp 0x7fffffffcdb8\nREAD of size 4 at 0x60400006b0f4 thread T0\nSCARINESS: 17 (4-byte-read-heap-buffer-overflow)\n    #0 0x4d87b6 in DoStuff(std::__1::basic_string<char, std::__1::char_traits<char>, std::__1::allocator<char> > const&) /src/my-git-repo/projects/example/my-api-repo/my_api.cpp:24:10\n    #1 0x4d7d47 in LLVMFuzzerTestOneInput /src/my-git-repo/projects/example/my-api-repo/do_stuff_fuzzer.cpp:11:3\n    #2 0x4d8ece in main\n    #3 0x7ffff7c5b0b2 in __libc_start_main\n    #4 0x41d64d in _start\n\n0x60400006b0f4 is located 0 bytes to the right of 20-byte region [0x60400006b0e0,0x60400006b0f4)\nallocated by thread T0 here:\n    #0 0x4d556d in operator new(unsigned long) /src/llvm-project/compiler-rt/lib/asan/asan_new_delete.cpp:95:3\n    #1 0x4d7ff7 in __libcpp_operator_new<unsigned long> /usr/local/include/c++/v1/new:245:10\n    #2 0x4d7ff7 in __libcpp_allocate /usr/local/include/c++/v1/new:271:10\n    #3 0x4d7ff7 in allocate /usr/local/include/c++/v1/__memory/allocator.h:105:38\n    #4 0x4d7ff7 in allocate /usr/local/include/c++/v1/__memory/allocator_traits.h:262:20\n    #5 0x4d7ff7 in __vallocate /usr/local/include/c++/v1/vector:1000:37\n    #6 0x4d7ff7 in vector /usr/local/include/c++/v1/vector:1341:9\n    #7 0x4d7ff7 in DoStuff(std::__1::basic_string<char, std::__1::char_traits<char>, std::__1::allocator<char> > const&) /src/my-git-repo/projects/example/my-api-repo/my_api.cpp:12:20\n    #8 0x4d7d47 in LLVMFuzzerTestOneInput /src/my-git-repo/projects/example/my-api-repo/do_stuff_fuzzer.cpp:11:3\n    #9 0x4d8ece in main\n\nSUMMARY: AddressSanitizer: heap-buffer-overflow (/clusterfuzz/run_bot/clusterfuzz/bot/builds/example_honggfuzz_asan/custom/do_stuff_fuzzer+0x4d87b6)\nShadow bytes around the buggy address:\n  0x0c08800055c0: fa fa fa fa fd fd fd fa fa fa fa fa fd fd fd fa\n  0x0c08800055d0: fa fa fa fa fd fd fd fa fa fa fa fa fd fd fd fa\n  0x0c08800055e0: fa fa fa fa fd fd fd fa fa fa fa fa fd fd fd fa\n  0x0c08800055f0: fa fa fa fa fd fd fd fa fa fa fa fa fd fd fd fa\n  0x0c0880005600: fa fa fa fa fd fd fd fa fa fa fa fa fd fd fd fa\n=>0x0c0880005610: fa fa fa fa fa fa fa fa fa fa fa fa 00 00[04]fa\n  0x0c0880005620: fa fa fa fa fa fa fa fa fa fa fa fa fa fa fa fa\n  0x0c0880005630: fa fa fa fa fa fa fa fa fa fa fa fa fa fa fa fa\n  0x0c0880005640: fa fa fa fa fa fa fa fa fa fa fa fa fa fa fa fa\n  0x0c0880005650: fa fa fa fa fa fa fa fa fa fa fa fa fa fa fa fa\n  0x0c0880005660: fa fa fa fa fa fa fa fa fa fa fa fa fa fa fa fa\nShadow byte legend (one shadow byte represents 8 application bytes):\n  Addressable:           00\n  Partially addressable: 01 02 03 04 05 06 07\n  Heap left redzone:       fa\n  Freed heap region:       fd\n  Stack left redzone:      f1\n  Stack mid redzone:       f2\n  Stack right redzone:     f3\n  Stack after return:      f5\n  Stack use after scope:   f8\n  Global redzone:          f9\n  Global init order:       f6\n  Poisoned by user:        f7\n  Container overflow:      fc\n  Array cookie:            ac\n  Intra object redzone:    bb\n  ASan internal:           fe\n  Left alloca redzone:     ca\n  Right alloca redzone:    cb\n==3853==ABORTING\n\n\n+----------------------------------------Release Build Unsymbolized Stacktrace (diff)----------------------------------------+\n\nREAD of size 4 at 0x60400006b0f4 thread T0\nSCARINESS: 17 (4-byte-read-heap-buffer-overflow)\n    #0 0x4d87b6  (/clusterfuzz/run_bot/clusterfuzz/bot/builds/example_honggfuzz_asan/custom/do_stuff_fuzzer+0x4d87b6)\n    #1 0x4d7d47  (/clusterfuzz/run_bot/clusterfuzz/bot/builds/example_honggfuzz_asan/custom/do_stuff_fuzzer+0x4d7d47)\n    #2 0x4d8ece  (/clusterfuzz/run_bot/clusterfuzz/bot/builds/example_honggfuzz_asan/custom/do_stuff_fuzzer+0x4d8ece)\n    #3 0x7ffff7c5b0b2  (/lib/x86_64-linux-gnu/libc.so.6+0x270b2)\n    #4 0x41d64d  (/clusterfuzz/run_bot/clusterfuzz/bot/builds/example_honggfuzz_asan/custom/do_stuff_fuzzer+0x41d64d)\n\n0x60400006b0f4 is located 0 bytes to the right of 20-byte region [0x60400006b0e0,0x60400006b0f4)\nallocated by thread T0 here:\n    #0 0x4d556d  (/clusterfuzz/run_bot/clusterfuzz/bot/builds/example_honggfuzz_asan/custom/do_stuff_fuzzer+0x4d556d)\n    #1 0x4d7ff7  (/clusterfuzz/run_bot/clusterfuzz/bot/builds/example_honggfuzz_asan/custom/do_stuff_fuzzer+0x4d7ff7)\n    #2 0x4d7d47  (/clusterfuzz/run_bot/clusterfuzz/bot/builds/example_honggfuzz_asan/custom/do_stuff_fuzzer+0x4d7d47)\n    #3 0x4d8ece  (/clusterfuzz/run_bot/clusterfuzz/bot/builds/example_honggfuzz_asan/custom/do_stuff_fuzzer+0x4d8ece)\n", "crash_state": "DoStuff\ndo_stuff_fuzzer.cpp\n", "crash_type": "Heap-buffer-overflow\nREAD 4", "disable_ubsan": false, "duplicate_of": null, "fixed": "", "flaky_stack": false, "fuzzed_keys": "5a6de494-3b5f-4269-a824-116de74e32d5", "fuzzer_name": "honggfuzz", "fuzzer_name_indices": ["honggfuzz", "honggfuzz_do_stuff_fuzzer"], "gestures": [], "group_bug_information": 0, "group_id": 0, "has_bug_flag": false, "http_flag": false, "impact_beta_version": null, "impact_beta_version_indices": [], "impact_beta_version_likely": null, "impact_extended_stable_version": null, "impact_extended_stable_version_indices": [], "impact_extended_stable_version_likely": null, "impact_head_version": null, "impact_head_version_indices": [], "impact_head_version_likely": null, "impact_indices": [], "impact_stable_version": null, "impact_stable_version_indices": [], "impact_stable_version_likely": null, "impact_version_indices": [], "is_a_duplicate_flag": false, "is_impact_set_flag": null, "is_leader": true, "job_type": "example_honggfuzz_asan", "keywords": ["cpp", "honggfuzz_asan", "heap", "read", "stuff_fuzzer.cpp", "fuzzer", "honggfuzz_do_stuff", "stuff", "stuff_fuzzer", "buffer", "asan", "do_stuff", "example_honggfuzz", "honggfuzz_do_stuff_fuzzer", "fuzzer.cpp", "do_stuff_fuzzer", "do", "buffer-overflow", "read 4", "heap-buffer", "4", "overflow", "honggfuzz_do", "example", "example_honggfuzz_asan", "do_stuff_fuzzer.cpp", "dostuff", "heap-buffer-overflow", "linux", "honggfuzz"], "last_tested_crash_stacktrace": "[Environment] ASAN_OPTIONS=alloc_dealloc_mismatch=0:allocator_may_return_null=1:allocator_release_to_os_interval_ms=500:allow_user_segv_handler=0:check_malloc_usable_size=0:detect_leaks=1:detect_odr_violation=0:detect_stack_use_after_return=1:fast_unwind_on_fatal=0:handle_abort=2:handle_segv=2:handle_sigbus=2:handle_sigfpe=2:handle_sigill=2:max_uar_stack_size_log=16:print_scariness=1:print_summary=1:print_suppressions=0:quarantine_size_mb=64:redzone=32:strict_memcmp=1:symbolize=0:use_sigaltstack=1\n+----------------------------------------Release Build Stacktrace----------------------------------------+\nCommand: /clusterfuzz/run_bot/clusterfuzz/bot/builds/example_honggfuzz_asan/custom/do_stuff_fuzzer\nTime ran: 0.007793903350830078\n\nAccepting input from '[STDIN]'\nUsage for fuzzing: honggfuzz -P [flags] -- /clusterfuzz/run_bot/clusterfuzz/bot/builds/example_honggfuzz_asan/custom/do_stuff_fuzzer\n=================================================================\n==20759==ERROR: AddressSanitizer: heap-buffer-overflow on address 0x6040000000f4 at pc 0x0000004d87b7 bp 0x7ffe3a7ea460 sp 0x7ffe3a7ea458\nREAD of size 4 at 0x6040000000f4 thread T0\nSCARINESS: 17 (4-byte-read-heap-buffer-overflow)\n    #0 0x4d87b6 in DoStuff(std::__1::basic_string<char, std::__1::char_traits<char>, std::__1::allocator<char> > const&) /src/my-git-repo/projects/example/my-api-repo/my_api.cpp:24:10\n    #1 0x4d7d47 in LLVMFuzzerTestOneInput /src/my-git-repo/projects/example/my-api-repo/do_stuff_fuzzer.cpp:11:3\n    #2 0x4d8deb in main\n    #3 0x7f365e45e0b2 in __libc_start_main\n    #4 0x41d64d in _start\n\n0x6040000000f4 is located 0 bytes to the right of 20-byte region [0x6040000000e0,0x6040000000f4)\nallocated by thread T0 here:\n    #0 0x4d556d in operator new(unsigned long) /src/llvm-project/compiler-rt/lib/asan/asan_new_delete.cpp:95:3\n    #1 0x4d7ff7 in __libcpp_operator_new<unsigned long> /usr/local/include/c++/v1/new:245:10\n    #2 0x4d7ff7 in __libcpp_allocate /usr/local/include/c++/v1/new:271:10\n    #3 0x4d7ff7 in allocate /usr/local/include/c++/v1/__memory/allocator.h:105:38\n    #4 0x4d7ff7 in allocate /usr/local/include/c++/v1/__memory/allocator_traits.h:262:20\n    #5 0x4d7ff7 in __vallocate /usr/local/include/c++/v1/vector:1000:37\n    #6 0x4d7ff7 in vector /usr/local/include/c++/v1/vector:1341:9\n    #7 0x4d7ff7 in DoStuff(std::__1::basic_string<char, std::__1::char_traits<char>, std::__1::allocator<char> > const&) /src/my-git-repo/projects/example/my-api-repo/my_api.cpp:12:20\n    #8 0x4d7d47 in LLVMFuzzerTestOneInput /src/my-git-repo/projects/example/my-api-repo/do_stuff_fuzzer.cpp:11:3\n    #9 0x4d8deb in main\n\nSUMMARY: AddressSanitizer: heap-buffer-overflow (/clusterfuzz/run_bot/clusterfuzz/bot/builds/example_honggfuzz_asan/custom/do_stuff_fuzzer+0x4d87b6)\nShadow bytes around the buggy address:\n  0x0c087fff7fc0: 00 00 00 00 00 00 00 00 00 00 00 00 00 00 00 00\n  0x0c087fff7fd0: 00 00 00 00 00 00 00 00 00 00 00 00 00 00 00 00\n  0x0c087fff7fe0: 00 00 00 00 00 00 00 00 00 00 00 00 00 00 00 00\n  0x0c087fff7ff0: 00 00 00 00 00 00 00 00 00 00 00 00 00 00 00 00\n  0x0c087fff8000: fa fa fa fa fd fd fd fa fa fa fa fa 00 00 01 fa\n=>0x0c087fff8010: fa fa fa fa 00 00 04 fa fa fa fa fa 00 00[04]fa\n  0x0c087fff8020: fa fa fa fa fa fa fa fa fa fa fa fa fa fa fa fa\n  0x0c087fff8030: fa fa fa fa fa fa fa fa fa fa fa fa fa fa fa fa\n  0x0c087fff8040: fa fa fa fa fa fa fa fa fa fa fa fa fa fa fa fa\n  0x0c087fff8050: fa fa fa fa fa fa fa fa fa fa fa fa fa fa fa fa\n  0x0c087fff8060: fa fa fa fa fa fa fa fa fa fa fa fa fa fa fa fa\nShadow byte legend (one shadow byte represents 8 application bytes):\n  Addressable:           00\n  Partially addressable: 01 02 03 04 05 06 07\n  Heap left redzone:       fa\n  Freed heap region:       fd\n  Stack left redzone:      f1\n  Stack mid redzone:       f2\n  Stack right redzone:     f3\n  Stack after return:      f5\n  Stack use after scope:   f8\n  Global redzone:          f9\n  Global init order:       f6\n  Poisoned by user:        f7\n  Container overflow:      fc\n  Array cookie:            ac\n  Intra object redzone:    bb\n  ASan internal:           fe\n  Left alloca redzone:     ca\n  Right alloca redzone:    cb\n==20759==ABORTING\n\n\n+----------------------------------------Release Build Unsymbolized Stacktrace (diff)----------------------------------------+\n\nREAD of size 4 at 0x6040000000f4 thread T0\nSCARINESS: 17 (4-byte-read-heap-buffer-overflow)\n    #0 0x4d87b6  (/clusterfuzz/run_bot/clusterfuzz/bot/builds/example_honggfuzz_asan/custom/do_stuff_fuzzer+0x4d87b6)\n    #1 0x4d7d47  (/clusterfuzz/run_bot/clusterfuzz/bot/builds/example_honggfuzz_asan/custom/do_stuff_fuzzer+0x4d7d47)\n    #2 0x4d8deb  (/clusterfuzz/run_bot/clusterfuzz/bot/builds/example_honggfuzz_asan/custom/do_stuff_fuzzer+0x4d8deb)\n    #3 0x7f365e45e0b2  (/lib/x86_64-linux-gnu/libc.so.6+0x270b2)\n    #4 0x41d64d  (/clusterfuzz/run_bot/clusterfuzz/bot/builds/example_honggfuzz_asan/custom/do_stuff_fuzzer+0x41d64d)\n\n0x6040000000f4 is located 0 bytes to the right of 20-byte region [0x6040000000e0,0x6040000000f4)\nallocated by thread T0 here:\n    #0 0x4d556d  (/clusterfuzz/run_bot/clusterfuzz/bot/builds/example_honggfuzz_asan/custom/do_stuff_fuzzer+0x4d556d)\n    #1 0x4d7ff7  (/clusterfuzz/run_bot/clusterfuzz/bot/builds/example_honggfuzz_asan/custom/do_stuff_fuzzer+0x4d7ff7)\n    #2 0x4d7d47  (/clusterfuzz/run_bot/clusterfuzz/bot/builds/example_honggfuzz_asan/custom/do_stuff_fuzzer+0x4d7d47)\n    #3 0x4d8deb  (/clusterfuzz/run_bot/clusterfuzz/bot/builds/example_honggfuzz_asan/custom/do_stuff_fuzzer+0x4d8deb)\n", "minidump_keys": "", "minimized_arguments": "", "minimized_keys": "5a6de494-3b5f-4269-a824-116de74e32d5", "one_time_crasher_flag": false, "open": true, "overridden_fuzzer_name": "honggfuzz_do_stuff_fuzzer", "platform": "linux", "platform_id": "linux", "project_name": "test-project", "queue": "jobs-linux", "redzone": 32, "regression": "NA", "security_flag": true, "security_severity": 2, "status": "Processed", "symbolized": false, "timeout_multiplier": 1.0, "timestamp": 1638101299, "triaged": false, "uploader_email": null, "window_argument": "", "id": 2338}, "timestamp": 1638101299.261034, "show_blame": false, "show_impact": false, "impacts_production": false, "find_similar_issues_options": [{"type": "open", "label": "Open"}, {"type": "all", "label": "All"}], "auto_delete_timestamp": null, "auto_close_timestamp": null, "memory_tool_display_label": "Sanitizer", "memory_tool_display_value": "address (ASAN)", "last_tested": "1:1 (No component revisions found!)", "is_admin_or_not_oss_fuzz": true, "has_issue_tracker": false, "reproduction_help_url": "", "is_local_development": true, "fuzzer_display": {"engine": "honggfuzz", "target": "do_stuff_fuzzer", "name": "honggfuzz", "fully_qualified_name": "honggfuzz_do_stuff_fuzzer"}}