{"id": 2343, "crash_type": "Use-of-uninitialized-value", "crash_address": "", "crash_state": "_PyLong_FromSTwoDigits\nlong_and\nbinary_op1\n", "crash_state_lines": ["_PyLong_FromSTwoDigits", "long_and", "binary_op1"], "crash_revision": 1, "csrf_token": "D6S+cXG/eQvjQp1jhkN2Yfq5FoCaAiuUjD0oLthouNSAPb8xaAgWvNikB3AHnFnrgfWQIz/OKB4owWUbxHHo3A==", "external_user": false, "footer": "[2021-11-28 12:08:51 UTC] comput5-20211128-16:38: Fuzz task : Fuzzer libFuzzer_fuzz_builtin_float generated testcase crashed in 0 seconds (r1).\n[2021-11-28 12:13:01 UTC] snode9-20211128-16:47: Minimize task started.\n[2021-11-28 12:16:55 UTC] snode9-20211128-16:47: Minimize task errored out: LibFuzzer minimization failed.\n[2021-11-30 00:11:24 UTC] snode2-20211129-17:28: Progression task started.\n[2021-11-30 00:14:05 UTC] snode2-20211129-17:28: Progression task finished: still crashes on latest custom build.\n", "formatted_reproduction_help": "", "fixed": "NO", "fixed_full": null, "issue_url": null, "is_admin": true, "metadata": {"build_key": "7d65bad1-ecd7-4020-9b60-b4da9906d9e7", "env": {"MSAN_OPTIONS": {"halt_on_error": 1}}, "fuzzer_binary_name": "fuzz_builtin_float", "fuzzing_strategies": {"random_max_len": 1}, "last_tested_crash_revision": null, "last_tested_crash_time": 1638231245, "last_tested_revision": null}, "minimized_testcase_size": "0 B", "needs_refresh": false, "original_testcase_size": "0 B", "privileged_user": true, "regression": "NA", "crash_stacktrace": {"lines": [{"lineNumber": 1, "content": "[Environment] MSAN_OPTIONS=halt_on_error=1", "important": false, "type": "Line"}, {"lineNumber": 2, "content": "+----------------------------------------Release Build Stacktrace----------------------------------------+", "important": false, "type": "Line"}, {"lineNumber": 3, "content": "Command: /clusterfuzz/run_bot/clusterfuzz/bot/builds/cpython3_libfuzzer_msan/custom/fuzz_builtin_float -rss_limit_mb=2560 -timeout=60 -runs=100 /clusterfuzz/run_bot/clusterfuzz/bot/inputs/fuzzer-testcases/tmppmouhc6z", "important": false, "type": "Line"}, {"lineNumber": 4, "content": "Time ran: 0.0948941707611084", "important": false, "type": "Line"}, {"lineNumber": 5, "content": "", "important": false, "type": "Line"}, {"lineNumber": 6, "content": "==18821==WARNING: MemorySanitizer: use-of-uninitialized-value", "important": false, "type": "Line"}, {"lineNumber": 7, "content": "    #0 0x6a6bb0 in _PyLong_FromSTwoDigits /src/cpython3/Objects/longobject.c:226:9", "important": true, "type": "Line"}, {"lineNumber": 8, "content": "    #1 0x6d76cf in long_and /src/cpython3/Objects/longobject.c:4782:16", "important": true, "type": "Line"}, {"lineNumber": 9, "content": "    #2 0x137d139 in binary_op1 /src/cpython3/Objects/abstract.c:891:13", "important": true, "type": "Line"}, {"lineNumber": 10, "content": "    #3 0x137b363 in binary_op /src/cpython3/Objects/abstract.c:930:24", "important": false, "type": "Line"}, {"lineNumber": 11, "content": "    #4 0x137b363 in PyNumber_And /src/cpython3/Objects/abstract.c:1062:1", "important": false, "type": "Line"}, {"lineNumber": 12, "content": "    #5 0xb3915a in _PyEval_EvalFrameDefault /src/cpython3/Python/ceval.c:4867:29", "important": false, "type": "Line"}, {"lineNumber": 13, "content": "    #6 0xb1af84 in _PyEval_EvalFrame /src/cpython3/Include/internal/pycore_ceval.h:48:16", "important": false, "type": "Line"}, {"lineNumber": 14, "content": "    #7 0xb1af84 in _PyEval_Vector /src/cpython3/Python/ceval.c:5815:24", "important": false, "type": "Line"}, {"lineNumber": 15, "content": "    #8 0x5b22d2 in _PyFunction_Vectorcall /src/cpython3/Objects/call.c:0", "important": false, "type": "Line"}, {"lineNumber": 16, "content": "    #9 0x5b94f8 in _PyObject_VectorcallTstate /src/cpython3/Include/internal/pycore_call.h:89:11", "important": false, "type": "Line"}, {"lineNumber": 17, "content": "    #10 0x5b94f8 in object_vacall /src/cpython3/Objects/call.c:784:14", "important": false, "type": "Line"}, {"lineNumber": 18, "content": "    #11 0x5b9e6b in _PyObject_CallMethodIdObjArgs /src/cpython3/Objects/call.c:875:24", "important": false, "type": "Line"}, {"lineNumber": 19, "content": "    #12 0xcf0910 in import_find_and_load /src/cpython3/Python/import.c:1739:11", "important": false, "type": "Line"}, {"lineNumber": 20, "content": "    #13 0xcf0910 in PyImport_ImportModuleLevelObject /src/cpython3/Python/import.c:1840:15", "important": false, "type": "Line"}, {"lineNumber": 21, "content": "    #14 0x163bc26 in builtin___import__ /src/cpython3/Python/bltinmodule.c:272:12", "important": false, "type": "Line"}, {"lineNumber": 22, "content": "    #15 0x14ce6bb in cfunction_call /src/cpython3/Objects/methodobject.c:543:18", "important": false, "type": "Line"}, {"lineNumber": 23, "content": "    #16 0x5adb8c in _PyObject_MakeTpCall /src/cpython3/Objects/call.c:214:18", "important": false, "type": "Line"}, {"lineNumber": 24, "content": "    #17 0x5b44c0 in _PyObject_CallFunctionVa /src/cpython3/Objects/call.c:0", "important": false, "type": "Line"}, {"lineNumber": 25, "content": "    #18 0x5b3558 in PyObject_CallFunction /src/cpython3/Objects/call.c:557:14", "important": false, "type": "Line"}, {"lineNumber": 26, "content": "    #19 0xceb025 in PyImport_Import /src/cpython3/Python/import.c:2045:9", "important": false, "type": "Line"}, {"lineNumber": 27, "content": "    #20 0xcebc82 in PyImport_ImportModule /src/cpython3/Python/import.c:1452:14", "important": false, "type": "Line"}, {"lineNumber": 28, "content": "    #21 0xcebc82 in PyImport_ImportModuleNoBlock /src/cpython3/Python/import.c:1470:12", "important": false, "type": "Line"}, {"lineNumber": 29, "content": "    #22 0xb77240 in _PyCodecRegistry_Init /src/cpython3/Python/codecs.c:1530:11", "important": false, "type": "Line"}, {"lineNumber": 30, "content": "    #23 0xb77e24 in _PyCodec_Lookup /src/cpython3/Python/codecs.c:135:46", "important": false, "type": "Line"}, {"lineNumber": 31, "content": "    #24 0xab4ea7 in config_get_codec_name /src/cpython3/Objects/unicodeobject.c:15870:23", "important": false, "type": "Line"}, {"lineNumber": 32, "content": "    #25 0xa22104 in init_fs_encoding /src/cpython3/Objects/unicodeobject.c:15984:9", "important": false, "type": "Line"}, {"lineNumber": 33, "content": "    #26 0xa22104 in _PyUnicode_InitEncodings /src/cpython3/Objects/unicodeobject.c:16000:23", "important": false, "type": "Line"}, {"lineNumber": 34, "content": "    #27 0xdab104 in init_interp_main /src/cpython3/Python/pylifecycle.c:1103:14", "important": false, "type": "Line"}, {"lineNumber": 35, "content": "    #28 0xd98346 in pyinit_main /src/cpython3/Python/pylifecycle.c:1194:23", "important": false, "type": "Line"}, {"lineNumber": 36, "content": "    #29 0xd98346 in Py_InitializeFromConfig /src/cpython3/Python/pylifecycle.c:1225:18", "important": false, "type": "Line"}, {"lineNumber": 37, "content": "    #30 0x54460a in LLVMFuzzerInitialize /src/cpython3/Modules/_xxtestfuzz/fuzzer.c:468:14", "important": false, "type": "Line"}, {"lineNumber": 38, "content": "    #31 0x4611d7 in fuzzer::FuzzerDriver(int*, char***, int (*)(unsigned char const*, unsigned long)) cxa_noexception.cpp:0", "important": false, "type": "Line"}, {"lineNumber": 39, "content": "    #32 0x48c5a2 in main /src/llvm-project/compiler-rt/lib/fuzzer/FuzzerMain.cpp:20:10", "important": false, "type": "Line"}, {"lineNumber": 40, "content": "    #33 0x7f1987b3c0b2 in __libc_start_main", "important": false, "type": "Line"}, {"lineNumber": 41, "content": "    #34 0x43ae3d in _start", "important": false, "type": "Line"}, {"lineNumber": 42, "content": "", "important": false, "type": "Line"}, {"lineNumber": 43, "content": "  Uninitialized value was created by a heap allocation", "important": false, "type": "Line"}, {"lineNumber": 44, "content": "    #0 0x4f0fcd in __interceptor_malloc /src/llvm-project/compiler-rt/lib/msan/msan_interceptors.cpp:912:3", "important": false, "type": "Line"}, {"lineNumber": 45, "content": "    #1 0x7b659b in _PyMem_RawMalloc /src/cpython3/Objects/obmalloc.c:100:12", "important": false, "type": "Line"}, {"lineNumber": 46, "content": "    #2 0x7bb258 in PyObject_Malloc /src/cpython3/Objects/obmalloc.c:698:12", "important": false, "type": "Line"}, {"lineNumber": 47, "content": "    #3 0x68ee07 in _PyLong_New /src/cpython3/Objects/longobject.c:129:14", "important": false, "type": "Line"}, {"lineNumber": 48, "content": "    #4 0x68ee07 in _PyLong_FromByteArray /src/cpython3/Objects/longobject.c:845:9", "important": false, "type": "Line"}, {"lineNumber": 49, "content": "    #5 0x6e5e3f in int_from_bytes_impl /src/cpython3/Objects/longobject.c:5635:16", "important": false, "type": "Line"}, {"lineNumber": 50, "content": "    #6 0x6e5e3f in int_from_bytes /src/cpython3/Objects/clinic/longobject.c.h:389:20", "important": false, "type": "Line"}, {"lineNumber": 51, "content": "    #7 0x14ca1c0 in cfunction_vectorcall_FASTCALL_KEYWORDS /src/cpython3/Objects/methodobject.c:446:24", "important": false, "type": "Line"}, {"lineNumber": 52, "content": "    #8 0x5b0cff in _PyObject_VectorcallTstate /src/cpython3/Include/internal/pycore_call.h:89:11", "important": false, "type": "Line"}, {"lineNumber": 53, "content": "    #9 0x5b0cff in PyObject_Vectorcall /src/cpython3/Objects/call.c:298:12", "important": false, "type": "Line"}, {"lineNumber": 54, "content": "    #10 0xb3ec88 in _PyEval_EvalFrameDefault /src/cpython3/Python/ceval.c:4479:23", "important": false, "type": "Line"}, {"lineNumber": 55, "content": "    #11 0xb1af84 in _PyEval_EvalFrame /src/cpython3/Include/internal/pycore_ceval.h:48:16", "important": false, "type": "Line"}, {"lineNumber": 56, "content": "    #12 0xb1af84 in _PyEval_Vector /src/cpython3/Python/ceval.c:5815:24", "important": false, "type": "Line"}, {"lineNumber": 57, "content": "    #13 0x5b22d2 in _PyFunction_Vectorcall /src/cpython3/Objects/call.c:0", "important": false, "type": "Line"}, {"lineNumber": 58, "content": "    #14 0x5b94f8 in _PyObject_VectorcallTstate /src/cpython3/Include/internal/pycore_call.h:89:11", "important": false, "type": "Line"}, {"lineNumber": 59, "content": "    #15 0x5b94f8 in object_vacall /src/cpython3/Objects/call.c:784:14", "important": false, "type": "Line"}, {"lineNumber": 60, "content": "    #16 0x5b9e6b in _PyObject_CallMethodIdObjArgs /src/cpython3/Objects/call.c:875:24", "important": false, "type": "Line"}, {"lineNumber": 61, "content": "    #17 0xcf0910 in import_find_and_load /src/cpython3/Python/import.c:1739:11", "important": false, "type": "Line"}, {"lineNumber": 62, "content": "    #18 0xcf0910 in PyImport_ImportModuleLevelObject /src/cpython3/Python/import.c:1840:15", "important": false, "type": "Line"}, {"lineNumber": 63, "content": "    #19 0x163bc26 in builtin___import__ /src/cpython3/Python/bltinmodule.c:272:12", "important": false, "type": "Line"}, {"lineNumber": 64, "content": "    #20 0x14ce6bb in cfunction_call /src/cpython3/Objects/methodobject.c:543:18", "important": false, "type": "Line"}, {"lineNumber": 65, "content": "    #21 0x5adb8c in _PyObject_MakeTpCall /src/cpython3/Objects/call.c:214:18", "important": false, "type": "Line"}, {"lineNumber": 66, "content": "    #22 0x5b44c0 in _PyObject_CallFunctionVa /src/cpython3/Objects/call.c:0", "important": false, "type": "Line"}, {"lineNumber": 67, "content": "    #23 0x5b3558 in PyObject_CallFunction /src/cpython3/Objects/call.c:557:14", "important": false, "type": "Line"}, {"lineNumber": 68, "content": "    #24 0xceb025 in PyImport_Import /src/cpython3/Python/import.c:2045:9", "important": false, "type": "Line"}, {"lineNumber": 69, "content": "    #25 0xcebc82 in PyImport_ImportModule /src/cpython3/Python/import.c:1452:14", "important": false, "type": "Line"}, {"lineNumber": 70, "content": "    #26 0xcebc82 in PyImport_ImportModuleNoBlock /src/cpython3/Python/import.c:1470:12", "important": false, "type": "Line"}, {"lineNumber": 71, "content": "", "important": false, "type": "Line"}, {"lineNumber": 72, "content": "SUMMARY: MemorySanitizer: use-of-uninitialized-value (/clusterfuzz/run_bot/clusterfuzz/bot/builds/cpython3_libfuzzer_msan/custom/fuzz_builtin_float+0x6a6bb0)", "important": false, "type": "Line"}, {"lineNumber": 73, "content": "Unique heap origins: 6985", "important": false, "type": "Line"}, {"lineNumber": 74, "content": "Stack depot allocated bytes: 2883584", "important": false, "type": "Line"}, {"lineNumber": 75, "content": "Unique origin histories: 1864", "important": false, "type": "Line"}, {"lineNumber": 76, "content": "History depot allocated bytes: 196608", "important": false, "type": "Line"}, {"lineNumber": 77, "content": "Exiting", "important": false, "type": "Line"}, {"lineNumber": 78, "content": "", "important": false, "type": "Line"}, {"lineNumber": 79, "content": "", "important": false, "type": "Line"}, {"lineNumber": 80, "content": "+----------------------------------------Release Build Unsymbolized Stacktrace (diff)----------------------------------------+", "important": false, "type": "Line"}, {"lineNumber": 81, "content": "", "important": false, "type": "Line"}, {"lineNumber": 82, "content": "", "important": false, "type": "Line"}, {"lineNumber": 83, "content": "==18821==WARNING: MemorySanitizer: use-of-uninitialized-value", "important": false, "type": "Line"}, {"lineNumber": 84, "content": "    #0 0x6a6bb0  (/clusterfuzz/run_bot/clusterfuzz/bot/builds/cpython3_libfuzzer_msan/custom/fuzz_builtin_float+0x6a6bb0)", "important": false, "type": "Line"}, {"lineNumber": 85, "content": "    #1 0x6d76cf  (/clusterfuzz/run_bot/clusterfuzz/bot/builds/cpython3_libfuzzer_msan/custom/fuzz_builtin_float+0x6d76cf)", "important": false, "type": "Line"}, {"lineNumber": 86, "content": "    #2 0x137d139  (/clusterfuzz/run_bot/clusterfuzz/bot/builds/cpython3_libfuzzer_msan/custom/fuzz_builtin_float+0x137d139)", "important": false, "type": "Line"}, {"lineNumber": 87, "content": "    #3 0x137b363  (/clusterfuzz/run_bot/clusterfuzz/bot/builds/cpython3_libfuzzer_msan/custom/fuzz_builtin_float+0x137b363)", "important": false, "type": "Line"}, {"lineNumber": 88, "content": "    #4 0xb3915a  (/clusterfuzz/run_bot/clusterfuzz/bot/builds/cpython3_libfuzzer_msan/custom/fuzz_builtin_float+0xb3915a)", "important": false, "type": "Line"}, {"lineNumber": 89, "content": "    #5 0xb1af84  (/clusterfuzz/run_bot/clusterfuzz/bot/builds/cpython3_libfuzzer_msan/custom/fuzz_builtin_float+0xb1af84)", "important": false, "type": "Line"}, {"lineNumber": 90, "content": "    #6 0x5b22d2  (/clusterfuzz/run_bot/clusterfuzz/bot/builds/cpython3_libfuzzer_msan/custom/fuzz_builtin_float+0x5b22d2)", "important": false, "type": "Line"}, {"lineNumber": 91, "content": "    #7 0x5b94f8  (/clusterfuzz/run_bot/clusterfuzz/bot/builds/cpython3_libfuzzer_msan/custom/fuzz_builtin_float+0x5b94f8)", "important": false, "type": "Line"}, {"lineNumber": 92, "content": "    #8 0x5b9e6b  (/clusterfuzz/run_bot/clusterfuzz/bot/builds/cpython3_libfuzzer_msan/custom/fuzz_builtin_float+0x5b9e6b)", "important": false, "type": "Line"}, {"lineNumber": 93, "content": "    #9 0xcf0910  (/clusterfuzz/run_bot/clusterfuzz/bot/builds/cpython3_libfuzzer_msan/custom/fuzz_builtin_float+0xcf0910)", "important": false, "type": "Line"}, {"lineNumber": 94, "content": "    #10 0x163bc26  (/clusterfuzz/run_bot/clusterfuzz/bot/builds/cpython3_libfuzzer_msan/custom/fuzz_builtin_float+0x163bc26)", "important": false, "type": "Line"}, {"lineNumber": 95, "content": "    #11 0x14ce6bb  (/clusterfuzz/run_bot/clusterfuzz/bot/builds/cpython3_libfuzzer_msan/custom/fuzz_builtin_float+0x14ce6bb)", "important": false, "type": "Line"}, {"lineNumber": 96, "content": "    #12 0x5adb8c  (/clusterfuzz/run_bot/clusterfuzz/bot/builds/cpython3_libfuzzer_msan/custom/fuzz_builtin_float+0x5adb8c)", "important": false, "type": "Line"}, {"lineNumber": 97, "content": "    #13 0x5b44c0  (/clusterfuzz/run_bot/clusterfuzz/bot/builds/cpython3_libfuzzer_msan/custom/fuzz_builtin_float+0x5b44c0)", "important": false, "type": "Line"}, {"lineNumber": 98, "content": "    #14 0x5b3558  (/clusterfuzz/run_bot/clusterfuzz/bot/builds/cpython3_libfuzzer_msan/custom/fuzz_builtin_float+0x5b3558)", "important": false, "type": "Line"}, {"lineNumber": 99, "content": "    #15 0xceb025  (/clusterfuzz/run_bot/clusterfuzz/bot/builds/cpython3_libfuzzer_msan/custom/fuzz_builtin_float+0xceb025)", "important": false, "type": "Line"}, {"lineNumber": 100, "content": "    #16 0xcebc82  (/clusterfuzz/run_bot/clusterfuzz/bot/builds/cpython3_libfuzzer_msan/custom/fuzz_builtin_float+0xcebc82)", "important": false, "type": "Line"}, {"lineNumber": 101, "content": "    #17 0xb77240  (/clusterfuzz/run_bot/clusterfuzz/bot/builds/cpython3_libfuzzer_msan/custom/fuzz_builtin_float+0xb77240)", "important": false, "type": "Line"}, {"lineNumber": 102, "content": "    #18 0xb77e24  (/clusterfuzz/run_bot/clusterfuzz/bot/builds/cpython3_libfuzzer_msan/custom/fuzz_builtin_float+0xb77e24)", "important": false, "type": "Line"}, {"lineNumber": 103, "content": "    #19 0xab4ea7  (/clusterfuzz/run_bot/clusterfuzz/bot/builds/cpython3_libfuzzer_msan/custom/fuzz_builtin_float+0xab4ea7)", "important": false, "type": "Line"}, {"lineNumber": 104, "content": "    #20 0xa22104  (/clusterfuzz/run_bot/clusterfuzz/bot/builds/cpython3_libfuzzer_msan/custom/fuzz_builtin_float+0xa22104)", "important": false, "type": "Line"}, {"lineNumber": 105, "content": "    #21 0xdab104  (/clusterfuzz/run_bot/clusterfuzz/bot/builds/cpython3_libfuzzer_msan/custom/fuzz_builtin_float+0xdab104)", "important": false, "type": "Line"}, {"lineNumber": 106, "content": "    #22 0xd98346  (/clusterfuzz/run_bot/clusterfuzz/bot/builds/cpython3_libfuzzer_msan/custom/fuzz_builtin_float+0xd98346)", "important": false, "type": "Line"}, {"lineNumber": 107, "content": "    #23 0x54460a  (/clusterfuzz/run_bot/clusterfuzz/bot/builds/cpython3_libfuzzer_msan/custom/fuzz_builtin_float+0x54460a)", "important": false, "type": "Line"}, {"lineNumber": 108, "content": "    #24 0x4611d7  (/clusterfuzz/run_bot/clusterfuzz/bot/builds/cpython3_libfuzzer_msan/custom/fuzz_builtin_float+0x4611d7)", "important": false, "type": "Line"}, {"lineNumber": 109, "content": "    #25 0x48c5a2  (/clusterfuzz/run_bot/clusterfuzz/bot/builds/cpython3_libfuzzer_msan/custom/fuzz_builtin_float+0x48c5a2)", "important": false, "type": "Line"}, {"lineNumber": 110, "content": "    #26 0x7f1987b3c0b2  (/lib/x86_64-linux-gnu/libc.so.6+0x270b2)", "important": false, "type": "Line"}, {"lineNumber": 111, "content": "    #27 0x43ae3d  (/clusterfuzz/run_bot/clusterfuzz/bot/builds/cpython3_libfuzzer_msan/custom/fuzz_builtin_float+0x43ae3d)", "important": false, "type": "Line"}, {"lineNumber": 112, "content": "", "important": false, "type": "Line"}, {"lineNumber": 113, "content": "  Uninitialized value was created by a heap allocation", "important": false, "type": "Line"}, {"lineNumber": 114, "content": "    #0 0x4f0fcd  (/clusterfuzz/run_bot/clusterfuzz/bot/builds/cpython3_libfuzzer_msan/custom/fuzz_builtin_float+0x4f0fcd)", "important": false, "type": "Line"}, {"lineNumber": 115, "content": "    #1 0x7b659b  (/clusterfuzz/run_bot/clusterfuzz/bot/builds/cpython3_libfuzzer_msan/custom/fuzz_builtin_float+0x7b659b)", "important": false, "type": "Line"}, {"lineNumber": 116, "content": "    #2 0x7bb258  (/clusterfuzz/run_bot/clusterfuzz/bot/builds/cpython3_libfuzzer_msan/custom/fuzz_builtin_float+0x7bb258)", "important": false, "type": "Line"}, {"lineNumber": 117, "content": "    #3 0x68ee07  (/clusterfuzz/run_bot/clusterfuzz/bot/builds/cpython3_libfuzzer_msan/custom/fuzz_builtin_float+0x68ee07)", "important": false, "type": "Line"}, {"lineNumber": 118, "content": "    #4 0x6e5e3f  (/clusterfuzz/run_bot/clusterfuzz/bot/builds/cpython3_libfuzzer_msan/custom/fuzz_builtin_float+0x6e5e3f)", "important": false, "type": "Line"}, {"lineNumber": 119, "content": "    #5 0x14ca1c0  (/clusterfuzz/run_bot/clusterfuzz/bot/builds/cpython3_libfuzzer_msan/custom/fuzz_builtin_float+0x14ca1c0)", "important": false, "type": "Line"}, {"lineNumber": 120, "content": "    #6 0x5b0cff  (/clusterfuzz/run_bot/clusterfuzz/bot/builds/cpython3_libfuzzer_msan/custom/fuzz_builtin_float+0x5b0cff)", "important": false, "type": "Line"}, {"lineNumber": 121, "content": "    #7 0xb3ec88  (/clusterfuzz/run_bot/clusterfuzz/bot/builds/cpython3_libfuzzer_msan/custom/fuzz_builtin_float+0xb3ec88)", "important": false, "type": "Line"}, {"lineNumber": 122, "content": "    #8 0xb1af84  (/clusterfuzz/run_bot/clusterfuzz/bot/builds/cpython3_libfuzzer_msan/custom/fuzz_builtin_float+0xb1af84)", "important": false, "type": "Line"}, {"lineNumber": 123, "content": "    #9 0x5b22d2  (/clusterfuzz/run_bot/clusterfuzz/bot/builds/cpython3_libfuzzer_msan/custom/fuzz_builtin_float+0x5b22d2)", "important": false, "type": "Line"}, {"lineNumber": 124, "content": "    #10 0x5b94f8  (/clusterfuzz/run_bot/clusterfuzz/bot/builds/cpython3_libfuzzer_msan/custom/fuzz_builtin_float+0x5b94f8)", "important": false, "type": "Line"}, {"lineNumber": 125, "content": "    #11 0x5b9e6b  (/clusterfuzz/run_bot/clusterfuzz/bot/builds/cpython3_libfuzzer_msan/custom/fuzz_builtin_float+0x5b9e6b)", "important": false, "type": "Line"}, {"lineNumber": 126, "content": "    #12 0xcf0910  (/clusterfuzz/run_bot/clusterfuzz/bot/builds/cpython3_libfuzzer_msan/custom/fuzz_builtin_float+0xcf0910)", "important": false, "type": "Line"}, {"lineNumber": 127, "content": "    #13 0x163bc26  (/clusterfuzz/run_bot/clusterfuzz/bot/builds/cpython3_libfuzzer_msan/custom/fuzz_builtin_float+0x163bc26)", "important": false, "type": "Line"}, {"lineNumber": 128, "content": "    #14 0x14ce6bb  (/clusterfuzz/run_bot/clusterfuzz/bot/builds/cpython3_libfuzzer_msan/custom/fuzz_builtin_float+0x14ce6bb)", "important": false, "type": "Line"}, {"lineNumber": 129, "content": "    #15 0x5adb8c  (/clusterfuzz/run_bot/clusterfuzz/bot/builds/cpython3_libfuzzer_msan/custom/fuzz_builtin_float+0x5adb8c)", "important": false, "type": "Line"}, {"lineNumber": 130, "content": "    #16 0x5b44c0  (/clusterfuzz/run_bot/clusterfuzz/bot/builds/cpython3_libfuzzer_msan/custom/fuzz_builtin_float+0x5b44c0)", "important": false, "type": "Line"}, {"lineNumber": 131, "content": "    #17 0x5b3558  (/clusterfuzz/run_bot/clusterfuzz/bot/builds/cpython3_libfuzzer_msan/custom/fuzz_builtin_float+0x5b3558)", "important": false, "type": "Line"}, {"lineNumber": 132, "content": "    #18 0xceb025  (/clusterfuzz/run_bot/clusterfuzz/bot/builds/cpython3_libfuzzer_msan/custom/fuzz_builtin_float+0xceb025)", "important": false, "type": "Line"}, {"lineNumber": 133, "content": "    #19 0xcebc82  (/clusterfuzz/run_bot/clusterfuzz/bot/builds/cpython3_libfuzzer_msan/custom/fuzz_builtin_float+0xcebc82)", "important": false, "type": "Line"}], "revision": "1"}, "last_tested_crash_stacktrace": {"lines": [{"lineNumber": 1, "content": "[Environment] MSAN_OPTIONS=exitcode=77:halt_on_error=1", "important": false, "type": "Line"}, {"lineNumber": 2, "content": "+----------------------------------------Release Build Stacktrace----------------------------------------+", "important": false, "type": "Line"}, {"lineNumber": 3, "content": "Command: /clusterfuzz/run_bot/clusterfuzz/bot/builds/cpython3_libfuzzer_msan/custom/fuzz_builtin_float -rss_limit_mb=2560 -timeout=60 -runs=100 /clusterfuzz/run_bot/clusterfuzz/bot/inputs/fuzzer-testcases/tmppmouhc6z", "important": false, "type": "Line"}, {"lineNumber": 4, "content": "Time ran: 0.046344757080078125", "important": false, "type": "Line"}, {"lineNumber": 5, "content": "", "important": false, "type": "Line"}, {"lineNumber": 6, "content": "==28712==WARNING: MemorySanitizer: use-of-uninitialized-value", "important": false, "type": "Line"}, {"lineNumber": 7, "content": "    #0 0x6a6bb0 in _PyLong_FromSTwoDigits /src/cpython3/Objects/longobject.c:226:9", "important": true, "type": "Line"}, {"lineNumber": 8, "content": "    #1 0x6d76cf in long_and /src/cpython3/Objects/longobject.c:4782:16", "important": true, "type": "Line"}, {"lineNumber": 9, "content": "    #2 0x137d139 in binary_op1 /src/cpython3/Objects/abstract.c:891:13", "important": true, "type": "Line"}, {"lineNumber": 10, "content": "    #3 0x137b363 in binary_op /src/cpython3/Objects/abstract.c:930:24", "important": false, "type": "Line"}, {"lineNumber": 11, "content": "    #4 0x137b363 in PyNumber_And /src/cpython3/Objects/abstract.c:1062:1", "important": false, "type": "Line"}, {"lineNumber": 12, "content": "    #5 0xb3915a in _PyEval_EvalFrameDefault /src/cpython3/Python/ceval.c:4867:29", "important": false, "type": "Line"}, {"lineNumber": 13, "content": "    #6 0xb1af84 in _PyEval_EvalFrame /src/cpython3/Include/internal/pycore_ceval.h:48:16", "important": false, "type": "Line"}, {"lineNumber": 14, "content": "    #7 0xb1af84 in _PyEval_Vector /src/cpython3/Python/ceval.c:5815:24", "important": false, "type": "Line"}, {"lineNumber": 15, "content": "    #8 0x5b22d2 in _PyFunction_Vectorcall /src/cpython3/Objects/call.c:0", "important": false, "type": "Line"}, {"lineNumber": 16, "content": "    #9 0x5b94f8 in _PyObject_VectorcallTstate /src/cpython3/Include/internal/pycore_call.h:89:11", "important": false, "type": "Line"}, {"lineNumber": 17, "content": "    #10 0x5b94f8 in object_vacall /src/cpython3/Objects/call.c:784:14", "important": false, "type": "Line"}, {"lineNumber": 18, "content": "    #11 0x5b9e6b in _PyObject_CallMethodIdObjArgs /src/cpython3/Objects/call.c:875:24", "important": false, "type": "Line"}, {"lineNumber": 19, "content": "    #12 0xcf0910 in import_find_and_load /src/cpython3/Python/import.c:1739:11", "important": false, "type": "Line"}, {"lineNumber": 20, "content": "    #13 0xcf0910 in PyImport_ImportModuleLevelObject /src/cpython3/Python/import.c:1840:15", "important": false, "type": "Line"}, {"lineNumber": 21, "content": "    #14 0x163bc26 in builtin___import__ /src/cpython3/Python/bltinmodule.c:272:12", "important": false, "type": "Line"}, {"lineNumber": 22, "content": "    #15 0x14ce6bb in cfunction_call /src/cpython3/Objects/methodobject.c:543:18", "important": false, "type": "Line"}, {"lineNumber": 23, "content": "    #16 0x5adb8c in _PyObject_MakeTpCall /src/cpython3/Objects/call.c:214:18", "important": false, "type": "Line"}, {"lineNumber": 24, "content": "    #17 0x5b44c0 in _PyObject_CallFunctionVa /src/cpython3/Objects/call.c:0", "important": false, "type": "Line"}, {"lineNumber": 25, "content": "    #18 0x5b3558 in PyObject_CallFunction /src/cpython3/Objects/call.c:557:14", "important": false, "type": "Line"}, {"lineNumber": 26, "content": "    #19 0xceb025 in PyImport_Import /src/cpython3/Python/import.c:2045:9", "important": false, "type": "Line"}, {"lineNumber": 27, "content": "    #20 0xcebc82 in PyImport_ImportModule /src/cpython3/Python/import.c:1452:14", "important": false, "type": "Line"}, {"lineNumber": 28, "content": "    #21 0xcebc82 in PyImport_ImportModuleNoBlock /src/cpython3/Python/import.c:1470:12", "important": false, "type": "Line"}, {"lineNumber": 29, "content": "    #22 0xb77240 in _PyCodecRegistry_Init /src/cpython3/Python/codecs.c:1530:11", "important": false, "type": "Line"}, {"lineNumber": 30, "content": "    #23 0xb77e24 in _PyCodec_Lookup /src/cpython3/Python/codecs.c:135:46", "important": false, "type": "Line"}, {"lineNumber": 31, "content": "    #24 0xab4ea7 in config_get_codec_name /src/cpython3/Objects/unicodeobject.c:15870:23", "important": false, "type": "Line"}, {"lineNumber": 32, "content": "    #25 0xa22104 in init_fs_encoding /src/cpython3/Objects/unicodeobject.c:15984:9", "important": false, "type": "Line"}, {"lineNumber": 33, "content": "    #26 0xa22104 in _PyUnicode_InitEncodings /src/cpython3/Objects/unicodeobject.c:16000:23", "important": false, "type": "Line"}, {"lineNumber": 34, "content": "    #27 0xdab104 in init_interp_main /src/cpython3/Python/pylifecycle.c:1103:14", "important": false, "type": "Line"}, {"lineNumber": 35, "content": "    #28 0xd98346 in pyinit_main /src/cpython3/Python/pylifecycle.c:1194:23", "important": false, "type": "Line"}, {"lineNumber": 36, "content": "    #29 0xd98346 in Py_InitializeFromConfig /src/cpython3/Python/pylifecycle.c:1225:18", "important": false, "type": "Line"}, {"lineNumber": 37, "content": "    #30 0x54460a in LLVMFuzzerInitialize /src/cpython3/Modules/_xxtestfuzz/fuzzer.c:468:14", "important": false, "type": "Line"}, {"lineNumber": 38, "content": "    #31 0x4611d7 in fuzzer::FuzzerDriver(int*, char***, int (*)(unsigned char const*, unsigned long)) cxa_noexception.cpp:0", "important": false, "type": "Line"}, {"lineNumber": 39, "content": "    #32 0x48c5a2 in main /src/llvm-project/compiler-rt/lib/fuzzer/FuzzerMain.cpp:20:10", "important": false, "type": "Line"}, {"lineNumber": 40, "content": "    #33 0x7fe96fdbb0b2 in __libc_start_main", "important": false, "type": "Line"}, {"lineNumber": 41, "content": "    #34 0x43ae3d in _start", "important": false, "type": "Line"}, {"lineNumber": 42, "content": "", "important": false, "type": "Line"}, {"lineNumber": 43, "content": "  Uninitialized value was created by a heap allocation", "important": false, "type": "Line"}, {"lineNumber": 44, "content": "    #0 0x4f0fcd in __interceptor_malloc /src/llvm-project/compiler-rt/lib/msan/msan_interceptors.cpp:912:3", "important": false, "type": "Line"}, {"lineNumber": 45, "content": "    #1 0x7b659b in _PyMem_RawMalloc /src/cpython3/Objects/obmalloc.c:100:12", "important": false, "type": "Line"}, {"lineNumber": 46, "content": "    #2 0x7bb258 in PyObject_Malloc /src/cpython3/Objects/obmalloc.c:698:12", "important": false, "type": "Line"}, {"lineNumber": 47, "content": "    #3 0x68ee07 in _PyLong_New /src/cpython3/Objects/longobject.c:129:14", "important": false, "type": "Line"}, {"lineNumber": 48, "content": "    #4 0x68ee07 in _PyLong_FromByteArray /src/cpython3/Objects/longobject.c:845:9", "important": false, "type": "Line"}, {"lineNumber": 49, "content": "    #5 0x6e5e3f in int_from_bytes_impl /src/cpython3/Objects/longobject.c:5635:16", "important": false, "type": "Line"}, {"lineNumber": 50, "content": "    #6 0x6e5e3f in int_from_bytes /src/cpython3/Objects/clinic/longobject.c.h:389:20", "important": false, "type": "Line"}, {"lineNumber": 51, "content": "    #7 0x14ca1c0 in cfunction_vectorcall_FASTCALL_KEYWORDS /src/cpython3/Objects/methodobject.c:446:24", "important": false, "type": "Line"}, {"lineNumber": 52, "content": "    #8 0x5b0cff in _PyObject_VectorcallTstate /src/cpython3/Include/internal/pycore_call.h:89:11", "important": false, "type": "Line"}, {"lineNumber": 53, "content": "    #9 0x5b0cff in PyObject_Vectorcall /src/cpython3/Objects/call.c:298:12", "important": false, "type": "Line"}, {"lineNumber": 54, "content": "    #10 0xb3ec88 in _PyEval_EvalFrameDefault /src/cpython3/Python/ceval.c:4479:23", "important": false, "type": "Line"}, {"lineNumber": 55, "content": "    #11 0xb1af84 in _PyEval_EvalFrame /src/cpython3/Include/internal/pycore_ceval.h:48:16", "important": false, "type": "Line"}, {"lineNumber": 56, "content": "    #12 0xb1af84 in _PyEval_Vector /src/cpython3/Python/ceval.c:5815:24", "important": false, "type": "Line"}, {"lineNumber": 57, "content": "    #13 0x5b22d2 in _PyFunction_Vectorcall /src/cpython3/Objects/call.c:0", "important": false, "type": "Line"}, {"lineNumber": 58, "content": "    #14 0x5b94f8 in _PyObject_VectorcallTstate /src/cpython3/Include/internal/pycore_call.h:89:11", "important": false, "type": "Line"}, {"lineNumber": 59, "content": "    #15 0x5b94f8 in object_vacall /src/cpython3/Objects/call.c:784:14", "important": false, "type": "Line"}, {"lineNumber": 60, "content": "    #16 0x5b9e6b in _PyObject_CallMethodIdObjArgs /src/cpython3/Objects/call.c:875:24", "important": false, "type": "Line"}, {"lineNumber": 61, "content": "    #17 0xcf0910 in import_find_and_load /src/cpython3/Python/import.c:1739:11", "important": false, "type": "Line"}, {"lineNumber": 62, "content": "    #18 0xcf0910 in PyImport_ImportModuleLevelObject /src/cpython3/Python/import.c:1840:15", "important": false, "type": "Line"}, {"lineNumber": 63, "content": "    #19 0x163bc26 in builtin___import__ /src/cpython3/Python/bltinmodule.c:272:12", "important": false, "type": "Line"}, {"lineNumber": 64, "content": "    #20 0x14ce6bb in cfunction_call /src/cpython3/Objects/methodobject.c:543:18", "important": false, "type": "Line"}, {"lineNumber": 65, "content": "    #21 0x5adb8c in _PyObject_MakeTpCall /src/cpython3/Objects/call.c:214:18", "important": false, "type": "Line"}, {"lineNumber": 66, "content": "    #22 0x5b44c0 in _PyObject_CallFunctionVa /src/cpython3/Objects/call.c:0", "important": false, "type": "Line"}, {"lineNumber": 67, "content": "    #23 0x5b3558 in PyObject_CallFunction /src/cpython3/Objects/call.c:557:14", "important": false, "type": "Line"}, {"lineNumber": 68, "content": "    #24 0xceb025 in PyImport_Import /src/cpython3/Python/import.c:2045:9", "important": false, "type": "Line"}, {"lineNumber": 69, "content": "    #25 0xcebc82 in PyImport_ImportModule /src/cpython3/Python/import.c:1452:14", "important": false, "type": "Line"}, {"lineNumber": 70, "content": "    #26 0xcebc82 in PyImport_ImportModuleNoBlock /src/cpython3/Python/import.c:1470:12", "important": false, "type": "Line"}, {"lineNumber": 71, "content": "", "important": false, "type": "Line"}, {"lineNumber": 72, "content": "SUMMARY: MemorySanitizer: use-of-uninitialized-value (/clusterfuzz/run_bot/clusterfuzz/bot/builds/cpython3_libfuzzer_msan/custom/fuzz_builtin_float+0x6a6bb0)", "important": false, "type": "Line"}, {"lineNumber": 73, "content": "Exiting", "important": false, "type": "Line"}, {"lineNumber": 74, "content": "", "important": false, "type": "Line"}, {"lineNumber": 75, "content": "", "important": false, "type": "Line"}, {"lineNumber": 76, "content": "+----------------------------------------Release Build Unsymbolized Stacktrace (diff)----------------------------------------+", "important": false, "type": "Line"}, {"lineNumber": 77, "content": "", "important": false, "type": "Line"}, {"lineNumber": 78, "content": "", "important": false, "type": "Line"}, {"lineNumber": 79, "content": "==28712==WARNING: MemorySanitizer: use-of-uninitialized-value", "important": false, "type": "Line"}, {"lineNumber": 80, "content": "    #0 0x6a6bb0  (/clusterfuzz/run_bot/clusterfuzz/bot/builds/cpython3_libfuzzer_msan/custom/fuzz_builtin_float+0x6a6bb0)", "important": false, "type": "Line"}, {"lineNumber": 81, "content": "    #1 0x6d76cf  (/clusterfuzz/run_bot/clusterfuzz/bot/builds/cpython3_libfuzzer_msan/custom/fuzz_builtin_float+0x6d76cf)", "important": false, "type": "Line"}, {"lineNumber": 82, "content": "    #2 0x137d139  (/clusterfuzz/run_bot/clusterfuzz/bot/builds/cpython3_libfuzzer_msan/custom/fuzz_builtin_float+0x137d139)", "important": false, "type": "Line"}, {"lineNumber": 83, "content": "    #3 0x137b363  (/clusterfuzz/run_bot/clusterfuzz/bot/builds/cpython3_libfuzzer_msan/custom/fuzz_builtin_float+0x137b363)", "important": false, "type": "Line"}, {"lineNumber": 84, "content": "    #4 0xb3915a  (/clusterfuzz/run_bot/clusterfuzz/bot/builds/cpython3_libfuzzer_msan/custom/fuzz_builtin_float+0xb3915a)", "important": false, "type": "Line"}, {"lineNumber": 85, "content": "    #5 0xb1af84  (/clusterfuzz/run_bot/clusterfuzz/bot/builds/cpython3_libfuzzer_msan/custom/fuzz_builtin_float+0xb1af84)", "important": false, "type": "Line"}, {"lineNumber": 86, "content": "    #6 0x5b22d2  (/clusterfuzz/run_bot/clusterfuzz/bot/builds/cpython3_libfuzzer_msan/custom/fuzz_builtin_float+0x5b22d2)", "important": false, "type": "Line"}, {"lineNumber": 87, "content": "    #7 0x5b94f8  (/clusterfuzz/run_bot/clusterfuzz/bot/builds/cpython3_libfuzzer_msan/custom/fuzz_builtin_float+0x5b94f8)", "important": false, "type": "Line"}, {"lineNumber": 88, "content": "    #8 0x5b9e6b  (/clusterfuzz/run_bot/clusterfuzz/bot/builds/cpython3_libfuzzer_msan/custom/fuzz_builtin_float+0x5b9e6b)", "important": false, "type": "Line"}, {"lineNumber": 89, "content": "    #9 0xcf0910  (/clusterfuzz/run_bot/clusterfuzz/bot/builds/cpython3_libfuzzer_msan/custom/fuzz_builtin_float+0xcf0910)", "important": false, "type": "Line"}, {"lineNumber": 90, "content": "    #10 0x163bc26  (/clusterfuzz/run_bot/clusterfuzz/bot/builds/cpython3_libfuzzer_msan/custom/fuzz_builtin_float+0x163bc26)", "important": false, "type": "Line"}, {"lineNumber": 91, "content": "    #11 0x14ce6bb  (/clusterfuzz/run_bot/clusterfuzz/bot/builds/cpython3_libfuzzer_msan/custom/fuzz_builtin_float+0x14ce6bb)", "important": false, "type": "Line"}, {"lineNumber": 92, "content": "    #12 0x5adb8c  (/clusterfuzz/run_bot/clusterfuzz/bot/builds/cpython3_libfuzzer_msan/custom/fuzz_builtin_float+0x5adb8c)", "important": false, "type": "Line"}, {"lineNumber": 93, "content": "    #13 0x5b44c0  (/clusterfuzz/run_bot/clusterfuzz/bot/builds/cpython3_libfuzzer_msan/custom/fuzz_builtin_float+0x5b44c0)", "important": false, "type": "Line"}, {"lineNumber": 94, "content": "    #14 0x5b3558  (/clusterfuzz/run_bot/clusterfuzz/bot/builds/cpython3_libfuzzer_msan/custom/fuzz_builtin_float+0x5b3558)", "important": false, "type": "Line"}, {"lineNumber": 95, "content": "    #15 0xceb025  (/clusterfuzz/run_bot/clusterfuzz/bot/builds/cpython3_libfuzzer_msan/custom/fuzz_builtin_float+0xceb025)", "important": false, "type": "Line"}, {"lineNumber": 96, "content": "    #16 0xcebc82  (/clusterfuzz/run_bot/clusterfuzz/bot/builds/cpython3_libfuzzer_msan/custom/fuzz_builtin_float+0xcebc82)", "important": false, "type": "Line"}, {"lineNumber": 97, "content": "    #17 0xb77240  (/clusterfuzz/run_bot/clusterfuzz/bot/builds/cpython3_libfuzzer_msan/custom/fuzz_builtin_float+0xb77240)", "important": false, "type": "Line"}, {"lineNumber": 98, "content": "    #18 0xb77e24  (/clusterfuzz/run_bot/clusterfuzz/bot/builds/cpython3_libfuzzer_msan/custom/fuzz_builtin_float+0xb77e24)", "important": false, "type": "Line"}, {"lineNumber": 99, "content": "    #19 0xab4ea7  (/clusterfuzz/run_bot/clusterfuzz/bot/builds/cpython3_libfuzzer_msan/custom/fuzz_builtin_float+0xab4ea7)", "important": false, "type": "Line"}, {"lineNumber": 100, "content": "    #20 0xa22104  (/clusterfuzz/run_bot/clusterfuzz/bot/builds/cpython3_libfuzzer_msan/custom/fuzz_builtin_float+0xa22104)", "important": false, "type": "Line"}, {"lineNumber": 101, "content": "    #21 0xdab104  (/clusterfuzz/run_bot/clusterfuzz/bot/builds/cpython3_libfuzzer_msan/custom/fuzz_builtin_float+0xdab104)", "important": false, "type": "Line"}, {"lineNumber": 102, "content": "    #22 0xd98346  (/clusterfuzz/run_bot/clusterfuzz/bot/builds/cpython3_libfuzzer_msan/custom/fuzz_builtin_float+0xd98346)", "important": false, "type": "Line"}, {"lineNumber": 103, "content": "    #23 0x54460a  (/clusterfuzz/run_bot/clusterfuzz/bot/builds/cpython3_libfuzzer_msan/custom/fuzz_builtin_float+0x54460a)", "important": false, "type": "Line"}, {"lineNumber": 104, "content": "    #24 0x4611d7  (/clusterfuzz/run_bot/clusterfuzz/bot/builds/cpython3_libfuzzer_msan/custom/fuzz_builtin_float+0x4611d7)", "important": false, "type": "Line"}, {"lineNumber": 105, "content": "    #25 0x48c5a2  (/clusterfuzz/run_bot/clusterfuzz/bot/builds/cpython3_libfuzzer_msan/custom/fuzz_builtin_float+0x48c5a2)", "important": false, "type": "Line"}, {"lineNumber": 106, "content": "    #26 0x7fe96fdbb0b2  (/lib/x86_64-linux-gnu/libc.so.6+0x270b2)", "important": false, "type": "Line"}, {"lineNumber": 107, "content": "    #27 0x43ae3d  (/clusterfuzz/run_bot/clusterfuzz/bot/builds/cpython3_libfuzzer_msan/custom/fuzz_builtin_float+0x43ae3d)", "important": false, "type": "Line"}, {"lineNumber": 108, "content": "", "important": false, "type": "Line"}, {"lineNumber": 109, "content": "  Uninitialized value was created by a heap allocation", "important": false, "type": "Line"}, {"lineNumber": 110, "content": "    #0 0x4f0fcd  (/clusterfuzz/run_bot/clusterfuzz/bot/builds/cpython3_libfuzzer_msan/custom/fuzz_builtin_float+0x4f0fcd)", "important": false, "type": "Line"}, {"lineNumber": 111, "content": "    #1 0x7b659b  (/clusterfuzz/run_bot/clusterfuzz/bot/builds/cpython3_libfuzzer_msan/custom/fuzz_builtin_float+0x7b659b)", "important": false, "type": "Line"}, {"lineNumber": 112, "content": "    #2 0x7bb258  (/clusterfuzz/run_bot/clusterfuzz/bot/builds/cpython3_libfuzzer_msan/custom/fuzz_builtin_float+0x7bb258)", "important": false, "type": "Line"}, {"lineNumber": 113, "content": "    #3 0x68ee07  (/clusterfuzz/run_bot/clusterfuzz/bot/builds/cpython3_libfuzzer_msan/custom/fuzz_builtin_float+0x68ee07)", "important": false, "type": "Line"}, {"lineNumber": 114, "content": "    #4 0x6e5e3f  (/clusterfuzz/run_bot/clusterfuzz/bot/builds/cpython3_libfuzzer_msan/custom/fuzz_builtin_float+0x6e5e3f)", "important": false, "type": "Line"}, {"lineNumber": 115, "content": "    #5 0x14ca1c0  (/clusterfuzz/run_bot/clusterfuzz/bot/builds/cpython3_libfuzzer_msan/custom/fuzz_builtin_float+0x14ca1c0)", "important": false, "type": "Line"}, {"lineNumber": 116, "content": "    #6 0x5b0cff  (/clusterfuzz/run_bot/clusterfuzz/bot/builds/cpython3_libfuzzer_msan/custom/fuzz_builtin_float+0x5b0cff)", "important": false, "type": "Line"}, {"lineNumber": 117, "content": "    #7 0xb3ec88  (/clusterfuzz/run_bot/clusterfuzz/bot/builds/cpython3_libfuzzer_msan/custom/fuzz_builtin_float+0xb3ec88)", "important": false, "type": "Line"}, {"lineNumber": 118, "content": "    #8 0xb1af84  (/clusterfuzz/run_bot/clusterfuzz/bot/builds/cpython3_libfuzzer_msan/custom/fuzz_builtin_float+0xb1af84)", "important": false, "type": "Line"}, {"lineNumber": 119, "content": "    #9 0x5b22d2  (/clusterfuzz/run_bot/clusterfuzz/bot/builds/cpython3_libfuzzer_msan/custom/fuzz_builtin_float+0x5b22d2)", "important": false, "type": "Line"}, {"lineNumber": 120, "content": "    #10 0x5b94f8  (/clusterfuzz/run_bot/clusterfuzz/bot/builds/cpython3_libfuzzer_msan/custom/fuzz_builtin_float+0x5b94f8)", "important": false, "type": "Line"}, {"lineNumber": 121, "content": "    #11 0x5b9e6b  (/clusterfuzz/run_bot/clusterfuzz/bot/builds/cpython3_libfuzzer_msan/custom/fuzz_builtin_float+0x5b9e6b)", "important": false, "type": "Line"}, {"lineNumber": 122, "content": "    #12 0xcf0910  (/clusterfuzz/run_bot/clusterfuzz/bot/builds/cpython3_libfuzzer_msan/custom/fuzz_builtin_float+0xcf0910)", "important": false, "type": "Line"}, {"lineNumber": 123, "content": "    #13 0x163bc26  (/clusterfuzz/run_bot/clusterfuzz/bot/builds/cpython3_libfuzzer_msan/custom/fuzz_builtin_float+0x163bc26)", "important": false, "type": "Line"}, {"lineNumber": 124, "content": "    #14 0x14ce6bb  (/clusterfuzz/run_bot/clusterfuzz/bot/builds/cpython3_libfuzzer_msan/custom/fuzz_builtin_float+0x14ce6bb)", "important": false, "type": "Line"}, {"lineNumber": 125, "content": "    #15 0x5adb8c  (/clusterfuzz/run_bot/clusterfuzz/bot/builds/cpython3_libfuzzer_msan/custom/fuzz_builtin_float+0x5adb8c)", "important": false, "type": "Line"}, {"lineNumber": 126, "content": "    #16 0x5b44c0  (/clusterfuzz/run_bot/clusterfuzz/bot/builds/cpython3_libfuzzer_msan/custom/fuzz_builtin_float+0x5b44c0)", "important": false, "type": "Line"}, {"lineNumber": 127, "content": "    #17 0x5b3558  (/clusterfuzz/run_bot/clusterfuzz/bot/builds/cpython3_libfuzzer_msan/custom/fuzz_builtin_float+0x5b3558)", "important": false, "type": "Line"}, {"lineNumber": 128, "content": "    #18 0xceb025  (/clusterfuzz/run_bot/clusterfuzz/bot/builds/cpython3_libfuzzer_msan/custom/fuzz_builtin_float+0xceb025)", "important": false, "type": "Line"}, {"lineNumber": 129, "content": "    #19 0xcebc82  (/clusterfuzz/run_bot/clusterfuzz/bot/builds/cpython3_libfuzzer_msan/custom/fuzz_builtin_float+0xcebc82)", "important": false, "type": "Line"}], "revision": null}, "security_severity": "Medium", "security_severities": [{"value": 0, "name": "Critical"}, {"value": 1, "name": "High", "default": true}, {"value": 2, "name": "Medium"}, {"value": 3, "name": "Low"}, {"value": 4, "name": "Missing"}], "stats": {"min_hour": 1, "max_hour": 1}, "suspected_cls": null, "testcase": {"absolute_path": "/clusterfuzz/run_bot/clusterfuzz/bot/inputs/fuzzer-testcases/tmppmouhc6z", "additional_metadata": "{\"build_key\": \"7d65bad1-ecd7-4020-9b60-b4da9906d9e7\", \"env\": {\"MSAN_OPTIONS\": {\"halt_on_error\": 1}}, \"fuzzer_binary_name\": \"fuzz_builtin_float\", \"fuzzing_strategies\": {\"random_max_len\": 1}, \"last_tested_crash_revision\": null, \"last_tested_crash_time\": {\"__type__\": \"datetime\", \"day\": 30, \"hour\": 0, \"microsecond\": 520524, \"minute\": 14, \"month\": 11, \"second\": 5, \"year\": 2021}, \"last_tested_revision\": null}", "archive_filename": null, "archive_state": 0, "binary_flag": false, "bug_indices": [], "bug_information": "", "comments": "[2021-11-28 12:08:51 UTC] comput5-20211128-16:38: Fuzz task : Fuzzer libFuzzer_fuzz_builtin_float generated testcase crashed in 0 seconds (r1).\n[2021-11-28 12:13:01 UTC] snode9-20211128-16:47: Minimize task started.\n[2021-11-28 12:16:55 UTC] snode9-20211128-16:47: Minimize task errored out: LibFuzzer minimization failed.\n[2021-11-30 00:11:24 UTC] snode2-20211129-17:28: Progression task started.\n[2021-11-30 00:14:05 UTC] snode2-20211129-17:28: Progression task finished: still crashes on latest custom build.\n", "crash_address": "", "crash_revision": 1, "crash_stacktrace": "[Environment] MSAN_OPTIONS=halt_on_error=1\n+----------------------------------------Release Build Stacktrace----------------------------------------+\nCommand: /clusterfuzz/run_bot/clusterfuzz/bot/builds/cpython3_libfuzzer_msan/custom/fuzz_builtin_float -rss_limit_mb=2560 -timeout=60 -runs=100 /clusterfuzz/run_bot/clusterfuzz/bot/inputs/fuzzer-testcases/tmppmouhc6z\nTime ran: 0.0948941707611084\n\n==18821==WARNING: MemorySanitizer: use-of-uninitialized-value\n    #0 0x6a6bb0 in _PyLong_FromSTwoDigits /src/cpython3/Objects/longobject.c:226:9\n    #1 0x6d76cf in long_and /src/cpython3/Objects/longobject.c:4782:16\n    #2 0x137d139 in binary_op1 /src/cpython3/Objects/abstract.c:891:13\n    #3 0x137b363 in binary_op /src/cpython3/Objects/abstract.c:930:24\n    #4 0x137b363 in PyNumber_And /src/cpython3/Objects/abstract.c:1062:1\n    #5 0xb3915a in _PyEval_EvalFrameDefault /src/cpython3/Python/ceval.c:4867:29\n    #6 0xb1af84 in _PyEval_EvalFrame /src/cpython3/Include/internal/pycore_ceval.h:48:16\n    #7 0xb1af84 in _PyEval_Vector /src/cpython3/Python/ceval.c:5815:24\n    #8 0x5b22d2 in _PyFunction_Vectorcall /src/cpython3/Objects/call.c:0\n    #9 0x5b94f8 in _PyObject_VectorcallTstate /src/cpython3/Include/internal/pycore_call.h:89:11\n    #10 0x5b94f8 in object_vacall /src/cpython3/Objects/call.c:784:14\n    #11 0x5b9e6b in _PyObject_CallMethodIdObjArgs /src/cpython3/Objects/call.c:875:24\n    #12 0xcf0910 in import_find_and_load /src/cpython3/Python/import.c:1739:11\n    #13 0xcf0910 in PyImport_ImportModuleLevelObject /src/cpython3/Python/import.c:1840:15\n    #14 0x163bc26 in builtin___import__ /src/cpython3/Python/bltinmodule.c:272:12\n    #15 0x14ce6bb in cfunction_call /src/cpython3/Objects/methodobject.c:543:18\n    #16 0x5adb8c in _PyObject_MakeTpCall /src/cpython3/Objects/call.c:214:18\n    #17 0x5b44c0 in _PyObject_CallFunctionVa /src/cpython3/Objects/call.c:0\n    #18 0x5b3558 in PyObject_CallFunction /src/cpython3/Objects/call.c:557:14\n    #19 0xceb025 in PyImport_Import /src/cpython3/Python/import.c:2045:9\n    #20 0xcebc82 in PyImport_ImportModule /src/cpython3/Python/import.c:1452:14\n    #21 0xcebc82 in PyImport_ImportModuleNoBlock /src/cpython3/Python/import.c:1470:12\n    #22 0xb77240 in _PyCodecRegistry_Init /src/cpython3/Python/codecs.c:1530:11\n    #23 0xb77e24 in _PyCodec_Lookup /src/cpython3/Python/codecs.c:135:46\n    #24 0xab4ea7 in config_get_codec_name /src/cpython3/Objects/unicodeobject.c:15870:23\n    #25 0xa22104 in init_fs_encoding /src/cpython3/Objects/unicodeobject.c:15984:9\n    #26 0xa22104 in _PyUnicode_InitEncodings /src/cpython3/Objects/unicodeobject.c:16000:23\n    #27 0xdab104 in init_interp_main /src/cpython3/Python/pylifecycle.c:1103:14\n    #28 0xd98346 in pyinit_main /src/cpython3/Python/pylifecycle.c:1194:23\n    #29 0xd98346 in Py_InitializeFromConfig /src/cpython3/Python/pylifecycle.c:1225:18\n    #30 0x54460a in LLVMFuzzerInitialize /src/cpython3/Modules/_xxtestfuzz/fuzzer.c:468:14\n    #31 0x4611d7 in fuzzer::FuzzerDriver(int*, char***, int (*)(unsigned char const*, unsigned long)) cxa_noexception.cpp:0\n    #32 0x48c5a2 in main /src/llvm-project/compiler-rt/lib/fuzzer/FuzzerMain.cpp:20:10\n    #33 0x7f1987b3c0b2 in __libc_start_main\n    #34 0x43ae3d in _start\n\n  Uninitialized value was created by a heap allocation\n    #0 0x4f0fcd in __interceptor_malloc /src/llvm-project/compiler-rt/lib/msan/msan_interceptors.cpp:912:3\n    #1 0x7b659b in _PyMem_RawMalloc /src/cpython3/Objects/obmalloc.c:100:12\n    #2 0x7bb258 in PyObject_Malloc /src/cpython3/Objects/obmalloc.c:698:12\n    #3 0x68ee07 in _PyLong_New /src/cpython3/Objects/longobject.c:129:14\n    #4 0x68ee07 in _PyLong_FromByteArray /src/cpython3/Objects/longobject.c:845:9\n    #5 0x6e5e3f in int_from_bytes_impl /src/cpython3/Objects/longobject.c:5635:16\n    #6 0x6e5e3f in int_from_bytes /src/cpython3/Objects/clinic/longobject.c.h:389:20\n    #7 0x14ca1c0 in cfunction_vectorcall_FASTCALL_KEYWORDS /src/cpython3/Objects/methodobject.c:446:24\n    #8 0x5b0cff in _PyObject_VectorcallTstate /src/cpython3/Include/internal/pycore_call.h:89:11\n    #9 0x5b0cff in PyObject_Vectorcall /src/cpython3/Objects/call.c:298:12\n    #10 0xb3ec88 in _PyEval_EvalFrameDefault /src/cpython3/Python/ceval.c:4479:23\n    #11 0xb1af84 in _PyEval_EvalFrame /src/cpython3/Include/internal/pycore_ceval.h:48:16\n    #12 0xb1af84 in _PyEval_Vector /src/cpython3/Python/ceval.c:5815:24\n    #13 0x5b22d2 in _PyFunction_Vectorcall /src/cpython3/Objects/call.c:0\n    #14 0x5b94f8 in _PyObject_VectorcallTstate /src/cpython3/Include/internal/pycore_call.h:89:11\n    #15 0x5b94f8 in object_vacall /src/cpython3/Objects/call.c:784:14\n    #16 0x5b9e6b in _PyObject_CallMethodIdObjArgs /src/cpython3/Objects/call.c:875:24\n    #17 0xcf0910 in import_find_and_load /src/cpython3/Python/import.c:1739:11\n    #18 0xcf0910 in PyImport_ImportModuleLevelObject /src/cpython3/Python/import.c:1840:15\n    #19 0x163bc26 in builtin___import__ /src/cpython3/Python/bltinmodule.c:272:12\n    #20 0x14ce6bb in cfunction_call /src/cpython3/Objects/methodobject.c:543:18\n    #21 0x5adb8c in _PyObject_MakeTpCall /src/cpython3/Objects/call.c:214:18\n    #22 0x5b44c0 in _PyObject_CallFunctionVa /src/cpython3/Objects/call.c:0\n    #23 0x5b3558 in PyObject_CallFunction /src/cpython3/Objects/call.c:557:14\n    #24 0xceb025 in PyImport_Import /src/cpython3/Python/import.c:2045:9\n    #25 0xcebc82 in PyImport_ImportModule /src/cpython3/Python/import.c:1452:14\n    #26 0xcebc82 in PyImport_ImportModuleNoBlock /src/cpython3/Python/import.c:1470:12\n\nSUMMARY: MemorySanitizer: use-of-uninitialized-value (/clusterfuzz/run_bot/clusterfuzz/bot/builds/cpython3_libfuzzer_msan/custom/fuzz_builtin_float+0x6a6bb0)\nUnique heap origins: 6985\nStack depot allocated bytes: 2883584\nUnique origin histories: 1864\nHistory depot allocated bytes: 196608\nExiting\n\n\n+----------------------------------------Release Build Unsymbolized Stacktrace (diff)----------------------------------------+\n\n\n==18821==WARNING: MemorySanitizer: use-of-uninitialized-value\n    #0 0x6a6bb0  (/clusterfuzz/run_bot/clusterfuzz/bot/builds/cpython3_libfuzzer_msan/custom/fuzz_builtin_float+0x6a6bb0)\n    #1 0x6d76cf  (/clusterfuzz/run_bot/clusterfuzz/bot/builds/cpython3_libfuzzer_msan/custom/fuzz_builtin_float+0x6d76cf)\n    #2 0x137d139  (/clusterfuzz/run_bot/clusterfuzz/bot/builds/cpython3_libfuzzer_msan/custom/fuzz_builtin_float+0x137d139)\n    #3 0x137b363  (/clusterfuzz/run_bot/clusterfuzz/bot/builds/cpython3_libfuzzer_msan/custom/fuzz_builtin_float+0x137b363)\n    #4 0xb3915a  (/clusterfuzz/run_bot/clusterfuzz/bot/builds/cpython3_libfuzzer_msan/custom/fuzz_builtin_float+0xb3915a)\n    #5 0xb1af84  (/clusterfuzz/run_bot/clusterfuzz/bot/builds/cpython3_libfuzzer_msan/custom/fuzz_builtin_float+0xb1af84)\n    #6 0x5b22d2  (/clusterfuzz/run_bot/clusterfuzz/bot/builds/cpython3_libfuzzer_msan/custom/fuzz_builtin_float+0x5b22d2)\n    #7 0x5b94f8  (/clusterfuzz/run_bot/clusterfuzz/bot/builds/cpython3_libfuzzer_msan/custom/fuzz_builtin_float+0x5b94f8)\n    #8 0x5b9e6b  (/clusterfuzz/run_bot/clusterfuzz/bot/builds/cpython3_libfuzzer_msan/custom/fuzz_builtin_float+0x5b9e6b)\n    #9 0xcf0910  (/clusterfuzz/run_bot/clusterfuzz/bot/builds/cpython3_libfuzzer_msan/custom/fuzz_builtin_float+0xcf0910)\n    #10 0x163bc26  (/clusterfuzz/run_bot/clusterfuzz/bot/builds/cpython3_libfuzzer_msan/custom/fuzz_builtin_float+0x163bc26)\n    #11 0x14ce6bb  (/clusterfuzz/run_bot/clusterfuzz/bot/builds/cpython3_libfuzzer_msan/custom/fuzz_builtin_float+0x14ce6bb)\n    #12 0x5adb8c  (/clusterfuzz/run_bot/clusterfuzz/bot/builds/cpython3_libfuzzer_msan/custom/fuzz_builtin_float+0x5adb8c)\n    #13 0x5b44c0  (/clusterfuzz/run_bot/clusterfuzz/bot/builds/cpython3_libfuzzer_msan/custom/fuzz_builtin_float+0x5b44c0)\n    #14 0x5b3558  (/clusterfuzz/run_bot/clusterfuzz/bot/builds/cpython3_libfuzzer_msan/custom/fuzz_builtin_float+0x5b3558)\n    #15 0xceb025  (/clusterfuzz/run_bot/clusterfuzz/bot/builds/cpython3_libfuzzer_msan/custom/fuzz_builtin_float+0xceb025)\n    #16 0xcebc82  (/clusterfuzz/run_bot/clusterfuzz/bot/builds/cpython3_libfuzzer_msan/custom/fuzz_builtin_float+0xcebc82)\n    #17 0xb77240  (/clusterfuzz/run_bot/clusterfuzz/bot/builds/cpython3_libfuzzer_msan/custom/fuzz_builtin_float+0xb77240)\n    #18 0xb77e24  (/clusterfuzz/run_bot/clusterfuzz/bot/builds/cpython3_libfuzzer_msan/custom/fuzz_builtin_float+0xb77e24)\n    #19 0xab4ea7  (/clusterfuzz/run_bot/clusterfuzz/bot/builds/cpython3_libfuzzer_msan/custom/fuzz_builtin_float+0xab4ea7)\n    #20 0xa22104  (/clusterfuzz/run_bot/clusterfuzz/bot/builds/cpython3_libfuzzer_msan/custom/fuzz_builtin_float+0xa22104)\n    #21 0xdab104  (/clusterfuzz/run_bot/clusterfuzz/bot/builds/cpython3_libfuzzer_msan/custom/fuzz_builtin_float+0xdab104)\n    #22 0xd98346  (/clusterfuzz/run_bot/clusterfuzz/bot/builds/cpython3_libfuzzer_msan/custom/fuzz_builtin_float+0xd98346)\n    #23 0x54460a  (/clusterfuzz/run_bot/clusterfuzz/bot/builds/cpython3_libfuzzer_msan/custom/fuzz_builtin_float+0x54460a)\n    #24 0x4611d7  (/clusterfuzz/run_bot/clusterfuzz/bot/builds/cpython3_libfuzzer_msan/custom/fuzz_builtin_float+0x4611d7)\n    #25 0x48c5a2  (/clusterfuzz/run_bot/clusterfuzz/bot/builds/cpython3_libfuzzer_msan/custom/fuzz_builtin_float+0x48c5a2)\n    #26 0x7f1987b3c0b2  (/lib/x86_64-linux-gnu/libc.so.6+0x270b2)\n    #27 0x43ae3d  (/clusterfuzz/run_bot/clusterfuzz/bot/builds/cpython3_libfuzzer_msan/custom/fuzz_builtin_float+0x43ae3d)\n\n  Uninitialized value was created by a heap allocation\n    #0 0x4f0fcd  (/clusterfuzz/run_bot/clusterfuzz/bot/builds/cpython3_libfuzzer_msan/custom/fuzz_builtin_float+0x4f0fcd)\n    #1 0x7b659b  (/clusterfuzz/run_bot/clusterfuzz/bot/builds/cpython3_libfuzzer_msan/custom/fuzz_builtin_float+0x7b659b)\n    #2 0x7bb258  (/clusterfuzz/run_bot/clusterfuzz/bot/builds/cpython3_libfuzzer_msan/custom/fuzz_builtin_float+0x7bb258)\n    #3 0x68ee07  (/clusterfuzz/run_bot/clusterfuzz/bot/builds/cpython3_libfuzzer_msan/custom/fuzz_builtin_float+0x68ee07)\n    #4 0x6e5e3f  (/clusterfuzz/run_bot/clusterfuzz/bot/builds/cpython3_libfuzzer_msan/custom/fuzz_builtin_float+0x6e5e3f)\n    #5 0x14ca1c0  (/clusterfuzz/run_bot/clusterfuzz/bot/builds/cpython3_libfuzzer_msan/custom/fuzz_builtin_float+0x14ca1c0)\n    #6 0x5b0cff  (/clusterfuzz/run_bot/clusterfuzz/bot/builds/cpython3_libfuzzer_msan/custom/fuzz_builtin_float+0x5b0cff)\n    #7 0xb3ec88  (/clusterfuzz/run_bot/clusterfuzz/bot/builds/cpython3_libfuzzer_msan/custom/fuzz_builtin_float+0xb3ec88)\n    #8 0xb1af84  (/clusterfuzz/run_bot/clusterfuzz/bot/builds/cpython3_libfuzzer_msan/custom/fuzz_builtin_float+0xb1af84)\n    #9 0x5b22d2  (/clusterfuzz/run_bot/clusterfuzz/bot/builds/cpython3_libfuzzer_msan/custom/fuzz_builtin_float+0x5b22d2)\n    #10 0x5b94f8  (/clusterfuzz/run_bot/clusterfuzz/bot/builds/cpython3_libfuzzer_msan/custom/fuzz_builtin_float+0x5b94f8)\n    #11 0x5b9e6b  (/clusterfuzz/run_bot/clusterfuzz/bot/builds/cpython3_libfuzzer_msan/custom/fuzz_builtin_float+0x5b9e6b)\n    #12 0xcf0910  (/clusterfuzz/run_bot/clusterfuzz/bot/builds/cpython3_libfuzzer_msan/custom/fuzz_builtin_float+0xcf0910)\n    #13 0x163bc26  (/clusterfuzz/run_bot/clusterfuzz/bot/builds/cpython3_libfuzzer_msan/custom/fuzz_builtin_float+0x163bc26)\n    #14 0x14ce6bb  (/clusterfuzz/run_bot/clusterfuzz/bot/builds/cpython3_libfuzzer_msan/custom/fuzz_builtin_float+0x14ce6bb)\n    #15 0x5adb8c  (/clusterfuzz/run_bot/clusterfuzz/bot/builds/cpython3_libfuzzer_msan/custom/fuzz_builtin_float+0x5adb8c)\n    #16 0x5b44c0  (/clusterfuzz/run_bot/clusterfuzz/bot/builds/cpython3_libfuzzer_msan/custom/fuzz_builtin_float+0x5b44c0)\n    #17 0x5b3558  (/clusterfuzz/run_bot/clusterfuzz/bot/builds/cpython3_libfuzzer_msan/custom/fuzz_builtin_float+0x5b3558)\n    #18 0xceb025  (/clusterfuzz/run_bot/clusterfuzz/bot/builds/cpython3_libfuzzer_msan/custom/fuzz_builtin_float+0xceb025)\n    #19 0xcebc82  (/clusterfuzz/run_bot/clusterfuzz/bot/builds/cpython3_libfuzzer_msan/custom/fuzz_builtin_float+0xcebc82)\n", "crash_state": "_PyLong_FromSTwoDigits\nlong_and\nbinary_op1\n", "crash_type": "Use-of-uninitialized-value", "disable_ubsan": false, "duplicate_of": null, "fixed": "", "flaky_stack": false, "fuzzed_keys": "914f3b93-5c6f-47a0-8c52-d3c8ac29d324", "fuzzer_name": "libFuzzer", "fuzzer_name_indices": ["libFuzzer_fuzz_builtin_float", "libFuzzer"], "gestures": [], "group_bug_information": 0, "group_id": 0, "has_bug_flag": false, "http_flag": false, "impact_beta_version": null, "impact_beta_version_indices": [], "impact_beta_version_likely": null, "impact_extended_stable_version": null, "impact_extended_stable_version_indices": [], "impact_extended_stable_version_likely": null, "impact_head_version": null, "impact_head_version_indices": [], "impact_head_version_likely": null, "impact_indices": [], "impact_stable_version": null, "impact_stable_version_indices": [], "impact_stable_version_likely": null, "impact_version_indices": [], "is_a_duplicate_flag": false, "is_impact_set_flag": null, "is_leader": true, "job_type": "cpython3_libfuzzer_msan", "keywords": ["uninitialized", "long_and", "_pylong", "py", "binary", "libfuzzer_fuzz_builtin", "float", "long_fromstwodigits", "msan", "fuzzer_fuzz_builtin", "libfuzzer_fuzz_builtin_float", "and", "of-uninitialized-value", "cpython3_libfuzzer_msan", "pylong_fromstwodigits", "digits", "of-uninitialized", "fuzzer_fuzz", "pylong", "fuzz", "builtin", "pylong_from", "long", "from", "use-of-uninitialized-value", "s", "builtin_float", "fuzz_builtin", "stwo", "cpython3_libfuzzer", "use", "fromstwodigits", "use-of", "_pylong_from", "fromstwo", "value", "_pylong_fromstwodigits", "pylong_froms", "libfuzzer_msan", "fuzzer_fuzz_builtin_float", "long_fromstwo", "linux", "long_froms", "_pylong_froms", "lib", "long_from", "cpython3", "twodigits", "_pylong_fromstwo", "froms", "op1", "use-of-uninitialized", "uninitialized-value", "binary_op1", "of", "libfuzzer_fuzz", "fuzz_builtin_float", "fuzzer", "stwodigits", "_py", "pylong_fromstwo", "libfuzzer", "two"], "last_tested_crash_stacktrace": "[Environment] MSAN_OPTIONS=exitcode=77:halt_on_error=1\n+----------------------------------------Release Build Stacktrace----------------------------------------+\nCommand: /clusterfuzz/run_bot/clusterfuzz/bot/builds/cpython3_libfuzzer_msan/custom/fuzz_builtin_float -rss_limit_mb=2560 -timeout=60 -runs=100 /clusterfuzz/run_bot/clusterfuzz/bot/inputs/fuzzer-testcases/tmppmouhc6z\nTime ran: 0.046344757080078125\n\n==28712==WARNING: MemorySanitizer: use-of-uninitialized-value\n    #0 0x6a6bb0 in _PyLong_FromSTwoDigits /src/cpython3/Objects/longobject.c:226:9\n    #1 0x6d76cf in long_and /src/cpython3/Objects/longobject.c:4782:16\n    #2 0x137d139 in binary_op1 /src/cpython3/Objects/abstract.c:891:13\n    #3 0x137b363 in binary_op /src/cpython3/Objects/abstract.c:930:24\n    #4 0x137b363 in PyNumber_And /src/cpython3/Objects/abstract.c:1062:1\n    #5 0xb3915a in _PyEval_EvalFrameDefault /src/cpython3/Python/ceval.c:4867:29\n    #6 0xb1af84 in _PyEval_EvalFrame /src/cpython3/Include/internal/pycore_ceval.h:48:16\n    #7 0xb1af84 in _PyEval_Vector /src/cpython3/Python/ceval.c:5815:24\n    #8 0x5b22d2 in _PyFunction_Vectorcall /src/cpython3/Objects/call.c:0\n    #9 0x5b94f8 in _PyObject_VectorcallTstate /src/cpython3/Include/internal/pycore_call.h:89:11\n    #10 0x5b94f8 in object_vacall /src/cpython3/Objects/call.c:784:14\n    #11 0x5b9e6b in _PyObject_CallMethodIdObjArgs /src/cpython3/Objects/call.c:875:24\n    #12 0xcf0910 in import_find_and_load /src/cpython3/Python/import.c:1739:11\n    #13 0xcf0910 in PyImport_ImportModuleLevelObject /src/cpython3/Python/import.c:1840:15\n    #14 0x163bc26 in builtin___import__ /src/cpython3/Python/bltinmodule.c:272:12\n    #15 0x14ce6bb in cfunction_call /src/cpython3/Objects/methodobject.c:543:18\n    #16 0x5adb8c in _PyObject_MakeTpCall /src/cpython3/Objects/call.c:214:18\n    #17 0x5b44c0 in _PyObject_CallFunctionVa /src/cpython3/Objects/call.c:0\n    #18 0x5b3558 in PyObject_CallFunction /src/cpython3/Objects/call.c:557:14\n    #19 0xceb025 in PyImport_Import /src/cpython3/Python/import.c:2045:9\n    #20 0xcebc82 in PyImport_ImportModule /src/cpython3/Python/import.c:1452:14\n    #21 0xcebc82 in PyImport_ImportModuleNoBlock /src/cpython3/Python/import.c:1470:12\n    #22 0xb77240 in _PyCodecRegistry_Init /src/cpython3/Python/codecs.c:1530:11\n    #23 0xb77e24 in _PyCodec_Lookup /src/cpython3/Python/codecs.c:135:46\n    #24 0xab4ea7 in config_get_codec_name /src/cpython3/Objects/unicodeobject.c:15870:23\n    #25 0xa22104 in init_fs_encoding /src/cpython3/Objects/unicodeobject.c:15984:9\n    #26 0xa22104 in _PyUnicode_InitEncodings /src/cpython3/Objects/unicodeobject.c:16000:23\n    #27 0xdab104 in init_interp_main /src/cpython3/Python/pylifecycle.c:1103:14\n    #28 0xd98346 in pyinit_main /src/cpython3/Python/pylifecycle.c:1194:23\n    #29 0xd98346 in Py_InitializeFromConfig /src/cpython3/Python/pylifecycle.c:1225:18\n    #30 0x54460a in LLVMFuzzerInitialize /src/cpython3/Modules/_xxtestfuzz/fuzzer.c:468:14\n    #31 0x4611d7 in fuzzer::FuzzerDriver(int*, char***, int (*)(unsigned char const*, unsigned long)) cxa_noexception.cpp:0\n    #32 0x48c5a2 in main /src/llvm-project/compiler-rt/lib/fuzzer/FuzzerMain.cpp:20:10\n    #33 0x7fe96fdbb0b2 in __libc_start_main\n    #34 0x43ae3d in _start\n\n  Uninitialized value was created by a heap allocation\n    #0 0x4f0fcd in __interceptor_malloc /src/llvm-project/compiler-rt/lib/msan/msan_interceptors.cpp:912:3\n    #1 0x7b659b in _PyMem_RawMalloc /src/cpython3/Objects/obmalloc.c:100:12\n    #2 0x7bb258 in PyObject_Malloc /src/cpython3/Objects/obmalloc.c:698:12\n    #3 0x68ee07 in _PyLong_New /src/cpython3/Objects/longobject.c:129:14\n    #4 0x68ee07 in _PyLong_FromByteArray /src/cpython3/Objects/longobject.c:845:9\n    #5 0x6e5e3f in int_from_bytes_impl /src/cpython3/Objects/longobject.c:5635:16\n    #6 0x6e5e3f in int_from_bytes /src/cpython3/Objects/clinic/longobject.c.h:389:20\n    #7 0x14ca1c0 in cfunction_vectorcall_FASTCALL_KEYWORDS /src/cpython3/Objects/methodobject.c:446:24\n    #8 0x5b0cff in _PyObject_VectorcallTstate /src/cpython3/Include/internal/pycore_call.h:89:11\n    #9 0x5b0cff in PyObject_Vectorcall /src/cpython3/Objects/call.c:298:12\n    #10 0xb3ec88 in _PyEval_EvalFrameDefault /src/cpython3/Python/ceval.c:4479:23\n    #11 0xb1af84 in _PyEval_EvalFrame /src/cpython3/Include/internal/pycore_ceval.h:48:16\n    #12 0xb1af84 in _PyEval_Vector /src/cpython3/Python/ceval.c:5815:24\n    #13 0x5b22d2 in _PyFunction_Vectorcall /src/cpython3/Objects/call.c:0\n    #14 0x5b94f8 in _PyObject_VectorcallTstate /src/cpython3/Include/internal/pycore_call.h:89:11\n    #15 0x5b94f8 in object_vacall /src/cpython3/Objects/call.c:784:14\n    #16 0x5b9e6b in _PyObject_CallMethodIdObjArgs /src/cpython3/Objects/call.c:875:24\n    #17 0xcf0910 in import_find_and_load /src/cpython3/Python/import.c:1739:11\n    #18 0xcf0910 in PyImport_ImportModuleLevelObject /src/cpython3/Python/import.c:1840:15\n    #19 0x163bc26 in builtin___import__ /src/cpython3/Python/bltinmodule.c:272:12\n    #20 0x14ce6bb in cfunction_call /src/cpython3/Objects/methodobject.c:543:18\n    #21 0x5adb8c in _PyObject_MakeTpCall /src/cpython3/Objects/call.c:214:18\n    #22 0x5b44c0 in _PyObject_CallFunctionVa /src/cpython3/Objects/call.c:0\n    #23 0x5b3558 in PyObject_CallFunction /src/cpython3/Objects/call.c:557:14\n    #24 0xceb025 in PyImport_Import /src/cpython3/Python/import.c:2045:9\n    #25 0xcebc82 in PyImport_ImportModule /src/cpython3/Python/import.c:1452:14\n    #26 0xcebc82 in PyImport_ImportModuleNoBlock /src/cpython3/Python/import.c:1470:12\n\nSUMMARY: MemorySanitizer: use-of-uninitialized-value (/clusterfuzz/run_bot/clusterfuzz/bot/builds/cpython3_libfuzzer_msan/custom/fuzz_builtin_float+0x6a6bb0)\nExiting\n\n\n+----------------------------------------Release Build Unsymbolized Stacktrace (diff)----------------------------------------+\n\n\n==28712==WARNING: MemorySanitizer: use-of-uninitialized-value\n    #0 0x6a6bb0  (/clusterfuzz/run_bot/clusterfuzz/bot/builds/cpython3_libfuzzer_msan/custom/fuzz_builtin_float+0x6a6bb0)\n    #1 0x6d76cf  (/clusterfuzz/run_bot/clusterfuzz/bot/builds/cpython3_libfuzzer_msan/custom/fuzz_builtin_float+0x6d76cf)\n    #2 0x137d139  (/clusterfuzz/run_bot/clusterfuzz/bot/builds/cpython3_libfuzzer_msan/custom/fuzz_builtin_float+0x137d139)\n    #3 0x137b363  (/clusterfuzz/run_bot/clusterfuzz/bot/builds/cpython3_libfuzzer_msan/custom/fuzz_builtin_float+0x137b363)\n    #4 0xb3915a  (/clusterfuzz/run_bot/clusterfuzz/bot/builds/cpython3_libfuzzer_msan/custom/fuzz_builtin_float+0xb3915a)\n    #5 0xb1af84  (/clusterfuzz/run_bot/clusterfuzz/bot/builds/cpython3_libfuzzer_msan/custom/fuzz_builtin_float+0xb1af84)\n    #6 0x5b22d2  (/clusterfuzz/run_bot/clusterfuzz/bot/builds/cpython3_libfuzzer_msan/custom/fuzz_builtin_float+0x5b22d2)\n    #7 0x5b94f8  (/clusterfuzz/run_bot/clusterfuzz/bot/builds/cpython3_libfuzzer_msan/custom/fuzz_builtin_float+0x5b94f8)\n    #8 0x5b9e6b  (/clusterfuzz/run_bot/clusterfuzz/bot/builds/cpython3_libfuzzer_msan/custom/fuzz_builtin_float+0x5b9e6b)\n    #9 0xcf0910  (/clusterfuzz/run_bot/clusterfuzz/bot/builds/cpython3_libfuzzer_msan/custom/fuzz_builtin_float+0xcf0910)\n    #10 0x163bc26  (/clusterfuzz/run_bot/clusterfuzz/bot/builds/cpython3_libfuzzer_msan/custom/fuzz_builtin_float+0x163bc26)\n    #11 0x14ce6bb  (/clusterfuzz/run_bot/clusterfuzz/bot/builds/cpython3_libfuzzer_msan/custom/fuzz_builtin_float+0x14ce6bb)\n    #12 0x5adb8c  (/clusterfuzz/run_bot/clusterfuzz/bot/builds/cpython3_libfuzzer_msan/custom/fuzz_builtin_float+0x5adb8c)\n    #13 0x5b44c0  (/clusterfuzz/run_bot/clusterfuzz/bot/builds/cpython3_libfuzzer_msan/custom/fuzz_builtin_float+0x5b44c0)\n    #14 0x5b3558  (/clusterfuzz/run_bot/clusterfuzz/bot/builds/cpython3_libfuzzer_msan/custom/fuzz_builtin_float+0x5b3558)\n    #15 0xceb025  (/clusterfuzz/run_bot/clusterfuzz/bot/builds/cpython3_libfuzzer_msan/custom/fuzz_builtin_float+0xceb025)\n    #16 0xcebc82  (/clusterfuzz/run_bot/clusterfuzz/bot/builds/cpython3_libfuzzer_msan/custom/fuzz_builtin_float+0xcebc82)\n    #17 0xb77240  (/clusterfuzz/run_bot/clusterfuzz/bot/builds/cpython3_libfuzzer_msan/custom/fuzz_builtin_float+0xb77240)\n    #18 0xb77e24  (/clusterfuzz/run_bot/clusterfuzz/bot/builds/cpython3_libfuzzer_msan/custom/fuzz_builtin_float+0xb77e24)\n    #19 0xab4ea7  (/clusterfuzz/run_bot/clusterfuzz/bot/builds/cpython3_libfuzzer_msan/custom/fuzz_builtin_float+0xab4ea7)\n    #20 0xa22104  (/clusterfuzz/run_bot/clusterfuzz/bot/builds/cpython3_libfuzzer_msan/custom/fuzz_builtin_float+0xa22104)\n    #21 0xdab104  (/clusterfuzz/run_bot/clusterfuzz/bot/builds/cpython3_libfuzzer_msan/custom/fuzz_builtin_float+0xdab104)\n    #22 0xd98346  (/clusterfuzz/run_bot/clusterfuzz/bot/builds/cpython3_libfuzzer_msan/custom/fuzz_builtin_float+0xd98346)\n    #23 0x54460a  (/clusterfuzz/run_bot/clusterfuzz/bot/builds/cpython3_libfuzzer_msan/custom/fuzz_builtin_float+0x54460a)\n    #24 0x4611d7  (/clusterfuzz/run_bot/clusterfuzz/bot/builds/cpython3_libfuzzer_msan/custom/fuzz_builtin_float+0x4611d7)\n    #25 0x48c5a2  (/clusterfuzz/run_bot/clusterfuzz/bot/builds/cpython3_libfuzzer_msan/custom/fuzz_builtin_float+0x48c5a2)\n    #26 0x7fe96fdbb0b2  (/lib/x86_64-linux-gnu/libc.so.6+0x270b2)\n    #27 0x43ae3d  (/clusterfuzz/run_bot/clusterfuzz/bot/builds/cpython3_libfuzzer_msan/custom/fuzz_builtin_float+0x43ae3d)\n\n  Uninitialized value was created by a heap allocation\n    #0 0x4f0fcd  (/clusterfuzz/run_bot/clusterfuzz/bot/builds/cpython3_libfuzzer_msan/custom/fuzz_builtin_float+0x4f0fcd)\n    #1 0x7b659b  (/clusterfuzz/run_bot/clusterfuzz/bot/builds/cpython3_libfuzzer_msan/custom/fuzz_builtin_float+0x7b659b)\n    #2 0x7bb258  (/clusterfuzz/run_bot/clusterfuzz/bot/builds/cpython3_libfuzzer_msan/custom/fuzz_builtin_float+0x7bb258)\n    #3 0x68ee07  (/clusterfuzz/run_bot/clusterfuzz/bot/builds/cpython3_libfuzzer_msan/custom/fuzz_builtin_float+0x68ee07)\n    #4 0x6e5e3f  (/clusterfuzz/run_bot/clusterfuzz/bot/builds/cpython3_libfuzzer_msan/custom/fuzz_builtin_float+0x6e5e3f)\n    #5 0x14ca1c0  (/clusterfuzz/run_bot/clusterfuzz/bot/builds/cpython3_libfuzzer_msan/custom/fuzz_builtin_float+0x14ca1c0)\n    #6 0x5b0cff  (/clusterfuzz/run_bot/clusterfuzz/bot/builds/cpython3_libfuzzer_msan/custom/fuzz_builtin_float+0x5b0cff)\n    #7 0xb3ec88  (/clusterfuzz/run_bot/clusterfuzz/bot/builds/cpython3_libfuzzer_msan/custom/fuzz_builtin_float+0xb3ec88)\n    #8 0xb1af84  (/clusterfuzz/run_bot/clusterfuzz/bot/builds/cpython3_libfuzzer_msan/custom/fuzz_builtin_float+0xb1af84)\n    #9 0x5b22d2  (/clusterfuzz/run_bot/clusterfuzz/bot/builds/cpython3_libfuzzer_msan/custom/fuzz_builtin_float+0x5b22d2)\n    #10 0x5b94f8  (/clusterfuzz/run_bot/clusterfuzz/bot/builds/cpython3_libfuzzer_msan/custom/fuzz_builtin_float+0x5b94f8)\n    #11 0x5b9e6b  (/clusterfuzz/run_bot/clusterfuzz/bot/builds/cpython3_libfuzzer_msan/custom/fuzz_builtin_float+0x5b9e6b)\n    #12 0xcf0910  (/clusterfuzz/run_bot/clusterfuzz/bot/builds/cpython3_libfuzzer_msan/custom/fuzz_builtin_float+0xcf0910)\n    #13 0x163bc26  (/clusterfuzz/run_bot/clusterfuzz/bot/builds/cpython3_libfuzzer_msan/custom/fuzz_builtin_float+0x163bc26)\n    #14 0x14ce6bb  (/clusterfuzz/run_bot/clusterfuzz/bot/builds/cpython3_libfuzzer_msan/custom/fuzz_builtin_float+0x14ce6bb)\n    #15 0x5adb8c  (/clusterfuzz/run_bot/clusterfuzz/bot/builds/cpython3_libfuzzer_msan/custom/fuzz_builtin_float+0x5adb8c)\n    #16 0x5b44c0  (/clusterfuzz/run_bot/clusterfuzz/bot/builds/cpython3_libfuzzer_msan/custom/fuzz_builtin_float+0x5b44c0)\n    #17 0x5b3558  (/clusterfuzz/run_bot/clusterfuzz/bot/builds/cpython3_libfuzzer_msan/custom/fuzz_builtin_float+0x5b3558)\n    #18 0xceb025  (/clusterfuzz/run_bot/clusterfuzz/bot/builds/cpython3_libfuzzer_msan/custom/fuzz_builtin_float+0xceb025)\n    #19 0xcebc82  (/clusterfuzz/run_bot/clusterfuzz/bot/builds/cpython3_libfuzzer_msan/custom/fuzz_builtin_float+0xcebc82)\n", "minidump_keys": "", "minimized_arguments": "-rss_limit_mb=2560 -timeout=60", "minimized_keys": "914f3b93-5c6f-47a0-8c52-d3c8ac29d324", "one_time_crasher_flag": false, "open": true, "overridden_fuzzer_name": "libFuzzer_fuzz_builtin_float", "platform": "linux", "platform_id": "linux", "project_name": "test-project", "queue": "jobs-linux", "redzone": 128, "regression": "NA", "security_flag": true, "security_severity": 2, "status": "Processed", "symbolized": false, "timeout_multiplier": 1.0, "timestamp": 1638101331, "triaged": false, "uploader_email": null, "window_argument": "", "id": 2343}, "timestamp": 1638101331.9443, "show_blame": false, "show_impact": false, "impacts_production": false, "find_similar_issues_options": [{"type": "open", "label": "Open"}, {"type": "all", "label": "All"}], "auto_delete_timestamp": null, "auto_close_timestamp": null, "memory_tool_display_label": "Sanitizer", "memory_tool_display_value": "memory (MSAN)", "last_tested": "1:1 (No component revisions found!)", "is_admin_or_not_oss_fuzz": true, "has_issue_tracker": false, "reproduction_help_url": "", "is_local_development": true, "fuzzer_display": {"engine": "libFuzzer", "target": "fuzz_builtin_float", "name": "libFuzzer", "fully_qualified_name": "libFuzzer_fuzz_builtin_float"}}