{"id": 2344, "crash_type": "Direct-leak", "crash_address": "", "crash_state": "dwfl_begin\nprocess_file\nfuzz.cc\n", "crash_state_lines": ["dwfl_begin", "process_file", "fuzz.cc"], "crash_revision": 1, "csrf_token": "D6S+cXG/eQvjQp1jhkN2Yfq5FoCaAiuUjD0oLthouNSAPb8xaAgWvNikB3AHnFnrgfWQIz/OKB4owWUbxHHo3A==", "external_user": false, "footer": "[2021-11-28 12:11:53 UTC] snode9-20211128-16:48: Fuzz task : Fuzzer libFuzzer_testfuzz generated testcase crashed in 91 seconds (r1).\n[2021-11-28 12:47:27 UTC] comput12-20211128-14:50: Minimize task started.\n[2021-11-28 12:49:15 UTC] comput12-20211128-14:50: Minimize task errored out: LibFuzzer minimization failed.\n[2021-11-30 00:14:06 UTC] snode2-20211129-17:28: Progression task started.\n[2021-11-30 00:15:24 UTC] snode2-20211129-17:28: Progression task finished: still crashes on latest custom build.\n", "formatted_reproduction_help": "", "fixed": "NO", "fixed_full": null, "issue_url": null, "is_admin": true, "metadata": {"build_key": "3018fba8-5d04-491b-a7d7-44952eeda7ac", "env": {"ASAN_OPTIONS": {}}, "fuzzer_binary_name": "testfuzz", "last_tested_crash_revision": null, "last_tested_crash_time": 1638231324, "last_tested_revision": null}, "minimized_testcase_size": "9 KB", "needs_refresh": false, "original_testcase_size": "9 KB", "privileged_user": true, "regression": "NA", "crash_stacktrace": {"lines": [{"lineNumber": 1, "content": "[Environment] ASAN_OPTIONS=exitcode=77", "important": false, "type": "Line"}, {"lineNumber": 2, "content": "+----------------------------------------Release Build Stacktrace----------------------------------------+", "important": false, "type": "Line"}, {"lineNumber": 3, "content": "Command: /clusterfuzz/run_bot/clusterfuzz/bot/builds/elfutils_libfuzzer_asan/custom/testfuzz -rss_limit_mb=2560 -timeout=60 -runs=100 /clusterfuzz/run_bot/clusterfuzz/bot/inputs/fuzzer-testcases/leak-02a99970b368a677e63b33aa49bf616fd8655dd5", "important": false, "type": "Line"}, {"lineNumber": 4, "content": "Time ran: 0.08742356300354004", "important": false, "type": "Line"}, {"lineNumber": 5, "content": "", "important": false, "type": "Line"}, {"lineNumber": 6, "content": "INFO: Running with entropic power schedule (0xFF, 100).", "important": false, "type": "Line"}, {"lineNumber": 7, "content": "INFO: Seed: 3200021645", "important": false, "type": "Line"}, {"lineNumber": 8, "content": "INFO: Loaded 1 modules   (22553 inline 8-bit counters): 22553 [0x80d990, 0x8131a9),", "important": false, "type": "Line"}, {"lineNumber": 9, "content": "INFO: Loaded 1 PC tables (22553 PCs): 22553 [0x8131b0,0x86b340),", "important": false, "type": "Line"}, {"lineNumber": 10, "content": "/clusterfuzz/run_bot/clusterfuzz/bot/builds/elfutils_libfuzzer_asan/custom/testfuzz: Running 1 inputs 100 time(s) each.", "important": false, "type": "Line"}, {"lineNumber": 11, "content": "Running: /clusterfuzz/run_bot/clusterfuzz/bot/inputs/fuzzer-testcases/leak-02a99970b368a677e63b33aa49bf616fd8655dd5", "important": false, "type": "Line"}, {"lineNumber": 12, "content": "/clusterfuzz/run_bot/clusterfuzz/bot/builds/elfutils_libfuzzer_asan/custom/testfuzz: cannot generate Elf descriptor: ELF version not set", "important": false, "type": "Line"}, {"lineNumber": 13, "content": "/clusterfuzz/run_bot/clusterfuzz/bot/builds/elfutils_libfuzzer_asan/custom/testfuzz: failed reading &#x27;/dev/shm/fuzz-8lhlb6&#x27;: invalid data", "important": false, "type": "Line"}, {"lineNumber": 14, "content": "/clusterfuzz/run_bot/clusterfuzz/bot/builds/elfutils_libfuzzer_asan/custom/testfuzz: &#x27;/dev/shm/fuzz-u5XaJ8&#x27; is not an archive, cannot print archive index", "important": false, "type": "Line"}, {"lineNumber": 15, "content": "/clusterfuzz/run_bot/clusterfuzz/bot/builds/elfutils_libfuzzer_asan/custom/testfuzz: failed reading &#x27;/dev/shm/fuzz-u5XaJ8&#x27;: invalid data", "important": false, "type": "Line"}, {"lineNumber": 16, "content": "", "important": false, "type": "Line"}, {"lineNumber": 17, "content": "=================================================================", "important": false, "type": "Line"}, {"lineNumber": 18, "content": "==21714==ERROR: LeakSanitizer: detected memory leaks", "important": false, "type": "Line"}, {"lineNumber": 19, "content": "", "important": false, "type": "Line"}, {"lineNumber": 20, "content": "Direct leak of 104 byte(s) in 1 object(s) allocated from:", "important": false, "type": "Line"}, {"lineNumber": 21, "content": "<b>    #0 0x527272 in __interceptor_calloc /src/llvm-project/compiler-rt/lib/asan/asan_malloc_linux.cpp:138:3</b>", "important": false, "type": "Line"}, {"lineNumber": 22, "content": "<b>    #1 0x5daed9 in dwfl_begin /src/elfutils/libdwfl/dwfl_begin.c:44:16</b>", "important": true, "type": "Line"}, {"lineNumber": 23, "content": "<b>    #2 0x675d0d in create_dwfl /src/elfutils/src/libreadelf.c:498:16</b>", "important": false, "type": "Line"}, {"lineNumber": 24, "content": "<b>    #3 0x675d0d in process_file /src/elfutils/src/libreadelf.c:577:16</b>", "important": true, "type": "Line"}, {"lineNumber": 25, "content": "<b>    #4 0x56085c in LLVMFuzzerTestOneInput /src/elfutils/fuzz/fuzz.cc:94:5</b>", "important": true, "type": "Line"}, {"lineNumber": 26, "content": "<b>    #5 0x457f13 in fuzzer::Fuzzer::ExecuteCallback(unsigned char const*, unsigned long) cxa_noexception.cpp:0</b>", "important": false, "type": "Line"}, {"lineNumber": 27, "content": "<b>    #6 0x443822 in fuzzer::RunOneTest(fuzzer::Fuzzer*, char const*, unsigned long) /src/llvm-project/compiler-rt/lib/fuzzer/FuzzerDriver.cpp:324:6</b>", "important": false, "type": "Line"}, {"lineNumber": 28, "content": "<b>    #7 0x4492ea in fuzzer::FuzzerDriver(int*, char***, int (*)(unsigned char const*, unsigned long)) cxa_noexception.cpp:0</b>", "important": false, "type": "Line"}, {"lineNumber": 29, "content": "<b>    #8 0x472212 in main /src/llvm-project/compiler-rt/lib/fuzzer/FuzzerMain.cpp:20:10</b>", "important": false, "type": "Line"}, {"lineNumber": 30, "content": "<b>    #9 0x7f0af8bd50b2 in __libc_start_main</b>", "important": false, "type": "Line"}, {"lineNumber": 31, "content": "", "important": false, "type": "Line"}, {"lineNumber": 32, "content": "================================================================================", "important": false, "type": "Line"}, {"lineNumber": 33, "content": "The following leaks are not necessarily related to the first leak.", "important": false, "type": "Line"}, {"lineNumber": 34, "content": "", "important": false, "type": "Line"}, {"lineNumber": 35, "content": "", "important": false, "type": "Line"}, {"lineNumber": 36, "content": "SUMMARY: AddressSanitizer: 104 byte(s) leaked in 1 allocation(s).", "important": false, "type": "Line"}, {"lineNumber": 37, "content": "", "important": false, "type": "Line"}, {"lineNumber": 38, "content": "INFO: a leak has been found in the initial corpus.", "important": false, "type": "Line"}, {"lineNumber": 39, "content": "", "important": false, "type": "Line"}, {"lineNumber": 40, "content": "INFO: to ignore leaks on libFuzzer side use -detect_leaks=0.", "important": false, "type": "Line"}, {"lineNumber": 41, "content": "", "important": false, "type": "Line"}, {"lineNumber": 42, "content": "", "important": false, "type": "Line"}, {"lineNumber": 43, "content": "", "important": false, "type": "Line"}, {"lineNumber": 44, "content": "+----------------------------------------Release Build Unsymbolized Stacktrace (diff)----------------------------------------+", "important": false, "type": "Line"}, {"lineNumber": 45, "content": "", "important": false, "type": "Line"}, {"lineNumber": 46, "content": "", "important": false, "type": "Line"}, {"lineNumber": 47, "content": "Direct leak of 104 byte(s) in 1 object(s) allocated from:", "important": false, "type": "Line"}, {"lineNumber": 48, "content": "    #0 0x527272  (/clusterfuzz/run_bot/clusterfuzz/bot/builds/elfutils_libfuzzer_asan/custom/testfuzz+0x527272)", "important": false, "type": "Line"}, {"lineNumber": 49, "content": "    #1 0x5daed9  (/clusterfuzz/run_bot/clusterfuzz/bot/builds/elfutils_libfuzzer_asan/custom/testfuzz+0x5daed9)", "important": false, "type": "Line"}, {"lineNumber": 50, "content": "    #2 0x675d0d  (/clusterfuzz/run_bot/clusterfuzz/bot/builds/elfutils_libfuzzer_asan/custom/testfuzz+0x675d0d)", "important": false, "type": "Line"}, {"lineNumber": 51, "content": "    #3 0x56085c  (/clusterfuzz/run_bot/clusterfuzz/bot/builds/elfutils_libfuzzer_asan/custom/testfuzz+0x56085c)", "important": false, "type": "Line"}, {"lineNumber": 52, "content": "    #4 0x457f13  (/clusterfuzz/run_bot/clusterfuzz/bot/builds/elfutils_libfuzzer_asan/custom/testfuzz+0x457f13)", "important": false, "type": "Line"}, {"lineNumber": 53, "content": "    #5 0x443822  (/clusterfuzz/run_bot/clusterfuzz/bot/builds/elfutils_libfuzzer_asan/custom/testfuzz+0x443822)", "important": false, "type": "Line"}, {"lineNumber": 54, "content": "    #6 0x4492ea  (/clusterfuzz/run_bot/clusterfuzz/bot/builds/elfutils_libfuzzer_asan/custom/testfuzz+0x4492ea)", "important": false, "type": "Line"}, {"lineNumber": 55, "content": "    #7 0x472212  (/clusterfuzz/run_bot/clusterfuzz/bot/builds/elfutils_libfuzzer_asan/custom/testfuzz+0x472212)", "important": false, "type": "Line"}, {"lineNumber": 56, "content": "    #8 0x7f0af8bd50b2  (/lib/x86_64-linux-gnu/libc.so.6+0x270b2)", "important": false, "type": "Line"}], "revision": "1"}, "last_tested_crash_stacktrace": {"lines": [{"lineNumber": 1, "content": "[Environment] ASAN_OPTIONS=exitcode=77", "important": false, "type": "Line"}, {"lineNumber": 2, "content": "+----------------------------------------Release Build Stacktrace----------------------------------------+", "important": false, "type": "Line"}, {"lineNumber": 3, "content": "Command: /clusterfuzz/run_bot/clusterfuzz/bot/builds/elfutils_libfuzzer_asan/custom/testfuzz -rss_limit_mb=2560 -timeout=60 -runs=100 /clusterfuzz/run_bot/clusterfuzz/bot/inputs/fuzzer-testcases/leak-02a99970b368a677e63b33aa49bf616fd8655dd5", "important": false, "type": "Line"}, {"lineNumber": 4, "content": "Time ran: 0.030432462692260742", "important": false, "type": "Line"}, {"lineNumber": 5, "content": "", "important": false, "type": "Line"}, {"lineNumber": 6, "content": "INFO: Running with entropic power schedule (0xFF, 100).", "important": false, "type": "Line"}, {"lineNumber": 7, "content": "INFO: Seed: 1948273434", "important": false, "type": "Line"}, {"lineNumber": 8, "content": "INFO: Loaded 1 modules   (22553 inline 8-bit counters): 22553 [0x80d990, 0x8131a9),", "important": false, "type": "Line"}, {"lineNumber": 9, "content": "INFO: Loaded 1 PC tables (22553 PCs): 22553 [0x8131b0,0x86b340),", "important": false, "type": "Line"}, {"lineNumber": 10, "content": "/clusterfuzz/run_bot/clusterfuzz/bot/builds/elfutils_libfuzzer_asan/custom/testfuzz: Running 1 inputs 100 time(s) each.", "important": false, "type": "Line"}, {"lineNumber": 11, "content": "Running: /clusterfuzz/run_bot/clusterfuzz/bot/inputs/fuzzer-testcases/leak-02a99970b368a677e63b33aa49bf616fd8655dd5", "important": false, "type": "Line"}, {"lineNumber": 12, "content": "/clusterfuzz/run_bot/clusterfuzz/bot/builds/elfutils_libfuzzer_asan/custom/testfuzz: cannot generate Elf descriptor: ELF version not set", "important": false, "type": "Line"}, {"lineNumber": 13, "content": "/clusterfuzz/run_bot/clusterfuzz/bot/builds/elfutils_libfuzzer_asan/custom/testfuzz: failed reading &#x27;/dev/shm/fuzz-vaugsU&#x27;: invalid data", "important": false, "type": "Line"}, {"lineNumber": 14, "content": "/clusterfuzz/run_bot/clusterfuzz/bot/builds/elfutils_libfuzzer_asan/custom/testfuzz: &#x27;/dev/shm/fuzz-SwXc4V&#x27; is not an archive, cannot print archive index", "important": false, "type": "Line"}, {"lineNumber": 15, "content": "/clusterfuzz/run_bot/clusterfuzz/bot/builds/elfutils_libfuzzer_asan/custom/testfuzz: failed reading &#x27;/dev/shm/fuzz-SwXc4V&#x27;: invalid data", "important": false, "type": "Line"}, {"lineNumber": 16, "content": "", "important": false, "type": "Line"}, {"lineNumber": 17, "content": "=================================================================", "important": false, "type": "Line"}, {"lineNumber": 18, "content": "==28840==ERROR: LeakSanitizer: detected memory leaks", "important": false, "type": "Line"}, {"lineNumber": 19, "content": "", "important": false, "type": "Line"}, {"lineNumber": 20, "content": "Direct leak of 104 byte(s) in 1 object(s) allocated from:", "important": false, "type": "Line"}, {"lineNumber": 21, "content": "<b>    #0 0x527272 in __interceptor_calloc /src/llvm-project/compiler-rt/lib/asan/asan_malloc_linux.cpp:138:3</b>", "important": false, "type": "Line"}, {"lineNumber": 22, "content": "<b>    #1 0x5daed9 in dwfl_begin /src/elfutils/libdwfl/dwfl_begin.c:44:16</b>", "important": true, "type": "Line"}, {"lineNumber": 23, "content": "<b>    #2 0x675d0d in create_dwfl /src/elfutils/src/libreadelf.c:498:16</b>", "important": false, "type": "Line"}, {"lineNumber": 24, "content": "<b>    #3 0x675d0d in process_file /src/elfutils/src/libreadelf.c:577:16</b>", "important": true, "type": "Line"}, {"lineNumber": 25, "content": "<b>    #4 0x56085c in LLVMFuzzerTestOneInput /src/elfutils/fuzz/fuzz.cc:94:5</b>", "important": true, "type": "Line"}, {"lineNumber": 26, "content": "<b>    #5 0x457f13 in fuzzer::Fuzzer::ExecuteCallback(unsigned char const*, unsigned long) cxa_noexception.cpp:0</b>", "important": false, "type": "Line"}, {"lineNumber": 27, "content": "<b>    #6 0x443822 in fuzzer::RunOneTest(fuzzer::Fuzzer*, char const*, unsigned long) /src/llvm-project/compiler-rt/lib/fuzzer/FuzzerDriver.cpp:324:6</b>", "important": false, "type": "Line"}, {"lineNumber": 28, "content": "<b>    #7 0x4492ea in fuzzer::FuzzerDriver(int*, char***, int (*)(unsigned char const*, unsigned long)) cxa_noexception.cpp:0</b>", "important": false, "type": "Line"}, {"lineNumber": 29, "content": "<b>    #8 0x472212 in main /src/llvm-project/compiler-rt/lib/fuzzer/FuzzerMain.cpp:20:10</b>", "important": false, "type": "Line"}, {"lineNumber": 30, "content": "<b>    #9 0x7f9e97d850b2 in __libc_start_main</b>", "important": false, "type": "Line"}, {"lineNumber": 31, "content": "", "important": false, "type": "Line"}, {"lineNumber": 32, "content": "================================================================================", "important": false, "type": "Line"}, {"lineNumber": 33, "content": "The following leaks are not necessarily related to the first leak.", "important": false, "type": "Line"}, {"lineNumber": 34, "content": "", "important": false, "type": "Line"}, {"lineNumber": 35, "content": "", "important": false, "type": "Line"}, {"lineNumber": 36, "content": "SUMMARY: AddressSanitizer: 104 byte(s) leaked in 1 allocation(s).", "important": false, "type": "Line"}, {"lineNumber": 37, "content": "", "important": false, "type": "Line"}, {"lineNumber": 38, "content": "INFO: a leak has been found in the initial corpus.", "important": false, "type": "Line"}, {"lineNumber": 39, "content": "", "important": false, "type": "Line"}, {"lineNumber": 40, "content": "INFO: to ignore leaks on libFuzzer side use -detect_leaks=0.", "important": false, "type": "Line"}, {"lineNumber": 41, "content": "", "important": false, "type": "Line"}, {"lineNumber": 42, "content": "", "important": false, "type": "Line"}, {"lineNumber": 43, "content": "", "important": false, "type": "Line"}, {"lineNumber": 44, "content": "+----------------------------------------Release Build Unsymbolized Stacktrace (diff)----------------------------------------+", "important": false, "type": "Line"}, {"lineNumber": 45, "content": "", "important": false, "type": "Line"}, {"lineNumber": 46, "content": "", "important": false, "type": "Line"}, {"lineNumber": 47, "content": "Direct leak of 104 byte(s) in 1 object(s) allocated from:", "important": false, "type": "Line"}, {"lineNumber": 48, "content": "    #0 0x527272  (/clusterfuzz/run_bot/clusterfuzz/bot/builds/elfutils_libfuzzer_asan/custom/testfuzz+0x527272)", "important": false, "type": "Line"}, {"lineNumber": 49, "content": "    #1 0x5daed9  (/clusterfuzz/run_bot/clusterfuzz/bot/builds/elfutils_libfuzzer_asan/custom/testfuzz+0x5daed9)", "important": false, "type": "Line"}, {"lineNumber": 50, "content": "    #2 0x675d0d  (/clusterfuzz/run_bot/clusterfuzz/bot/builds/elfutils_libfuzzer_asan/custom/testfuzz+0x675d0d)", "important": false, "type": "Line"}, {"lineNumber": 51, "content": "    #3 0x56085c  (/clusterfuzz/run_bot/clusterfuzz/bot/builds/elfutils_libfuzzer_asan/custom/testfuzz+0x56085c)", "important": false, "type": "Line"}, {"lineNumber": 52, "content": "    #4 0x457f13  (/clusterfuzz/run_bot/clusterfuzz/bot/builds/elfutils_libfuzzer_asan/custom/testfuzz+0x457f13)", "important": false, "type": "Line"}, {"lineNumber": 53, "content": "    #5 0x443822  (/clusterfuzz/run_bot/clusterfuzz/bot/builds/elfutils_libfuzzer_asan/custom/testfuzz+0x443822)", "important": false, "type": "Line"}, {"lineNumber": 54, "content": "    #6 0x4492ea  (/clusterfuzz/run_bot/clusterfuzz/bot/builds/elfutils_libfuzzer_asan/custom/testfuzz+0x4492ea)", "important": false, "type": "Line"}, {"lineNumber": 55, "content": "    #7 0x472212  (/clusterfuzz/run_bot/clusterfuzz/bot/builds/elfutils_libfuzzer_asan/custom/testfuzz+0x472212)", "important": false, "type": "Line"}, {"lineNumber": 56, "content": "    #8 0x7f9e97d850b2  (/lib/x86_64-linux-gnu/libc.so.6+0x270b2)", "important": false, "type": "Line"}], "revision": null}, "security_severity": null, "security_severities": [{"value": 0, "name": "Critical"}, {"value": 1, "name": "High", "default": true}, {"value": 2, "name": "Medium"}, {"value": 3, "name": "Low"}, {"value": 4, "name": "Missing"}], "stats": {"min_hour": 1, "max_hour": 1}, "suspected_cls": null, "testcase": {"absolute_path": "/clusterfuzz/run_bot/clusterfuzz/bot/inputs/fuzzer-testcases/leak-02a99970b368a677e63b33aa49bf616fd8655dd5", "additional_metadata": "{\"build_key\": \"3018fba8-5d04-491b-a7d7-44952eeda7ac\", \"env\": {\"ASAN_OPTIONS\": {}}, \"fuzzer_binary_name\": \"testfuzz\", \"last_tested_crash_revision\": null, \"last_tested_crash_time\": {\"__type__\": \"datetime\", \"day\": 30, \"hour\": 0, \"microsecond\": 123209, \"minute\": 15, \"month\": 11, \"second\": 24, \"year\": 2021}, \"last_tested_revision\": null}", "archive_filename": null, "archive_state": 0, "binary_flag": true, "bug_indices": [], "bug_information": "", "comments": "[2021-11-28 12:11:53 UTC] snode9-20211128-16:48: Fuzz task : Fuzzer libFuzzer_testfuzz generated testcase crashed in 91 seconds (r1).\n[2021-11-28 12:47:27 UTC] comput12-20211128-14:50: Minimize task started.\n[2021-11-28 12:49:15 UTC] comput12-20211128-14:50: Minimize task errored out: LibFuzzer minimization failed.\n[2021-11-30 00:14:06 UTC] snode2-20211129-17:28: Progression task started.\n[2021-11-30 00:15:24 UTC] snode2-20211129-17:28: Progression task finished: still crashes on latest custom build.\n", "crash_address": "", "crash_revision": 1, "crash_stacktrace": "[Environment] ASAN_OPTIONS=exitcode=77\n+----------------------------------------Release Build Stacktrace----------------------------------------+\nCommand: /clusterfuzz/run_bot/clusterfuzz/bot/builds/elfutils_libfuzzer_asan/custom/testfuzz -rss_limit_mb=2560 -timeout=60 -runs=100 /clusterfuzz/run_bot/clusterfuzz/bot/inputs/fuzzer-testcases/leak-02a99970b368a677e63b33aa49bf616fd8655dd5\nTime ran: 0.08742356300354004\n\nINFO: Running with entropic power schedule (0xFF, 100).\nINFO: Seed: 3200021645\nINFO: Loaded 1 modules   (22553 inline 8-bit counters): 22553 [0x80d990, 0x8131a9),\nINFO: Loaded 1 PC tables (22553 PCs): 22553 [0x8131b0,0x86b340),\n/clusterfuzz/run_bot/clusterfuzz/bot/builds/elfutils_libfuzzer_asan/custom/testfuzz: Running 1 inputs 100 time(s) each.\nRunning: /clusterfuzz/run_bot/clusterfuzz/bot/inputs/fuzzer-testcases/leak-02a99970b368a677e63b33aa49bf616fd8655dd5\n/clusterfuzz/run_bot/clusterfuzz/bot/builds/elfutils_libfuzzer_asan/custom/testfuzz: cannot generate Elf descriptor: ELF version not set\n/clusterfuzz/run_bot/clusterfuzz/bot/builds/elfutils_libfuzzer_asan/custom/testfuzz: failed reading '/dev/shm/fuzz-8lhlb6': invalid data\n/clusterfuzz/run_bot/clusterfuzz/bot/builds/elfutils_libfuzzer_asan/custom/testfuzz: '/dev/shm/fuzz-u5XaJ8' is not an archive, cannot print archive index\n/clusterfuzz/run_bot/clusterfuzz/bot/builds/elfutils_libfuzzer_asan/custom/testfuzz: failed reading '/dev/shm/fuzz-u5XaJ8': invalid data\n\n=================================================================\n==21714==ERROR: LeakSanitizer: detected memory leaks\n\nDirect leak of 104 byte(s) in 1 object(s) allocated from:\n    #0 0x527272 in __interceptor_calloc /src/llvm-project/compiler-rt/lib/asan/asan_malloc_linux.cpp:138:3\n    #1 0x5daed9 in dwfl_begin /src/elfutils/libdwfl/dwfl_begin.c:44:16\n    #2 0x675d0d in create_dwfl /src/elfutils/src/libreadelf.c:498:16\n    #3 0x675d0d in process_file /src/elfutils/src/libreadelf.c:577:16\n    #4 0x56085c in LLVMFuzzerTestOneInput /src/elfutils/fuzz/fuzz.cc:94:5\n    #5 0x457f13 in fuzzer::Fuzzer::ExecuteCallback(unsigned char const*, unsigned long) cxa_noexception.cpp:0\n    #6 0x443822 in fuzzer::RunOneTest(fuzzer::Fuzzer*, char const*, unsigned long) /src/llvm-project/compiler-rt/lib/fuzzer/FuzzerDriver.cpp:324:6\n    #7 0x4492ea in fuzzer::FuzzerDriver(int*, char***, int (*)(unsigned char const*, unsigned long)) cxa_noexception.cpp:0\n    #8 0x472212 in main /src/llvm-project/compiler-rt/lib/fuzzer/FuzzerMain.cpp:20:10\n    #9 0x7f0af8bd50b2 in __libc_start_main\n\nSUMMARY: AddressSanitizer: 104 byte(s) leaked in 1 allocation(s).\n\nINFO: a leak has been found in the initial corpus.\n\nINFO: to ignore leaks on libFuzzer side use -detect_leaks=0.\n\n\n\n+----------------------------------------Release Build Unsymbolized Stacktrace (diff)----------------------------------------+\n\n\nDirect leak of 104 byte(s) in 1 object(s) allocated from:\n    #0 0x527272  (/clusterfuzz/run_bot/clusterfuzz/bot/builds/elfutils_libfuzzer_asan/custom/testfuzz+0x527272)\n    #1 0x5daed9  (/clusterfuzz/run_bot/clusterfuzz/bot/builds/elfutils_libfuzzer_asan/custom/testfuzz+0x5daed9)\n    #2 0x675d0d  (/clusterfuzz/run_bot/clusterfuzz/bot/builds/elfutils_libfuzzer_asan/custom/testfuzz+0x675d0d)\n    #3 0x56085c  (/clusterfuzz/run_bot/clusterfuzz/bot/builds/elfutils_libfuzzer_asan/custom/testfuzz+0x56085c)\n    #4 0x457f13  (/clusterfuzz/run_bot/clusterfuzz/bot/builds/elfutils_libfuzzer_asan/custom/testfuzz+0x457f13)\n    #5 0x443822  (/clusterfuzz/run_bot/clusterfuzz/bot/builds/elfutils_libfuzzer_asan/custom/testfuzz+0x443822)\n    #6 0x4492ea  (/clusterfuzz/run_bot/clusterfuzz/bot/builds/elfutils_libfuzzer_asan/custom/testfuzz+0x4492ea)\n    #7 0x472212  (/clusterfuzz/run_bot/clusterfuzz/bot/builds/elfutils_libfuzzer_asan/custom/testfuzz+0x472212)\n    #8 0x7f0af8bd50b2  (/lib/x86_64-linux-gnu/libc.so.6+0x270b2)\n", "crash_state": "dwfl_begin\nprocess_file\nfuzz.cc\n", "crash_type": "Direct-leak", "disable_ubsan": false, "duplicate_of": null, "fixed": "", "flaky_stack": false, "fuzzed_keys": "4897958a-6317-4254-a7a8-94fc92b9cfd8", "fuzzer_name": "libFuzzer", "fuzzer_name_indices": ["libFuzzer_testfuzz", "libFuzzer"], "gestures": [], "group_bug_information": 0, "group_id": 0, "has_bug_flag": false, "http_flag": false, "impact_beta_version": null, "impact_beta_version_indices": [], "impact_beta_version_likely": null, "impact_extended_stable_version": null, "impact_extended_stable_version_indices": [], "impact_extended_stable_version_likely": null, "impact_head_version": null, "impact_head_version_indices": [], "impact_head_version_likely": null, "impact_indices": [], "impact_stable_version": null, "impact_stable_version_indices": [], "impact_stable_version_likely": null, "impact_version_indices": [], "is_a_duplicate_flag": false, "is_impact_set_flag": null, "is_leader": true, "job_type": "elfutils_libfuzzer_asan", "keywords": ["testfuzz", "process_file", "leak", "elfutils", "direct-leak", "elfutils_libfuzzer_asan", "linux", "process", "lib", "libfuzzer_testfuzz", "libfuzzer_asan", "fuzz.cc", "fuzz", "direct", "fuzzer_testfuzz", "elfutils_libfuzzer", "dwfl", "begin", "fuzzer", "dwfl_begin", "asan", "file", "libfuzzer", "cc"], "last_tested_crash_stacktrace": "[Environment] ASAN_OPTIONS=exitcode=77\n+----------------------------------------Release Build Stacktrace----------------------------------------+\nCommand: /clusterfuzz/run_bot/clusterfuzz/bot/builds/elfutils_libfuzzer_asan/custom/testfuzz -rss_limit_mb=2560 -timeout=60 -runs=100 /clusterfuzz/run_bot/clusterfuzz/bot/inputs/fuzzer-testcases/leak-02a99970b368a677e63b33aa49bf616fd8655dd5\nTime ran: 0.030432462692260742\n\nINFO: Running with entropic power schedule (0xFF, 100).\nINFO: Seed: 1948273434\nINFO: Loaded 1 modules   (22553 inline 8-bit counters): 22553 [0x80d990, 0x8131a9),\nINFO: Loaded 1 PC tables (22553 PCs): 22553 [0x8131b0,0x86b340),\n/clusterfuzz/run_bot/clusterfuzz/bot/builds/elfutils_libfuzzer_asan/custom/testfuzz: Running 1 inputs 100 time(s) each.\nRunning: /clusterfuzz/run_bot/clusterfuzz/bot/inputs/fuzzer-testcases/leak-02a99970b368a677e63b33aa49bf616fd8655dd5\n/clusterfuzz/run_bot/clusterfuzz/bot/builds/elfutils_libfuzzer_asan/custom/testfuzz: cannot generate Elf descriptor: ELF version not set\n/clusterfuzz/run_bot/clusterfuzz/bot/builds/elfutils_libfuzzer_asan/custom/testfuzz: failed reading '/dev/shm/fuzz-vaugsU': invalid data\n/clusterfuzz/run_bot/clusterfuzz/bot/builds/elfutils_libfuzzer_asan/custom/testfuzz: '/dev/shm/fuzz-SwXc4V' is not an archive, cannot print archive index\n/clusterfuzz/run_bot/clusterfuzz/bot/builds/elfutils_libfuzzer_asan/custom/testfuzz: failed reading '/dev/shm/fuzz-SwXc4V': invalid data\n\n=================================================================\n==28840==ERROR: LeakSanitizer: detected memory leaks\n\nDirect leak of 104 byte(s) in 1 object(s) allocated from:\n    #0 0x527272 in __interceptor_calloc /src/llvm-project/compiler-rt/lib/asan/asan_malloc_linux.cpp:138:3\n    #1 0x5daed9 in dwfl_begin /src/elfutils/libdwfl/dwfl_begin.c:44:16\n    #2 0x675d0d in create_dwfl /src/elfutils/src/libreadelf.c:498:16\n    #3 0x675d0d in process_file /src/elfutils/src/libreadelf.c:577:16\n    #4 0x56085c in LLVMFuzzerTestOneInput /src/elfutils/fuzz/fuzz.cc:94:5\n    #5 0x457f13 in fuzzer::Fuzzer::ExecuteCallback(unsigned char const*, unsigned long) cxa_noexception.cpp:0\n    #6 0x443822 in fuzzer::RunOneTest(fuzzer::Fuzzer*, char const*, unsigned long) /src/llvm-project/compiler-rt/lib/fuzzer/FuzzerDriver.cpp:324:6\n    #7 0x4492ea in fuzzer::FuzzerDriver(int*, char***, int (*)(unsigned char const*, unsigned long)) cxa_noexception.cpp:0\n    #8 0x472212 in main /src/llvm-project/compiler-rt/lib/fuzzer/FuzzerMain.cpp:20:10\n    #9 0x7f9e97d850b2 in __libc_start_main\n\nSUMMARY: AddressSanitizer: 104 byte(s) leaked in 1 allocation(s).\n\nINFO: a leak has been found in the initial corpus.\n\nINFO: to ignore leaks on libFuzzer side use -detect_leaks=0.\n\n\n\n+----------------------------------------Release Build Unsymbolized Stacktrace (diff)----------------------------------------+\n\n\nDirect leak of 104 byte(s) in 1 object(s) allocated from:\n    #0 0x527272  (/clusterfuzz/run_bot/clusterfuzz/bot/builds/elfutils_libfuzzer_asan/custom/testfuzz+0x527272)\n    #1 0x5daed9  (/clusterfuzz/run_bot/clusterfuzz/bot/builds/elfutils_libfuzzer_asan/custom/testfuzz+0x5daed9)\n    #2 0x675d0d  (/clusterfuzz/run_bot/clusterfuzz/bot/builds/elfutils_libfuzzer_asan/custom/testfuzz+0x675d0d)\n    #3 0x56085c  (/clusterfuzz/run_bot/clusterfuzz/bot/builds/elfutils_libfuzzer_asan/custom/testfuzz+0x56085c)\n    #4 0x457f13  (/clusterfuzz/run_bot/clusterfuzz/bot/builds/elfutils_libfuzzer_asan/custom/testfuzz+0x457f13)\n    #5 0x443822  (/clusterfuzz/run_bot/clusterfuzz/bot/builds/elfutils_libfuzzer_asan/custom/testfuzz+0x443822)\n    #6 0x4492ea  (/clusterfuzz/run_bot/clusterfuzz/bot/builds/elfutils_libfuzzer_asan/custom/testfuzz+0x4492ea)\n    #7 0x472212  (/clusterfuzz/run_bot/clusterfuzz/bot/builds/elfutils_libfuzzer_asan/custom/testfuzz+0x472212)\n    #8 0x7f9e97d850b2  (/lib/x86_64-linux-gnu/libc.so.6+0x270b2)\n", "minidump_keys": "", "minimized_arguments": "-rss_limit_mb=2560 -timeout=60", "minimized_keys": "4897958a-6317-4254-a7a8-94fc92b9cfd8", "one_time_crasher_flag": false, "open": true, "overridden_fuzzer_name": "libFuzzer_testfuzz", "platform": "linux", "platform_id": "linux", "project_name": "test-project", "queue": "jobs-linux", "redzone": 32, "regression": "NA", "security_flag": false, "security_severity": null, "status": "Processed", "symbolized": false, "timeout_multiplier": 1.0, "timestamp": 1638101513, "triaged": false, "uploader_email": null, "window_argument": "", "id": 2344}, "timestamp": 1638101513.713501, "show_blame": false, "show_impact": false, "impacts_production": false, "find_similar_issues_options": [{"type": "open", "label": "Open"}, {"type": "all", "label": "All"}], "auto_delete_timestamp": null, "auto_close_timestamp": null, "memory_tool_display_label": "Sanitizer", "memory_tool_display_value": "address (ASAN)", "last_tested": "1:1 (No component revisions found!)", "is_admin_or_not_oss_fuzz": true, "has_issue_tracker": false, "reproduction_help_url": "", "is_local_development": true, "fuzzer_display": {"engine": "libFuzzer", "target": "testfuzz", "name": "libFuzzer", "fully_qualified_name": "libFuzzer_testfuzz"}}