{"id": 23540, "crash_type": "Use-of-uninitialized-value", "crash_address": "", "crash_state": "sae_parse_commit\nsae.c\nsae_parse_commit\n", "crash_state_lines": ["sae_parse_commit", "sae.c", "sae_parse_commit"], "crash_revision": 1, "csrf_token": "D6S+cXG/eQvjQp1jhkN2Yfq5FoCaAiuUjD0oLthouNSAPb8xaAgWvNikB3AHnFnrgfWQIz/OKB4owWUbxHHo3A==", "external_user": false, "footer": "[2021-11-29 07:17:56 UTC] comput19-20211129-15:14: Fuzz task : Fuzzer honggfuzz_sae generated testcase crashed in 1 seconds (r1).\n[2021-11-29 07:25:48 UTC] comput13-20211129-15:14: Minimize task started.\n[2021-11-29 07:27:15 UTC] comput13-20211129-15:14: Minimize task errored out: Engine does not support minimization.\n[2021-11-30 00:10:26 UTC] comput16-20211129-15:14: Progression task started.\n[2021-11-30 00:11:53 UTC] comput16-20211129-15:14: Progression task finished: still crashes on latest custom build.\n", "formatted_reproduction_help": "", "fixed": "NO", "fixed_full": null, "issue_url": null, "is_admin": true, "metadata": {"build_key": "fce4526a-2a2f-43b8-84e2-ea373163d7ef", "fuzzer_binary_name": "sae", "last_tested_crash_revision": null, "last_tested_crash_time": 1638231113, "last_tested_revision": null}, "minimized_testcase_size": "5 KB", "needs_refresh": false, "original_testcase_size": "5 KB", "privileged_user": true, "regression": "NA", "crash_stacktrace": {"lines": [{"lineNumber": 1, "content": "[Environment] MSAN_OPTIONS=allocator_release_to_os_interval_ms=500:halt_on_error=1:handle_abort=2:handle_segv=2:handle_sigbus=2:handle_sigfpe=2:handle_sigill=2:print_stats=1:print_summary=1:symbolize=0:use_sigaltstack=1", "important": false, "type": "Line"}, {"lineNumber": 2, "content": "+----------------------------------------Release Build Stacktrace----------------------------------------+", "important": false, "type": "Line"}, {"lineNumber": 3, "content": "Uninitialized bytes in MemcmpInterceptorCommon at offset 0 inside [0x7fffffffce00, 32)", "important": false, "type": "Line"}, {"lineNumber": 4, "content": "==20078==WARNING: MemorySanitizer: use-of-uninitialized-value", "important": false, "type": "Line"}, {"lineNumber": 5, "content": "    #0 0x455ee7 in __interceptor_memcmp /src/llvm-project/compiler-rt/lib/sanitizer_common/sanitizer_common_interceptors.inc:892:10", "important": false, "type": "Line"}, {"lineNumber": 6, "content": "    #1 0x4e1392 in sae_parse_commit_element_ecc /src/hostap/src/common/sae.c:1912:6", "important": true, "type": "Line"}, {"lineNumber": 7, "content": "    #2 0x4e1392 in sae_parse_commit_element /src/hostap/src/common/sae.c:1998:9", "important": true, "type": "Line"}, {"lineNumber": 8, "content": "    #3 0x4e1392 in sae_parse_commit /src/hostap/src/common/sae.c:2107:8", "important": true, "type": "Line"}, {"lineNumber": 9, "content": "    #4 0x4cdd29 in LLVMFuzzerTestOneInput /src/hostap/tests/fuzzing/sae/sae.c:33:8", "important": true, "type": "Line"}, {"lineNumber": 10, "content": "    #5 0x4a57fe in main", "important": false, "type": "Line"}, {"lineNumber": 11, "content": "    #6 0x7ffff79830b2 in __libc_start_main", "important": false, "type": "Line"}, {"lineNumber": 12, "content": "    #7 0x42102d in _start", "important": false, "type": "Line"}, {"lineNumber": 13, "content": "", "important": false, "type": "Line"}, {"lineNumber": 14, "content": "  Uninitialized value was created by an allocation of &#x27;prime.i6.i&#x27; in the stack frame of function &#x27;sae_parse_commit&#x27;", "important": true, "type": "Line"}, {"lineNumber": 15, "content": "    #0 0x4e00e0 in sae_parse_commit /src/hostap/src/common/sae.c:2086", "important": true, "type": "Line"}, {"lineNumber": 16, "content": "", "important": false, "type": "Line"}, {"lineNumber": 17, "content": "SUMMARY: MemorySanitizer: use-of-uninitialized-value (/clusterfuzz/run_bot/clusterfuzz/bot/builds/hostap_honggfuzz_msan/custom/sae+0x455ee7)", "important": false, "type": "Line"}, {"lineNumber": 18, "content": "Exiting", "important": false, "type": "Line"}, {"lineNumber": 19, "content": "", "important": false, "type": "Line"}, {"lineNumber": 20, "content": "", "important": false, "type": "Line"}, {"lineNumber": 21, "content": "+----------------------------------------Release Build Unsymbolized Stacktrace (diff)----------------------------------------+", "important": false, "type": "Line"}, {"lineNumber": 22, "content": "", "important": false, "type": "Line"}, {"lineNumber": 23, "content": "Uninitialized bytes in MemcmpInterceptorCommon at offset 0 inside [0x7fffffffce00, 32)", "important": false, "type": "Line"}, {"lineNumber": 24, "content": "==20078==WARNING: MemorySanitizer: use-of-uninitialized-value", "important": false, "type": "Line"}, {"lineNumber": 25, "content": "    #0 0x455ee7  (/clusterfuzz/run_bot/clusterfuzz/bot/builds/hostap_honggfuzz_msan/custom/sae+0x455ee7)", "important": false, "type": "Line"}, {"lineNumber": 26, "content": "    #1 0x4e1392  (/clusterfuzz/run_bot/clusterfuzz/bot/builds/hostap_honggfuzz_msan/custom/sae+0x4e1392)", "important": false, "type": "Line"}, {"lineNumber": 27, "content": "    #2 0x4cdd29  (/clusterfuzz/run_bot/clusterfuzz/bot/builds/hostap_honggfuzz_msan/custom/sae+0x4cdd29)", "important": false, "type": "Line"}, {"lineNumber": 28, "content": "    #3 0x4a57fe  (/clusterfuzz/run_bot/clusterfuzz/bot/builds/hostap_honggfuzz_msan/custom/sae+0x4a57fe)", "important": false, "type": "Line"}, {"lineNumber": 29, "content": "    #4 0x7ffff79830b2  (/lib/x86_64-linux-gnu/libc.so.6+0x270b2)", "important": false, "type": "Line"}, {"lineNumber": 30, "content": "    #5 0x42102d  (/clusterfuzz/run_bot/clusterfuzz/bot/builds/hostap_honggfuzz_msan/custom/sae+0x42102d)", "important": false, "type": "Line"}, {"lineNumber": 31, "content": "", "important": false, "type": "Line"}, {"lineNumber": 32, "content": "  Uninitialized value was created by an allocation of &#x27;prime.i6.i&#x27; in the stack frame of function &#x27;sae_parse_commit&#x27;", "important": true, "type": "Line"}, {"lineNumber": 33, "content": "    #0 0x4e00e0  (/clusterfuzz/run_bot/clusterfuzz/bot/builds/hostap_honggfuzz_msan/custom/sae+0x4e00e0)", "important": false, "type": "Line"}], "revision": "1"}, "last_tested_crash_stacktrace": {"lines": [{"lineNumber": 1, "content": "[Environment] MSAN_OPTIONS=allocator_release_to_os_interval_ms=500:halt_on_error=1:handle_abort=2:handle_segv=2:handle_sigbus=2:handle_sigfpe=2:handle_sigill=2:print_stats=1:print_summary=1:symbolize=0:use_sigaltstack=1", "important": false, "type": "Line"}, {"lineNumber": 2, "content": "+----------------------------------------Release Build Stacktrace----------------------------------------+", "important": false, "type": "Line"}, {"lineNumber": 3, "content": "Command: /clusterfuzz/run_bot/clusterfuzz/bot/builds/hostap_honggfuzz_msan/custom/sae", "important": false, "type": "Line"}, {"lineNumber": 4, "content": "Time ran: 0.010557889938354492", "important": false, "type": "Line"}, {"lineNumber": 5, "content": "", "important": false, "type": "Line"}, {"lineNumber": 6, "content": "Accepting input from &#x27;[STDIN]&#x27;", "important": false, "type": "Line"}, {"lineNumber": 7, "content": "Usage for fuzzing: honggfuzz -P [flags] -- /clusterfuzz/run_bot/clusterfuzz/bot/builds/hostap_honggfuzz_msan/custom/sae", "important": false, "type": "Line"}, {"lineNumber": 8, "content": "Uninitialized bytes in MemcmpInterceptorCommon at offset 0 inside [0x7ffc002ed600, 32)", "important": false, "type": "Line"}, {"lineNumber": 9, "content": "==7017==WARNING: MemorySanitizer: use-of-uninitialized-value", "important": false, "type": "Line"}, {"lineNumber": 10, "content": "    #0 0x455ee7 in __interceptor_memcmp /src/llvm-project/compiler-rt/lib/sanitizer_common/sanitizer_common_interceptors.inc:892:10", "important": false, "type": "Line"}, {"lineNumber": 11, "content": "    #1 0x4e1392 in sae_parse_commit_element_ecc /src/hostap/src/common/sae.c:1912:6", "important": true, "type": "Line"}, {"lineNumber": 12, "content": "    #2 0x4e1392 in sae_parse_commit_element /src/hostap/src/common/sae.c:1998:9", "important": true, "type": "Line"}, {"lineNumber": 13, "content": "    #3 0x4e1392 in sae_parse_commit /src/hostap/src/common/sae.c:2107:8", "important": true, "type": "Line"}, {"lineNumber": 14, "content": "    #4 0x4cdd29 in LLVMFuzzerTestOneInput /src/hostap/tests/fuzzing/sae/sae.c:33:8", "important": true, "type": "Line"}, {"lineNumber": 15, "content": "    #5 0x4a571b in main", "important": false, "type": "Line"}, {"lineNumber": 16, "content": "    #6 0x7fbd4e74f0b2 in __libc_start_main", "important": false, "type": "Line"}, {"lineNumber": 17, "content": "    #7 0x42102d in _start", "important": false, "type": "Line"}, {"lineNumber": 18, "content": "", "important": false, "type": "Line"}, {"lineNumber": 19, "content": "  Uninitialized value was created by an allocation of &#x27;prime.i6.i&#x27; in the stack frame of function &#x27;sae_parse_commit&#x27;", "important": true, "type": "Line"}, {"lineNumber": 20, "content": "    #0 0x4e00e0 in sae_parse_commit /src/hostap/src/common/sae.c:2086", "important": true, "type": "Line"}, {"lineNumber": 21, "content": "", "important": false, "type": "Line"}, {"lineNumber": 22, "content": "SUMMARY: MemorySanitizer: use-of-uninitialized-value (/clusterfuzz/run_bot/clusterfuzz/bot/builds/hostap_honggfuzz_msan/custom/sae+0x455ee7)", "important": false, "type": "Line"}, {"lineNumber": 23, "content": "Exiting", "important": false, "type": "Line"}, {"lineNumber": 24, "content": "", "important": false, "type": "Line"}, {"lineNumber": 25, "content": "", "important": false, "type": "Line"}, {"lineNumber": 26, "content": "+----------------------------------------Release Build Unsymbolized Stacktrace (diff)----------------------------------------+", "important": false, "type": "Line"}, {"lineNumber": 27, "content": "", "important": false, "type": "Line"}, {"lineNumber": 28, "content": "Uninitialized bytes in MemcmpInterceptorCommon at offset 0 inside [0x7ffc002ed600, 32)", "important": false, "type": "Line"}, {"lineNumber": 29, "content": "==7017==WARNING: MemorySanitizer: use-of-uninitialized-value", "important": false, "type": "Line"}, {"lineNumber": 30, "content": "    #0 0x455ee7  (/clusterfuzz/run_bot/clusterfuzz/bot/builds/hostap_honggfuzz_msan/custom/sae+0x455ee7)", "important": false, "type": "Line"}, {"lineNumber": 31, "content": "    #1 0x4e1392  (/clusterfuzz/run_bot/clusterfuzz/bot/builds/hostap_honggfuzz_msan/custom/sae+0x4e1392)", "important": false, "type": "Line"}, {"lineNumber": 32, "content": "    #2 0x4cdd29  (/clusterfuzz/run_bot/clusterfuzz/bot/builds/hostap_honggfuzz_msan/custom/sae+0x4cdd29)", "important": false, "type": "Line"}, {"lineNumber": 33, "content": "    #3 0x4a571b  (/clusterfuzz/run_bot/clusterfuzz/bot/builds/hostap_honggfuzz_msan/custom/sae+0x4a571b)", "important": false, "type": "Line"}, {"lineNumber": 34, "content": "    #4 0x7fbd4e74f0b2  (/lib/x86_64-linux-gnu/libc.so.6+0x270b2)", "important": false, "type": "Line"}, {"lineNumber": 35, "content": "    #5 0x42102d  (/clusterfuzz/run_bot/clusterfuzz/bot/builds/hostap_honggfuzz_msan/custom/sae+0x42102d)", "important": false, "type": "Line"}, {"lineNumber": 36, "content": "", "important": false, "type": "Line"}, {"lineNumber": 37, "content": "  Uninitialized value was created by an allocation of &#x27;prime.i6.i&#x27; in the stack frame of function &#x27;sae_parse_commit&#x27;", "important": true, "type": "Line"}, {"lineNumber": 38, "content": "    #0 0x4e00e0  (/clusterfuzz/run_bot/clusterfuzz/bot/builds/hostap_honggfuzz_msan/custom/sae+0x4e00e0)", "important": false, "type": "Line"}], "revision": null}, "security_severity": "Medium", "security_severities": [{"value": 0, "name": "Critical"}, {"value": 1, "name": "High", "default": true}, {"value": 2, "name": "Medium"}, {"value": 3, "name": "Low"}, {"value": 4, "name": "Missing"}], "stats": {"min_hour": 1, "max_hour": 1}, "suspected_cls": null, "testcase": {"absolute_path": "/clusterfuzz/run_bot/clusterfuzz/bot/inputs/fuzzer-testcases/SIGABRT.PC.7ffff79a218b.STACK.1464247a3.CODE.-6.ADDR.0.INSTR.[UNKNOWN].fuzz", "additional_metadata": "{\"build_key\": \"fce4526a-2a2f-43b8-84e2-ea373163d7ef\", \"fuzzer_binary_name\": \"sae\", \"last_tested_crash_revision\": null, \"last_tested_crash_time\": {\"__type__\": \"datetime\", \"day\": 30, \"hour\": 0, \"microsecond\": 111393, \"minute\": 11, \"month\": 11, \"second\": 53, \"year\": 2021}, \"last_tested_revision\": null}", "archive_filename": null, "archive_state": 0, "binary_flag": true, "bug_indices": [], "bug_information": "", "comments": "[2021-11-29 07:17:56 UTC] comput19-20211129-15:14: Fuzz task : Fuzzer honggfuzz_sae generated testcase crashed in 1 seconds (r1).\n[2021-11-29 07:25:48 UTC] comput13-20211129-15:14: Minimize task started.\n[2021-11-29 07:27:15 UTC] comput13-20211129-15:14: Minimize task errored out: Engine does not support minimization.\n[2021-11-30 00:10:26 UTC] comput16-20211129-15:14: Progression task started.\n[2021-11-30 00:11:53 UTC] comput16-20211129-15:14: Progression task finished: still crashes on latest custom build.\n", "crash_address": "", "crash_revision": 1, "crash_stacktrace": "[Environment] MSAN_OPTIONS=allocator_release_to_os_interval_ms=500:halt_on_error=1:handle_abort=2:handle_segv=2:handle_sigbus=2:handle_sigfpe=2:handle_sigill=2:print_stats=1:print_summary=1:symbolize=0:use_sigaltstack=1\n+----------------------------------------Release Build Stacktrace----------------------------------------+\nUninitialized bytes in MemcmpInterceptorCommon at offset 0 inside [0x7fffffffce00, 32)\n==20078==WARNING: MemorySanitizer: use-of-uninitialized-value\n    #0 0x455ee7 in __interceptor_memcmp /src/llvm-project/compiler-rt/lib/sanitizer_common/sanitizer_common_interceptors.inc:892:10\n    #1 0x4e1392 in sae_parse_commit_element_ecc /src/hostap/src/common/sae.c:1912:6\n    #2 0x4e1392 in sae_parse_commit_element /src/hostap/src/common/sae.c:1998:9\n    #3 0x4e1392 in sae_parse_commit /src/hostap/src/common/sae.c:2107:8\n    #4 0x4cdd29 in LLVMFuzzerTestOneInput /src/hostap/tests/fuzzing/sae/sae.c:33:8\n    #5 0x4a57fe in main\n    #6 0x7ffff79830b2 in __libc_start_main\n    #7 0x42102d in _start\n\n  Uninitialized value was created by an allocation of 'prime.i6.i' in the stack frame of function 'sae_parse_commit'\n    #0 0x4e00e0 in sae_parse_commit /src/hostap/src/common/sae.c:2086\n\nSUMMARY: MemorySanitizer: use-of-uninitialized-value (/clusterfuzz/run_bot/clusterfuzz/bot/builds/hostap_honggfuzz_msan/custom/sae+0x455ee7)\nExiting\n\n\n+----------------------------------------Release Build Unsymbolized Stacktrace (diff)----------------------------------------+\n\nUninitialized bytes in MemcmpInterceptorCommon at offset 0 inside [0x7fffffffce00, 32)\n==20078==WARNING: MemorySanitizer: use-of-uninitialized-value\n    #0 0x455ee7  (/clusterfuzz/run_bot/clusterfuzz/bot/builds/hostap_honggfuzz_msan/custom/sae+0x455ee7)\n    #1 0x4e1392  (/clusterfuzz/run_bot/clusterfuzz/bot/builds/hostap_honggfuzz_msan/custom/sae+0x4e1392)\n    #2 0x4cdd29  (/clusterfuzz/run_bot/clusterfuzz/bot/builds/hostap_honggfuzz_msan/custom/sae+0x4cdd29)\n    #3 0x4a57fe  (/clusterfuzz/run_bot/clusterfuzz/bot/builds/hostap_honggfuzz_msan/custom/sae+0x4a57fe)\n    #4 0x7ffff79830b2  (/lib/x86_64-linux-gnu/libc.so.6+0x270b2)\n    #5 0x42102d  (/clusterfuzz/run_bot/clusterfuzz/bot/builds/hostap_honggfuzz_msan/custom/sae+0x42102d)\n\n  Uninitialized value was created by an allocation of 'prime.i6.i' in the stack frame of function 'sae_parse_commit'\n    #0 0x4e00e0  (/clusterfuzz/run_bot/clusterfuzz/bot/builds/hostap_honggfuzz_msan/custom/sae+0x4e00e0)\n", "crash_state": "sae_parse_commit\nsae.c\nsae_parse_commit\n", "crash_type": "Use-of-uninitialized-value", "disable_ubsan": false, "duplicate_of": null, "fixed": "", "flaky_stack": false, "fuzzed_keys": "1fb09605-7c59-452d-8619-204d82fd6275", "fuzzer_name": "honggfuzz", "fuzzer_name_indices": ["honggfuzz_sae", "honggfuzz"], "gestures": [], "group_bug_information": 0, "group_id": 0, "has_bug_flag": false, "http_flag": false, "impact_beta_version": null, "impact_beta_version_indices": [], "impact_beta_version_likely": null, "impact_extended_stable_version": null, "impact_extended_stable_version_indices": [], "impact_extended_stable_version_likely": null, "impact_head_version": null, "impact_head_version_indices": [], "impact_head_version_likely": null, "impact_indices": [], "impact_stable_version": null, "impact_stable_version_indices": [], "impact_stable_version_likely": null, "impact_version_indices": [], "is_a_duplicate_flag": false, "is_impact_set_flag": null, "is_leader": true, "job_type": "hostap_honggfuzz_msan", "keywords": ["hostap_honggfuzz_msan", "value", "use-of", "sae", "parse_commit", "of", "use-of-uninitialized-value", "parse", "uninitialized-value", "use-of-uninitialized", "uninitialized", "sae.c", "c", "msan", "linux", "of-uninitialized", "use", "sae_parse_commit", "hostap_honggfuzz", "honggfuzz_sae", "of-uninitialized-value", "hostap", "honggfuzz_msan", "commit", "sae_parse", "honggfuzz"], "last_tested_crash_stacktrace": "[Environment] MSAN_OPTIONS=allocator_release_to_os_interval_ms=500:halt_on_error=1:handle_abort=2:handle_segv=2:handle_sigbus=2:handle_sigfpe=2:handle_sigill=2:print_stats=1:print_summary=1:symbolize=0:use_sigaltstack=1\n+----------------------------------------Release Build Stacktrace----------------------------------------+\nCommand: /clusterfuzz/run_bot/clusterfuzz/bot/builds/hostap_honggfuzz_msan/custom/sae\nTime ran: 0.010557889938354492\n\nAccepting input from '[STDIN]'\nUsage for fuzzing: honggfuzz -P [flags] -- /clusterfuzz/run_bot/clusterfuzz/bot/builds/hostap_honggfuzz_msan/custom/sae\nUninitialized bytes in MemcmpInterceptorCommon at offset 0 inside [0x7ffc002ed600, 32)\n==7017==WARNING: MemorySanitizer: use-of-uninitialized-value\n    #0 0x455ee7 in __interceptor_memcmp /src/llvm-project/compiler-rt/lib/sanitizer_common/sanitizer_common_interceptors.inc:892:10\n    #1 0x4e1392 in sae_parse_commit_element_ecc /src/hostap/src/common/sae.c:1912:6\n    #2 0x4e1392 in sae_parse_commit_element /src/hostap/src/common/sae.c:1998:9\n    #3 0x4e1392 in sae_parse_commit /src/hostap/src/common/sae.c:2107:8\n    #4 0x4cdd29 in LLVMFuzzerTestOneInput /src/hostap/tests/fuzzing/sae/sae.c:33:8\n    #5 0x4a571b in main\n    #6 0x7fbd4e74f0b2 in __libc_start_main\n    #7 0x42102d in _start\n\n  Uninitialized value was created by an allocation of 'prime.i6.i' in the stack frame of function 'sae_parse_commit'\n    #0 0x4e00e0 in sae_parse_commit /src/hostap/src/common/sae.c:2086\n\nSUMMARY: MemorySanitizer: use-of-uninitialized-value (/clusterfuzz/run_bot/clusterfuzz/bot/builds/hostap_honggfuzz_msan/custom/sae+0x455ee7)\nExiting\n\n\n+----------------------------------------Release Build Unsymbolized Stacktrace (diff)----------------------------------------+\n\nUninitialized bytes in MemcmpInterceptorCommon at offset 0 inside [0x7ffc002ed600, 32)\n==7017==WARNING: MemorySanitizer: use-of-uninitialized-value\n    #0 0x455ee7  (/clusterfuzz/run_bot/clusterfuzz/bot/builds/hostap_honggfuzz_msan/custom/sae+0x455ee7)\n    #1 0x4e1392  (/clusterfuzz/run_bot/clusterfuzz/bot/builds/hostap_honggfuzz_msan/custom/sae+0x4e1392)\n    #2 0x4cdd29  (/clusterfuzz/run_bot/clusterfuzz/bot/builds/hostap_honggfuzz_msan/custom/sae+0x4cdd29)\n    #3 0x4a571b  (/clusterfuzz/run_bot/clusterfuzz/bot/builds/hostap_honggfuzz_msan/custom/sae+0x4a571b)\n    #4 0x7fbd4e74f0b2  (/lib/x86_64-linux-gnu/libc.so.6+0x270b2)\n    #5 0x42102d  (/clusterfuzz/run_bot/clusterfuzz/bot/builds/hostap_honggfuzz_msan/custom/sae+0x42102d)\n\n  Uninitialized value was created by an allocation of 'prime.i6.i' in the stack frame of function 'sae_parse_commit'\n    #0 0x4e00e0  (/clusterfuzz/run_bot/clusterfuzz/bot/builds/hostap_honggfuzz_msan/custom/sae+0x4e00e0)\n", "minidump_keys": "", "minimized_arguments": "", "minimized_keys": "1fb09605-7c59-452d-8619-204d82fd6275", "one_time_crasher_flag": false, "open": true, "overridden_fuzzer_name": "honggfuzz_sae", "platform": "linux", "platform_id": "linux", "project_name": "test-project", "queue": "jobs-linux", "redzone": 64, "regression": "NA", "security_flag": true, "security_severity": 2, "status": "Processed", "symbolized": false, "timeout_multiplier": 1.0, "timestamp": 1638170276, "triaged": false, "uploader_email": null, "window_argument": "", "id": 23540}, "timestamp": 1638170276.633097, "show_blame": false, "show_impact": false, "impacts_production": false, "find_similar_issues_options": [{"type": "open", "label": "Open"}, {"type": "all", "label": "All"}], "auto_delete_timestamp": null, "auto_close_timestamp": null, "memory_tool_display_label": "Sanitizer", "memory_tool_display_value": "memory (MSAN)", "last_tested": "1:1 (No component revisions found!)", "is_admin_or_not_oss_fuzz": true, "has_issue_tracker": false, "reproduction_help_url": "", "is_local_development": true, "fuzzer_display": {"engine": "honggfuzz", "target": "sae", "name": "honggfuzz", "fully_qualified_name": "honggfuzz_sae"}}