{"id": 24, "crash_type": "Use-of-uninitialized-value", "crash_address": "", "crash_state": "FcConfigFileExists\nFcConfigFilename\n_FcConfigParse\n", "crash_state_lines": ["FcConfigFileExists", "FcConfigFilename", "_FcConfigParse"], "crash_revision": 1, "csrf_token": "D6S+cXG/eQvjQp1jhkN2Yfq5FoCaAiuUjD0oLthouNSAPb8xaAgWvNikB3AHnFnrgfWQIz/OKB4owWUbxHHo3A==", "external_user": false, "footer": "[2021-11-28 08:34:28 UTC] comput8-20211128-14:49: Fuzz task : Fuzzer honggfuzz_libass_fuzzer generated testcase crashed in 1 seconds (r1).\n[2021-11-28 08:36:34 UTC] comput17-20211128-14:48: Minimize task started.\n[2021-11-28 08:36:34 UTC] comput17-20211128-14:48: Minimize task errored out: Engine does not support minimization.\n[2021-11-30 00:10:47 UTC] snode1-20211129-17:27: Progression task started.\n[2021-11-30 00:12:05 UTC] snode1-20211129-17:27: Progression task finished: still crashes on latest custom build.\n", "formatted_reproduction_help": "", "fixed": "NO", "fixed_full": null, "issue_url": null, "is_admin": true, "metadata": {"build_key": "65ae7c39-ef36-415f-a1c3-db876e74138e", "fuzzer_binary_name": "libass_fuzzer", "last_tested_crash_revision": null, "last_tested_crash_time": 1638231125, "last_tested_revision": null}, "minimized_testcase_size": "21 B", "needs_refresh": false, "original_testcase_size": "21 B", "privileged_user": true, "regression": "NA", "crash_stacktrace": {"lines": [{"lineNumber": 1, "content": "[Environment] MSAN_OPTIONS=allocator_release_to_os_interval_ms=500:halt_on_error=1:handle_abort=2:handle_segv=2:handle_sigbus=2:handle_sigfpe=2:handle_sigill=2:print_stats=1:print_summary=1:symbolize=0:use_sigaltstack=1", "important": false, "type": "Line"}, {"lineNumber": 2, "content": "+----------------------------------------Release Build Stacktrace----------------------------------------+", "important": false, "type": "Line"}, {"lineNumber": 3, "content": "Uninitialized bytes in __interceptor_strlen at offset 0 inside [0x7010000000e0, 11)", "important": false, "type": "Line"}, {"lineNumber": 4, "content": "==1474==WARNING: MemorySanitizer: use-of-uninitialized-value", "important": false, "type": "Line"}, {"lineNumber": 5, "content": "    #0 0x5940ee in FcConfigFileExists fccfg.o:0", "important": true, "type": "Line"}, {"lineNumber": 6, "content": "    #1 0x596b9f in FcConfigFilename", "important": true, "type": "Line"}, {"lineNumber": 7, "content": "    #2 0x5aeb11 in _FcConfigParse fcxml.o:0", "important": true, "type": "Line"}, {"lineNumber": 8, "content": "    #3 0x590c6c in ass_fontconfig_add_provider /src/libass/libass/ass_fontconfig.c:333:10", "important": false, "type": "Line"}, {"lineNumber": 9, "content": "    #4 0x585d39 in ass_fontselect_init /src/libass/libass/ass_fontselect.c:1118:21", "important": false, "type": "Line"}, {"lineNumber": 10, "content": "    #5 0x5030e8 in ass_set_fonts /src/libass/libass/ass_render_api.c:157:24", "important": false, "type": "Line"}, {"lineNumber": 11, "content": "    #6 0x4a3aa7 in init::init(int, int) /src/libass_fuzzer.cc:50:5", "important": false, "type": "Line"}, {"lineNumber": 12, "content": "    #7 0x4a376d in LLVMFuzzerTestOneInput /src/libass_fuzzer.cc:61:15", "important": false, "type": "Line"}, {"lineNumber": 13, "content": "    #8 0x4a42f4 in main", "important": false, "type": "Line"}, {"lineNumber": 14, "content": "    #9 0x7ffff7c5b0b2 in __libc_start_main", "important": false, "type": "Line"}, {"lineNumber": 15, "content": "    #10 0x41f15d in _start", "important": false, "type": "Line"}, {"lineNumber": 16, "content": "", "important": false, "type": "Line"}, {"lineNumber": 17, "content": "  Uninitialized value was created by a heap allocation", "important": false, "type": "Line"}, {"lineNumber": 18, "content": "    #0 0x44ff3d in __interceptor_malloc /src/llvm-project/compiler-rt/lib/msan/msan_interceptors.cpp:912:3", "important": false, "type": "Line"}, {"lineNumber": 19, "content": "    #1 0x596b3f in FcConfigFilename", "important": true, "type": "Line"}, {"lineNumber": 20, "content": "", "important": false, "type": "Line"}, {"lineNumber": 21, "content": "SUMMARY: MemorySanitizer: use-of-uninitialized-value (/clusterfuzz/run_bot/clusterfuzz/bot/builds/libass_honggfuzz_msan/custom/libass_fuzzer+0x5940ee)", "important": false, "type": "Line"}, {"lineNumber": 22, "content": "Exiting", "important": false, "type": "Line"}, {"lineNumber": 23, "content": "", "important": false, "type": "Line"}, {"lineNumber": 24, "content": "", "important": false, "type": "Line"}, {"lineNumber": 25, "content": "+----------------------------------------Release Build Unsymbolized Stacktrace (diff)----------------------------------------+", "important": false, "type": "Line"}, {"lineNumber": 26, "content": "", "important": false, "type": "Line"}, {"lineNumber": 27, "content": "Uninitialized bytes in __interceptor_strlen at offset 0 inside [0x7010000000e0, 11)", "important": false, "type": "Line"}, {"lineNumber": 28, "content": "==1474==WARNING: MemorySanitizer: use-of-uninitialized-value", "important": false, "type": "Line"}, {"lineNumber": 29, "content": "    #0 0x5940ee  (/clusterfuzz/run_bot/clusterfuzz/bot/builds/libass_honggfuzz_msan/custom/libass_fuzzer+0x5940ee)", "important": false, "type": "Line"}, {"lineNumber": 30, "content": "    #1 0x596b9f  (/clusterfuzz/run_bot/clusterfuzz/bot/builds/libass_honggfuzz_msan/custom/libass_fuzzer+0x596b9f)", "important": false, "type": "Line"}, {"lineNumber": 31, "content": "    #2 0x5aeb11  (/clusterfuzz/run_bot/clusterfuzz/bot/builds/libass_honggfuzz_msan/custom/libass_fuzzer+0x5aeb11)", "important": false, "type": "Line"}, {"lineNumber": 32, "content": "    #3 0x590c6c  (/clusterfuzz/run_bot/clusterfuzz/bot/builds/libass_honggfuzz_msan/custom/libass_fuzzer+0x590c6c)", "important": false, "type": "Line"}, {"lineNumber": 33, "content": "    #4 0x585d39  (/clusterfuzz/run_bot/clusterfuzz/bot/builds/libass_honggfuzz_msan/custom/libass_fuzzer+0x585d39)", "important": false, "type": "Line"}, {"lineNumber": 34, "content": "    #5 0x5030e8  (/clusterfuzz/run_bot/clusterfuzz/bot/builds/libass_honggfuzz_msan/custom/libass_fuzzer+0x5030e8)", "important": false, "type": "Line"}, {"lineNumber": 35, "content": "    #6 0x4a3aa7  (/clusterfuzz/run_bot/clusterfuzz/bot/builds/libass_honggfuzz_msan/custom/libass_fuzzer+0x4a3aa7)", "important": false, "type": "Line"}, {"lineNumber": 36, "content": "    #7 0x4a376d  (/clusterfuzz/run_bot/clusterfuzz/bot/builds/libass_honggfuzz_msan/custom/libass_fuzzer+0x4a376d)", "important": false, "type": "Line"}, {"lineNumber": 37, "content": "    #8 0x4a42f4  (/clusterfuzz/run_bot/clusterfuzz/bot/builds/libass_honggfuzz_msan/custom/libass_fuzzer+0x4a42f4)", "important": false, "type": "Line"}, {"lineNumber": 38, "content": "    #9 0x7ffff7c5b0b2  (/lib/x86_64-linux-gnu/libc.so.6+0x270b2)", "important": false, "type": "Line"}, {"lineNumber": 39, "content": "    #10 0x41f15d  (/clusterfuzz/run_bot/clusterfuzz/bot/builds/libass_honggfuzz_msan/custom/libass_fuzzer+0x41f15d)", "important": false, "type": "Line"}, {"lineNumber": 40, "content": "", "important": false, "type": "Line"}, {"lineNumber": 41, "content": "  Uninitialized value was created by a heap allocation", "important": false, "type": "Line"}, {"lineNumber": 42, "content": "    #0 0x44ff3d  (/clusterfuzz/run_bot/clusterfuzz/bot/builds/libass_honggfuzz_msan/custom/libass_fuzzer+0x44ff3d)", "important": false, "type": "Line"}, {"lineNumber": 43, "content": "    #1 0x596b3f  (/clusterfuzz/run_bot/clusterfuzz/bot/builds/libass_honggfuzz_msan/custom/libass_fuzzer+0x596b3f)", "important": false, "type": "Line"}], "revision": "1"}, "last_tested_crash_stacktrace": {"lines": [{"lineNumber": 1, "content": "[Environment] MSAN_OPTIONS=allocator_release_to_os_interval_ms=500:halt_on_error=1:handle_abort=2:handle_segv=2:handle_sigbus=2:handle_sigfpe=2:handle_sigill=2:print_stats=1:print_summary=1:symbolize=0:use_sigaltstack=1", "important": false, "type": "Line"}, {"lineNumber": 2, "content": "+----------------------------------------Release Build Stacktrace----------------------------------------+", "important": false, "type": "Line"}, {"lineNumber": 3, "content": "Command: /clusterfuzz/run_bot/clusterfuzz/bot/builds/libass_honggfuzz_msan/custom/libass_fuzzer", "important": false, "type": "Line"}, {"lineNumber": 4, "content": "Time ran: 0.01648998260498047", "important": false, "type": "Line"}, {"lineNumber": 5, "content": "", "important": false, "type": "Line"}, {"lineNumber": 6, "content": "Accepting input from &#x27;[STDIN]&#x27;", "important": false, "type": "Line"}, {"lineNumber": 7, "content": "Usage for fuzzing: honggfuzz -P [flags] -- /clusterfuzz/run_bot/clusterfuzz/bot/builds/libass_honggfuzz_msan/custom/libass_fuzzer", "important": false, "type": "Line"}, {"lineNumber": 8, "content": "Uninitialized bytes in __interceptor_strlen at offset 0 inside [0x7010000000e0, 11)", "important": false, "type": "Line"}, {"lineNumber": 9, "content": "==16947==WARNING: MemorySanitizer: use-of-uninitialized-value", "important": false, "type": "Line"}, {"lineNumber": 10, "content": "    #0 0x5940ee in FcConfigFileExists fccfg.o:0", "important": true, "type": "Line"}, {"lineNumber": 11, "content": "    #1 0x596b9f in FcConfigFilename", "important": true, "type": "Line"}, {"lineNumber": 12, "content": "    #2 0x5aeb11 in _FcConfigParse fcxml.o:0", "important": true, "type": "Line"}, {"lineNumber": 13, "content": "    #3 0x590c6c in ass_fontconfig_add_provider /src/libass/libass/ass_fontconfig.c:333:10", "important": false, "type": "Line"}, {"lineNumber": 14, "content": "    #4 0x585d39 in ass_fontselect_init /src/libass/libass/ass_fontselect.c:1118:21", "important": false, "type": "Line"}, {"lineNumber": 15, "content": "    #5 0x5030e8 in ass_set_fonts /src/libass/libass/ass_render_api.c:157:24", "important": false, "type": "Line"}, {"lineNumber": 16, "content": "    #6 0x4a3aa7 in init::init(int, int) /src/libass_fuzzer.cc:50:5", "important": false, "type": "Line"}, {"lineNumber": 17, "content": "    #7 0x4a376d in LLVMFuzzerTestOneInput /src/libass_fuzzer.cc:61:15", "important": false, "type": "Line"}, {"lineNumber": 18, "content": "    #8 0x4a425b in main", "important": false, "type": "Line"}, {"lineNumber": 19, "content": "    #9 0x7fe4ccb7e0b2 in __libc_start_main", "important": false, "type": "Line"}, {"lineNumber": 20, "content": "    #10 0x41f15d in _start", "important": false, "type": "Line"}, {"lineNumber": 21, "content": "", "important": false, "type": "Line"}, {"lineNumber": 22, "content": "  Uninitialized value was created by a heap allocation", "important": false, "type": "Line"}, {"lineNumber": 23, "content": "    #0 0x44ff3d in __interceptor_malloc /src/llvm-project/compiler-rt/lib/msan/msan_interceptors.cpp:912:3", "important": false, "type": "Line"}, {"lineNumber": 24, "content": "    #1 0x596b3f in FcConfigFilename", "important": true, "type": "Line"}, {"lineNumber": 25, "content": "", "important": false, "type": "Line"}, {"lineNumber": 26, "content": "SUMMARY: MemorySanitizer: use-of-uninitialized-value (/clusterfuzz/run_bot/clusterfuzz/bot/builds/libass_honggfuzz_msan/custom/libass_fuzzer+0x5940ee)", "important": false, "type": "Line"}, {"lineNumber": 27, "content": "Exiting", "important": false, "type": "Line"}, {"lineNumber": 28, "content": "", "important": false, "type": "Line"}, {"lineNumber": 29, "content": "", "important": false, "type": "Line"}, {"lineNumber": 30, "content": "+----------------------------------------Release Build Unsymbolized Stacktrace (diff)----------------------------------------+", "important": false, "type": "Line"}, {"lineNumber": 31, "content": "", "important": false, "type": "Line"}, {"lineNumber": 32, "content": "Uninitialized bytes in __interceptor_strlen at offset 0 inside [0x7010000000e0, 11)", "important": false, "type": "Line"}, {"lineNumber": 33, "content": "==16947==WARNING: MemorySanitizer: use-of-uninitialized-value", "important": false, "type": "Line"}, {"lineNumber": 34, "content": "    #0 0x5940ee  (/clusterfuzz/run_bot/clusterfuzz/bot/builds/libass_honggfuzz_msan/custom/libass_fuzzer+0x5940ee)", "important": false, "type": "Line"}, {"lineNumber": 35, "content": "    #1 0x596b9f  (/clusterfuzz/run_bot/clusterfuzz/bot/builds/libass_honggfuzz_msan/custom/libass_fuzzer+0x596b9f)", "important": false, "type": "Line"}, {"lineNumber": 36, "content": "    #2 0x5aeb11  (/clusterfuzz/run_bot/clusterfuzz/bot/builds/libass_honggfuzz_msan/custom/libass_fuzzer+0x5aeb11)", "important": false, "type": "Line"}, {"lineNumber": 37, "content": "    #3 0x590c6c  (/clusterfuzz/run_bot/clusterfuzz/bot/builds/libass_honggfuzz_msan/custom/libass_fuzzer+0x590c6c)", "important": false, "type": "Line"}, {"lineNumber": 38, "content": "    #4 0x585d39  (/clusterfuzz/run_bot/clusterfuzz/bot/builds/libass_honggfuzz_msan/custom/libass_fuzzer+0x585d39)", "important": false, "type": "Line"}, {"lineNumber": 39, "content": "    #5 0x5030e8  (/clusterfuzz/run_bot/clusterfuzz/bot/builds/libass_honggfuzz_msan/custom/libass_fuzzer+0x5030e8)", "important": false, "type": "Line"}, {"lineNumber": 40, "content": "    #6 0x4a3aa7  (/clusterfuzz/run_bot/clusterfuzz/bot/builds/libass_honggfuzz_msan/custom/libass_fuzzer+0x4a3aa7)", "important": false, "type": "Line"}, {"lineNumber": 41, "content": "    #7 0x4a376d  (/clusterfuzz/run_bot/clusterfuzz/bot/builds/libass_honggfuzz_msan/custom/libass_fuzzer+0x4a376d)", "important": false, "type": "Line"}, {"lineNumber": 42, "content": "    #8 0x4a425b  (/clusterfuzz/run_bot/clusterfuzz/bot/builds/libass_honggfuzz_msan/custom/libass_fuzzer+0x4a425b)", "important": false, "type": "Line"}, {"lineNumber": 43, "content": "    #9 0x7fe4ccb7e0b2  (/lib/x86_64-linux-gnu/libc.so.6+0x270b2)", "important": false, "type": "Line"}, {"lineNumber": 44, "content": "    #10 0x41f15d  (/clusterfuzz/run_bot/clusterfuzz/bot/builds/libass_honggfuzz_msan/custom/libass_fuzzer+0x41f15d)", "important": false, "type": "Line"}, {"lineNumber": 45, "content": "", "important": false, "type": "Line"}, {"lineNumber": 46, "content": "  Uninitialized value was created by a heap allocation", "important": false, "type": "Line"}, {"lineNumber": 47, "content": "    #0 0x44ff3d  (/clusterfuzz/run_bot/clusterfuzz/bot/builds/libass_honggfuzz_msan/custom/libass_fuzzer+0x44ff3d)", "important": false, "type": "Line"}, {"lineNumber": 48, "content": "    #1 0x596b3f  (/clusterfuzz/run_bot/clusterfuzz/bot/builds/libass_honggfuzz_msan/custom/libass_fuzzer+0x596b3f)", "important": false, "type": "Line"}], "revision": null}, "security_severity": "Medium", "security_severities": [{"value": 0, "name": "Critical"}, {"value": 1, "name": "High", "default": true}, {"value": 2, "name": "Medium"}, {"value": 3, "name": "Low"}, {"value": 4, "name": "Missing"}], "stats": {"min_hour": 1, "max_hour": 1}, "suspected_cls": null, "testcase": {"absolute_path": "/clusterfuzz/run_bot/clusterfuzz/bot/inputs/fuzzer-testcases/SIGABRT.PC.7ffff7c7a18b.STACK.18e5a3d1b0.CODE.-6.ADDR.0.INSTR.[UNKNOWN].fuzz", "additional_metadata": "{\"build_key\": \"65ae7c39-ef36-415f-a1c3-db876e74138e\", \"fuzzer_binary_name\": \"libass_fuzzer\", \"last_tested_crash_revision\": null, \"last_tested_crash_time\": {\"__type__\": \"datetime\", \"day\": 30, \"hour\": 0, \"microsecond\": 796990, \"minute\": 12, \"month\": 11, \"second\": 5, \"year\": 2021}, \"last_tested_revision\": null}", "archive_filename": null, "archive_state": 0, "binary_flag": true, "bug_indices": [], "bug_information": "", "comments": "[2021-11-28 08:34:28 UTC] comput8-20211128-14:49: Fuzz task : Fuzzer honggfuzz_libass_fuzzer generated testcase crashed in 1 seconds (r1).\n[2021-11-28 08:36:34 UTC] comput17-20211128-14:48: Minimize task started.\n[2021-11-28 08:36:34 UTC] comput17-20211128-14:48: Minimize task errored out: Engine does not support minimization.\n[2021-11-30 00:10:47 UTC] snode1-20211129-17:27: Progression task started.\n[2021-11-30 00:12:05 UTC] snode1-20211129-17:27: Progression task finished: still crashes on latest custom build.\n", "crash_address": "", "crash_revision": 1, "crash_stacktrace": "[Environment] MSAN_OPTIONS=allocator_release_to_os_interval_ms=500:halt_on_error=1:handle_abort=2:handle_segv=2:handle_sigbus=2:handle_sigfpe=2:handle_sigill=2:print_stats=1:print_summary=1:symbolize=0:use_sigaltstack=1\n+----------------------------------------Release Build Stacktrace----------------------------------------+\nUninitialized bytes in __interceptor_strlen at offset 0 inside [0x7010000000e0, 11)\n==1474==WARNING: MemorySanitizer: use-of-uninitialized-value\n    #0 0x5940ee in FcConfigFileExists fccfg.o:0\n    #1 0x596b9f in FcConfigFilename\n    #2 0x5aeb11 in _FcConfigParse fcxml.o:0\n    #3 0x590c6c in ass_fontconfig_add_provider /src/libass/libass/ass_fontconfig.c:333:10\n    #4 0x585d39 in ass_fontselect_init /src/libass/libass/ass_fontselect.c:1118:21\n    #5 0x5030e8 in ass_set_fonts /src/libass/libass/ass_render_api.c:157:24\n    #6 0x4a3aa7 in init::init(int, int) /src/libass_fuzzer.cc:50:5\n    #7 0x4a376d in LLVMFuzzerTestOneInput /src/libass_fuzzer.cc:61:15\n    #8 0x4a42f4 in main\n    #9 0x7ffff7c5b0b2 in __libc_start_main\n    #10 0x41f15d in _start\n\n  Uninitialized value was created by a heap allocation\n    #0 0x44ff3d in __interceptor_malloc /src/llvm-project/compiler-rt/lib/msan/msan_interceptors.cpp:912:3\n    #1 0x596b3f in FcConfigFilename\n\nSUMMARY: MemorySanitizer: use-of-uninitialized-value (/clusterfuzz/run_bot/clusterfuzz/bot/builds/libass_honggfuzz_msan/custom/libass_fuzzer+0x5940ee)\nExiting\n\n\n+----------------------------------------Release Build Unsymbolized Stacktrace (diff)----------------------------------------+\n\nUninitialized bytes in __interceptor_strlen at offset 0 inside [0x7010000000e0, 11)\n==1474==WARNING: MemorySanitizer: use-of-uninitialized-value\n    #0 0x5940ee  (/clusterfuzz/run_bot/clusterfuzz/bot/builds/libass_honggfuzz_msan/custom/libass_fuzzer+0x5940ee)\n    #1 0x596b9f  (/clusterfuzz/run_bot/clusterfuzz/bot/builds/libass_honggfuzz_msan/custom/libass_fuzzer+0x596b9f)\n    #2 0x5aeb11  (/clusterfuzz/run_bot/clusterfuzz/bot/builds/libass_honggfuzz_msan/custom/libass_fuzzer+0x5aeb11)\n    #3 0x590c6c  (/clusterfuzz/run_bot/clusterfuzz/bot/builds/libass_honggfuzz_msan/custom/libass_fuzzer+0x590c6c)\n    #4 0x585d39  (/clusterfuzz/run_bot/clusterfuzz/bot/builds/libass_honggfuzz_msan/custom/libass_fuzzer+0x585d39)\n    #5 0x5030e8  (/clusterfuzz/run_bot/clusterfuzz/bot/builds/libass_honggfuzz_msan/custom/libass_fuzzer+0x5030e8)\n    #6 0x4a3aa7  (/clusterfuzz/run_bot/clusterfuzz/bot/builds/libass_honggfuzz_msan/custom/libass_fuzzer+0x4a3aa7)\n    #7 0x4a376d  (/clusterfuzz/run_bot/clusterfuzz/bot/builds/libass_honggfuzz_msan/custom/libass_fuzzer+0x4a376d)\n    #8 0x4a42f4  (/clusterfuzz/run_bot/clusterfuzz/bot/builds/libass_honggfuzz_msan/custom/libass_fuzzer+0x4a42f4)\n    #9 0x7ffff7c5b0b2  (/lib/x86_64-linux-gnu/libc.so.6+0x270b2)\n    #10 0x41f15d  (/clusterfuzz/run_bot/clusterfuzz/bot/builds/libass_honggfuzz_msan/custom/libass_fuzzer+0x41f15d)\n\n  Uninitialized value was created by a heap allocation\n    #0 0x44ff3d  (/clusterfuzz/run_bot/clusterfuzz/bot/builds/libass_honggfuzz_msan/custom/libass_fuzzer+0x44ff3d)\n    #1 0x596b3f  (/clusterfuzz/run_bot/clusterfuzz/bot/builds/libass_honggfuzz_msan/custom/libass_fuzzer+0x596b3f)\n", "crash_state": "FcConfigFileExists\nFcConfigFilename\n_FcConfigParse\n", "crash_type": "Use-of-uninitialized-value", "disable_ubsan": false, "duplicate_of": null, "fixed": "", "flaky_stack": false, "fuzzed_keys": "a7e4208f-0898-4240-9c4a-ed1a8252370c", "fuzzer_name": "honggfuzz", "fuzzer_name_indices": ["honggfuzz", "honggfuzz_libass_fuzzer"], "gestures": [], "group_bug_information": 0, "group_id": 0, "has_bug_flag": false, "http_flag": false, "impact_beta_version": null, "impact_beta_version_indices": [], "impact_beta_version_likely": null, "impact_extended_stable_version": null, "impact_extended_stable_version_indices": [], "impact_extended_stable_version_likely": null, "impact_head_version": null, "impact_head_version_indices": [], "impact_head_version_likely": null, "impact_indices": [], "impact_stable_version": null, "impact_stable_version_indices": [], "impact_stable_version_likely": null, "impact_version_indices": [], "is_a_duplicate_flag": false, "is_impact_set_flag": null, "is_leader": true, "job_type": "libass_honggfuzz_msan", "keywords": ["libass_honggfuzz", "configfilename", "file", "linux", "honggfuzz_msan", "configfileexists", "fc", "libass_honggfuzz_msan", "libass_fuzzer", "exists", "use-of", "config", "fileexists", "fcconfigparse", "of-uninitialized-value", "value", "configfile", "parse", "libass", "uninitialized-value", "honggfuzz_libass_fuzzer", "fcconfigfileexists", "of-uninitialized", "_fcconfig", "fcconfigfile", "_fc", "uninitialized", "filename", "fcconfigfilename", "use-of-uninitialized", "fcconfig", "honggfuzz", "use-of-uninitialized-value", "use", "honggfuzz_libass", "of", "msan", "fuzzer", "configparse", "_fcconfigparse"], "last_tested_crash_stacktrace": "[Environment] MSAN_OPTIONS=allocator_release_to_os_interval_ms=500:halt_on_error=1:handle_abort=2:handle_segv=2:handle_sigbus=2:handle_sigfpe=2:handle_sigill=2:print_stats=1:print_summary=1:symbolize=0:use_sigaltstack=1\n+----------------------------------------Release Build Stacktrace----------------------------------------+\nCommand: /clusterfuzz/run_bot/clusterfuzz/bot/builds/libass_honggfuzz_msan/custom/libass_fuzzer\nTime ran: 0.01648998260498047\n\nAccepting input from '[STDIN]'\nUsage for fuzzing: honggfuzz -P [flags] -- /clusterfuzz/run_bot/clusterfuzz/bot/builds/libass_honggfuzz_msan/custom/libass_fuzzer\nUninitialized bytes in __interceptor_strlen at offset 0 inside [0x7010000000e0, 11)\n==16947==WARNING: MemorySanitizer: use-of-uninitialized-value\n    #0 0x5940ee in FcConfigFileExists fccfg.o:0\n    #1 0x596b9f in FcConfigFilename\n    #2 0x5aeb11 in _FcConfigParse fcxml.o:0\n    #3 0x590c6c in ass_fontconfig_add_provider /src/libass/libass/ass_fontconfig.c:333:10\n    #4 0x585d39 in ass_fontselect_init /src/libass/libass/ass_fontselect.c:1118:21\n    #5 0x5030e8 in ass_set_fonts /src/libass/libass/ass_render_api.c:157:24\n    #6 0x4a3aa7 in init::init(int, int) /src/libass_fuzzer.cc:50:5\n    #7 0x4a376d in LLVMFuzzerTestOneInput /src/libass_fuzzer.cc:61:15\n    #8 0x4a425b in main\n    #9 0x7fe4ccb7e0b2 in __libc_start_main\n    #10 0x41f15d in _start\n\n  Uninitialized value was created by a heap allocation\n    #0 0x44ff3d in __interceptor_malloc /src/llvm-project/compiler-rt/lib/msan/msan_interceptors.cpp:912:3\n    #1 0x596b3f in FcConfigFilename\n\nSUMMARY: MemorySanitizer: use-of-uninitialized-value (/clusterfuzz/run_bot/clusterfuzz/bot/builds/libass_honggfuzz_msan/custom/libass_fuzzer+0x5940ee)\nExiting\n\n\n+----------------------------------------Release Build Unsymbolized Stacktrace (diff)----------------------------------------+\n\nUninitialized bytes in __interceptor_strlen at offset 0 inside [0x7010000000e0, 11)\n==16947==WARNING: MemorySanitizer: use-of-uninitialized-value\n    #0 0x5940ee  (/clusterfuzz/run_bot/clusterfuzz/bot/builds/libass_honggfuzz_msan/custom/libass_fuzzer+0x5940ee)\n    #1 0x596b9f  (/clusterfuzz/run_bot/clusterfuzz/bot/builds/libass_honggfuzz_msan/custom/libass_fuzzer+0x596b9f)\n    #2 0x5aeb11  (/clusterfuzz/run_bot/clusterfuzz/bot/builds/libass_honggfuzz_msan/custom/libass_fuzzer+0x5aeb11)\n    #3 0x590c6c  (/clusterfuzz/run_bot/clusterfuzz/bot/builds/libass_honggfuzz_msan/custom/libass_fuzzer+0x590c6c)\n    #4 0x585d39  (/clusterfuzz/run_bot/clusterfuzz/bot/builds/libass_honggfuzz_msan/custom/libass_fuzzer+0x585d39)\n    #5 0x5030e8  (/clusterfuzz/run_bot/clusterfuzz/bot/builds/libass_honggfuzz_msan/custom/libass_fuzzer+0x5030e8)\n    #6 0x4a3aa7  (/clusterfuzz/run_bot/clusterfuzz/bot/builds/libass_honggfuzz_msan/custom/libass_fuzzer+0x4a3aa7)\n    #7 0x4a376d  (/clusterfuzz/run_bot/clusterfuzz/bot/builds/libass_honggfuzz_msan/custom/libass_fuzzer+0x4a376d)\n    #8 0x4a425b  (/clusterfuzz/run_bot/clusterfuzz/bot/builds/libass_honggfuzz_msan/custom/libass_fuzzer+0x4a425b)\n    #9 0x7fe4ccb7e0b2  (/lib/x86_64-linux-gnu/libc.so.6+0x270b2)\n    #10 0x41f15d  (/clusterfuzz/run_bot/clusterfuzz/bot/builds/libass_honggfuzz_msan/custom/libass_fuzzer+0x41f15d)\n\n  Uninitialized value was created by a heap allocation\n    #0 0x44ff3d  (/clusterfuzz/run_bot/clusterfuzz/bot/builds/libass_honggfuzz_msan/custom/libass_fuzzer+0x44ff3d)\n    #1 0x596b3f  (/clusterfuzz/run_bot/clusterfuzz/bot/builds/libass_honggfuzz_msan/custom/libass_fuzzer+0x596b3f)\n", "minidump_keys": "", "minimized_arguments": "", "minimized_keys": "a7e4208f-0898-4240-9c4a-ed1a8252370c", "one_time_crasher_flag": false, "open": true, "overridden_fuzzer_name": "honggfuzz_libass_fuzzer", "platform": "linux", "platform_id": "linux", "project_name": "test-project", "queue": "jobs-linux", "redzone": 16, "regression": "NA", "security_flag": true, "security_severity": 2, "status": "Processed", "symbolized": false, "timeout_multiplier": 1.0, "timestamp": 1638088468, "triaged": false, "uploader_email": null, "window_argument": "", "id": 24}, "timestamp": 1638088468.251016, "show_blame": false, "show_impact": false, "impacts_production": false, "find_similar_issues_options": [{"type": "open", "label": "Open"}, {"type": "all", "label": "All"}], "auto_delete_timestamp": null, "auto_close_timestamp": null, "memory_tool_display_label": "Sanitizer", "memory_tool_display_value": "memory (MSAN)", "last_tested": "1:1 (No component revisions found!)", "is_admin_or_not_oss_fuzz": true, "has_issue_tracker": false, "reproduction_help_url": "", "is_local_development": true, "fuzzer_display": {"engine": "honggfuzz", "target": "libass_fuzzer", "name": "honggfuzz", "fully_qualified_name": "honggfuzz_libass_fuzzer"}}