{"id": 24679, "crash_type": "Out-of-memory (exceeds 2560 MB)", "crash_address": "", "crash_state": "fuzz_parse\n", "crash_state_lines": ["fuzz_parse"], "crash_revision": 1, "csrf_token": "D6S+cXG/eQvjQp1jhkN2Yfq5FoCaAiuUjD0oLthouNSAPb8xaAgWvNikB3AHnFnrgfWQIz/OKB4owWUbxHHo3A==", "external_user": false, "footer": "[2021-11-29 07:53:29 UTC] comput18-20211129-15:14: Fuzz task : Fuzzer libFuzzer_fuzz_parse generated testcase crashed in 2058 seconds (r1).\n[2021-11-29 09:27:50 UTC] snode3-20211129-17:27: Minimize task started.\n[2021-11-29 09:56:33 UTC] snode3-20211129-17:27: Minimize task finished.\n[2021-11-30 00:11:09 UTC] comput13-20211129-15:14: Progression task started.\n[2021-11-30 00:12:35 UTC] comput13-20211129-15:14: Progression task finished: still crashes on latest custom build.\n", "formatted_reproduction_help": "", "fixed": "NO", "fixed_full": null, "issue_url": null, "is_admin": true, "metadata": {"build_key": "16b05b00-b6fc-49dc-85a7-214576f0e77f", "env": {"MSAN_OPTIONS": {}}, "fuzzer_binary_name": "fuzz_parse", "fuzzing_strategies": {"corpus_subset": 75, "random_max_len": 1}, "last_tested_crash_revision": null, "last_tested_crash_time": 1638231155, "last_tested_revision": null}, "minimized_testcase_size": "12 B", "needs_refresh": false, "original_testcase_size": "22 B", "privileged_user": true, "regression": "NA", "crash_stacktrace": {"lines": [{"lineNumber": 1, "content": "[Environment] MSAN_OPTIONS=exitcode=77", "important": false, "type": "Line"}, {"lineNumber": 2, "content": "+----------------------------------------Release Build Stacktrace----------------------------------------+", "important": false, "type": "Line"}, {"lineNumber": 3, "content": "Command: /clusterfuzz/run_bot/clusterfuzz/bot/builds/gpac_libfuzzer_msan/custom/fuzz_parse -rss_limit_mb=2560 -timeout=60 -runs=100 /clusterfuzz/run_bot/clusterfuzz/bot/inputs/fuzzer-testcases/148226892c396bf0dd6d8fc93367972478e882dbbb684f097fcca8d5ea7cdb7d", "important": false, "type": "Line"}, {"lineNumber": 4, "content": "Time ran: 2.260416269302368", "important": false, "type": "Line"}, {"lineNumber": 5, "content": "", "important": false, "type": "Line"}, {"lineNumber": 6, "content": "INFO: Running with entropic power schedule (0xFF, 100).", "important": false, "type": "Line"}, {"lineNumber": 7, "content": "INFO: Seed: 1954543874", "important": false, "type": "Line"}, {"lineNumber": 8, "content": "INFO: Loaded 1 modules   (217533 inline 8-bit counters): 217533 [0x276e3f0, 0x27a35ad),", "important": false, "type": "Line"}, {"lineNumber": 9, "content": "INFO: Loaded 1 PC tables (217533 PCs): 217533 [0x27a35b0,0x2af5180),", "important": false, "type": "Line"}, {"lineNumber": 10, "content": "/clusterfuzz/run_bot/clusterfuzz/bot/builds/gpac_libfuzzer_msan/custom/fuzz_parse: Running 1 inputs 100 time(s) each.", "important": false, "type": "Line"}, {"lineNumber": 11, "content": "Running: /clusterfuzz/run_bot/clusterfuzz/bot/inputs/fuzzer-testcases/148226892c396bf0dd6d8fc93367972478e882dbbb684f097fcca8d5ea7cdb7d", "important": false, "type": "Line"}, {"lineNumber": 12, "content": "==831== ERROR: libFuzzer: out-of-memory (used: 4044Mb; limit: 2560Mb)", "important": true, "type": "Line"}, {"lineNumber": 13, "content": "   To change the out-of-memory limit use -rss_limit_mb=&lt;N&gt;", "important": false, "type": "Line"}, {"lineNumber": 14, "content": "", "important": false, "type": "Line"}, {"lineNumber": 15, "content": "SUMMARY: libFuzzer: out-of-memory", "important": false, "type": "Line"}], "revision": "1"}, "last_tested_crash_stacktrace": {"lines": [{"lineNumber": 1, "content": "[Environment] MSAN_OPTIONS=exitcode=77", "important": false, "type": "Line"}, {"lineNumber": 2, "content": "+----------------------------------------Release Build Stacktrace----------------------------------------+", "important": false, "type": "Line"}, {"lineNumber": 3, "content": "Command: /clusterfuzz/run_bot/clusterfuzz/bot/builds/gpac_libfuzzer_msan/custom/fuzz_parse -rss_limit_mb=2560 -timeout=60 -runs=100 /clusterfuzz/run_bot/clusterfuzz/bot/inputs/fuzzer-testcases/oom-322f353d78e882dbbb684f097fcca8d5ea7cdb7d", "important": false, "type": "Line"}, {"lineNumber": 4, "content": "Time ran: 2.2577264308929443", "important": false, "type": "Line"}, {"lineNumber": 5, "content": "", "important": false, "type": "Line"}, {"lineNumber": 6, "content": "INFO: Running with entropic power schedule (0xFF, 100).", "important": false, "type": "Line"}, {"lineNumber": 7, "content": "INFO: Seed: 1777229416", "important": false, "type": "Line"}, {"lineNumber": 8, "content": "INFO: Loaded 1 modules   (217533 inline 8-bit counters): 217533 [0x276e3f0, 0x27a35ad),", "important": false, "type": "Line"}, {"lineNumber": 9, "content": "INFO: Loaded 1 PC tables (217533 PCs): 217533 [0x27a35b0,0x2af5180),", "important": false, "type": "Line"}, {"lineNumber": 10, "content": "/clusterfuzz/run_bot/clusterfuzz/bot/builds/gpac_libfuzzer_msan/custom/fuzz_parse: Running 1 inputs 100 time(s) each.", "important": false, "type": "Line"}, {"lineNumber": 11, "content": "Running: /clusterfuzz/run_bot/clusterfuzz/bot/inputs/fuzzer-testcases/oom-322f353d78e882dbbb684f097fcca8d5ea7cdb7d", "important": false, "type": "Line"}, {"lineNumber": 12, "content": "==11810== ERROR: libFuzzer: out-of-memory (used: 5053Mb; limit: 2560Mb)", "important": true, "type": "Line"}, {"lineNumber": 13, "content": "   To change the out-of-memory limit use -rss_limit_mb=&lt;N&gt;", "important": false, "type": "Line"}, {"lineNumber": 14, "content": "", "important": false, "type": "Line"}, {"lineNumber": 15, "content": "SUMMARY: libFuzzer: out-of-memory", "important": false, "type": "Line"}], "revision": null}, "security_severity": null, "security_severities": [{"value": 0, "name": "Critical"}, {"value": 1, "name": "High", "default": true}, {"value": 2, "name": "Medium"}, {"value": 3, "name": "Low"}, {"value": 4, "name": "Missing"}], "stats": {"min_hour": 1, "max_hour": 1}, "suspected_cls": null, "testcase": {"absolute_path": "/clusterfuzz/run_bot/clusterfuzz/bot/inputs/fuzzer-testcases/oom-322f353d78e882dbbb684f097fcca8d5ea7cdb7d", "additional_metadata": "{\"build_key\": \"16b05b00-b6fc-49dc-85a7-214576f0e77f\", \"env\": {\"MSAN_OPTIONS\": {}}, \"fuzzer_binary_name\": \"fuzz_parse\", \"fuzzing_strategies\": {\"corpus_subset\": 75, \"random_max_len\": 1}, \"last_tested_crash_revision\": null, \"last_tested_crash_time\": {\"__type__\": \"datetime\", \"day\": 30, \"hour\": 0, \"microsecond\": 234945, \"minute\": 12, \"month\": 11, \"second\": 35, \"year\": 2021}, \"last_tested_revision\": null}", "archive_filename": null, "archive_state": 0, "binary_flag": true, "bug_indices": [], "bug_information": "", "comments": "[2021-11-29 07:53:29 UTC] comput18-20211129-15:14: Fuzz task : Fuzzer libFuzzer_fuzz_parse generated testcase crashed in 2058 seconds (r1).\n[2021-11-29 09:27:50 UTC] snode3-20211129-17:27: Minimize task started.\n[2021-11-29 09:56:33 UTC] snode3-20211129-17:27: Minimize task finished.\n[2021-11-30 00:11:09 UTC] comput13-20211129-15:14: Progression task started.\n[2021-11-30 00:12:35 UTC] comput13-20211129-15:14: Progression task finished: still crashes on latest custom build.\n", "crash_address": "", "crash_revision": 1, "crash_stacktrace": "[Environment] MSAN_OPTIONS=exitcode=77\n+----------------------------------------Release Build Stacktrace----------------------------------------+\nCommand: /clusterfuzz/run_bot/clusterfuzz/bot/builds/gpac_libfuzzer_msan/custom/fuzz_parse -rss_limit_mb=2560 -timeout=60 -runs=100 /clusterfuzz/run_bot/clusterfuzz/bot/inputs/fuzzer-testcases/148226892c396bf0dd6d8fc93367972478e882dbbb684f097fcca8d5ea7cdb7d\nTime ran: 2.260416269302368\n\nINFO: Running with entropic power schedule (0xFF, 100).\nINFO: Seed: 1954543874\nINFO: Loaded 1 modules   (217533 inline 8-bit counters): 217533 [0x276e3f0, 0x27a35ad),\nINFO: Loaded 1 PC tables (217533 PCs): 217533 [0x27a35b0,0x2af5180),\n/clusterfuzz/run_bot/clusterfuzz/bot/builds/gpac_libfuzzer_msan/custom/fuzz_parse: Running 1 inputs 100 time(s) each.\nRunning: /clusterfuzz/run_bot/clusterfuzz/bot/inputs/fuzzer-testcases/148226892c396bf0dd6d8fc93367972478e882dbbb684f097fcca8d5ea7cdb7d\n==831== ERROR: libFuzzer: out-of-memory (used: 4044Mb; limit: 2560Mb)\n   To change the out-of-memory limit use -rss_limit_mb=<N>\n\nSUMMARY: libFuzzer: out-of-memory\n", "crash_state": "fuzz_parse\n", "crash_type": "Out-of-memory", "disable_ubsan": false, "duplicate_of": null, "fixed": "", "flaky_stack": false, "fuzzed_keys": "a3c85755-34e3-4937-a548-4888b89e2467", "fuzzer_name": "libFuzzer", "fuzzer_name_indices": ["libFuzzer_fuzz_parse", "libFuzzer"], "gestures": [], "group_bug_information": 0, "group_id": 0, "has_bug_flag": false, "http_flag": false, "impact_beta_version": null, "impact_beta_version_indices": [], "impact_beta_version_likely": false, "impact_extended_stable_version": null, "impact_extended_stable_version_indices": [], "impact_extended_stable_version_likely": false, "impact_head_version": null, "impact_head_version_indices": [], "impact_head_version_likely": null, "impact_indices": [], "impact_stable_version": null, "impact_stable_version_indices": [], "impact_stable_version_likely": false, "impact_version_indices": [], "is_a_duplicate_flag": false, "is_impact_set_flag": false, "is_leader": true, "job_type": "gpac_libfuzzer_msan", "keywords": ["gpac", "fuzzer_fuzz_parse", "msan", "of", "libfuzzer", "libfuzzer_fuzz", "libfuzzer_msan", "fuzzer_fuzz", "linux", "fuzz", "out", "out-of-memory", "libfuzzer_fuzz_parse", "of-memory", "memory", "fuzz_parse", "lib", "fuzzer", "gpac_libfuzzer_msan", "parse", "out-of", "gpac_libfuzzer"], "last_tested_crash_stacktrace": "[Environment] MSAN_OPTIONS=exitcode=77\n+----------------------------------------Release Build Stacktrace----------------------------------------+\nCommand: /clusterfuzz/run_bot/clusterfuzz/bot/builds/gpac_libfuzzer_msan/custom/fuzz_parse -rss_limit_mb=2560 -timeout=60 -runs=100 /clusterfuzz/run_bot/clusterfuzz/bot/inputs/fuzzer-testcases/oom-322f353d78e882dbbb684f097fcca8d5ea7cdb7d\nTime ran: 2.2577264308929443\n\nINFO: Running with entropic power schedule (0xFF, 100).\nINFO: Seed: 1777229416\nINFO: Loaded 1 modules   (217533 inline 8-bit counters): 217533 [0x276e3f0, 0x27a35ad),\nINFO: Loaded 1 PC tables (217533 PCs): 217533 [0x27a35b0,0x2af5180),\n/clusterfuzz/run_bot/clusterfuzz/bot/builds/gpac_libfuzzer_msan/custom/fuzz_parse: Running 1 inputs 100 time(s) each.\nRunning: /clusterfuzz/run_bot/clusterfuzz/bot/inputs/fuzzer-testcases/oom-322f353d78e882dbbb684f097fcca8d5ea7cdb7d\n==11810== ERROR: libFuzzer: out-of-memory (used: 5053Mb; limit: 2560Mb)\n   To change the out-of-memory limit use -rss_limit_mb=<N>\n\nSUMMARY: libFuzzer: out-of-memory\n", "minidump_keys": "", "minimized_arguments": "-rss_limit_mb=2560 -timeout=60", "minimized_keys": "41c6af7c-3050-4355-beb1-c91f591b09e9", "one_time_crasher_flag": false, "open": true, "overridden_fuzzer_name": "libFuzzer_fuzz_parse", "platform": "linux", "platform_id": "linux", "project_name": "test-project", "queue": "jobs-linux", "redzone": 16, "regression": "NA", "security_flag": false, "security_severity": null, "status": "Processed", "symbolized": false, "timeout_multiplier": 1.0, "timestamp": 1638172409, "triaged": false, "uploader_email": null, "window_argument": "", "id": 24679}, "timestamp": 1638172409.473449, "show_blame": false, "show_impact": false, "impacts_production": false, "find_similar_issues_options": [{"type": "open", "label": "Open"}, {"type": "all", "label": "All"}], "auto_delete_timestamp": null, "auto_close_timestamp": null, "memory_tool_display_label": "Sanitizer", "memory_tool_display_value": "memory (MSAN)", "last_tested": "1:1 (No component revisions found!)", "is_admin_or_not_oss_fuzz": true, "has_issue_tracker": false, "reproduction_help_url": "", "is_local_development": true, "fuzzer_display": {"engine": "libFuzzer", "target": "fuzz_parse", "name": "libFuzzer", "fully_qualified_name": "libFuzzer_fuzz_parse"}}