{"id": 25566, "crash_type": "Use-of-uninitialized-value", "crash_address": "", "crash_state": "Exiv2::MemIo::seek\nExiv2::BasicIo::seekOrThrow\nExiv2::Image::printIFDStructure\n", "crash_state_lines": ["Exiv2::MemIo::seek", "Exiv2::BasicIo::seekOrThrow", "Exiv2::Image::printIFDStructure"], "crash_revision": 1, "csrf_token": "D6S+cXG/eQvjQp1jhkN2Yfq5FoCaAiuUjD0oLthouNSAPb8xaAgWvNikB3AHnFnrgfWQIz/OKB4owWUbxHHo3A==", "external_user": false, "footer": "[2021-11-29 08:36:26 UTC] comput3-20211129-15:14: Fuzz task : Fuzzer libFuzzer_fuzz-read-print-write generated testcase crashed in 3386 seconds (r1).\n[2021-11-29 09:41:02 UTC] snode11-20211129-17:26: Minimize task started.\n[2021-11-29 10:08:38 UTC] snode11-20211129-17:26: Minimize task finished.\n[2021-11-30 00:09:57 UTC] comput5-20211129-15:14: Progression task started.\n[2021-11-30 00:11:17 UTC] comput5-20211129-15:14: Progression task finished: still crashes on latest custom build.\n", "formatted_reproduction_help": "", "fixed": "NO", "fixed_full": null, "issue_url": null, "is_admin": true, "metadata": {"build_key": "9d4d3489-48c5-4e24-b289-91490a24010d", "env": {"MSAN_OPTIONS": {}}, "fuzzer_binary_name": "fuzz-read-print-write", "last_tested_crash_revision": null, "last_tested_crash_time": 1638231077, "last_tested_revision": null}, "minimized_testcase_size": "288 B", "needs_refresh": false, "original_testcase_size": "323 B", "privileged_user": true, "regression": "NA", "crash_stacktrace": {"lines": [{"lineNumber": 1, "content": "[Environment] MSAN_OPTIONS=exitcode=77", "important": false, "type": "Line"}, {"lineNumber": 2, "content": "+----------------------------------------Release Build Stacktrace----------------------------------------+", "important": false, "type": "Line"}, {"lineNumber": 3, "content": "Command: /clusterfuzz/run_bot/clusterfuzz/bot/builds/exiv2_libfuzzer_msan/custom/fuzz-read-print-write -rss_limit_mb=2560 -timeout=60 -runs=100 /clusterfuzz/run_bot/clusterfuzz/bot/inputs/fuzzer-testcases/8f144b8f8a800024b9dcc46f832f0c6aed24150847db7498350897b10f261d17", "important": false, "type": "Line"}, {"lineNumber": 4, "content": "Time ran: 0.048044681549072266", "important": false, "type": "Line"}, {"lineNumber": 5, "content": "", "important": false, "type": "Line"}, {"lineNumber": 6, "content": "INFO: Running with entropic power schedule (0xFF, 100).", "important": false, "type": "Line"}, {"lineNumber": 7, "content": "INFO: Seed: 2682438498", "important": false, "type": "Line"}, {"lineNumber": 8, "content": "INFO: Loaded 1 modules   (48948 inline 8-bit counters): 48948 [0x103c0f0, 0x1048024),", "important": false, "type": "Line"}, {"lineNumber": 9, "content": "INFO: Loaded 1 PC tables (48948 PCs): 48948 [0x1048028,0x1107368),", "important": false, "type": "Line"}, {"lineNumber": 10, "content": "/clusterfuzz/run_bot/clusterfuzz/bot/builds/exiv2_libfuzzer_msan/custom/fuzz-read-print-write: Running 1 inputs 100 time(s) each.", "important": false, "type": "Line"}, {"lineNumber": 11, "content": "Running: /clusterfuzz/run_bot/clusterfuzz/bot/inputs/fuzzer-testcases/8f144b8f8a800024b9dcc46f832f0c6aed24150847db7498350897b10f261d17", "important": false, "type": "Line"}, {"lineNumber": 12, "content": "==1990==WARNING: MemorySanitizer: use-of-uninitialized-value", "important": false, "type": "Line"}, {"lineNumber": 13, "content": "    #0 0x8330c0 in Exiv2::MemIo::seek(long, Exiv2::BasicIo::Position) /src/exiv2/src/basicio.cpp:1319:13", "important": true, "type": "Line"}, {"lineNumber": 14, "content": "    #1 0x824fe2 in Exiv2::BasicIo::seekOrThrow(long, Exiv2::BasicIo::Position, Exiv2::ErrorCode) /src/exiv2/src/basicio.cpp:92:23", "important": true, "type": "Line"}, {"lineNumber": 15, "content": "    #2 0x5ad2f6 in Exiv2::Image::printIFDStructure(Exiv2::BasicIo&amp;, std::__1::basic_ostream&lt;char, std::__1::char_traits&lt;char&gt; &gt;&amp;, Exiv2::PrintStructureOption, unsigned int, bool, char, int) /src/exiv2/src/image.cpp:332:16", "important": true, "type": "Line"}, {"lineNumber": 16, "content": "    #3 0x5ba711 in Exiv2::Image::printTiffStructure(Exiv2::BasicIo&amp;, std::__1::basic_ostream&lt;char, std::__1::char_traits&lt;char&gt; &gt;&amp;, Exiv2::PrintStructureOption, int, unsigned long) /src/exiv2/src/image.cpp:532:13", "important": false, "type": "Line"}, {"lineNumber": 17, "content": "    #4 0x740e29 in Exiv2::PngImage::printStructure(std::__1::basic_ostream&lt;char, std::__1::char_traits&lt;char&gt; &gt;&amp;, Exiv2::PrintStructureOption, int) /src/exiv2/src/pngimage.cpp:368:37", "important": false, "type": "Line"}, {"lineNumber": 18, "content": "    #5 0x52f7da in LLVMFuzzerTestOneInput /src/exiv2/fuzz/fuzz-read-print-write.cpp:40:12", "important": false, "type": "Line"}, {"lineNumber": 19, "content": "    #6 0x45c4e3 in fuzzer::Fuzzer::ExecuteCallback(unsigned char const*, unsigned long) cxa_noexception.cpp:0", "important": false, "type": "Line"}, {"lineNumber": 20, "content": "    #7 0x447df2 in fuzzer::RunOneTest(fuzzer::Fuzzer*, char const*, unsigned long) /src/llvm-project/compiler-rt/lib/fuzzer/FuzzerDriver.cpp:324:6", "important": false, "type": "Line"}, {"lineNumber": 21, "content": "    #8 0x44d8ba in fuzzer::FuzzerDriver(int*, char***, int (*)(unsigned char const*, unsigned long)) cxa_noexception.cpp:0", "important": false, "type": "Line"}, {"lineNumber": 22, "content": "    #9 0x4767e2 in main /src/llvm-project/compiler-rt/lib/fuzzer/FuzzerMain.cpp:20:10", "important": false, "type": "Line"}, {"lineNumber": 23, "content": "    #10 0x7fde3368c0b2 in __libc_start_main", "important": false, "type": "Line"}, {"lineNumber": 24, "content": "    #11 0x42507d in _start", "important": false, "type": "Line"}, {"lineNumber": 25, "content": "", "important": false, "type": "Line"}, {"lineNumber": 26, "content": "  Uninitialized value was stored to memory at", "important": false, "type": "Line"}, {"lineNumber": 27, "content": "    #0 0x4d45d9 in __msan_memcpy /src/llvm-project/compiler-rt/lib/msan/msan_interceptors.cpp:1585:3", "important": false, "type": "Line"}, {"lineNumber": 28, "content": "    #1 0x833976 in memcpy /usr/include/x86_64-linux-gnu/bits/string_fortified.h:34:10", "important": false, "type": "Line"}, {"lineNumber": 29, "content": "    #2 0x833976 in Exiv2::MemIo::read(unsigned char*, long) /src/exiv2/src/basicio.cpp:1383:13", "important": false, "type": "Line"}, {"lineNumber": 30, "content": "    #3 0x824bd0 in Exiv2::BasicIo::readOrThrow(unsigned char*, long, Exiv2::ErrorCode) /src/exiv2/src/basicio.cpp:82:28", "important": false, "type": "Line"}, {"lineNumber": 31, "content": "    #4 0x5ba483 in Exiv2::Image::printTiffStructure(Exiv2::BasicIo&amp;, std::__1::basic_ostream&lt;char, std::__1::char_traits&lt;char&gt; &gt;&amp;, Exiv2::PrintStructureOption, int, unsigned long) /src/exiv2/src/image.cpp:526:16", "important": false, "type": "Line"}, {"lineNumber": 32, "content": "    #5 0x740e29 in Exiv2::PngImage::printStructure(std::__1::basic_ostream&lt;char, std::__1::char_traits&lt;char&gt; &gt;&amp;, Exiv2::PrintStructureOption, int) /src/exiv2/src/pngimage.cpp:368:37", "important": false, "type": "Line"}, {"lineNumber": 33, "content": "    #6 0x52f7da in LLVMFuzzerTestOneInput /src/exiv2/fuzz/fuzz-read-print-write.cpp:40:12", "important": false, "type": "Line"}, {"lineNumber": 34, "content": "    #7 0x45c4e3 in fuzzer::Fuzzer::ExecuteCallback(unsigned char const*, unsigned long) cxa_noexception.cpp:0", "important": false, "type": "Line"}, {"lineNumber": 35, "content": "    #8 0x447df2 in fuzzer::RunOneTest(fuzzer::Fuzzer*, char const*, unsigned long) /src/llvm-project/compiler-rt/lib/fuzzer/FuzzerDriver.cpp:324:6", "important": false, "type": "Line"}, {"lineNumber": 36, "content": "    #9 0x44d8ba in fuzzer::FuzzerDriver(int*, char***, int (*)(unsigned char const*, unsigned long)) cxa_noexception.cpp:0", "important": false, "type": "Line"}, {"lineNumber": 37, "content": "    #10 0x4767e2 in main /src/llvm-project/compiler-rt/lib/fuzzer/FuzzerMain.cpp:20:10", "important": false, "type": "Line"}, {"lineNumber": 38, "content": "    #11 0x7fde3368c0b2 in __libc_start_main", "important": false, "type": "Line"}, {"lineNumber": 39, "content": "", "important": false, "type": "Line"}, {"lineNumber": 40, "content": "  Uninitialized value was stored to memory at", "important": false, "type": "Line"}, {"lineNumber": 41, "content": "    #0 0x4d45d9 in __msan_memcpy /src/llvm-project/compiler-rt/lib/msan/msan_interceptors.cpp:1585:3", "important": false, "type": "Line"}, {"lineNumber": 42, "content": "    #1 0x68e0b5 in memcpy /usr/include/x86_64-linux-gnu/bits/string_fortified.h:34:10", "important": false, "type": "Line"}, {"lineNumber": 43, "content": "    #2 0x68e0b5 in Exiv2::DataBuf::copyBytes(unsigned long, void const*, unsigned long) /src/exiv2/src/types.cpp:265:9", "important": false, "type": "Line"}, {"lineNumber": 44, "content": "    #3 0x81da7f in Exiv2::Internal::PngChunk::readRawProfile(Exiv2::DataBuf const&amp;, bool) /src/exiv2/src/pngchunk_int.cpp:613:18", "important": false, "type": "Line"}, {"lineNumber": 45, "content": "    #4 0x740c07 in Exiv2::PngImage::printStructure(std::__1::basic_ostream&lt;char, std::__1::char_traits&lt;char&gt; &gt;&amp;, Exiv2::PrintStructureOption, int) /src/exiv2/src/pngimage.cpp:360:49", "important": false, "type": "Line"}, {"lineNumber": 46, "content": "    #5 0x52f7da in LLVMFuzzerTestOneInput /src/exiv2/fuzz/fuzz-read-print-write.cpp:40:12", "important": false, "type": "Line"}, {"lineNumber": 47, "content": "    #6 0x45c4e3 in fuzzer::Fuzzer::ExecuteCallback(unsigned char const*, unsigned long) cxa_noexception.cpp:0", "important": false, "type": "Line"}, {"lineNumber": 48, "content": "    #7 0x447df2 in fuzzer::RunOneTest(fuzzer::Fuzzer*, char const*, unsigned long) /src/llvm-project/compiler-rt/lib/fuzzer/FuzzerDriver.cpp:324:6", "important": false, "type": "Line"}, {"lineNumber": 49, "content": "    #8 0x44d8ba in fuzzer::FuzzerDriver(int*, char***, int (*)(unsigned char const*, unsigned long)) cxa_noexception.cpp:0", "important": false, "type": "Line"}, {"lineNumber": 50, "content": "    #9 0x4767e2 in main /src/llvm-project/compiler-rt/lib/fuzzer/FuzzerMain.cpp:20:10", "important": false, "type": "Line"}, {"lineNumber": 51, "content": "    #10 0x7fde3368c0b2 in __libc_start_main", "important": false, "type": "Line"}, {"lineNumber": 52, "content": "", "important": false, "type": "Line"}, {"lineNumber": 53, "content": "  Uninitialized value was created by a heap allocation", "important": false, "type": "Line"}, {"lineNumber": 54, "content": "    #0 0x52d799 in operator new[](unsigned long) /src/llvm-project/compiler-rt/lib/msan/msan_new_delete.cpp:47:37", "important": false, "type": "Line"}, {"lineNumber": 55, "content": "    #1 0x68a5bd in Exiv2::DataBuf::alloc(long) /src/exiv2/src/types.cpp:168:22", "important": false, "type": "Line"}, {"lineNumber": 56, "content": "    #2 0x740221 in tEXtToDataBuf /src/exiv2/src/pngimage.cpp:188:16", "important": false, "type": "Line"}, {"lineNumber": 57, "content": "    #3 0x740221 in Exiv2::PngImage::printStructure(std::__1::basic_ostream&lt;char, std::__1::char_traits&lt;char&gt; &gt;&amp;, Exiv2::PrintStructureOption, int) /src/exiv2/src/pngimage.cpp:340:33", "important": false, "type": "Line"}, {"lineNumber": 58, "content": "    #4 0x52f7da in LLVMFuzzerTestOneInput /src/exiv2/fuzz/fuzz-read-print-write.cpp:40:12", "important": false, "type": "Line"}, {"lineNumber": 59, "content": "    #5 0x45c4e3 in fuzzer::Fuzzer::ExecuteCallback(unsigned char const*, unsigned long) cxa_noexception.cpp:0", "important": false, "type": "Line"}, {"lineNumber": 60, "content": "    #6 0x447df2 in fuzzer::RunOneTest(fuzzer::Fuzzer*, char const*, unsigned long) /src/llvm-project/compiler-rt/lib/fuzzer/FuzzerDriver.cpp:324:6", "important": false, "type": "Line"}, {"lineNumber": 61, "content": "    #7 0x44d8ba in fuzzer::FuzzerDriver(int*, char***, int (*)(unsigned char const*, unsigned long)) cxa_noexception.cpp:0", "important": false, "type": "Line"}, {"lineNumber": 62, "content": "    #8 0x4767e2 in main /src/llvm-project/compiler-rt/lib/fuzzer/FuzzerMain.cpp:20:10", "important": false, "type": "Line"}, {"lineNumber": 63, "content": "    #9 0x7fde3368c0b2 in __libc_start_main", "important": false, "type": "Line"}, {"lineNumber": 64, "content": "", "important": false, "type": "Line"}, {"lineNumber": 65, "content": "SUMMARY: MemorySanitizer: use-of-uninitialized-value (/clusterfuzz/run_bot/clusterfuzz/bot/builds/exiv2_libfuzzer_msan/custom/fuzz-read-print-write+0x8330c0)", "important": false, "type": "Line"}, {"lineNumber": 66, "content": "Exiting", "important": false, "type": "Line"}, {"lineNumber": 67, "content": "", "important": false, "type": "Line"}, {"lineNumber": 68, "content": "", "important": false, "type": "Line"}, {"lineNumber": 69, "content": "+----------------------------------------Release Build Unsymbolized Stacktrace (diff)----------------------------------------+", "important": false, "type": "Line"}, {"lineNumber": 70, "content": "", "important": false, "type": "Line"}, {"lineNumber": 71, "content": "Running: /clusterfuzz/run_bot/clusterfuzz/bot/inputs/fuzzer-testcases/8f144b8f8a800024b9dcc46f832f0c6aed24150847db7498350897b10f261d17", "important": false, "type": "Line"}, {"lineNumber": 72, "content": "==1990==WARNING: MemorySanitizer: use-of-uninitialized-value", "important": false, "type": "Line"}, {"lineNumber": 73, "content": "    #0 0x8330c0  (/clusterfuzz/run_bot/clusterfuzz/bot/builds/exiv2_libfuzzer_msan/custom/fuzz-read-print-write+0x8330c0)", "important": false, "type": "Line"}, {"lineNumber": 74, "content": "    #1 0x824fe2  (/clusterfuzz/run_bot/clusterfuzz/bot/builds/exiv2_libfuzzer_msan/custom/fuzz-read-print-write+0x824fe2)", "important": false, "type": "Line"}, {"lineNumber": 75, "content": "    #2 0x5ad2f6  (/clusterfuzz/run_bot/clusterfuzz/bot/builds/exiv2_libfuzzer_msan/custom/fuzz-read-print-write+0x5ad2f6)", "important": false, "type": "Line"}, {"lineNumber": 76, "content": "    #3 0x5ba711  (/clusterfuzz/run_bot/clusterfuzz/bot/builds/exiv2_libfuzzer_msan/custom/fuzz-read-print-write+0x5ba711)", "important": false, "type": "Line"}, {"lineNumber": 77, "content": "    #4 0x740e29  (/clusterfuzz/run_bot/clusterfuzz/bot/builds/exiv2_libfuzzer_msan/custom/fuzz-read-print-write+0x740e29)", "important": false, "type": "Line"}, {"lineNumber": 78, "content": "    #5 0x52f7da  (/clusterfuzz/run_bot/clusterfuzz/bot/builds/exiv2_libfuzzer_msan/custom/fuzz-read-print-write+0x52f7da)", "important": false, "type": "Line"}, {"lineNumber": 79, "content": "    #6 0x45c4e3  (/clusterfuzz/run_bot/clusterfuzz/bot/builds/exiv2_libfuzzer_msan/custom/fuzz-read-print-write+0x45c4e3)", "important": false, "type": "Line"}, {"lineNumber": 80, "content": "    #7 0x447df2  (/clusterfuzz/run_bot/clusterfuzz/bot/builds/exiv2_libfuzzer_msan/custom/fuzz-read-print-write+0x447df2)", "important": false, "type": "Line"}, {"lineNumber": 81, "content": "    #8 0x44d8ba  (/clusterfuzz/run_bot/clusterfuzz/bot/builds/exiv2_libfuzzer_msan/custom/fuzz-read-print-write+0x44d8ba)", "important": false, "type": "Line"}, {"lineNumber": 82, "content": "    #9 0x4767e2  (/clusterfuzz/run_bot/clusterfuzz/bot/builds/exiv2_libfuzzer_msan/custom/fuzz-read-print-write+0x4767e2)", "important": false, "type": "Line"}, {"lineNumber": 83, "content": "    #10 0x7fde3368c0b2  (/lib/x86_64-linux-gnu/libc.so.6+0x270b2)", "important": false, "type": "Line"}, {"lineNumber": 84, "content": "    #11 0x42507d  (/clusterfuzz/run_bot/clusterfuzz/bot/builds/exiv2_libfuzzer_msan/custom/fuzz-read-print-write+0x42507d)", "important": false, "type": "Line"}, {"lineNumber": 85, "content": "", "important": false, "type": "Line"}, {"lineNumber": 86, "content": "  Uninitialized value was stored to memory at", "important": false, "type": "Line"}, {"lineNumber": 87, "content": "    #0 0x4d45d9  (/clusterfuzz/run_bot/clusterfuzz/bot/builds/exiv2_libfuzzer_msan/custom/fuzz-read-print-write+0x4d45d9)", "important": false, "type": "Line"}, {"lineNumber": 88, "content": "    #1 0x833976  (/clusterfuzz/run_bot/clusterfuzz/bot/builds/exiv2_libfuzzer_msan/custom/fuzz-read-print-write+0x833976)", "important": false, "type": "Line"}, {"lineNumber": 89, "content": "    #2 0x824bd0  (/clusterfuzz/run_bot/clusterfuzz/bot/builds/exiv2_libfuzzer_msan/custom/fuzz-read-print-write+0x824bd0)", "important": false, "type": "Line"}, {"lineNumber": 90, "content": "    #3 0x5ba483  (/clusterfuzz/run_bot/clusterfuzz/bot/builds/exiv2_libfuzzer_msan/custom/fuzz-read-print-write+0x5ba483)", "important": false, "type": "Line"}, {"lineNumber": 91, "content": "    #4 0x740e29  (/clusterfuzz/run_bot/clusterfuzz/bot/builds/exiv2_libfuzzer_msan/custom/fuzz-read-print-write+0x740e29)", "important": false, "type": "Line"}, {"lineNumber": 92, "content": "    #5 0x52f7da  (/clusterfuzz/run_bot/clusterfuzz/bot/builds/exiv2_libfuzzer_msan/custom/fuzz-read-print-write+0x52f7da)", "important": false, "type": "Line"}, {"lineNumber": 93, "content": "    #6 0x45c4e3  (/clusterfuzz/run_bot/clusterfuzz/bot/builds/exiv2_libfuzzer_msan/custom/fuzz-read-print-write+0x45c4e3)", "important": false, "type": "Line"}, {"lineNumber": 94, "content": "    #7 0x447df2  (/clusterfuzz/run_bot/clusterfuzz/bot/builds/exiv2_libfuzzer_msan/custom/fuzz-read-print-write+0x447df2)", "important": false, "type": "Line"}, {"lineNumber": 95, "content": "    #8 0x44d8ba  (/clusterfuzz/run_bot/clusterfuzz/bot/builds/exiv2_libfuzzer_msan/custom/fuzz-read-print-write+0x44d8ba)", "important": false, "type": "Line"}, {"lineNumber": 96, "content": "    #9 0x4767e2  (/clusterfuzz/run_bot/clusterfuzz/bot/builds/exiv2_libfuzzer_msan/custom/fuzz-read-print-write+0x4767e2)", "important": false, "type": "Line"}, {"lineNumber": 97, "content": "    #10 0x7fde3368c0b2  (/lib/x86_64-linux-gnu/libc.so.6+0x270b2)", "important": false, "type": "Line"}, {"lineNumber": 98, "content": "", "important": false, "type": "Line"}, {"lineNumber": 99, "content": "  Uninitialized value was stored to memory at", "important": false, "type": "Line"}, {"lineNumber": 100, "content": "    #0 0x4d45d9  (/clusterfuzz/run_bot/clusterfuzz/bot/builds/exiv2_libfuzzer_msan/custom/fuzz-read-print-write+0x4d45d9)", "important": false, "type": "Line"}, {"lineNumber": 101, "content": "    #1 0x68e0b5  (/clusterfuzz/run_bot/clusterfuzz/bot/builds/exiv2_libfuzzer_msan/custom/fuzz-read-print-write+0x68e0b5)", "important": false, "type": "Line"}, {"lineNumber": 102, "content": "    #2 0x81da7f  (/clusterfuzz/run_bot/clusterfuzz/bot/builds/exiv2_libfuzzer_msan/custom/fuzz-read-print-write+0x81da7f)", "important": false, "type": "Line"}, {"lineNumber": 103, "content": "    #3 0x740c07  (/clusterfuzz/run_bot/clusterfuzz/bot/builds/exiv2_libfuzzer_msan/custom/fuzz-read-print-write+0x740c07)", "important": false, "type": "Line"}, {"lineNumber": 104, "content": "    #4 0x52f7da  (/clusterfuzz/run_bot/clusterfuzz/bot/builds/exiv2_libfuzzer_msan/custom/fuzz-read-print-write+0x52f7da)", "important": false, "type": "Line"}, {"lineNumber": 105, "content": "    #5 0x45c4e3  (/clusterfuzz/run_bot/clusterfuzz/bot/builds/exiv2_libfuzzer_msan/custom/fuzz-read-print-write+0x45c4e3)", "important": false, "type": "Line"}, {"lineNumber": 106, "content": "    #6 0x447df2  (/clusterfuzz/run_bot/clusterfuzz/bot/builds/exiv2_libfuzzer_msan/custom/fuzz-read-print-write+0x447df2)", "important": false, "type": "Line"}, {"lineNumber": 107, "content": "    #7 0x44d8ba  (/clusterfuzz/run_bot/clusterfuzz/bot/builds/exiv2_libfuzzer_msan/custom/fuzz-read-print-write+0x44d8ba)", "important": false, "type": "Line"}, {"lineNumber": 108, "content": "    #8 0x4767e2  (/clusterfuzz/run_bot/clusterfuzz/bot/builds/exiv2_libfuzzer_msan/custom/fuzz-read-print-write+0x4767e2)", "important": false, "type": "Line"}, {"lineNumber": 109, "content": "    #9 0x7fde3368c0b2  (/lib/x86_64-linux-gnu/libc.so.6+0x270b2)", "important": false, "type": "Line"}, {"lineNumber": 110, "content": "", "important": false, "type": "Line"}, {"lineNumber": 111, "content": "  Uninitialized value was created by a heap allocation", "important": false, "type": "Line"}, {"lineNumber": 112, "content": "    #0 0x52d799  (/clusterfuzz/run_bot/clusterfuzz/bot/builds/exiv2_libfuzzer_msan/custom/fuzz-read-print-write+0x52d799)", "important": false, "type": "Line"}, {"lineNumber": 113, "content": "    #1 0x68a5bd  (/clusterfuzz/run_bot/clusterfuzz/bot/builds/exiv2_libfuzzer_msan/custom/fuzz-read-print-write+0x68a5bd)", "important": false, "type": "Line"}, {"lineNumber": 114, "content": "    #2 0x740221  (/clusterfuzz/run_bot/clusterfuzz/bot/builds/exiv2_libfuzzer_msan/custom/fuzz-read-print-write+0x740221)", "important": false, "type": "Line"}, {"lineNumber": 115, "content": "    #3 0x52f7da  (/clusterfuzz/run_bot/clusterfuzz/bot/builds/exiv2_libfuzzer_msan/custom/fuzz-read-print-write+0x52f7da)", "important": false, "type": "Line"}, {"lineNumber": 116, "content": "    #4 0x45c4e3  (/clusterfuzz/run_bot/clusterfuzz/bot/builds/exiv2_libfuzzer_msan/custom/fuzz-read-print-write+0x45c4e3)", "important": false, "type": "Line"}, {"lineNumber": 117, "content": "    #5 0x447df2  (/clusterfuzz/run_bot/clusterfuzz/bot/builds/exiv2_libfuzzer_msan/custom/fuzz-read-print-write+0x447df2)", "important": false, "type": "Line"}, {"lineNumber": 118, "content": "    #6 0x44d8ba  (/clusterfuzz/run_bot/clusterfuzz/bot/builds/exiv2_libfuzzer_msan/custom/fuzz-read-print-write+0x44d8ba)", "important": false, "type": "Line"}, {"lineNumber": 119, "content": "    #7 0x4767e2  (/clusterfuzz/run_bot/clusterfuzz/bot/builds/exiv2_libfuzzer_msan/custom/fuzz-read-print-write+0x4767e2)", "important": false, "type": "Line"}, {"lineNumber": 120, "content": "    #8 0x7fde3368c0b2  (/lib/x86_64-linux-gnu/libc.so.6+0x270b2)", "important": false, "type": "Line"}], "revision": "1"}, "last_tested_crash_stacktrace": {"lines": [{"lineNumber": 1, "content": "[Environment] MSAN_OPTIONS=exitcode=77", "important": false, "type": "Line"}, {"lineNumber": 2, "content": "+----------------------------------------Release Build Stacktrace----------------------------------------+", "important": false, "type": "Line"}, {"lineNumber": 3, "content": "Command: /clusterfuzz/run_bot/clusterfuzz/bot/builds/exiv2_libfuzzer_msan/custom/fuzz-read-print-write -rss_limit_mb=2560 -timeout=60 -runs=100 /clusterfuzz/run_bot/clusterfuzz/bot/inputs/fuzzer-testcases/crash-91f88184ed24150847db7498350897b10f261d17", "important": false, "type": "Line"}, {"lineNumber": 4, "content": "Time ran: 0.044580698013305664", "important": false, "type": "Line"}, {"lineNumber": 5, "content": "", "important": false, "type": "Line"}, {"lineNumber": 6, "content": "INFO: Running with entropic power schedule (0xFF, 100).", "important": false, "type": "Line"}, {"lineNumber": 7, "content": "INFO: Seed: 1702076620", "important": false, "type": "Line"}, {"lineNumber": 8, "content": "INFO: Loaded 1 modules   (48948 inline 8-bit counters): 48948 [0x103c0f0, 0x1048024),", "important": false, "type": "Line"}, {"lineNumber": 9, "content": "INFO: Loaded 1 PC tables (48948 PCs): 48948 [0x1048028,0x1107368),", "important": false, "type": "Line"}, {"lineNumber": 10, "content": "/clusterfuzz/run_bot/clusterfuzz/bot/builds/exiv2_libfuzzer_msan/custom/fuzz-read-print-write: Running 1 inputs 100 time(s) each.", "important": false, "type": "Line"}, {"lineNumber": 11, "content": "Running: /clusterfuzz/run_bot/clusterfuzz/bot/inputs/fuzzer-testcases/crash-91f88184ed24150847db7498350897b10f261d17", "important": false, "type": "Line"}, {"lineNumber": 12, "content": "==25314==WARNING: MemorySanitizer: use-of-uninitialized-value", "important": false, "type": "Line"}, {"lineNumber": 13, "content": "    #0 0x8330c0 in Exiv2::MemIo::seek(long, Exiv2::BasicIo::Position) /src/exiv2/src/basicio.cpp:1319:13", "important": true, "type": "Line"}, {"lineNumber": 14, "content": "    #1 0x824fe2 in Exiv2::BasicIo::seekOrThrow(long, Exiv2::BasicIo::Position, Exiv2::ErrorCode) /src/exiv2/src/basicio.cpp:92:23", "important": true, "type": "Line"}, {"lineNumber": 15, "content": "    #2 0x5ad2f6 in Exiv2::Image::printIFDStructure(Exiv2::BasicIo&amp;, std::__1::basic_ostream&lt;char, std::__1::char_traits&lt;char&gt; &gt;&amp;, Exiv2::PrintStructureOption, unsigned int, bool, char, int) /src/exiv2/src/image.cpp:332:16", "important": true, "type": "Line"}, {"lineNumber": 16, "content": "    #3 0x5ba711 in Exiv2::Image::printTiffStructure(Exiv2::BasicIo&amp;, std::__1::basic_ostream&lt;char, std::__1::char_traits&lt;char&gt; &gt;&amp;, Exiv2::PrintStructureOption, int, unsigned long) /src/exiv2/src/image.cpp:532:13", "important": false, "type": "Line"}, {"lineNumber": 17, "content": "    #4 0x740e29 in Exiv2::PngImage::printStructure(std::__1::basic_ostream&lt;char, std::__1::char_traits&lt;char&gt; &gt;&amp;, Exiv2::PrintStructureOption, int) /src/exiv2/src/pngimage.cpp:368:37", "important": false, "type": "Line"}, {"lineNumber": 18, "content": "    #5 0x52f7da in LLVMFuzzerTestOneInput /src/exiv2/fuzz/fuzz-read-print-write.cpp:40:12", "important": false, "type": "Line"}, {"lineNumber": 19, "content": "    #6 0x45c4e3 in fuzzer::Fuzzer::ExecuteCallback(unsigned char const*, unsigned long) cxa_noexception.cpp:0", "important": false, "type": "Line"}, {"lineNumber": 20, "content": "    #7 0x447df2 in fuzzer::RunOneTest(fuzzer::Fuzzer*, char const*, unsigned long) /src/llvm-project/compiler-rt/lib/fuzzer/FuzzerDriver.cpp:324:6", "important": false, "type": "Line"}, {"lineNumber": 21, "content": "    #8 0x44d8ba in fuzzer::FuzzerDriver(int*, char***, int (*)(unsigned char const*, unsigned long)) cxa_noexception.cpp:0", "important": false, "type": "Line"}, {"lineNumber": 22, "content": "    #9 0x4767e2 in main /src/llvm-project/compiler-rt/lib/fuzzer/FuzzerMain.cpp:20:10", "important": false, "type": "Line"}, {"lineNumber": 23, "content": "    #10 0x7f447bd480b2 in __libc_start_main", "important": false, "type": "Line"}, {"lineNumber": 24, "content": "    #11 0x42507d in _start", "important": false, "type": "Line"}, {"lineNumber": 25, "content": "", "important": false, "type": "Line"}, {"lineNumber": 26, "content": "  Uninitialized value was stored to memory at", "important": false, "type": "Line"}, {"lineNumber": 27, "content": "    #0 0x4d45d9 in __msan_memcpy /src/llvm-project/compiler-rt/lib/msan/msan_interceptors.cpp:1585:3", "important": false, "type": "Line"}, {"lineNumber": 28, "content": "    #1 0x833976 in memcpy /usr/include/x86_64-linux-gnu/bits/string_fortified.h:34:10", "important": false, "type": "Line"}, {"lineNumber": 29, "content": "    #2 0x833976 in Exiv2::MemIo::read(unsigned char*, long) /src/exiv2/src/basicio.cpp:1383:13", "important": false, "type": "Line"}, {"lineNumber": 30, "content": "    #3 0x824bd0 in Exiv2::BasicIo::readOrThrow(unsigned char*, long, Exiv2::ErrorCode) /src/exiv2/src/basicio.cpp:82:28", "important": false, "type": "Line"}, {"lineNumber": 31, "content": "    #4 0x5ba483 in Exiv2::Image::printTiffStructure(Exiv2::BasicIo&amp;, std::__1::basic_ostream&lt;char, std::__1::char_traits&lt;char&gt; &gt;&amp;, Exiv2::PrintStructureOption, int, unsigned long) /src/exiv2/src/image.cpp:526:16", "important": false, "type": "Line"}, {"lineNumber": 32, "content": "    #5 0x740e29 in Exiv2::PngImage::printStructure(std::__1::basic_ostream&lt;char, std::__1::char_traits&lt;char&gt; &gt;&amp;, Exiv2::PrintStructureOption, int) /src/exiv2/src/pngimage.cpp:368:37", "important": false, "type": "Line"}, {"lineNumber": 33, "content": "    #6 0x52f7da in LLVMFuzzerTestOneInput /src/exiv2/fuzz/fuzz-read-print-write.cpp:40:12", "important": false, "type": "Line"}, {"lineNumber": 34, "content": "    #7 0x45c4e3 in fuzzer::Fuzzer::ExecuteCallback(unsigned char const*, unsigned long) cxa_noexception.cpp:0", "important": false, "type": "Line"}, {"lineNumber": 35, "content": "    #8 0x447df2 in fuzzer::RunOneTest(fuzzer::Fuzzer*, char const*, unsigned long) /src/llvm-project/compiler-rt/lib/fuzzer/FuzzerDriver.cpp:324:6", "important": false, "type": "Line"}, {"lineNumber": 36, "content": "    #9 0x44d8ba in fuzzer::FuzzerDriver(int*, char***, int (*)(unsigned char const*, unsigned long)) cxa_noexception.cpp:0", "important": false, "type": "Line"}, {"lineNumber": 37, "content": "    #10 0x4767e2 in main /src/llvm-project/compiler-rt/lib/fuzzer/FuzzerMain.cpp:20:10", "important": false, "type": "Line"}, {"lineNumber": 38, "content": "    #11 0x7f447bd480b2 in __libc_start_main", "important": false, "type": "Line"}, {"lineNumber": 39, "content": "", "important": false, "type": "Line"}, {"lineNumber": 40, "content": "  Uninitialized value was stored to memory at", "important": false, "type": "Line"}, {"lineNumber": 41, "content": "    #0 0x4d45d9 in __msan_memcpy /src/llvm-project/compiler-rt/lib/msan/msan_interceptors.cpp:1585:3", "important": false, "type": "Line"}, {"lineNumber": 42, "content": "    #1 0x68e0b5 in memcpy /usr/include/x86_64-linux-gnu/bits/string_fortified.h:34:10", "important": false, "type": "Line"}, {"lineNumber": 43, "content": "    #2 0x68e0b5 in Exiv2::DataBuf::copyBytes(unsigned long, void const*, unsigned long) /src/exiv2/src/types.cpp:265:9", "important": false, "type": "Line"}, {"lineNumber": 44, "content": "    #3 0x81da7f in Exiv2::Internal::PngChunk::readRawProfile(Exiv2::DataBuf const&amp;, bool) /src/exiv2/src/pngchunk_int.cpp:613:18", "important": false, "type": "Line"}, {"lineNumber": 45, "content": "    #4 0x740c07 in Exiv2::PngImage::printStructure(std::__1::basic_ostream&lt;char, std::__1::char_traits&lt;char&gt; &gt;&amp;, Exiv2::PrintStructureOption, int) /src/exiv2/src/pngimage.cpp:360:49", "important": false, "type": "Line"}, {"lineNumber": 46, "content": "    #5 0x52f7da in LLVMFuzzerTestOneInput /src/exiv2/fuzz/fuzz-read-print-write.cpp:40:12", "important": false, "type": "Line"}, {"lineNumber": 47, "content": "    #6 0x45c4e3 in fuzzer::Fuzzer::ExecuteCallback(unsigned char const*, unsigned long) cxa_noexception.cpp:0", "important": false, "type": "Line"}, {"lineNumber": 48, "content": "    #7 0x447df2 in fuzzer::RunOneTest(fuzzer::Fuzzer*, char const*, unsigned long) /src/llvm-project/compiler-rt/lib/fuzzer/FuzzerDriver.cpp:324:6", "important": false, "type": "Line"}, {"lineNumber": 49, "content": "    #8 0x44d8ba in fuzzer::FuzzerDriver(int*, char***, int (*)(unsigned char const*, unsigned long)) cxa_noexception.cpp:0", "important": false, "type": "Line"}, {"lineNumber": 50, "content": "    #9 0x4767e2 in main /src/llvm-project/compiler-rt/lib/fuzzer/FuzzerMain.cpp:20:10", "important": false, "type": "Line"}, {"lineNumber": 51, "content": "    #10 0x7f447bd480b2 in __libc_start_main", "important": false, "type": "Line"}, {"lineNumber": 52, "content": "", "important": false, "type": "Line"}, {"lineNumber": 53, "content": "  Uninitialized value was created by a heap allocation", "important": false, "type": "Line"}, {"lineNumber": 54, "content": "    #0 0x52d799 in operator new[](unsigned long) /src/llvm-project/compiler-rt/lib/msan/msan_new_delete.cpp:47:37", "important": false, "type": "Line"}, {"lineNumber": 55, "content": "    #1 0x68a5bd in Exiv2::DataBuf::alloc(long) /src/exiv2/src/types.cpp:168:22", "important": false, "type": "Line"}, {"lineNumber": 56, "content": "    #2 0x740221 in tEXtToDataBuf /src/exiv2/src/pngimage.cpp:188:16", "important": false, "type": "Line"}, {"lineNumber": 57, "content": "    #3 0x740221 in Exiv2::PngImage::printStructure(std::__1::basic_ostream&lt;char, std::__1::char_traits&lt;char&gt; &gt;&amp;, Exiv2::PrintStructureOption, int) /src/exiv2/src/pngimage.cpp:340:33", "important": false, "type": "Line"}, {"lineNumber": 58, "content": "    #4 0x52f7da in LLVMFuzzerTestOneInput /src/exiv2/fuzz/fuzz-read-print-write.cpp:40:12", "important": false, "type": "Line"}, {"lineNumber": 59, "content": "    #5 0x45c4e3 in fuzzer::Fuzzer::ExecuteCallback(unsigned char const*, unsigned long) cxa_noexception.cpp:0", "important": false, "type": "Line"}, {"lineNumber": 60, "content": "    #6 0x447df2 in fuzzer::RunOneTest(fuzzer::Fuzzer*, char const*, unsigned long) /src/llvm-project/compiler-rt/lib/fuzzer/FuzzerDriver.cpp:324:6", "important": false, "type": "Line"}, {"lineNumber": 61, "content": "    #7 0x44d8ba in fuzzer::FuzzerDriver(int*, char***, int (*)(unsigned char const*, unsigned long)) cxa_noexception.cpp:0", "important": false, "type": "Line"}, {"lineNumber": 62, "content": "    #8 0x4767e2 in main /src/llvm-project/compiler-rt/lib/fuzzer/FuzzerMain.cpp:20:10", "important": false, "type": "Line"}, {"lineNumber": 63, "content": "    #9 0x7f447bd480b2 in __libc_start_main", "important": false, "type": "Line"}, {"lineNumber": 64, "content": "", "important": false, "type": "Line"}, {"lineNumber": 65, "content": "SUMMARY: MemorySanitizer: use-of-uninitialized-value (/clusterfuzz/run_bot/clusterfuzz/bot/builds/exiv2_libfuzzer_msan/custom/fuzz-read-print-write+0x8330c0)", "important": false, "type": "Line"}, {"lineNumber": 66, "content": "Exiting", "important": false, "type": "Line"}, {"lineNumber": 67, "content": "", "important": false, "type": "Line"}, {"lineNumber": 68, "content": "", "important": false, "type": "Line"}, {"lineNumber": 69, "content": "+----------------------------------------Release Build Unsymbolized Stacktrace (diff)----------------------------------------+", "important": false, "type": "Line"}, {"lineNumber": 70, "content": "", "important": false, "type": "Line"}, {"lineNumber": 71, "content": "Running: /clusterfuzz/run_bot/clusterfuzz/bot/inputs/fuzzer-testcases/crash-91f88184ed24150847db7498350897b10f261d17", "important": false, "type": "Line"}, {"lineNumber": 72, "content": "==25314==WARNING: MemorySanitizer: use-of-uninitialized-value", "important": false, "type": "Line"}, {"lineNumber": 73, "content": "    #0 0x8330c0  (/clusterfuzz/run_bot/clusterfuzz/bot/builds/exiv2_libfuzzer_msan/custom/fuzz-read-print-write+0x8330c0)", "important": false, "type": "Line"}, {"lineNumber": 74, "content": "    #1 0x824fe2  (/clusterfuzz/run_bot/clusterfuzz/bot/builds/exiv2_libfuzzer_msan/custom/fuzz-read-print-write+0x824fe2)", "important": false, "type": "Line"}, {"lineNumber": 75, "content": "    #2 0x5ad2f6  (/clusterfuzz/run_bot/clusterfuzz/bot/builds/exiv2_libfuzzer_msan/custom/fuzz-read-print-write+0x5ad2f6)", "important": false, "type": "Line"}, {"lineNumber": 76, "content": "    #3 0x5ba711  (/clusterfuzz/run_bot/clusterfuzz/bot/builds/exiv2_libfuzzer_msan/custom/fuzz-read-print-write+0x5ba711)", "important": false, "type": "Line"}, {"lineNumber": 77, "content": "    #4 0x740e29  (/clusterfuzz/run_bot/clusterfuzz/bot/builds/exiv2_libfuzzer_msan/custom/fuzz-read-print-write+0x740e29)", "important": false, "type": "Line"}, {"lineNumber": 78, "content": "    #5 0x52f7da  (/clusterfuzz/run_bot/clusterfuzz/bot/builds/exiv2_libfuzzer_msan/custom/fuzz-read-print-write+0x52f7da)", "important": false, "type": "Line"}, {"lineNumber": 79, "content": "    #6 0x45c4e3  (/clusterfuzz/run_bot/clusterfuzz/bot/builds/exiv2_libfuzzer_msan/custom/fuzz-read-print-write+0x45c4e3)", "important": false, "type": "Line"}, {"lineNumber": 80, "content": "    #7 0x447df2  (/clusterfuzz/run_bot/clusterfuzz/bot/builds/exiv2_libfuzzer_msan/custom/fuzz-read-print-write+0x447df2)", "important": false, "type": "Line"}, {"lineNumber": 81, "content": "    #8 0x44d8ba  (/clusterfuzz/run_bot/clusterfuzz/bot/builds/exiv2_libfuzzer_msan/custom/fuzz-read-print-write+0x44d8ba)", "important": false, "type": "Line"}, {"lineNumber": 82, "content": "    #9 0x4767e2  (/clusterfuzz/run_bot/clusterfuzz/bot/builds/exiv2_libfuzzer_msan/custom/fuzz-read-print-write+0x4767e2)", "important": false, "type": "Line"}, {"lineNumber": 83, "content": "    #10 0x7f447bd480b2  (/lib/x86_64-linux-gnu/libc.so.6+0x270b2)", "important": false, "type": "Line"}, {"lineNumber": 84, "content": "    #11 0x42507d  (/clusterfuzz/run_bot/clusterfuzz/bot/builds/exiv2_libfuzzer_msan/custom/fuzz-read-print-write+0x42507d)", "important": false, "type": "Line"}, {"lineNumber": 85, "content": "", "important": false, "type": "Line"}, {"lineNumber": 86, "content": "  Uninitialized value was stored to memory at", "important": false, "type": "Line"}, {"lineNumber": 87, "content": "    #0 0x4d45d9  (/clusterfuzz/run_bot/clusterfuzz/bot/builds/exiv2_libfuzzer_msan/custom/fuzz-read-print-write+0x4d45d9)", "important": false, "type": "Line"}, {"lineNumber": 88, "content": "    #1 0x833976  (/clusterfuzz/run_bot/clusterfuzz/bot/builds/exiv2_libfuzzer_msan/custom/fuzz-read-print-write+0x833976)", "important": false, "type": "Line"}, {"lineNumber": 89, "content": "    #2 0x824bd0  (/clusterfuzz/run_bot/clusterfuzz/bot/builds/exiv2_libfuzzer_msan/custom/fuzz-read-print-write+0x824bd0)", "important": false, "type": "Line"}, {"lineNumber": 90, "content": "    #3 0x5ba483  (/clusterfuzz/run_bot/clusterfuzz/bot/builds/exiv2_libfuzzer_msan/custom/fuzz-read-print-write+0x5ba483)", "important": false, "type": "Line"}, {"lineNumber": 91, "content": "    #4 0x740e29  (/clusterfuzz/run_bot/clusterfuzz/bot/builds/exiv2_libfuzzer_msan/custom/fuzz-read-print-write+0x740e29)", "important": false, "type": "Line"}, {"lineNumber": 92, "content": "    #5 0x52f7da  (/clusterfuzz/run_bot/clusterfuzz/bot/builds/exiv2_libfuzzer_msan/custom/fuzz-read-print-write+0x52f7da)", "important": false, "type": "Line"}, {"lineNumber": 93, "content": "    #6 0x45c4e3  (/clusterfuzz/run_bot/clusterfuzz/bot/builds/exiv2_libfuzzer_msan/custom/fuzz-read-print-write+0x45c4e3)", "important": false, "type": "Line"}, {"lineNumber": 94, "content": "    #7 0x447df2  (/clusterfuzz/run_bot/clusterfuzz/bot/builds/exiv2_libfuzzer_msan/custom/fuzz-read-print-write+0x447df2)", "important": false, "type": "Line"}, {"lineNumber": 95, "content": "    #8 0x44d8ba  (/clusterfuzz/run_bot/clusterfuzz/bot/builds/exiv2_libfuzzer_msan/custom/fuzz-read-print-write+0x44d8ba)", "important": false, "type": "Line"}, {"lineNumber": 96, "content": "    #9 0x4767e2  (/clusterfuzz/run_bot/clusterfuzz/bot/builds/exiv2_libfuzzer_msan/custom/fuzz-read-print-write+0x4767e2)", "important": false, "type": "Line"}, {"lineNumber": 97, "content": "    #10 0x7f447bd480b2  (/lib/x86_64-linux-gnu/libc.so.6+0x270b2)", "important": false, "type": "Line"}, {"lineNumber": 98, "content": "", "important": false, "type": "Line"}, {"lineNumber": 99, "content": "  Uninitialized value was stored to memory at", "important": false, "type": "Line"}, {"lineNumber": 100, "content": "    #0 0x4d45d9  (/clusterfuzz/run_bot/clusterfuzz/bot/builds/exiv2_libfuzzer_msan/custom/fuzz-read-print-write+0x4d45d9)", "important": false, "type": "Line"}, {"lineNumber": 101, "content": "    #1 0x68e0b5  (/clusterfuzz/run_bot/clusterfuzz/bot/builds/exiv2_libfuzzer_msan/custom/fuzz-read-print-write+0x68e0b5)", "important": false, "type": "Line"}, {"lineNumber": 102, "content": "    #2 0x81da7f  (/clusterfuzz/run_bot/clusterfuzz/bot/builds/exiv2_libfuzzer_msan/custom/fuzz-read-print-write+0x81da7f)", "important": false, "type": "Line"}, {"lineNumber": 103, "content": "    #3 0x740c07  (/clusterfuzz/run_bot/clusterfuzz/bot/builds/exiv2_libfuzzer_msan/custom/fuzz-read-print-write+0x740c07)", "important": false, "type": "Line"}, {"lineNumber": 104, "content": "    #4 0x52f7da  (/clusterfuzz/run_bot/clusterfuzz/bot/builds/exiv2_libfuzzer_msan/custom/fuzz-read-print-write+0x52f7da)", "important": false, "type": "Line"}, {"lineNumber": 105, "content": "    #5 0x45c4e3  (/clusterfuzz/run_bot/clusterfuzz/bot/builds/exiv2_libfuzzer_msan/custom/fuzz-read-print-write+0x45c4e3)", "important": false, "type": "Line"}, {"lineNumber": 106, "content": "    #6 0x447df2  (/clusterfuzz/run_bot/clusterfuzz/bot/builds/exiv2_libfuzzer_msan/custom/fuzz-read-print-write+0x447df2)", "important": false, "type": "Line"}, {"lineNumber": 107, "content": "    #7 0x44d8ba  (/clusterfuzz/run_bot/clusterfuzz/bot/builds/exiv2_libfuzzer_msan/custom/fuzz-read-print-write+0x44d8ba)", "important": false, "type": "Line"}, {"lineNumber": 108, "content": "    #8 0x4767e2  (/clusterfuzz/run_bot/clusterfuzz/bot/builds/exiv2_libfuzzer_msan/custom/fuzz-read-print-write+0x4767e2)", "important": false, "type": "Line"}, {"lineNumber": 109, "content": "    #9 0x7f447bd480b2  (/lib/x86_64-linux-gnu/libc.so.6+0x270b2)", "important": false, "type": "Line"}, {"lineNumber": 110, "content": "", "important": false, "type": "Line"}, {"lineNumber": 111, "content": "  Uninitialized value was created by a heap allocation", "important": false, "type": "Line"}, {"lineNumber": 112, "content": "    #0 0x52d799  (/clusterfuzz/run_bot/clusterfuzz/bot/builds/exiv2_libfuzzer_msan/custom/fuzz-read-print-write+0x52d799)", "important": false, "type": "Line"}, {"lineNumber": 113, "content": "    #1 0x68a5bd  (/clusterfuzz/run_bot/clusterfuzz/bot/builds/exiv2_libfuzzer_msan/custom/fuzz-read-print-write+0x68a5bd)", "important": false, "type": "Line"}, {"lineNumber": 114, "content": "    #2 0x740221  (/clusterfuzz/run_bot/clusterfuzz/bot/builds/exiv2_libfuzzer_msan/custom/fuzz-read-print-write+0x740221)", "important": false, "type": "Line"}, {"lineNumber": 115, "content": "    #3 0x52f7da  (/clusterfuzz/run_bot/clusterfuzz/bot/builds/exiv2_libfuzzer_msan/custom/fuzz-read-print-write+0x52f7da)", "important": false, "type": "Line"}, {"lineNumber": 116, "content": "    #4 0x45c4e3  (/clusterfuzz/run_bot/clusterfuzz/bot/builds/exiv2_libfuzzer_msan/custom/fuzz-read-print-write+0x45c4e3)", "important": false, "type": "Line"}, {"lineNumber": 117, "content": "    #5 0x447df2  (/clusterfuzz/run_bot/clusterfuzz/bot/builds/exiv2_libfuzzer_msan/custom/fuzz-read-print-write+0x447df2)", "important": false, "type": "Line"}, {"lineNumber": 118, "content": "    #6 0x44d8ba  (/clusterfuzz/run_bot/clusterfuzz/bot/builds/exiv2_libfuzzer_msan/custom/fuzz-read-print-write+0x44d8ba)", "important": false, "type": "Line"}, {"lineNumber": 119, "content": "    #7 0x4767e2  (/clusterfuzz/run_bot/clusterfuzz/bot/builds/exiv2_libfuzzer_msan/custom/fuzz-read-print-write+0x4767e2)", "important": false, "type": "Line"}, {"lineNumber": 120, "content": "    #8 0x7f447bd480b2  (/lib/x86_64-linux-gnu/libc.so.6+0x270b2)", "important": false, "type": "Line"}], "revision": null}, "security_severity": "Medium", "security_severities": [{"value": 0, "name": "Critical"}, {"value": 1, "name": "High", "default": true}, {"value": 2, "name": "Medium"}, {"value": 3, "name": "Low"}, {"value": 4, "name": "Missing"}], "stats": {"min_hour": 1, "max_hour": 1}, "suspected_cls": null, "testcase": {"absolute_path": "/clusterfuzz/run_bot/clusterfuzz/bot/inputs/fuzzer-testcases/crash-91f88184ed24150847db7498350897b10f261d17", "additional_metadata": "{\"build_key\": \"9d4d3489-48c5-4e24-b289-91490a24010d\", \"env\": {\"MSAN_OPTIONS\": {}}, \"fuzzer_binary_name\": \"fuzz-read-print-write\", \"last_tested_crash_revision\": null, \"last_tested_crash_time\": {\"__type__\": \"datetime\", \"day\": 30, \"hour\": 0, \"microsecond\": 946033, \"minute\": 11, \"month\": 11, \"second\": 17, \"year\": 2021}, \"last_tested_revision\": null}", "archive_filename": null, "archive_state": 0, "binary_flag": true, "bug_indices": [], "bug_information": "", "comments": "[2021-11-29 08:36:26 UTC] comput3-20211129-15:14: Fuzz task : Fuzzer libFuzzer_fuzz-read-print-write generated testcase crashed in 3386 seconds (r1).\n[2021-11-29 09:41:02 UTC] snode11-20211129-17:26: Minimize task started.\n[2021-11-29 10:08:38 UTC] snode11-20211129-17:26: Minimize task finished.\n[2021-11-30 00:09:57 UTC] comput5-20211129-15:14: Progression task started.\n[2021-11-30 00:11:17 UTC] comput5-20211129-15:14: Progression task finished: still crashes on latest custom build.\n", "crash_address": "", "crash_revision": 1, "crash_stacktrace": "[Environment] MSAN_OPTIONS=exitcode=77\n+----------------------------------------Release Build Stacktrace----------------------------------------+\nCommand: /clusterfuzz/run_bot/clusterfuzz/bot/builds/exiv2_libfuzzer_msan/custom/fuzz-read-print-write -rss_limit_mb=2560 -timeout=60 -runs=100 /clusterfuzz/run_bot/clusterfuzz/bot/inputs/fuzzer-testcases/8f144b8f8a800024b9dcc46f832f0c6aed24150847db7498350897b10f261d17\nTime ran: 0.048044681549072266\n\nINFO: Running with entropic power schedule (0xFF, 100).\nINFO: Seed: 2682438498\nINFO: Loaded 1 modules   (48948 inline 8-bit counters): 48948 [0x103c0f0, 0x1048024),\nINFO: Loaded 1 PC tables (48948 PCs): 48948 [0x1048028,0x1107368),\n/clusterfuzz/run_bot/clusterfuzz/bot/builds/exiv2_libfuzzer_msan/custom/fuzz-read-print-write: Running 1 inputs 100 time(s) each.\nRunning: /clusterfuzz/run_bot/clusterfuzz/bot/inputs/fuzzer-testcases/8f144b8f8a800024b9dcc46f832f0c6aed24150847db7498350897b10f261d17\n==1990==WARNING: MemorySanitizer: use-of-uninitialized-value\n    #0 0x8330c0 in Exiv2::MemIo::seek(long, Exiv2::BasicIo::Position) /src/exiv2/src/basicio.cpp:1319:13\n    #1 0x824fe2 in Exiv2::BasicIo::seekOrThrow(long, Exiv2::BasicIo::Position, Exiv2::ErrorCode) /src/exiv2/src/basicio.cpp:92:23\n    #2 0x5ad2f6 in Exiv2::Image::printIFDStructure(Exiv2::BasicIo&, std::__1::basic_ostream<char, std::__1::char_traits<char> >&, Exiv2::PrintStructureOption, unsigned int, bool, char, int) /src/exiv2/src/image.cpp:332:16\n    #3 0x5ba711 in Exiv2::Image::printTiffStructure(Exiv2::BasicIo&, std::__1::basic_ostream<char, std::__1::char_traits<char> >&, Exiv2::PrintStructureOption, int, unsigned long) /src/exiv2/src/image.cpp:532:13\n    #4 0x740e29 in Exiv2::PngImage::printStructure(std::__1::basic_ostream<char, std::__1::char_traits<char> >&, Exiv2::PrintStructureOption, int) /src/exiv2/src/pngimage.cpp:368:37\n    #5 0x52f7da in LLVMFuzzerTestOneInput /src/exiv2/fuzz/fuzz-read-print-write.cpp:40:12\n    #6 0x45c4e3 in fuzzer::Fuzzer::ExecuteCallback(unsigned char const*, unsigned long) cxa_noexception.cpp:0\n    #7 0x447df2 in fuzzer::RunOneTest(fuzzer::Fuzzer*, char const*, unsigned long) /src/llvm-project/compiler-rt/lib/fuzzer/FuzzerDriver.cpp:324:6\n    #8 0x44d8ba in fuzzer::FuzzerDriver(int*, char***, int (*)(unsigned char const*, unsigned long)) cxa_noexception.cpp:0\n    #9 0x4767e2 in main /src/llvm-project/compiler-rt/lib/fuzzer/FuzzerMain.cpp:20:10\n    #10 0x7fde3368c0b2 in __libc_start_main\n    #11 0x42507d in _start\n\n  Uninitialized value was stored to memory at\n    #0 0x4d45d9 in __msan_memcpy /src/llvm-project/compiler-rt/lib/msan/msan_interceptors.cpp:1585:3\n    #1 0x833976 in memcpy /usr/include/x86_64-linux-gnu/bits/string_fortified.h:34:10\n    #2 0x833976 in Exiv2::MemIo::read(unsigned char*, long) /src/exiv2/src/basicio.cpp:1383:13\n    #3 0x824bd0 in Exiv2::BasicIo::readOrThrow(unsigned char*, long, Exiv2::ErrorCode) /src/exiv2/src/basicio.cpp:82:28\n    #4 0x5ba483 in Exiv2::Image::printTiffStructure(Exiv2::BasicIo&, std::__1::basic_ostream<char, std::__1::char_traits<char> >&, Exiv2::PrintStructureOption, int, unsigned long) /src/exiv2/src/image.cpp:526:16\n    #5 0x740e29 in Exiv2::PngImage::printStructure(std::__1::basic_ostream<char, std::__1::char_traits<char> >&, Exiv2::PrintStructureOption, int) /src/exiv2/src/pngimage.cpp:368:37\n    #6 0x52f7da in LLVMFuzzerTestOneInput /src/exiv2/fuzz/fuzz-read-print-write.cpp:40:12\n    #7 0x45c4e3 in fuzzer::Fuzzer::ExecuteCallback(unsigned char const*, unsigned long) cxa_noexception.cpp:0\n    #8 0x447df2 in fuzzer::RunOneTest(fuzzer::Fuzzer*, char const*, unsigned long) /src/llvm-project/compiler-rt/lib/fuzzer/FuzzerDriver.cpp:324:6\n    #9 0x44d8ba in fuzzer::FuzzerDriver(int*, char***, int (*)(unsigned char const*, unsigned long)) cxa_noexception.cpp:0\n    #10 0x4767e2 in main /src/llvm-project/compiler-rt/lib/fuzzer/FuzzerMain.cpp:20:10\n    #11 0x7fde3368c0b2 in __libc_start_main\n\n  Uninitialized value was stored to memory at\n    #0 0x4d45d9 in __msan_memcpy /src/llvm-project/compiler-rt/lib/msan/msan_interceptors.cpp:1585:3\n    #1 0x68e0b5 in memcpy /usr/include/x86_64-linux-gnu/bits/string_fortified.h:34:10\n    #2 0x68e0b5 in Exiv2::DataBuf::copyBytes(unsigned long, void const*, unsigned long) /src/exiv2/src/types.cpp:265:9\n    #3 0x81da7f in Exiv2::Internal::PngChunk::readRawProfile(Exiv2::DataBuf const&, bool) /src/exiv2/src/pngchunk_int.cpp:613:18\n    #4 0x740c07 in Exiv2::PngImage::printStructure(std::__1::basic_ostream<char, std::__1::char_traits<char> >&, Exiv2::PrintStructureOption, int) /src/exiv2/src/pngimage.cpp:360:49\n    #5 0x52f7da in LLVMFuzzerTestOneInput /src/exiv2/fuzz/fuzz-read-print-write.cpp:40:12\n    #6 0x45c4e3 in fuzzer::Fuzzer::ExecuteCallback(unsigned char const*, unsigned long) cxa_noexception.cpp:0\n    #7 0x447df2 in fuzzer::RunOneTest(fuzzer::Fuzzer*, char const*, unsigned long) /src/llvm-project/compiler-rt/lib/fuzzer/FuzzerDriver.cpp:324:6\n    #8 0x44d8ba in fuzzer::FuzzerDriver(int*, char***, int (*)(unsigned char const*, unsigned long)) cxa_noexception.cpp:0\n    #9 0x4767e2 in main /src/llvm-project/compiler-rt/lib/fuzzer/FuzzerMain.cpp:20:10\n    #10 0x7fde3368c0b2 in __libc_start_main\n\n  Uninitialized value was created by a heap allocation\n    #0 0x52d799 in operator new[](unsigned long) /src/llvm-project/compiler-rt/lib/msan/msan_new_delete.cpp:47:37\n    #1 0x68a5bd in Exiv2::DataBuf::alloc(long) /src/exiv2/src/types.cpp:168:22\n    #2 0x740221 in tEXtToDataBuf /src/exiv2/src/pngimage.cpp:188:16\n    #3 0x740221 in Exiv2::PngImage::printStructure(std::__1::basic_ostream<char, std::__1::char_traits<char> >&, Exiv2::PrintStructureOption, int) /src/exiv2/src/pngimage.cpp:340:33\n    #4 0x52f7da in LLVMFuzzerTestOneInput /src/exiv2/fuzz/fuzz-read-print-write.cpp:40:12\n    #5 0x45c4e3 in fuzzer::Fuzzer::ExecuteCallback(unsigned char const*, unsigned long) cxa_noexception.cpp:0\n    #6 0x447df2 in fuzzer::RunOneTest(fuzzer::Fuzzer*, char const*, unsigned long) /src/llvm-project/compiler-rt/lib/fuzzer/FuzzerDriver.cpp:324:6\n    #7 0x44d8ba in fuzzer::FuzzerDriver(int*, char***, int (*)(unsigned char const*, unsigned long)) cxa_noexception.cpp:0\n    #8 0x4767e2 in main /src/llvm-project/compiler-rt/lib/fuzzer/FuzzerMain.cpp:20:10\n    #9 0x7fde3368c0b2 in __libc_start_main\n\nSUMMARY: MemorySanitizer: use-of-uninitialized-value (/clusterfuzz/run_bot/clusterfuzz/bot/builds/exiv2_libfuzzer_msan/custom/fuzz-read-print-write+0x8330c0)\nExiting\n\n\n+----------------------------------------Release Build Unsymbolized Stacktrace (diff)----------------------------------------+\n\nRunning: /clusterfuzz/run_bot/clusterfuzz/bot/inputs/fuzzer-testcases/8f144b8f8a800024b9dcc46f832f0c6aed24150847db7498350897b10f261d17\n==1990==WARNING: MemorySanitizer: use-of-uninitialized-value\n    #0 0x8330c0  (/clusterfuzz/run_bot/clusterfuzz/bot/builds/exiv2_libfuzzer_msan/custom/fuzz-read-print-write+0x8330c0)\n    #1 0x824fe2  (/clusterfuzz/run_bot/clusterfuzz/bot/builds/exiv2_libfuzzer_msan/custom/fuzz-read-print-write+0x824fe2)\n    #2 0x5ad2f6  (/clusterfuzz/run_bot/clusterfuzz/bot/builds/exiv2_libfuzzer_msan/custom/fuzz-read-print-write+0x5ad2f6)\n    #3 0x5ba711  (/clusterfuzz/run_bot/clusterfuzz/bot/builds/exiv2_libfuzzer_msan/custom/fuzz-read-print-write+0x5ba711)\n    #4 0x740e29  (/clusterfuzz/run_bot/clusterfuzz/bot/builds/exiv2_libfuzzer_msan/custom/fuzz-read-print-write+0x740e29)\n    #5 0x52f7da  (/clusterfuzz/run_bot/clusterfuzz/bot/builds/exiv2_libfuzzer_msan/custom/fuzz-read-print-write+0x52f7da)\n    #6 0x45c4e3  (/clusterfuzz/run_bot/clusterfuzz/bot/builds/exiv2_libfuzzer_msan/custom/fuzz-read-print-write+0x45c4e3)\n    #7 0x447df2  (/clusterfuzz/run_bot/clusterfuzz/bot/builds/exiv2_libfuzzer_msan/custom/fuzz-read-print-write+0x447df2)\n    #8 0x44d8ba  (/clusterfuzz/run_bot/clusterfuzz/bot/builds/exiv2_libfuzzer_msan/custom/fuzz-read-print-write+0x44d8ba)\n    #9 0x4767e2  (/clusterfuzz/run_bot/clusterfuzz/bot/builds/exiv2_libfuzzer_msan/custom/fuzz-read-print-write+0x4767e2)\n    #10 0x7fde3368c0b2  (/lib/x86_64-linux-gnu/libc.so.6+0x270b2)\n    #11 0x42507d  (/clusterfuzz/run_bot/clusterfuzz/bot/builds/exiv2_libfuzzer_msan/custom/fuzz-read-print-write+0x42507d)\n\n  Uninitialized value was stored to memory at\n    #0 0x4d45d9  (/clusterfuzz/run_bot/clusterfuzz/bot/builds/exiv2_libfuzzer_msan/custom/fuzz-read-print-write+0x4d45d9)\n    #1 0x833976  (/clusterfuzz/run_bot/clusterfuzz/bot/builds/exiv2_libfuzzer_msan/custom/fuzz-read-print-write+0x833976)\n    #2 0x824bd0  (/clusterfuzz/run_bot/clusterfuzz/bot/builds/exiv2_libfuzzer_msan/custom/fuzz-read-print-write+0x824bd0)\n    #3 0x5ba483  (/clusterfuzz/run_bot/clusterfuzz/bot/builds/exiv2_libfuzzer_msan/custom/fuzz-read-print-write+0x5ba483)\n    #4 0x740e29  (/clusterfuzz/run_bot/clusterfuzz/bot/builds/exiv2_libfuzzer_msan/custom/fuzz-read-print-write+0x740e29)\n    #5 0x52f7da  (/clusterfuzz/run_bot/clusterfuzz/bot/builds/exiv2_libfuzzer_msan/custom/fuzz-read-print-write+0x52f7da)\n    #6 0x45c4e3  (/clusterfuzz/run_bot/clusterfuzz/bot/builds/exiv2_libfuzzer_msan/custom/fuzz-read-print-write+0x45c4e3)\n    #7 0x447df2  (/clusterfuzz/run_bot/clusterfuzz/bot/builds/exiv2_libfuzzer_msan/custom/fuzz-read-print-write+0x447df2)\n    #8 0x44d8ba  (/clusterfuzz/run_bot/clusterfuzz/bot/builds/exiv2_libfuzzer_msan/custom/fuzz-read-print-write+0x44d8ba)\n    #9 0x4767e2  (/clusterfuzz/run_bot/clusterfuzz/bot/builds/exiv2_libfuzzer_msan/custom/fuzz-read-print-write+0x4767e2)\n    #10 0x7fde3368c0b2  (/lib/x86_64-linux-gnu/libc.so.6+0x270b2)\n\n  Uninitialized value was stored to memory at\n    #0 0x4d45d9  (/clusterfuzz/run_bot/clusterfuzz/bot/builds/exiv2_libfuzzer_msan/custom/fuzz-read-print-write+0x4d45d9)\n    #1 0x68e0b5  (/clusterfuzz/run_bot/clusterfuzz/bot/builds/exiv2_libfuzzer_msan/custom/fuzz-read-print-write+0x68e0b5)\n    #2 0x81da7f  (/clusterfuzz/run_bot/clusterfuzz/bot/builds/exiv2_libfuzzer_msan/custom/fuzz-read-print-write+0x81da7f)\n    #3 0x740c07  (/clusterfuzz/run_bot/clusterfuzz/bot/builds/exiv2_libfuzzer_msan/custom/fuzz-read-print-write+0x740c07)\n    #4 0x52f7da  (/clusterfuzz/run_bot/clusterfuzz/bot/builds/exiv2_libfuzzer_msan/custom/fuzz-read-print-write+0x52f7da)\n    #5 0x45c4e3  (/clusterfuzz/run_bot/clusterfuzz/bot/builds/exiv2_libfuzzer_msan/custom/fuzz-read-print-write+0x45c4e3)\n    #6 0x447df2  (/clusterfuzz/run_bot/clusterfuzz/bot/builds/exiv2_libfuzzer_msan/custom/fuzz-read-print-write+0x447df2)\n    #7 0x44d8ba  (/clusterfuzz/run_bot/clusterfuzz/bot/builds/exiv2_libfuzzer_msan/custom/fuzz-read-print-write+0x44d8ba)\n    #8 0x4767e2  (/clusterfuzz/run_bot/clusterfuzz/bot/builds/exiv2_libfuzzer_msan/custom/fuzz-read-print-write+0x4767e2)\n    #9 0x7fde3368c0b2  (/lib/x86_64-linux-gnu/libc.so.6+0x270b2)\n\n  Uninitialized value was created by a heap allocation\n    #0 0x52d799  (/clusterfuzz/run_bot/clusterfuzz/bot/builds/exiv2_libfuzzer_msan/custom/fuzz-read-print-write+0x52d799)\n    #1 0x68a5bd  (/clusterfuzz/run_bot/clusterfuzz/bot/builds/exiv2_libfuzzer_msan/custom/fuzz-read-print-write+0x68a5bd)\n    #2 0x740221  (/clusterfuzz/run_bot/clusterfuzz/bot/builds/exiv2_libfuzzer_msan/custom/fuzz-read-print-write+0x740221)\n    #3 0x52f7da  (/clusterfuzz/run_bot/clusterfuzz/bot/builds/exiv2_libfuzzer_msan/custom/fuzz-read-print-write+0x52f7da)\n    #4 0x45c4e3  (/clusterfuzz/run_bot/clusterfuzz/bot/builds/exiv2_libfuzzer_msan/custom/fuzz-read-print-write+0x45c4e3)\n    #5 0x447df2  (/clusterfuzz/run_bot/clusterfuzz/bot/builds/exiv2_libfuzzer_msan/custom/fuzz-read-print-write+0x447df2)\n    #6 0x44d8ba  (/clusterfuzz/run_bot/clusterfuzz/bot/builds/exiv2_libfuzzer_msan/custom/fuzz-read-print-write+0x44d8ba)\n    #7 0x4767e2  (/clusterfuzz/run_bot/clusterfuzz/bot/builds/exiv2_libfuzzer_msan/custom/fuzz-read-print-write+0x4767e2)\n    #8 0x7fde3368c0b2  (/lib/x86_64-linux-gnu/libc.so.6+0x270b2)\n", "crash_state": "Exiv2::MemIo::seek\nExiv2::BasicIo::seekOrThrow\nExiv2::Image::printIFDStructure\n", "crash_type": "Use-of-uninitialized-value", "disable_ubsan": false, "duplicate_of": null, "fixed": "", "flaky_stack": false, "fuzzed_keys": "e6c6adde-5ecc-48d2-bb63-596cd9651ff9", "fuzzer_name": "libFuzzer", "fuzzer_name_indices": ["libFuzzer", "libFuzzer_fuzz-read-print-write"], "gestures": [], "group_bug_information": 0, "group_id": 0, "has_bug_flag": false, "http_flag": false, "impact_beta_version": null, "impact_beta_version_indices": [], "impact_beta_version_likely": false, "impact_extended_stable_version": null, "impact_extended_stable_version_indices": [], "impact_extended_stable_version_likely": false, "impact_head_version": null, "impact_head_version_indices": [], "impact_head_version_likely": null, "impact_indices": [], "impact_stable_version": null, "impact_stable_version_indices": [], "impact_stable_version_likely": false, "impact_version_indices": [], "is_a_duplicate_flag": false, "is_impact_set_flag": false, "is_leader": true, "job_type": "exiv2_libfuzzer_msan", "keywords": ["basicio::seekorthrow", "memio", "seek", "print-write", "read-print-write", "printifd", "exiv2_libfuzzer_msan", "fuzzer_fuzz-read-print-write", "exiv2::memio", "libfuzzer_fuzz-read-print-write", "read-print", "exiv2::basicio", "seekorthrow", "exiv2", "mem", "fuzzer_fuzz-read", "libfuzzer_msan", "of", "basicio::seekor", "exiv2::image::printifd", "fuzzer_fuzz-read-print", "exiv2_libfuzzer", "linux", "use-of", "exiv2::basicio::seekor", "image::print", "printifdstructure", "ifd", "io::seekor", "print", "structure", "memio::seek", "exiv2::basic", "fuzz-read", "use", "io::seek", "basicio", "io::seekorthrow", "fuzz-read-print-write", "libfuzzer_fuzz-read-print", "orthrow", "exiv2::image::printifdstructure", "basic", "ifdstructure", "msan", "fuzzer_fuzz", "exiv2::image::print", "lib", "libfuzzer_fuzz-read", "exiv2::mem", "value", "exiv2::basicio::seekorthrow", "exiv2::image", "read", "libfuzzer", "fuzz-read-print", "use-of-uninitialized-value", "io", "fuzzer", "image::printifd", "libfuzzer_fuzz", "use-of-uninitialized", "uninitialized-value", "throw", "exiv2::basicio::seek", "uninitialized", "of-uninitialized-value", "exiv2::memio::seek", "basicio::seek", "of-uninitialized", "write", "seekor", "image::printifdstructure", "image", "fuzz", "or"], "last_tested_crash_stacktrace": "[Environment] MSAN_OPTIONS=exitcode=77\n+----------------------------------------Release Build Stacktrace----------------------------------------+\nCommand: /clusterfuzz/run_bot/clusterfuzz/bot/builds/exiv2_libfuzzer_msan/custom/fuzz-read-print-write -rss_limit_mb=2560 -timeout=60 -runs=100 /clusterfuzz/run_bot/clusterfuzz/bot/inputs/fuzzer-testcases/crash-91f88184ed24150847db7498350897b10f261d17\nTime ran: 0.044580698013305664\n\nINFO: Running with entropic power schedule (0xFF, 100).\nINFO: Seed: 1702076620\nINFO: Loaded 1 modules   (48948 inline 8-bit counters): 48948 [0x103c0f0, 0x1048024),\nINFO: Loaded 1 PC tables (48948 PCs): 48948 [0x1048028,0x1107368),\n/clusterfuzz/run_bot/clusterfuzz/bot/builds/exiv2_libfuzzer_msan/custom/fuzz-read-print-write: Running 1 inputs 100 time(s) each.\nRunning: /clusterfuzz/run_bot/clusterfuzz/bot/inputs/fuzzer-testcases/crash-91f88184ed24150847db7498350897b10f261d17\n==25314==WARNING: MemorySanitizer: use-of-uninitialized-value\n    #0 0x8330c0 in Exiv2::MemIo::seek(long, Exiv2::BasicIo::Position) /src/exiv2/src/basicio.cpp:1319:13\n    #1 0x824fe2 in Exiv2::BasicIo::seekOrThrow(long, Exiv2::BasicIo::Position, Exiv2::ErrorCode) /src/exiv2/src/basicio.cpp:92:23\n    #2 0x5ad2f6 in Exiv2::Image::printIFDStructure(Exiv2::BasicIo&, std::__1::basic_ostream<char, std::__1::char_traits<char> >&, Exiv2::PrintStructureOption, unsigned int, bool, char, int) /src/exiv2/src/image.cpp:332:16\n    #3 0x5ba711 in Exiv2::Image::printTiffStructure(Exiv2::BasicIo&, std::__1::basic_ostream<char, std::__1::char_traits<char> >&, Exiv2::PrintStructureOption, int, unsigned long) /src/exiv2/src/image.cpp:532:13\n    #4 0x740e29 in Exiv2::PngImage::printStructure(std::__1::basic_ostream<char, std::__1::char_traits<char> >&, Exiv2::PrintStructureOption, int) /src/exiv2/src/pngimage.cpp:368:37\n    #5 0x52f7da in LLVMFuzzerTestOneInput /src/exiv2/fuzz/fuzz-read-print-write.cpp:40:12\n    #6 0x45c4e3 in fuzzer::Fuzzer::ExecuteCallback(unsigned char const*, unsigned long) cxa_noexception.cpp:0\n    #7 0x447df2 in fuzzer::RunOneTest(fuzzer::Fuzzer*, char const*, unsigned long) /src/llvm-project/compiler-rt/lib/fuzzer/FuzzerDriver.cpp:324:6\n    #8 0x44d8ba in fuzzer::FuzzerDriver(int*, char***, int (*)(unsigned char const*, unsigned long)) cxa_noexception.cpp:0\n    #9 0x4767e2 in main /src/llvm-project/compiler-rt/lib/fuzzer/FuzzerMain.cpp:20:10\n    #10 0x7f447bd480b2 in __libc_start_main\n    #11 0x42507d in _start\n\n  Uninitialized value was stored to memory at\n    #0 0x4d45d9 in __msan_memcpy /src/llvm-project/compiler-rt/lib/msan/msan_interceptors.cpp:1585:3\n    #1 0x833976 in memcpy /usr/include/x86_64-linux-gnu/bits/string_fortified.h:34:10\n    #2 0x833976 in Exiv2::MemIo::read(unsigned char*, long) /src/exiv2/src/basicio.cpp:1383:13\n    #3 0x824bd0 in Exiv2::BasicIo::readOrThrow(unsigned char*, long, Exiv2::ErrorCode) /src/exiv2/src/basicio.cpp:82:28\n    #4 0x5ba483 in Exiv2::Image::printTiffStructure(Exiv2::BasicIo&, std::__1::basic_ostream<char, std::__1::char_traits<char> >&, Exiv2::PrintStructureOption, int, unsigned long) /src/exiv2/src/image.cpp:526:16\n    #5 0x740e29 in Exiv2::PngImage::printStructure(std::__1::basic_ostream<char, std::__1::char_traits<char> >&, Exiv2::PrintStructureOption, int) /src/exiv2/src/pngimage.cpp:368:37\n    #6 0x52f7da in LLVMFuzzerTestOneInput /src/exiv2/fuzz/fuzz-read-print-write.cpp:40:12\n    #7 0x45c4e3 in fuzzer::Fuzzer::ExecuteCallback(unsigned char const*, unsigned long) cxa_noexception.cpp:0\n    #8 0x447df2 in fuzzer::RunOneTest(fuzzer::Fuzzer*, char const*, unsigned long) /src/llvm-project/compiler-rt/lib/fuzzer/FuzzerDriver.cpp:324:6\n    #9 0x44d8ba in fuzzer::FuzzerDriver(int*, char***, int (*)(unsigned char const*, unsigned long)) cxa_noexception.cpp:0\n    #10 0x4767e2 in main /src/llvm-project/compiler-rt/lib/fuzzer/FuzzerMain.cpp:20:10\n    #11 0x7f447bd480b2 in __libc_start_main\n\n  Uninitialized value was stored to memory at\n    #0 0x4d45d9 in __msan_memcpy /src/llvm-project/compiler-rt/lib/msan/msan_interceptors.cpp:1585:3\n    #1 0x68e0b5 in memcpy /usr/include/x86_64-linux-gnu/bits/string_fortified.h:34:10\n    #2 0x68e0b5 in Exiv2::DataBuf::copyBytes(unsigned long, void const*, unsigned long) /src/exiv2/src/types.cpp:265:9\n    #3 0x81da7f in Exiv2::Internal::PngChunk::readRawProfile(Exiv2::DataBuf const&, bool) /src/exiv2/src/pngchunk_int.cpp:613:18\n    #4 0x740c07 in Exiv2::PngImage::printStructure(std::__1::basic_ostream<char, std::__1::char_traits<char> >&, Exiv2::PrintStructureOption, int) /src/exiv2/src/pngimage.cpp:360:49\n    #5 0x52f7da in LLVMFuzzerTestOneInput /src/exiv2/fuzz/fuzz-read-print-write.cpp:40:12\n    #6 0x45c4e3 in fuzzer::Fuzzer::ExecuteCallback(unsigned char const*, unsigned long) cxa_noexception.cpp:0\n    #7 0x447df2 in fuzzer::RunOneTest(fuzzer::Fuzzer*, char const*, unsigned long) /src/llvm-project/compiler-rt/lib/fuzzer/FuzzerDriver.cpp:324:6\n    #8 0x44d8ba in fuzzer::FuzzerDriver(int*, char***, int (*)(unsigned char const*, unsigned long)) cxa_noexception.cpp:0\n    #9 0x4767e2 in main /src/llvm-project/compiler-rt/lib/fuzzer/FuzzerMain.cpp:20:10\n    #10 0x7f447bd480b2 in __libc_start_main\n\n  Uninitialized value was created by a heap allocation\n    #0 0x52d799 in operator new[](unsigned long) /src/llvm-project/compiler-rt/lib/msan/msan_new_delete.cpp:47:37\n    #1 0x68a5bd in Exiv2::DataBuf::alloc(long) /src/exiv2/src/types.cpp:168:22\n    #2 0x740221 in tEXtToDataBuf /src/exiv2/src/pngimage.cpp:188:16\n    #3 0x740221 in Exiv2::PngImage::printStructure(std::__1::basic_ostream<char, std::__1::char_traits<char> >&, Exiv2::PrintStructureOption, int) /src/exiv2/src/pngimage.cpp:340:33\n    #4 0x52f7da in LLVMFuzzerTestOneInput /src/exiv2/fuzz/fuzz-read-print-write.cpp:40:12\n    #5 0x45c4e3 in fuzzer::Fuzzer::ExecuteCallback(unsigned char const*, unsigned long) cxa_noexception.cpp:0\n    #6 0x447df2 in fuzzer::RunOneTest(fuzzer::Fuzzer*, char const*, unsigned long) /src/llvm-project/compiler-rt/lib/fuzzer/FuzzerDriver.cpp:324:6\n    #7 0x44d8ba in fuzzer::FuzzerDriver(int*, char***, int (*)(unsigned char const*, unsigned long)) cxa_noexception.cpp:0\n    #8 0x4767e2 in main /src/llvm-project/compiler-rt/lib/fuzzer/FuzzerMain.cpp:20:10\n    #9 0x7f447bd480b2 in __libc_start_main\n\nSUMMARY: MemorySanitizer: use-of-uninitialized-value (/clusterfuzz/run_bot/clusterfuzz/bot/builds/exiv2_libfuzzer_msan/custom/fuzz-read-print-write+0x8330c0)\nExiting\n\n\n+----------------------------------------Release Build Unsymbolized Stacktrace (diff)----------------------------------------+\n\nRunning: /clusterfuzz/run_bot/clusterfuzz/bot/inputs/fuzzer-testcases/crash-91f88184ed24150847db7498350897b10f261d17\n==25314==WARNING: MemorySanitizer: use-of-uninitialized-value\n    #0 0x8330c0  (/clusterfuzz/run_bot/clusterfuzz/bot/builds/exiv2_libfuzzer_msan/custom/fuzz-read-print-write+0x8330c0)\n    #1 0x824fe2  (/clusterfuzz/run_bot/clusterfuzz/bot/builds/exiv2_libfuzzer_msan/custom/fuzz-read-print-write+0x824fe2)\n    #2 0x5ad2f6  (/clusterfuzz/run_bot/clusterfuzz/bot/builds/exiv2_libfuzzer_msan/custom/fuzz-read-print-write+0x5ad2f6)\n    #3 0x5ba711  (/clusterfuzz/run_bot/clusterfuzz/bot/builds/exiv2_libfuzzer_msan/custom/fuzz-read-print-write+0x5ba711)\n    #4 0x740e29  (/clusterfuzz/run_bot/clusterfuzz/bot/builds/exiv2_libfuzzer_msan/custom/fuzz-read-print-write+0x740e29)\n    #5 0x52f7da  (/clusterfuzz/run_bot/clusterfuzz/bot/builds/exiv2_libfuzzer_msan/custom/fuzz-read-print-write+0x52f7da)\n    #6 0x45c4e3  (/clusterfuzz/run_bot/clusterfuzz/bot/builds/exiv2_libfuzzer_msan/custom/fuzz-read-print-write+0x45c4e3)\n    #7 0x447df2  (/clusterfuzz/run_bot/clusterfuzz/bot/builds/exiv2_libfuzzer_msan/custom/fuzz-read-print-write+0x447df2)\n    #8 0x44d8ba  (/clusterfuzz/run_bot/clusterfuzz/bot/builds/exiv2_libfuzzer_msan/custom/fuzz-read-print-write+0x44d8ba)\n    #9 0x4767e2  (/clusterfuzz/run_bot/clusterfuzz/bot/builds/exiv2_libfuzzer_msan/custom/fuzz-read-print-write+0x4767e2)\n    #10 0x7f447bd480b2  (/lib/x86_64-linux-gnu/libc.so.6+0x270b2)\n    #11 0x42507d  (/clusterfuzz/run_bot/clusterfuzz/bot/builds/exiv2_libfuzzer_msan/custom/fuzz-read-print-write+0x42507d)\n\n  Uninitialized value was stored to memory at\n    #0 0x4d45d9  (/clusterfuzz/run_bot/clusterfuzz/bot/builds/exiv2_libfuzzer_msan/custom/fuzz-read-print-write+0x4d45d9)\n    #1 0x833976  (/clusterfuzz/run_bot/clusterfuzz/bot/builds/exiv2_libfuzzer_msan/custom/fuzz-read-print-write+0x833976)\n    #2 0x824bd0  (/clusterfuzz/run_bot/clusterfuzz/bot/builds/exiv2_libfuzzer_msan/custom/fuzz-read-print-write+0x824bd0)\n    #3 0x5ba483  (/clusterfuzz/run_bot/clusterfuzz/bot/builds/exiv2_libfuzzer_msan/custom/fuzz-read-print-write+0x5ba483)\n    #4 0x740e29  (/clusterfuzz/run_bot/clusterfuzz/bot/builds/exiv2_libfuzzer_msan/custom/fuzz-read-print-write+0x740e29)\n    #5 0x52f7da  (/clusterfuzz/run_bot/clusterfuzz/bot/builds/exiv2_libfuzzer_msan/custom/fuzz-read-print-write+0x52f7da)\n    #6 0x45c4e3  (/clusterfuzz/run_bot/clusterfuzz/bot/builds/exiv2_libfuzzer_msan/custom/fuzz-read-print-write+0x45c4e3)\n    #7 0x447df2  (/clusterfuzz/run_bot/clusterfuzz/bot/builds/exiv2_libfuzzer_msan/custom/fuzz-read-print-write+0x447df2)\n    #8 0x44d8ba  (/clusterfuzz/run_bot/clusterfuzz/bot/builds/exiv2_libfuzzer_msan/custom/fuzz-read-print-write+0x44d8ba)\n    #9 0x4767e2  (/clusterfuzz/run_bot/clusterfuzz/bot/builds/exiv2_libfuzzer_msan/custom/fuzz-read-print-write+0x4767e2)\n    #10 0x7f447bd480b2  (/lib/x86_64-linux-gnu/libc.so.6+0x270b2)\n\n  Uninitialized value was stored to memory at\n    #0 0x4d45d9  (/clusterfuzz/run_bot/clusterfuzz/bot/builds/exiv2_libfuzzer_msan/custom/fuzz-read-print-write+0x4d45d9)\n    #1 0x68e0b5  (/clusterfuzz/run_bot/clusterfuzz/bot/builds/exiv2_libfuzzer_msan/custom/fuzz-read-print-write+0x68e0b5)\n    #2 0x81da7f  (/clusterfuzz/run_bot/clusterfuzz/bot/builds/exiv2_libfuzzer_msan/custom/fuzz-read-print-write+0x81da7f)\n    #3 0x740c07  (/clusterfuzz/run_bot/clusterfuzz/bot/builds/exiv2_libfuzzer_msan/custom/fuzz-read-print-write+0x740c07)\n    #4 0x52f7da  (/clusterfuzz/run_bot/clusterfuzz/bot/builds/exiv2_libfuzzer_msan/custom/fuzz-read-print-write+0x52f7da)\n    #5 0x45c4e3  (/clusterfuzz/run_bot/clusterfuzz/bot/builds/exiv2_libfuzzer_msan/custom/fuzz-read-print-write+0x45c4e3)\n    #6 0x447df2  (/clusterfuzz/run_bot/clusterfuzz/bot/builds/exiv2_libfuzzer_msan/custom/fuzz-read-print-write+0x447df2)\n    #7 0x44d8ba  (/clusterfuzz/run_bot/clusterfuzz/bot/builds/exiv2_libfuzzer_msan/custom/fuzz-read-print-write+0x44d8ba)\n    #8 0x4767e2  (/clusterfuzz/run_bot/clusterfuzz/bot/builds/exiv2_libfuzzer_msan/custom/fuzz-read-print-write+0x4767e2)\n    #9 0x7f447bd480b2  (/lib/x86_64-linux-gnu/libc.so.6+0x270b2)\n\n  Uninitialized value was created by a heap allocation\n    #0 0x52d799  (/clusterfuzz/run_bot/clusterfuzz/bot/builds/exiv2_libfuzzer_msan/custom/fuzz-read-print-write+0x52d799)\n    #1 0x68a5bd  (/clusterfuzz/run_bot/clusterfuzz/bot/builds/exiv2_libfuzzer_msan/custom/fuzz-read-print-write+0x68a5bd)\n    #2 0x740221  (/clusterfuzz/run_bot/clusterfuzz/bot/builds/exiv2_libfuzzer_msan/custom/fuzz-read-print-write+0x740221)\n    #3 0x52f7da  (/clusterfuzz/run_bot/clusterfuzz/bot/builds/exiv2_libfuzzer_msan/custom/fuzz-read-print-write+0x52f7da)\n    #4 0x45c4e3  (/clusterfuzz/run_bot/clusterfuzz/bot/builds/exiv2_libfuzzer_msan/custom/fuzz-read-print-write+0x45c4e3)\n    #5 0x447df2  (/clusterfuzz/run_bot/clusterfuzz/bot/builds/exiv2_libfuzzer_msan/custom/fuzz-read-print-write+0x447df2)\n    #6 0x44d8ba  (/clusterfuzz/run_bot/clusterfuzz/bot/builds/exiv2_libfuzzer_msan/custom/fuzz-read-print-write+0x44d8ba)\n    #7 0x4767e2  (/clusterfuzz/run_bot/clusterfuzz/bot/builds/exiv2_libfuzzer_msan/custom/fuzz-read-print-write+0x4767e2)\n    #8 0x7f447bd480b2  (/lib/x86_64-linux-gnu/libc.so.6+0x270b2)\n", "minidump_keys": "", "minimized_arguments": "-rss_limit_mb=2560 -timeout=60", "minimized_keys": "2659a51a-5231-4a62-bd40-22f0b337c119", "one_time_crasher_flag": false, "open": true, "overridden_fuzzer_name": "libFuzzer_fuzz-read-print-write", "platform": "linux", "platform_id": "linux", "project_name": "test-project", "queue": "jobs-linux", "redzone": 64, "regression": "NA", "security_flag": true, "security_severity": 2, "status": "Processed", "symbolized": false, "timeout_multiplier": 1.0, "timestamp": 1638174986, "triaged": false, "uploader_email": null, "window_argument": "", "id": 25566}, "timestamp": 1638174986.345655, "show_blame": false, "show_impact": false, "impacts_production": false, "find_similar_issues_options": [{"type": "open", "label": "Open"}, {"type": "all", "label": "All"}], "auto_delete_timestamp": null, "auto_close_timestamp": null, "memory_tool_display_label": "Sanitizer", "memory_tool_display_value": "memory (MSAN)", "last_tested": "1:1 (No component revisions found!)", "is_admin_or_not_oss_fuzz": true, "has_issue_tracker": false, "reproduction_help_url": "", "is_local_development": true, "fuzzer_display": {"engine": "libFuzzer", "target": "fuzz-read-print-write", "name": "libFuzzer", "fully_qualified_name": "libFuzzer_fuzz-read-print-write"}}