{"id": 25569, "crash_type": "Timeout (exceeds 60 secs)", "crash_address": "", "crash_state": "fuzz_asm_systemz\n", "crash_state_lines": ["fuzz_asm_systemz"], "crash_revision": 1, "csrf_token": "D6S+cXG/eQvjQp1jhkN2Yfq5FoCaAiuUjD0oLthouNSAPb8xaAgWvNikB3AHnFnrgfWQIz/OKB4owWUbxHHo3A==", "external_user": false, "footer": "[2021-11-29 09:03:52 UTC] comput4-20211129-15:14: Fuzz task : Fuzzer libFuzzer_fuzz_asm_systemz generated testcase crashed in 26 seconds (r1).\n[2021-11-29 09:41:02 UTC] snode11-20211129-17:27: Minimize task started.\n[2021-11-29 11:00:47 UTC] snode11-20211129-17:27: Minimize task errored out: LibFuzzer minimization failed.\n[2021-11-30 00:10:41 UTC] snode11-20211129-17:26: Progression task started.\n[2021-11-30 00:15:27 UTC] snode11-20211129-17:26: Progression task finished: still crashes on latest custom build.\n", "formatted_reproduction_help": "", "fixed": "NO", "fixed_full": null, "issue_url": null, "is_admin": true, "metadata": {"build_key": "ae63b8b0-db68-49b2-a66d-2603d575e9ef", "env": {"ASAN_OPTIONS": {}}, "fuzzer_binary_name": "fuzz_asm_systemz", "fuzzing_strategies": {"corpus_subset": 75}, "last_tested_crash_revision": null, "last_tested_crash_time": 1638231327, "last_tested_revision": null}, "minimized_testcase_size": "6 B", "needs_refresh": false, "original_testcase_size": "6 B", "privileged_user": true, "regression": "NA", "crash_stacktrace": {"lines": [{"lineNumber": 1, "content": "[Environment] ASAN_OPTIONS=dedup_token_length=3:exitcode=77:symbolize=1", "important": false, "type": "Line"}, {"lineNumber": 2, "content": "+----------------------------------------Release Build Stacktrace----------------------------------------+", "important": false, "type": "Line"}, {"lineNumber": 3, "content": "Command: /clusterfuzz/run_bot/clusterfuzz/bot/builds/keystone_libfuzzer_asan/custom/fuzz_asm_systemz -rss_limit_mb=2560 -timeout=60 -runs=100 /clusterfuzz/run_bot/clusterfuzz/bot/inputs/fuzzer-testcases/timeout-61de24e5dc3162074ffa331ec19f214fc08c80d9", "important": false, "type": "Line"}, {"lineNumber": 4, "content": "Time ran: 62.01683163642883", "important": false, "type": "Line"}, {"lineNumber": 5, "content": "", "important": false, "type": "Line"}, {"lineNumber": 6, "content": "INFO: Running with entropic power schedule (0xFF, 100).", "important": false, "type": "Line"}, {"lineNumber": 7, "content": "INFO: Seed: 1255712579", "important": false, "type": "Line"}, {"lineNumber": 8, "content": "INFO: Loaded 1 modules   (96160 inline 8-bit counters): 96160 [0x13852f8, 0x139ca98),", "important": false, "type": "Line"}, {"lineNumber": 9, "content": "INFO: Loaded 1 PC tables (96160 PCs): 96160 [0x139ca98,0x1514498),", "important": false, "type": "Line"}, {"lineNumber": 10, "content": "/clusterfuzz/run_bot/clusterfuzz/bot/builds/keystone_libfuzzer_asan/custom/fuzz_asm_systemz: Running 1 inputs 100 time(s) each.", "important": false, "type": "Line"}, {"lineNumber": 11, "content": "Running: /clusterfuzz/run_bot/clusterfuzz/bot/inputs/fuzzer-testcases/timeout-61de24e5dc3162074ffa331ec19f214fc08c80d9", "important": false, "type": "Line"}, {"lineNumber": 12, "content": "ALARM: working on the last Unit for 61 seconds", "important": false, "type": "Line"}, {"lineNumber": 13, "content": "       and the timeout value is 60 (use -timeout=N to change)", "important": false, "type": "Line"}, {"lineNumber": 14, "content": "==689== ERROR: libFuzzer: timeout after 61 seconds", "important": true, "type": "Line"}, {"lineNumber": 15, "content": "    #0 0x547a71 in __sanitizer_print_stack_trace /src/llvm-project/compiler-rt/lib/asan/asan_stack.cpp:87:3", "important": false, "type": "Line"}, {"lineNumber": 16, "content": "    #1 0x4884a8 in fuzzer::PrintStackTrace() cxa_noexception.cpp:0", "important": false, "type": "Line"}, {"lineNumber": 17, "content": "    #2 0x46d339 in fuzzer::Fuzzer::AlarmCallback() cxa_noexception.cpp:0", "important": false, "type": "Line"}, {"lineNumber": 18, "content": "    #3 0x7f0d900a63bf in libpthread.so.0", "important": false, "type": "Line"}, {"lineNumber": 19, "content": "    #4 0x5e8257 in (anonymous namespace)::AsmParser::parseStatement((anonymous namespace)::ParseStatementInfo&amp;, llvm_ks::MCAsmParserSemaCallback*, unsigned long&amp;) /src/keystone/llvm/lib/MC/MCParser/AsmParser.cpp:1971:1", "important": false, "type": "Line"}, {"lineNumber": 20, "content": "    #5 0x5d5c70 in (anonymous namespace)::AsmParser::Run(bool, unsigned long, bool) /src/keystone/llvm/lib/MC/MCParser/AsmParser.cpp:712:10", "important": false, "type": "Line"}, {"lineNumber": 21, "content": "    #6 0x57dff5 in ks_asm /src/keystone/llvm/keystone/ks.cpp:659:27", "important": false, "type": "Line"}, {"lineNumber": 22, "content": "    #7 0x57700c in LLVMFuzzerTestOneInput /src/keystone/suite/fuzz/fuzz_asm_systemz.c:42:9", "important": false, "type": "Line"}, {"lineNumber": 23, "content": "    #8 0x46e963 in fuzzer::Fuzzer::ExecuteCallback(unsigned char const*, unsigned long) cxa_noexception.cpp:0", "important": false, "type": "Line"}, {"lineNumber": 24, "content": "    #9 0x45a272 in fuzzer::RunOneTest(fuzzer::Fuzzer*, char const*, unsigned long) /src/llvm-project/compiler-rt/lib/fuzzer/FuzzerDriver.cpp:324:6", "important": false, "type": "Line"}, {"lineNumber": 25, "content": "    #10 0x45fd3a in fuzzer::FuzzerDriver(int*, char***, int (*)(unsigned char const*, unsigned long)) cxa_noexception.cpp:0", "important": false, "type": "Line"}, {"lineNumber": 26, "content": "    #11 0x488c62 in main /src/llvm-project/compiler-rt/lib/fuzzer/FuzzerMain.cpp:20:10", "important": false, "type": "Line"}, {"lineNumber": 27, "content": "    #12 0x7f0d8fe9a0b2 in __libc_start_main", "important": false, "type": "Line"}, {"lineNumber": 28, "content": "    #13 0x4374fd in _start", "important": false, "type": "Line"}, {"lineNumber": 29, "content": "", "important": false, "type": "Line"}, {"lineNumber": 30, "content": "SUMMARY: libFuzzer: timeout", "important": false, "type": "Line"}, {"lineNumber": 31, "content": "", "important": false, "type": "Line"}, {"lineNumber": 32, "content": "", "important": false, "type": "Line"}, {"lineNumber": 33, "content": "+----------------------------------------Release Build Unsymbolized Stacktrace (diff)----------------------------------------+", "important": false, "type": "Line"}, {"lineNumber": 34, "content": "", "important": false, "type": "Line"}, {"lineNumber": 35, "content": "       and the timeout value is 60 (use -timeout=N to change)", "important": false, "type": "Line"}, {"lineNumber": 36, "content": "==689== ERROR: libFuzzer: timeout after 61 seconds", "important": true, "type": "Line"}, {"lineNumber": 37, "content": "    #0 0x547a71  (/clusterfuzz/run_bot/clusterfuzz/bot/builds/keystone_libfuzzer_asan/custom/fuzz_asm_systemz+0x547a71)", "important": false, "type": "Line"}, {"lineNumber": 38, "content": "    #1 0x4884a8  (/clusterfuzz/run_bot/clusterfuzz/bot/builds/keystone_libfuzzer_asan/custom/fuzz_asm_systemz+0x4884a8)", "important": false, "type": "Line"}, {"lineNumber": 39, "content": "    #2 0x46d339  (/clusterfuzz/run_bot/clusterfuzz/bot/builds/keystone_libfuzzer_asan/custom/fuzz_asm_systemz+0x46d339)", "important": false, "type": "Line"}, {"lineNumber": 40, "content": "    #3 0x7f0d900a63bf  (/lib/x86_64-linux-gnu/libpthread.so.0+0x153bf)", "important": false, "type": "Line"}, {"lineNumber": 41, "content": "    #4 0x5e8257  (/clusterfuzz/run_bot/clusterfuzz/bot/builds/keystone_libfuzzer_asan/custom/fuzz_asm_systemz+0x5e8257)", "important": false, "type": "Line"}, {"lineNumber": 42, "content": "    #5 0x5d5c70  (/clusterfuzz/run_bot/clusterfuzz/bot/builds/keystone_libfuzzer_asan/custom/fuzz_asm_systemz+0x5d5c70)", "important": false, "type": "Line"}, {"lineNumber": 43, "content": "    #6 0x57dff5  (/clusterfuzz/run_bot/clusterfuzz/bot/builds/keystone_libfuzzer_asan/custom/fuzz_asm_systemz+0x57dff5)", "important": false, "type": "Line"}, {"lineNumber": 44, "content": "    #7 0x57700c  (/clusterfuzz/run_bot/clusterfuzz/bot/builds/keystone_libfuzzer_asan/custom/fuzz_asm_systemz+0x57700c)", "important": false, "type": "Line"}, {"lineNumber": 45, "content": "    #8 0x46e963  (/clusterfuzz/run_bot/clusterfuzz/bot/builds/keystone_libfuzzer_asan/custom/fuzz_asm_systemz+0x46e963)", "important": false, "type": "Line"}, {"lineNumber": 46, "content": "    #9 0x45a272  (/clusterfuzz/run_bot/clusterfuzz/bot/builds/keystone_libfuzzer_asan/custom/fuzz_asm_systemz+0x45a272)", "important": false, "type": "Line"}, {"lineNumber": 47, "content": "    #10 0x45fd3a  (/clusterfuzz/run_bot/clusterfuzz/bot/builds/keystone_libfuzzer_asan/custom/fuzz_asm_systemz+0x45fd3a)", "important": false, "type": "Line"}, {"lineNumber": 48, "content": "    #11 0x488c62  (/clusterfuzz/run_bot/clusterfuzz/bot/builds/keystone_libfuzzer_asan/custom/fuzz_asm_systemz+0x488c62)", "important": false, "type": "Line"}, {"lineNumber": 49, "content": "    #12 0x7f0d8fe9a0b2  (/lib/x86_64-linux-gnu/libc.so.6+0x270b2)", "important": false, "type": "Line"}, {"lineNumber": 50, "content": "    #13 0x4374fd  (/clusterfuzz/run_bot/clusterfuzz/bot/builds/keystone_libfuzzer_asan/custom/fuzz_asm_systemz+0x4374fd)", "important": false, "type": "Line"}], "revision": "1"}, "last_tested_crash_stacktrace": {"lines": [{"lineNumber": 1, "content": "[Environment] ASAN_OPTIONS=exitcode=77", "important": false, "type": "Line"}, {"lineNumber": 2, "content": "+----------------------------------------Release Build Stacktrace----------------------------------------+", "important": false, "type": "Line"}, {"lineNumber": 3, "content": "Command: /clusterfuzz/run_bot/clusterfuzz/bot/builds/keystone_libfuzzer_asan/custom/fuzz_asm_systemz -rss_limit_mb=2560 -timeout=60 -runs=100 /clusterfuzz/run_bot/clusterfuzz/bot/inputs/fuzzer-testcases/timeout-61de24e5dc3162074ffa331ec19f214fc08c80d9", "important": false, "type": "Line"}, {"lineNumber": 4, "content": "Time ran: 62.02434539794922", "important": false, "type": "Line"}, {"lineNumber": 5, "content": "", "important": false, "type": "Line"}, {"lineNumber": 6, "content": "INFO: Running with entropic power schedule (0xFF, 100).", "important": false, "type": "Line"}, {"lineNumber": 7, "content": "INFO: Seed: 1889949454", "important": false, "type": "Line"}, {"lineNumber": 8, "content": "INFO: Loaded 1 modules   (96160 inline 8-bit counters): 96160 [0x13852f8, 0x139ca98),", "important": false, "type": "Line"}, {"lineNumber": 9, "content": "INFO: Loaded 1 PC tables (96160 PCs): 96160 [0x139ca98,0x1514498),", "important": false, "type": "Line"}, {"lineNumber": 10, "content": "/clusterfuzz/run_bot/clusterfuzz/bot/builds/keystone_libfuzzer_asan/custom/fuzz_asm_systemz: Running 1 inputs 100 time(s) each.", "important": false, "type": "Line"}, {"lineNumber": 11, "content": "Running: /clusterfuzz/run_bot/clusterfuzz/bot/inputs/fuzzer-testcases/timeout-61de24e5dc3162074ffa331ec19f214fc08c80d9", "important": false, "type": "Line"}, {"lineNumber": 12, "content": "ALARM: working on the last Unit for 61 seconds", "important": false, "type": "Line"}, {"lineNumber": 13, "content": "       and the timeout value is 60 (use -timeout=N to change)", "important": false, "type": "Line"}, {"lineNumber": 14, "content": "==35773== ERROR: libFuzzer: timeout after 61 seconds", "important": true, "type": "Line"}, {"lineNumber": 15, "content": "    #0 0x547a71 in __sanitizer_print_stack_trace /src/llvm-project/compiler-rt/lib/asan/asan_stack.cpp:87:3", "important": false, "type": "Line"}, {"lineNumber": 16, "content": "    #1 0x4884a8 in fuzzer::PrintStackTrace() cxa_noexception.cpp:0", "important": false, "type": "Line"}, {"lineNumber": 17, "content": "    #2 0x46d339 in fuzzer::Fuzzer::AlarmCallback() cxa_noexception.cpp:0", "important": false, "type": "Line"}, {"lineNumber": 18, "content": "    #3 0x7f4092da23bf in libpthread.so.0", "important": false, "type": "Line"}, {"lineNumber": 19, "content": "    #4 0x5e6046 in llvm_ks::APInt::APInt(llvm_ks::APInt const&amp;) /src/keystone/llvm/include/llvm/ADT/APInt.h:281:11", "important": false, "type": "Line"}, {"lineNumber": 20, "content": "    #5 0x5e6046 in llvm_ks::AsmToken::AsmToken(llvm_ks::AsmToken const&amp;) /src/keystone/llvm/include/llvm/MC/MCParser/MCAsmLexer.h:22:7", "important": false, "type": "Line"}, {"lineNumber": 21, "content": "    #6 0x5e6046 in (anonymous namespace)::AsmParser::parseStatement((anonymous namespace)::ParseStatementInfo&amp;, llvm_ks::MCAsmParserSemaCallback*, unsigned long&amp;) /src/keystone/llvm/lib/MC/MCParser/AsmParser.cpp:1458:17", "important": false, "type": "Line"}, {"lineNumber": 22, "content": "    #7 0x5d5c70 in (anonymous namespace)::AsmParser::Run(bool, unsigned long, bool) /src/keystone/llvm/lib/MC/MCParser/AsmParser.cpp:712:10", "important": false, "type": "Line"}, {"lineNumber": 23, "content": "    #8 0x57dff5 in ks_asm /src/keystone/llvm/keystone/ks.cpp:659:27", "important": false, "type": "Line"}, {"lineNumber": 24, "content": "    #9 0x57700c in LLVMFuzzerTestOneInput /src/keystone/suite/fuzz/fuzz_asm_systemz.c:42:9", "important": false, "type": "Line"}, {"lineNumber": 25, "content": "    #10 0x46e963 in fuzzer::Fuzzer::ExecuteCallback(unsigned char const*, unsigned long) cxa_noexception.cpp:0", "important": false, "type": "Line"}, {"lineNumber": 26, "content": "    #11 0x45a272 in fuzzer::RunOneTest(fuzzer::Fuzzer*, char const*, unsigned long) /src/llvm-project/compiler-rt/lib/fuzzer/FuzzerDriver.cpp:324:6", "important": false, "type": "Line"}, {"lineNumber": 27, "content": "    #12 0x45fd3a in fuzzer::FuzzerDriver(int*, char***, int (*)(unsigned char const*, unsigned long)) cxa_noexception.cpp:0", "important": false, "type": "Line"}, {"lineNumber": 28, "content": "    #13 0x488c62 in main /src/llvm-project/compiler-rt/lib/fuzzer/FuzzerMain.cpp:20:10", "important": false, "type": "Line"}, {"lineNumber": 29, "content": "    #14 0x7f4092b960b2 in __libc_start_main", "important": false, "type": "Line"}, {"lineNumber": 30, "content": "    #15 0x4374fd in _start", "important": false, "type": "Line"}, {"lineNumber": 31, "content": "", "important": false, "type": "Line"}, {"lineNumber": 32, "content": "SUMMARY: libFuzzer: timeout", "important": false, "type": "Line"}, {"lineNumber": 33, "content": "", "important": false, "type": "Line"}, {"lineNumber": 34, "content": "", "important": false, "type": "Line"}, {"lineNumber": 35, "content": "+----------------------------------------Release Build Unsymbolized Stacktrace (diff)----------------------------------------+", "important": false, "type": "Line"}, {"lineNumber": 36, "content": "", "important": false, "type": "Line"}, {"lineNumber": 37, "content": "       and the timeout value is 60 (use -timeout=N to change)", "important": false, "type": "Line"}, {"lineNumber": 38, "content": "==35773== ERROR: libFuzzer: timeout after 61 seconds", "important": true, "type": "Line"}, {"lineNumber": 39, "content": "    #0 0x547a71  (/clusterfuzz/run_bot/clusterfuzz/bot/builds/keystone_libfuzzer_asan/custom/fuzz_asm_systemz+0x547a71)", "important": false, "type": "Line"}, {"lineNumber": 40, "content": "    #1 0x4884a8  (/clusterfuzz/run_bot/clusterfuzz/bot/builds/keystone_libfuzzer_asan/custom/fuzz_asm_systemz+0x4884a8)", "important": false, "type": "Line"}, {"lineNumber": 41, "content": "    #2 0x46d339  (/clusterfuzz/run_bot/clusterfuzz/bot/builds/keystone_libfuzzer_asan/custom/fuzz_asm_systemz+0x46d339)", "important": false, "type": "Line"}, {"lineNumber": 42, "content": "    #3 0x7f4092da23bf  (/lib/x86_64-linux-gnu/libpthread.so.0+0x153bf)", "important": false, "type": "Line"}, {"lineNumber": 43, "content": "    #4 0x5e6046  (/clusterfuzz/run_bot/clusterfuzz/bot/builds/keystone_libfuzzer_asan/custom/fuzz_asm_systemz+0x5e6046)", "important": false, "type": "Line"}, {"lineNumber": 44, "content": "    #5 0x5d5c70  (/clusterfuzz/run_bot/clusterfuzz/bot/builds/keystone_libfuzzer_asan/custom/fuzz_asm_systemz+0x5d5c70)", "important": false, "type": "Line"}, {"lineNumber": 45, "content": "    #6 0x57dff5  (/clusterfuzz/run_bot/clusterfuzz/bot/builds/keystone_libfuzzer_asan/custom/fuzz_asm_systemz+0x57dff5)", "important": false, "type": "Line"}, {"lineNumber": 46, "content": "    #7 0x57700c  (/clusterfuzz/run_bot/clusterfuzz/bot/builds/keystone_libfuzzer_asan/custom/fuzz_asm_systemz+0x57700c)", "important": false, "type": "Line"}, {"lineNumber": 47, "content": "    #8 0x46e963  (/clusterfuzz/run_bot/clusterfuzz/bot/builds/keystone_libfuzzer_asan/custom/fuzz_asm_systemz+0x46e963)", "important": false, "type": "Line"}, {"lineNumber": 48, "content": "    #9 0x45a272  (/clusterfuzz/run_bot/clusterfuzz/bot/builds/keystone_libfuzzer_asan/custom/fuzz_asm_systemz+0x45a272)", "important": false, "type": "Line"}, {"lineNumber": 49, "content": "    #10 0x45fd3a  (/clusterfuzz/run_bot/clusterfuzz/bot/builds/keystone_libfuzzer_asan/custom/fuzz_asm_systemz+0x45fd3a)", "important": false, "type": "Line"}, {"lineNumber": 50, "content": "    #11 0x488c62  (/clusterfuzz/run_bot/clusterfuzz/bot/builds/keystone_libfuzzer_asan/custom/fuzz_asm_systemz+0x488c62)", "important": false, "type": "Line"}, {"lineNumber": 51, "content": "    #12 0x7f4092b960b2  (/lib/x86_64-linux-gnu/libc.so.6+0x270b2)", "important": false, "type": "Line"}, {"lineNumber": 52, "content": "    #13 0x4374fd  (/clusterfuzz/run_bot/clusterfuzz/bot/builds/keystone_libfuzzer_asan/custom/fuzz_asm_systemz+0x4374fd)", "important": false, "type": "Line"}], "revision": null}, "security_severity": null, "security_severities": [{"value": 0, "name": "Critical"}, {"value": 1, "name": "High", "default": true}, {"value": 2, "name": "Medium"}, {"value": 3, "name": "Low"}, {"value": 4, "name": "Missing"}], "stats": {"min_hour": 1, "max_hour": 1}, "suspected_cls": null, "testcase": {"absolute_path": "/clusterfuzz/run_bot/clusterfuzz/bot/inputs/fuzzer-testcases/timeout-61de24e5dc3162074ffa331ec19f214fc08c80d9", "additional_metadata": "{\"build_key\": \"ae63b8b0-db68-49b2-a66d-2603d575e9ef\", \"env\": {\"ASAN_OPTIONS\": {}}, \"fuzzer_binary_name\": \"fuzz_asm_systemz\", \"fuzzing_strategies\": {\"corpus_subset\": 75}, \"last_tested_crash_revision\": null, \"last_tested_crash_time\": {\"__type__\": \"datetime\", \"day\": 30, \"hour\": 0, \"microsecond\": 874026, \"minute\": 15, \"month\": 11, \"second\": 27, \"year\": 2021}, \"last_tested_revision\": null}", "archive_filename": null, "archive_state": 0, "binary_flag": true, "bug_indices": [], "bug_information": "", "comments": "[2021-11-29 09:03:52 UTC] comput4-20211129-15:14: Fuzz task : Fuzzer libFuzzer_fuzz_asm_systemz generated testcase crashed in 26 seconds (r1).\n[2021-11-29 09:41:02 UTC] snode11-20211129-17:27: Minimize task started.\n[2021-11-29 11:00:47 UTC] snode11-20211129-17:27: Minimize task errored out: LibFuzzer minimization failed.\n[2021-11-30 00:10:41 UTC] snode11-20211129-17:26: Progression task started.\n[2021-11-30 00:15:27 UTC] snode11-20211129-17:26: Progression task finished: still crashes on latest custom build.\n", "crash_address": "", "crash_revision": 1, "crash_stacktrace": "[Environment] ASAN_OPTIONS=dedup_token_length=3:exitcode=77:symbolize=1\n+----------------------------------------Release Build Stacktrace----------------------------------------+\nCommand: /clusterfuzz/run_bot/clusterfuzz/bot/builds/keystone_libfuzzer_asan/custom/fuzz_asm_systemz -rss_limit_mb=2560 -timeout=60 -runs=100 /clusterfuzz/run_bot/clusterfuzz/bot/inputs/fuzzer-testcases/timeout-61de24e5dc3162074ffa331ec19f214fc08c80d9\nTime ran: 62.01683163642883\n\nINFO: Running with entropic power schedule (0xFF, 100).\nINFO: Seed: 1255712579\nINFO: Loaded 1 modules   (96160 inline 8-bit counters): 96160 [0x13852f8, 0x139ca98),\nINFO: Loaded 1 PC tables (96160 PCs): 96160 [0x139ca98,0x1514498),\n/clusterfuzz/run_bot/clusterfuzz/bot/builds/keystone_libfuzzer_asan/custom/fuzz_asm_systemz: Running 1 inputs 100 time(s) each.\nRunning: /clusterfuzz/run_bot/clusterfuzz/bot/inputs/fuzzer-testcases/timeout-61de24e5dc3162074ffa331ec19f214fc08c80d9\nALARM: working on the last Unit for 61 seconds\n       and the timeout value is 60 (use -timeout=N to change)\n==689== ERROR: libFuzzer: timeout after 61 seconds\n    #0 0x547a71 in __sanitizer_print_stack_trace /src/llvm-project/compiler-rt/lib/asan/asan_stack.cpp:87:3\n    #1 0x4884a8 in fuzzer::PrintStackTrace() cxa_noexception.cpp:0\n    #2 0x46d339 in fuzzer::Fuzzer::AlarmCallback() cxa_noexception.cpp:0\n    #3 0x7f0d900a63bf in libpthread.so.0\n    #4 0x5e8257 in (anonymous namespace)::AsmParser::parseStatement((anonymous namespace)::ParseStatementInfo&, llvm_ks::MCAsmParserSemaCallback*, unsigned long&) /src/keystone/llvm/lib/MC/MCParser/AsmParser.cpp:1971:1\n    #5 0x5d5c70 in (anonymous namespace)::AsmParser::Run(bool, unsigned long, bool) /src/keystone/llvm/lib/MC/MCParser/AsmParser.cpp:712:10\n    #6 0x57dff5 in ks_asm /src/keystone/llvm/keystone/ks.cpp:659:27\n    #7 0x57700c in LLVMFuzzerTestOneInput /src/keystone/suite/fuzz/fuzz_asm_systemz.c:42:9\n    #8 0x46e963 in fuzzer::Fuzzer::ExecuteCallback(unsigned char const*, unsigned long) cxa_noexception.cpp:0\n    #9 0x45a272 in fuzzer::RunOneTest(fuzzer::Fuzzer*, char const*, unsigned long) /src/llvm-project/compiler-rt/lib/fuzzer/FuzzerDriver.cpp:324:6\n    #10 0x45fd3a in fuzzer::FuzzerDriver(int*, char***, int (*)(unsigned char const*, unsigned long)) cxa_noexception.cpp:0\n    #11 0x488c62 in main /src/llvm-project/compiler-rt/lib/fuzzer/FuzzerMain.cpp:20:10\n    #12 0x7f0d8fe9a0b2 in __libc_start_main\n    #13 0x4374fd in _start\n\nSUMMARY: libFuzzer: timeout\n\n\n+----------------------------------------Release Build Unsymbolized Stacktrace (diff)----------------------------------------+\n\n       and the timeout value is 60 (use -timeout=N to change)\n==689== ERROR: libFuzzer: timeout after 61 seconds\n    #0 0x547a71  (/clusterfuzz/run_bot/clusterfuzz/bot/builds/keystone_libfuzzer_asan/custom/fuzz_asm_systemz+0x547a71)\n    #1 0x4884a8  (/clusterfuzz/run_bot/clusterfuzz/bot/builds/keystone_libfuzzer_asan/custom/fuzz_asm_systemz+0x4884a8)\n    #2 0x46d339  (/clusterfuzz/run_bot/clusterfuzz/bot/builds/keystone_libfuzzer_asan/custom/fuzz_asm_systemz+0x46d339)\n    #3 0x7f0d900a63bf  (/lib/x86_64-linux-gnu/libpthread.so.0+0x153bf)\n    #4 0x5e8257  (/clusterfuzz/run_bot/clusterfuzz/bot/builds/keystone_libfuzzer_asan/custom/fuzz_asm_systemz+0x5e8257)\n    #5 0x5d5c70  (/clusterfuzz/run_bot/clusterfuzz/bot/builds/keystone_libfuzzer_asan/custom/fuzz_asm_systemz+0x5d5c70)\n    #6 0x57dff5  (/clusterfuzz/run_bot/clusterfuzz/bot/builds/keystone_libfuzzer_asan/custom/fuzz_asm_systemz+0x57dff5)\n    #7 0x57700c  (/clusterfuzz/run_bot/clusterfuzz/bot/builds/keystone_libfuzzer_asan/custom/fuzz_asm_systemz+0x57700c)\n    #8 0x46e963  (/clusterfuzz/run_bot/clusterfuzz/bot/builds/keystone_libfuzzer_asan/custom/fuzz_asm_systemz+0x46e963)\n    #9 0x45a272  (/clusterfuzz/run_bot/clusterfuzz/bot/builds/keystone_libfuzzer_asan/custom/fuzz_asm_systemz+0x45a272)\n    #10 0x45fd3a  (/clusterfuzz/run_bot/clusterfuzz/bot/builds/keystone_libfuzzer_asan/custom/fuzz_asm_systemz+0x45fd3a)\n    #11 0x488c62  (/clusterfuzz/run_bot/clusterfuzz/bot/builds/keystone_libfuzzer_asan/custom/fuzz_asm_systemz+0x488c62)\n    #12 0x7f0d8fe9a0b2  (/lib/x86_64-linux-gnu/libc.so.6+0x270b2)\n    #13 0x4374fd  (/clusterfuzz/run_bot/clusterfuzz/bot/builds/keystone_libfuzzer_asan/custom/fuzz_asm_systemz+0x4374fd)\n", "crash_state": "fuzz_asm_systemz\n", "crash_type": "Timeout", "disable_ubsan": false, "duplicate_of": null, "fixed": "", "flaky_stack": false, "fuzzed_keys": "7b4d1aaf-b805-440c-b749-2492452458ff", "fuzzer_name": "libFuzzer", "fuzzer_name_indices": ["libFuzzer", "libFuzzer_fuzz_asm_systemz"], "gestures": [], "group_bug_information": 0, "group_id": 0, "has_bug_flag": false, "http_flag": false, "impact_beta_version": null, "impact_beta_version_indices": [], "impact_beta_version_likely": null, "impact_extended_stable_version": null, "impact_extended_stable_version_indices": [], "impact_extended_stable_version_likely": null, "impact_head_version": null, "impact_head_version_indices": [], "impact_head_version_likely": null, "impact_indices": [], "impact_stable_version": null, "impact_stable_version_indices": [], "impact_stable_version_likely": null, "impact_version_indices": [], "is_a_duplicate_flag": false, "is_impact_set_flag": null, "is_leader": true, "job_type": "keystone_libfuzzer_asan", "keywords": ["keystone", "fuzzer_fuzz_asm_systemz", "fuzzer_fuzz", "fuzz_asm", "libfuzzer_asan", "keystone_libfuzzer", "libfuzzer_fuzz_asm", "asan", "lib", "fuzz_asm_systemz", "libfuzzer_fuzz", "fuzzer", "libfuzzer", "asm_systemz", "fuzz", "timeout", "fuzzer_fuzz_asm", "libfuzzer_fuzz_asm_systemz", "keystone_libfuzzer_asan", "systemz", "linux", "asm"], "last_tested_crash_stacktrace": "[Environment] ASAN_OPTIONS=exitcode=77\n+----------------------------------------Release Build Stacktrace----------------------------------------+\nCommand: /clusterfuzz/run_bot/clusterfuzz/bot/builds/keystone_libfuzzer_asan/custom/fuzz_asm_systemz -rss_limit_mb=2560 -timeout=60 -runs=100 /clusterfuzz/run_bot/clusterfuzz/bot/inputs/fuzzer-testcases/timeout-61de24e5dc3162074ffa331ec19f214fc08c80d9\nTime ran: 62.02434539794922\n\nINFO: Running with entropic power schedule (0xFF, 100).\nINFO: Seed: 1889949454\nINFO: Loaded 1 modules   (96160 inline 8-bit counters): 96160 [0x13852f8, 0x139ca98),\nINFO: Loaded 1 PC tables (96160 PCs): 96160 [0x139ca98,0x1514498),\n/clusterfuzz/run_bot/clusterfuzz/bot/builds/keystone_libfuzzer_asan/custom/fuzz_asm_systemz: Running 1 inputs 100 time(s) each.\nRunning: /clusterfuzz/run_bot/clusterfuzz/bot/inputs/fuzzer-testcases/timeout-61de24e5dc3162074ffa331ec19f214fc08c80d9\nALARM: working on the last Unit for 61 seconds\n       and the timeout value is 60 (use -timeout=N to change)\n==35773== ERROR: libFuzzer: timeout after 61 seconds\n    #0 0x547a71 in __sanitizer_print_stack_trace /src/llvm-project/compiler-rt/lib/asan/asan_stack.cpp:87:3\n    #1 0x4884a8 in fuzzer::PrintStackTrace() cxa_noexception.cpp:0\n    #2 0x46d339 in fuzzer::Fuzzer::AlarmCallback() cxa_noexception.cpp:0\n    #3 0x7f4092da23bf in libpthread.so.0\n    #4 0x5e6046 in llvm_ks::APInt::APInt(llvm_ks::APInt const&) /src/keystone/llvm/include/llvm/ADT/APInt.h:281:11\n    #5 0x5e6046 in llvm_ks::AsmToken::AsmToken(llvm_ks::AsmToken const&) /src/keystone/llvm/include/llvm/MC/MCParser/MCAsmLexer.h:22:7\n    #6 0x5e6046 in (anonymous namespace)::AsmParser::parseStatement((anonymous namespace)::ParseStatementInfo&, llvm_ks::MCAsmParserSemaCallback*, unsigned long&) /src/keystone/llvm/lib/MC/MCParser/AsmParser.cpp:1458:17\n    #7 0x5d5c70 in (anonymous namespace)::AsmParser::Run(bool, unsigned long, bool) /src/keystone/llvm/lib/MC/MCParser/AsmParser.cpp:712:10\n    #8 0x57dff5 in ks_asm /src/keystone/llvm/keystone/ks.cpp:659:27\n    #9 0x57700c in LLVMFuzzerTestOneInput /src/keystone/suite/fuzz/fuzz_asm_systemz.c:42:9\n    #10 0x46e963 in fuzzer::Fuzzer::ExecuteCallback(unsigned char const*, unsigned long) cxa_noexception.cpp:0\n    #11 0x45a272 in fuzzer::RunOneTest(fuzzer::Fuzzer*, char const*, unsigned long) /src/llvm-project/compiler-rt/lib/fuzzer/FuzzerDriver.cpp:324:6\n    #12 0x45fd3a in fuzzer::FuzzerDriver(int*, char***, int (*)(unsigned char const*, unsigned long)) cxa_noexception.cpp:0\n    #13 0x488c62 in main /src/llvm-project/compiler-rt/lib/fuzzer/FuzzerMain.cpp:20:10\n    #14 0x7f4092b960b2 in __libc_start_main\n    #15 0x4374fd in _start\n\nSUMMARY: libFuzzer: timeout\n\n\n+----------------------------------------Release Build Unsymbolized Stacktrace (diff)----------------------------------------+\n\n       and the timeout value is 60 (use -timeout=N to change)\n==35773== ERROR: libFuzzer: timeout after 61 seconds\n    #0 0x547a71  (/clusterfuzz/run_bot/clusterfuzz/bot/builds/keystone_libfuzzer_asan/custom/fuzz_asm_systemz+0x547a71)\n    #1 0x4884a8  (/clusterfuzz/run_bot/clusterfuzz/bot/builds/keystone_libfuzzer_asan/custom/fuzz_asm_systemz+0x4884a8)\n    #2 0x46d339  (/clusterfuzz/run_bot/clusterfuzz/bot/builds/keystone_libfuzzer_asan/custom/fuzz_asm_systemz+0x46d339)\n    #3 0x7f4092da23bf  (/lib/x86_64-linux-gnu/libpthread.so.0+0x153bf)\n    #4 0x5e6046  (/clusterfuzz/run_bot/clusterfuzz/bot/builds/keystone_libfuzzer_asan/custom/fuzz_asm_systemz+0x5e6046)\n    #5 0x5d5c70  (/clusterfuzz/run_bot/clusterfuzz/bot/builds/keystone_libfuzzer_asan/custom/fuzz_asm_systemz+0x5d5c70)\n    #6 0x57dff5  (/clusterfuzz/run_bot/clusterfuzz/bot/builds/keystone_libfuzzer_asan/custom/fuzz_asm_systemz+0x57dff5)\n    #7 0x57700c  (/clusterfuzz/run_bot/clusterfuzz/bot/builds/keystone_libfuzzer_asan/custom/fuzz_asm_systemz+0x57700c)\n    #8 0x46e963  (/clusterfuzz/run_bot/clusterfuzz/bot/builds/keystone_libfuzzer_asan/custom/fuzz_asm_systemz+0x46e963)\n    #9 0x45a272  (/clusterfuzz/run_bot/clusterfuzz/bot/builds/keystone_libfuzzer_asan/custom/fuzz_asm_systemz+0x45a272)\n    #10 0x45fd3a  (/clusterfuzz/run_bot/clusterfuzz/bot/builds/keystone_libfuzzer_asan/custom/fuzz_asm_systemz+0x45fd3a)\n    #11 0x488c62  (/clusterfuzz/run_bot/clusterfuzz/bot/builds/keystone_libfuzzer_asan/custom/fuzz_asm_systemz+0x488c62)\n    #12 0x7f4092b960b2  (/lib/x86_64-linux-gnu/libc.so.6+0x270b2)\n    #13 0x4374fd  (/clusterfuzz/run_bot/clusterfuzz/bot/builds/keystone_libfuzzer_asan/custom/fuzz_asm_systemz+0x4374fd)\n", "minidump_keys": "", "minimized_arguments": "-rss_limit_mb=2560 -timeout=60", "minimized_keys": "7b4d1aaf-b805-440c-b749-2492452458ff", "one_time_crasher_flag": false, "open": true, "overridden_fuzzer_name": "libFuzzer_fuzz_asm_systemz", "platform": "linux", "platform_id": "linux", "project_name": "test-project", "queue": "jobs-linux", "redzone": 64, "regression": "NA", "security_flag": false, "security_severity": null, "status": "Processed", "symbolized": false, "timeout_multiplier": 1.0, "timestamp": 1638176632, "triaged": false, "uploader_email": null, "window_argument": "", "id": 25569}, "timestamp": 1638176632.388817, "show_blame": false, "show_impact": false, "impacts_production": false, "find_similar_issues_options": [{"type": "open", "label": "Open"}, {"type": "all", "label": "All"}], "auto_delete_timestamp": null, "auto_close_timestamp": null, "memory_tool_display_label": "Sanitizer", "memory_tool_display_value": "address (ASAN)", "last_tested": "1:1 (No component revisions found!)", "is_admin_or_not_oss_fuzz": true, "has_issue_tracker": false, "reproduction_help_url": "", "is_local_development": true, "fuzzer_display": {"engine": "libFuzzer", "target": "fuzz_asm_systemz", "name": "libFuzzer", "fully_qualified_name": "libFuzzer_fuzz_asm_systemz"}}