{"id": 26880, "crash_type": "Use-of-uninitialized-value", "crash_address": "", "crash_state": "vips_ispostfix\nextract_prefix\nvips_guess_prefix\n", "crash_state_lines": ["vips_ispostfix", "extract_prefix", "vips_guess_prefix"], "crash_revision": 1, "csrf_token": "D6S+cXG/eQvjQp1jhkN2Yfq5FoCaAiuUjD0oLthouNSAPb8xaAgWvNikB3AHnFnrgfWQIz/OKB4owWUbxHHo3A==", "external_user": false, "footer": "[2021-11-29 09:46:24 UTC] comput4-20211129-15:14: Fuzz task : Fuzzer libFuzzer_sharpen_fuzzer generated testcase crashed in 0 seconds (r1).\n[2021-11-29 10:48:00 UTC] snode3-20211129-17:27: Minimize task started.\n[2021-11-29 10:51:52 UTC] snode3-20211129-17:27: Minimize task finished.\n[2021-11-30 00:10:18 UTC] snode1-20211129-17:27: Progression task started.\n[2021-11-30 00:14:12 UTC] snode1-20211129-17:27: Progression task finished: still crashes on latest custom build.\n", "formatted_reproduction_help": "", "fixed": "NO", "fixed_full": null, "issue_url": null, "is_admin": true, "metadata": {"build_key": "e8cc66e5-3e34-4a2d-b1bc-6d409f331eac", "env": {"MSAN_OPTIONS": {}}, "fuzzer_binary_name": "sharpen_fuzzer", "fuzzing_strategies": {"corpus_subset": 50, "mutator_plugin_radamsa": 1, "random_max_len": 1, "value_profile": 1}, "last_tested_crash_revision": null, "last_tested_crash_time": 1638231252, "last_tested_revision": null}, "minimized_testcase_size": "0 B", "needs_refresh": false, "original_testcase_size": "0 B", "privileged_user": true, "regression": "NA", "crash_stacktrace": {"lines": [{"lineNumber": 1, "content": "[Environment] MSAN_OPTIONS=exitcode=77", "important": false, "type": "Line"}, {"lineNumber": 2, "content": "+----------------------------------------Release Build Stacktrace----------------------------------------+", "important": false, "type": "Line"}, {"lineNumber": 3, "content": "Command: /clusterfuzz/run_bot/clusterfuzz/bot/builds/libvips_libfuzzer_msan/custom/sharpen_fuzzer -rss_limit_mb=2560 -timeout=60 -runs=100 /clusterfuzz/run_bot/clusterfuzz/bot/inputs/fuzzer-testcases/7d3ca89a453ecf0419a0702761d8636f5e6b4b0d3255bfef95601890afd80709", "important": false, "type": "Line"}, {"lineNumber": 4, "content": "Time ran: 0.04492926597595215", "important": false, "type": "Line"}, {"lineNumber": 5, "content": "", "important": false, "type": "Line"}, {"lineNumber": 6, "content": "INFO: Running with entropic power schedule (0xFF, 100).", "important": false, "type": "Line"}, {"lineNumber": 7, "content": "INFO: Seed: 980982074", "important": false, "type": "Line"}, {"lineNumber": 8, "content": "INFO: Loaded 1 modules   (244793 inline 8-bit counters): 244793 [0x54511b0, 0x548cde9),", "important": false, "type": "Line"}, {"lineNumber": 9, "content": "INFO: Loaded 1 PC tables (244793 PCs): 244793 [0x548cdf0,0x5849180),", "important": false, "type": "Line"}, {"lineNumber": 10, "content": "/clusterfuzz/run_bot/clusterfuzz/bot/builds/libvips_libfuzzer_msan/custom/sharpen_fuzzer: Running 1 inputs 100 time(s) each.", "important": false, "type": "Line"}, {"lineNumber": 11, "content": "Running: /clusterfuzz/run_bot/clusterfuzz/bot/inputs/fuzzer-testcases/7d3ca89a453ecf0419a0702761d8636f5e6b4b0d3255bfef95601890afd80709", "important": false, "type": "Line"}, {"lineNumber": 12, "content": "Uninitialized bytes in __interceptor_strlen at offset 4 inside [0x7010000006b0, 5)", "important": false, "type": "Line"}, {"lineNumber": 13, "content": "==9201==WARNING: MemorySanitizer: use-of-uninitialized-value", "important": false, "type": "Line"}, {"lineNumber": 14, "content": "    #0 0x71e1e4 in vips_ispostfix /src/libvips/libvips/iofuncs/util.c:290:10", "important": true, "type": "Line"}, {"lineNumber": 15, "content": "    #1 0x685ce7 in extract_prefix /src/libvips/libvips/iofuncs/init.c:1000:7", "important": true, "type": "Line"}, {"lineNumber": 16, "content": "    #2 0x683858 in guess_prefix /src/libvips/libvips/iofuncs/init.c:1146:13", "important": false, "type": "Line"}, {"lineNumber": 17, "content": "    #3 0x683858 in vips_guess_prefix /src/libvips/libvips/iofuncs/init.c:1197:11", "important": true, "type": "Line"}, {"lineNumber": 18, "content": "    #4 0x6816c2 in vips_init /src/libvips/libvips/iofuncs/init.c:555:17", "important": false, "type": "Line"}, {"lineNumber": 19, "content": "    #5 0x684eca in vips_check_init /src/libvips/libvips/iofuncs/init.c:706:6", "important": false, "type": "Line"}, {"lineNumber": 20, "content": "    #6 0x66c240 in vips_image_new_from_buffer /src/libvips/libvips/iofuncs/image.c:2147:2", "important": false, "type": "Line"}, {"lineNumber": 21, "content": "    #7 0x52fbb7 in LLVMFuzzerTestOneInput /src/libvips/fuzz/sharpen_fuzzer.cc:19:16", "important": false, "type": "Line"}, {"lineNumber": 22, "content": "    #8 0x45d903 in fuzzer::Fuzzer::ExecuteCallback(unsigned char const*, unsigned long) cxa_noexception.cpp:0", "important": false, "type": "Line"}, {"lineNumber": 23, "content": "    #9 0x449212 in fuzzer::RunOneTest(fuzzer::Fuzzer*, char const*, unsigned long) /src/llvm-project/compiler-rt/lib/fuzzer/FuzzerDriver.cpp:324:6", "important": false, "type": "Line"}, {"lineNumber": 24, "content": "    #10 0x44ecda in fuzzer::FuzzerDriver(int*, char***, int (*)(unsigned char const*, unsigned long)) cxa_noexception.cpp:0", "important": false, "type": "Line"}, {"lineNumber": 25, "content": "    #11 0x477c02 in main /src/llvm-project/compiler-rt/lib/fuzzer/FuzzerMain.cpp:20:10", "important": false, "type": "Line"}, {"lineNumber": 26, "content": "    #12 0x7ff73701f0b2 in __libc_start_main", "important": false, "type": "Line"}, {"lineNumber": 27, "content": "    #13 0x42649d in _start", "important": false, "type": "Line"}, {"lineNumber": 28, "content": "", "important": false, "type": "Line"}, {"lineNumber": 29, "content": "  Uninitialized value was created by a heap allocation", "important": false, "type": "Line"}, {"lineNumber": 30, "content": "    #0 0x4dc62d in malloc /src/llvm-project/compiler-rt/lib/msan/msan_interceptors.cpp:912:3", "important": false, "type": "Line"}, {"lineNumber": 31, "content": "    #1 0x4abf678 in g_malloc", "important": false, "type": "Line"}, {"lineNumber": 32, "content": "", "important": false, "type": "Line"}, {"lineNumber": 33, "content": "SUMMARY: MemorySanitizer: use-of-uninitialized-value (/clusterfuzz/run_bot/clusterfuzz/bot/builds/libvips_libfuzzer_msan/custom/sharpen_fuzzer+0x71e1e4)", "important": false, "type": "Line"}, {"lineNumber": 34, "content": "Exiting", "important": false, "type": "Line"}, {"lineNumber": 35, "content": "", "important": false, "type": "Line"}, {"lineNumber": 36, "content": "", "important": false, "type": "Line"}, {"lineNumber": 37, "content": "+----------------------------------------Release Build Unsymbolized Stacktrace (diff)----------------------------------------+", "important": false, "type": "Line"}, {"lineNumber": 38, "content": "", "important": false, "type": "Line"}, {"lineNumber": 39, "content": "Uninitialized bytes in __interceptor_strlen at offset 4 inside [0x7010000006b0, 5)", "important": false, "type": "Line"}, {"lineNumber": 40, "content": "==9201==WARNING: MemorySanitizer: use-of-uninitialized-value", "important": false, "type": "Line"}, {"lineNumber": 41, "content": "    #0 0x71e1e4  (/clusterfuzz/run_bot/clusterfuzz/bot/builds/libvips_libfuzzer_msan/custom/sharpen_fuzzer+0x71e1e4)", "important": false, "type": "Line"}, {"lineNumber": 42, "content": "    #1 0x685ce7  (/clusterfuzz/run_bot/clusterfuzz/bot/builds/libvips_libfuzzer_msan/custom/sharpen_fuzzer+0x685ce7)", "important": false, "type": "Line"}, {"lineNumber": 43, "content": "    #2 0x683858  (/clusterfuzz/run_bot/clusterfuzz/bot/builds/libvips_libfuzzer_msan/custom/sharpen_fuzzer+0x683858)", "important": false, "type": "Line"}, {"lineNumber": 44, "content": "    #3 0x6816c2  (/clusterfuzz/run_bot/clusterfuzz/bot/builds/libvips_libfuzzer_msan/custom/sharpen_fuzzer+0x6816c2)", "important": false, "type": "Line"}, {"lineNumber": 45, "content": "    #4 0x684eca  (/clusterfuzz/run_bot/clusterfuzz/bot/builds/libvips_libfuzzer_msan/custom/sharpen_fuzzer+0x684eca)", "important": false, "type": "Line"}, {"lineNumber": 46, "content": "    #5 0x66c240  (/clusterfuzz/run_bot/clusterfuzz/bot/builds/libvips_libfuzzer_msan/custom/sharpen_fuzzer+0x66c240)", "important": false, "type": "Line"}, {"lineNumber": 47, "content": "    #6 0x52fbb7  (/clusterfuzz/run_bot/clusterfuzz/bot/builds/libvips_libfuzzer_msan/custom/sharpen_fuzzer+0x52fbb7)", "important": false, "type": "Line"}, {"lineNumber": 48, "content": "    #7 0x45d903  (/clusterfuzz/run_bot/clusterfuzz/bot/builds/libvips_libfuzzer_msan/custom/sharpen_fuzzer+0x45d903)", "important": false, "type": "Line"}, {"lineNumber": 49, "content": "    #8 0x449212  (/clusterfuzz/run_bot/clusterfuzz/bot/builds/libvips_libfuzzer_msan/custom/sharpen_fuzzer+0x449212)", "important": false, "type": "Line"}, {"lineNumber": 50, "content": "    #9 0x44ecda  (/clusterfuzz/run_bot/clusterfuzz/bot/builds/libvips_libfuzzer_msan/custom/sharpen_fuzzer+0x44ecda)", "important": false, "type": "Line"}, {"lineNumber": 51, "content": "    #10 0x477c02  (/clusterfuzz/run_bot/clusterfuzz/bot/builds/libvips_libfuzzer_msan/custom/sharpen_fuzzer+0x477c02)", "important": false, "type": "Line"}, {"lineNumber": 52, "content": "    #11 0x7ff73701f0b2  (/lib/x86_64-linux-gnu/libc.so.6+0x270b2)", "important": false, "type": "Line"}, {"lineNumber": 53, "content": "    #12 0x42649d  (/clusterfuzz/run_bot/clusterfuzz/bot/builds/libvips_libfuzzer_msan/custom/sharpen_fuzzer+0x42649d)", "important": false, "type": "Line"}, {"lineNumber": 54, "content": "", "important": false, "type": "Line"}, {"lineNumber": 55, "content": "  Uninitialized value was created by a heap allocation", "important": false, "type": "Line"}, {"lineNumber": 56, "content": "    #0 0x4dc62d  (/clusterfuzz/run_bot/clusterfuzz/bot/builds/libvips_libfuzzer_msan/custom/sharpen_fuzzer+0x4dc62d)", "important": false, "type": "Line"}, {"lineNumber": 57, "content": "    #1 0x4abf678  (/clusterfuzz/run_bot/clusterfuzz/bot/builds/libvips_libfuzzer_msan/custom/sharpen_fuzzer+0x4abf678)", "important": false, "type": "Line"}], "revision": "1"}, "last_tested_crash_stacktrace": {"lines": [{"lineNumber": 1, "content": "[Environment] MSAN_OPTIONS=exitcode=77", "important": false, "type": "Line"}, {"lineNumber": 2, "content": "+----------------------------------------Release Build Stacktrace----------------------------------------+", "important": false, "type": "Line"}, {"lineNumber": 3, "content": "Command: /clusterfuzz/run_bot/clusterfuzz/bot/builds/libvips_libfuzzer_msan/custom/sharpen_fuzzer -rss_limit_mb=2560 -timeout=60 -runs=100 /clusterfuzz/run_bot/clusterfuzz/bot/inputs/fuzzer-testcases/crash-da39a3ee5e6b4b0d3255bfef95601890afd80709", "important": false, "type": "Line"}, {"lineNumber": 4, "content": "Time ran: 0.08288955688476562", "important": false, "type": "Line"}, {"lineNumber": 5, "content": "", "important": false, "type": "Line"}, {"lineNumber": 6, "content": "INFO: Running with entropic power schedule (0xFF, 100).", "important": false, "type": "Line"}, {"lineNumber": 7, "content": "INFO: Seed: 1876772194", "important": false, "type": "Line"}, {"lineNumber": 8, "content": "INFO: Loaded 1 modules   (244793 inline 8-bit counters): 244793 [0x54511b0, 0x548cde9),", "important": false, "type": "Line"}, {"lineNumber": 9, "content": "INFO: Loaded 1 PC tables (244793 PCs): 244793 [0x548cdf0,0x5849180),", "important": false, "type": "Line"}, {"lineNumber": 10, "content": "/clusterfuzz/run_bot/clusterfuzz/bot/builds/libvips_libfuzzer_msan/custom/sharpen_fuzzer: Running 1 inputs 100 time(s) each.", "important": false, "type": "Line"}, {"lineNumber": 11, "content": "Running: /clusterfuzz/run_bot/clusterfuzz/bot/inputs/fuzzer-testcases/crash-da39a3ee5e6b4b0d3255bfef95601890afd80709", "important": false, "type": "Line"}, {"lineNumber": 12, "content": "Uninitialized bytes in __interceptor_strlen at offset 4 inside [0x7010000006b0, 5)", "important": false, "type": "Line"}, {"lineNumber": 13, "content": "==2705==WARNING: MemorySanitizer: use-of-uninitialized-value", "important": false, "type": "Line"}, {"lineNumber": 14, "content": "    #0 0x71e1e4 in vips_ispostfix /src/libvips/libvips/iofuncs/util.c:290:10", "important": true, "type": "Line"}, {"lineNumber": 15, "content": "    #1 0x685ce7 in extract_prefix /src/libvips/libvips/iofuncs/init.c:1000:7", "important": true, "type": "Line"}, {"lineNumber": 16, "content": "    #2 0x683858 in guess_prefix /src/libvips/libvips/iofuncs/init.c:1146:13", "important": false, "type": "Line"}, {"lineNumber": 17, "content": "    #3 0x683858 in vips_guess_prefix /src/libvips/libvips/iofuncs/init.c:1197:11", "important": true, "type": "Line"}, {"lineNumber": 18, "content": "    #4 0x6816c2 in vips_init /src/libvips/libvips/iofuncs/init.c:555:17", "important": false, "type": "Line"}, {"lineNumber": 19, "content": "    #5 0x684eca in vips_check_init /src/libvips/libvips/iofuncs/init.c:706:6", "important": false, "type": "Line"}, {"lineNumber": 20, "content": "    #6 0x66c240 in vips_image_new_from_buffer /src/libvips/libvips/iofuncs/image.c:2147:2", "important": false, "type": "Line"}, {"lineNumber": 21, "content": "    #7 0x52fbb7 in LLVMFuzzerTestOneInput /src/libvips/fuzz/sharpen_fuzzer.cc:19:16", "important": false, "type": "Line"}, {"lineNumber": 22, "content": "    #8 0x45d903 in fuzzer::Fuzzer::ExecuteCallback(unsigned char const*, unsigned long) cxa_noexception.cpp:0", "important": false, "type": "Line"}, {"lineNumber": 23, "content": "    #9 0x449212 in fuzzer::RunOneTest(fuzzer::Fuzzer*, char const*, unsigned long) /src/llvm-project/compiler-rt/lib/fuzzer/FuzzerDriver.cpp:324:6", "important": false, "type": "Line"}, {"lineNumber": 24, "content": "    #10 0x44ecda in fuzzer::FuzzerDriver(int*, char***, int (*)(unsigned char const*, unsigned long)) cxa_noexception.cpp:0", "important": false, "type": "Line"}, {"lineNumber": 25, "content": "    #11 0x477c02 in main /src/llvm-project/compiler-rt/lib/fuzzer/FuzzerMain.cpp:20:10", "important": false, "type": "Line"}, {"lineNumber": 26, "content": "    #12 0x7fbf1cc860b2 in __libc_start_main", "important": false, "type": "Line"}, {"lineNumber": 27, "content": "    #13 0x42649d in _start", "important": false, "type": "Line"}, {"lineNumber": 28, "content": "", "important": false, "type": "Line"}, {"lineNumber": 29, "content": "  Uninitialized value was created by a heap allocation", "important": false, "type": "Line"}, {"lineNumber": 30, "content": "    #0 0x4dc62d in malloc /src/llvm-project/compiler-rt/lib/msan/msan_interceptors.cpp:912:3", "important": false, "type": "Line"}, {"lineNumber": 31, "content": "    #1 0x4abf678 in g_malloc", "important": false, "type": "Line"}, {"lineNumber": 32, "content": "", "important": false, "type": "Line"}, {"lineNumber": 33, "content": "SUMMARY: MemorySanitizer: use-of-uninitialized-value (/clusterfuzz/run_bot/clusterfuzz/bot/builds/libvips_libfuzzer_msan/custom/sharpen_fuzzer+0x71e1e4)", "important": false, "type": "Line"}, {"lineNumber": 34, "content": "Exiting", "important": false, "type": "Line"}, {"lineNumber": 35, "content": "", "important": false, "type": "Line"}, {"lineNumber": 36, "content": "", "important": false, "type": "Line"}, {"lineNumber": 37, "content": "+----------------------------------------Release Build Unsymbolized Stacktrace (diff)----------------------------------------+", "important": false, "type": "Line"}, {"lineNumber": 38, "content": "", "important": false, "type": "Line"}, {"lineNumber": 39, "content": "Uninitialized bytes in __interceptor_strlen at offset 4 inside [0x7010000006b0, 5)", "important": false, "type": "Line"}, {"lineNumber": 40, "content": "==2705==WARNING: MemorySanitizer: use-of-uninitialized-value", "important": false, "type": "Line"}, {"lineNumber": 41, "content": "    #0 0x71e1e4  (/clusterfuzz/run_bot/clusterfuzz/bot/builds/libvips_libfuzzer_msan/custom/sharpen_fuzzer+0x71e1e4)", "important": false, "type": "Line"}, {"lineNumber": 42, "content": "    #1 0x685ce7  (/clusterfuzz/run_bot/clusterfuzz/bot/builds/libvips_libfuzzer_msan/custom/sharpen_fuzzer+0x685ce7)", "important": false, "type": "Line"}, {"lineNumber": 43, "content": "    #2 0x683858  (/clusterfuzz/run_bot/clusterfuzz/bot/builds/libvips_libfuzzer_msan/custom/sharpen_fuzzer+0x683858)", "important": false, "type": "Line"}, {"lineNumber": 44, "content": "    #3 0x6816c2  (/clusterfuzz/run_bot/clusterfuzz/bot/builds/libvips_libfuzzer_msan/custom/sharpen_fuzzer+0x6816c2)", "important": false, "type": "Line"}, {"lineNumber": 45, "content": "    #4 0x684eca  (/clusterfuzz/run_bot/clusterfuzz/bot/builds/libvips_libfuzzer_msan/custom/sharpen_fuzzer+0x684eca)", "important": false, "type": "Line"}, {"lineNumber": 46, "content": "    #5 0x66c240  (/clusterfuzz/run_bot/clusterfuzz/bot/builds/libvips_libfuzzer_msan/custom/sharpen_fuzzer+0x66c240)", "important": false, "type": "Line"}, {"lineNumber": 47, "content": "    #6 0x52fbb7  (/clusterfuzz/run_bot/clusterfuzz/bot/builds/libvips_libfuzzer_msan/custom/sharpen_fuzzer+0x52fbb7)", "important": false, "type": "Line"}, {"lineNumber": 48, "content": "    #7 0x45d903  (/clusterfuzz/run_bot/clusterfuzz/bot/builds/libvips_libfuzzer_msan/custom/sharpen_fuzzer+0x45d903)", "important": false, "type": "Line"}, {"lineNumber": 49, "content": "    #8 0x449212  (/clusterfuzz/run_bot/clusterfuzz/bot/builds/libvips_libfuzzer_msan/custom/sharpen_fuzzer+0x449212)", "important": false, "type": "Line"}, {"lineNumber": 50, "content": "    #9 0x44ecda  (/clusterfuzz/run_bot/clusterfuzz/bot/builds/libvips_libfuzzer_msan/custom/sharpen_fuzzer+0x44ecda)", "important": false, "type": "Line"}, {"lineNumber": 51, "content": "    #10 0x477c02  (/clusterfuzz/run_bot/clusterfuzz/bot/builds/libvips_libfuzzer_msan/custom/sharpen_fuzzer+0x477c02)", "important": false, "type": "Line"}, {"lineNumber": 52, "content": "    #11 0x7fbf1cc860b2  (/lib/x86_64-linux-gnu/libc.so.6+0x270b2)", "important": false, "type": "Line"}, {"lineNumber": 53, "content": "    #12 0x42649d  (/clusterfuzz/run_bot/clusterfuzz/bot/builds/libvips_libfuzzer_msan/custom/sharpen_fuzzer+0x42649d)", "important": false, "type": "Line"}, {"lineNumber": 54, "content": "", "important": false, "type": "Line"}, {"lineNumber": 55, "content": "  Uninitialized value was created by a heap allocation", "important": false, "type": "Line"}, {"lineNumber": 56, "content": "    #0 0x4dc62d  (/clusterfuzz/run_bot/clusterfuzz/bot/builds/libvips_libfuzzer_msan/custom/sharpen_fuzzer+0x4dc62d)", "important": false, "type": "Line"}, {"lineNumber": 57, "content": "    #1 0x4abf678  (/clusterfuzz/run_bot/clusterfuzz/bot/builds/libvips_libfuzzer_msan/custom/sharpen_fuzzer+0x4abf678)", "important": false, "type": "Line"}], "revision": null}, "security_severity": "Medium", "security_severities": [{"value": 0, "name": "Critical"}, {"value": 1, "name": "High", "default": true}, {"value": 2, "name": "Medium"}, {"value": 3, "name": "Low"}, {"value": 4, "name": "Missing"}], "stats": {"min_hour": 1, "max_hour": 1}, "suspected_cls": null, "testcase": {"absolute_path": "/clusterfuzz/run_bot/clusterfuzz/bot/inputs/fuzzer-testcases/crash-da39a3ee5e6b4b0d3255bfef95601890afd80709", "additional_metadata": "{\"build_key\": \"e8cc66e5-3e34-4a2d-b1bc-6d409f331eac\", \"env\": {\"MSAN_OPTIONS\": {}}, \"fuzzer_binary_name\": \"sharpen_fuzzer\", \"fuzzing_strategies\": {\"corpus_subset\": 50, \"mutator_plugin_radamsa\": 1, \"random_max_len\": 1, \"value_profile\": 1}, \"last_tested_crash_revision\": null, \"last_tested_crash_time\": {\"__type__\": \"datetime\", \"day\": 30, \"hour\": 0, \"microsecond\": 821996, \"minute\": 14, \"month\": 11, \"second\": 12, \"year\": 2021}, \"last_tested_revision\": null}", "archive_filename": null, "archive_state": 0, "binary_flag": false, "bug_indices": [], "bug_information": "", "comments": "[2021-11-29 09:46:24 UTC] comput4-20211129-15:14: Fuzz task : Fuzzer libFuzzer_sharpen_fuzzer generated testcase crashed in 0 seconds (r1).\n[2021-11-29 10:48:00 UTC] snode3-20211129-17:27: Minimize task started.\n[2021-11-29 10:51:52 UTC] snode3-20211129-17:27: Minimize task finished.\n[2021-11-30 00:10:18 UTC] snode1-20211129-17:27: Progression task started.\n[2021-11-30 00:14:12 UTC] snode1-20211129-17:27: Progression task finished: still crashes on latest custom build.\n", "crash_address": "", "crash_revision": 1, "crash_stacktrace": "[Environment] MSAN_OPTIONS=exitcode=77\n+----------------------------------------Release Build Stacktrace----------------------------------------+\nCommand: /clusterfuzz/run_bot/clusterfuzz/bot/builds/libvips_libfuzzer_msan/custom/sharpen_fuzzer -rss_limit_mb=2560 -timeout=60 -runs=100 /clusterfuzz/run_bot/clusterfuzz/bot/inputs/fuzzer-testcases/7d3ca89a453ecf0419a0702761d8636f5e6b4b0d3255bfef95601890afd80709\nTime ran: 0.04492926597595215\n\nINFO: Running with entropic power schedule (0xFF, 100).\nINFO: Seed: 980982074\nINFO: Loaded 1 modules   (244793 inline 8-bit counters): 244793 [0x54511b0, 0x548cde9),\nINFO: Loaded 1 PC tables (244793 PCs): 244793 [0x548cdf0,0x5849180),\n/clusterfuzz/run_bot/clusterfuzz/bot/builds/libvips_libfuzzer_msan/custom/sharpen_fuzzer: Running 1 inputs 100 time(s) each.\nRunning: /clusterfuzz/run_bot/clusterfuzz/bot/inputs/fuzzer-testcases/7d3ca89a453ecf0419a0702761d8636f5e6b4b0d3255bfef95601890afd80709\nUninitialized bytes in __interceptor_strlen at offset 4 inside [0x7010000006b0, 5)\n==9201==WARNING: MemorySanitizer: use-of-uninitialized-value\n    #0 0x71e1e4 in vips_ispostfix /src/libvips/libvips/iofuncs/util.c:290:10\n    #1 0x685ce7 in extract_prefix /src/libvips/libvips/iofuncs/init.c:1000:7\n    #2 0x683858 in guess_prefix /src/libvips/libvips/iofuncs/init.c:1146:13\n    #3 0x683858 in vips_guess_prefix /src/libvips/libvips/iofuncs/init.c:1197:11\n    #4 0x6816c2 in vips_init /src/libvips/libvips/iofuncs/init.c:555:17\n    #5 0x684eca in vips_check_init /src/libvips/libvips/iofuncs/init.c:706:6\n    #6 0x66c240 in vips_image_new_from_buffer /src/libvips/libvips/iofuncs/image.c:2147:2\n    #7 0x52fbb7 in LLVMFuzzerTestOneInput /src/libvips/fuzz/sharpen_fuzzer.cc:19:16\n    #8 0x45d903 in fuzzer::Fuzzer::ExecuteCallback(unsigned char const*, unsigned long) cxa_noexception.cpp:0\n    #9 0x449212 in fuzzer::RunOneTest(fuzzer::Fuzzer*, char const*, unsigned long) /src/llvm-project/compiler-rt/lib/fuzzer/FuzzerDriver.cpp:324:6\n    #10 0x44ecda in fuzzer::FuzzerDriver(int*, char***, int (*)(unsigned char const*, unsigned long)) cxa_noexception.cpp:0\n    #11 0x477c02 in main /src/llvm-project/compiler-rt/lib/fuzzer/FuzzerMain.cpp:20:10\n    #12 0x7ff73701f0b2 in __libc_start_main\n    #13 0x42649d in _start\n\n  Uninitialized value was created by a heap allocation\n    #0 0x4dc62d in malloc /src/llvm-project/compiler-rt/lib/msan/msan_interceptors.cpp:912:3\n    #1 0x4abf678 in g_malloc\n\nSUMMARY: MemorySanitizer: use-of-uninitialized-value (/clusterfuzz/run_bot/clusterfuzz/bot/builds/libvips_libfuzzer_msan/custom/sharpen_fuzzer+0x71e1e4)\nExiting\n\n\n+----------------------------------------Release Build Unsymbolized Stacktrace (diff)----------------------------------------+\n\nUninitialized bytes in __interceptor_strlen at offset 4 inside [0x7010000006b0, 5)\n==9201==WARNING: MemorySanitizer: use-of-uninitialized-value\n    #0 0x71e1e4  (/clusterfuzz/run_bot/clusterfuzz/bot/builds/libvips_libfuzzer_msan/custom/sharpen_fuzzer+0x71e1e4)\n    #1 0x685ce7  (/clusterfuzz/run_bot/clusterfuzz/bot/builds/libvips_libfuzzer_msan/custom/sharpen_fuzzer+0x685ce7)\n    #2 0x683858  (/clusterfuzz/run_bot/clusterfuzz/bot/builds/libvips_libfuzzer_msan/custom/sharpen_fuzzer+0x683858)\n    #3 0x6816c2  (/clusterfuzz/run_bot/clusterfuzz/bot/builds/libvips_libfuzzer_msan/custom/sharpen_fuzzer+0x6816c2)\n    #4 0x684eca  (/clusterfuzz/run_bot/clusterfuzz/bot/builds/libvips_libfuzzer_msan/custom/sharpen_fuzzer+0x684eca)\n    #5 0x66c240  (/clusterfuzz/run_bot/clusterfuzz/bot/builds/libvips_libfuzzer_msan/custom/sharpen_fuzzer+0x66c240)\n    #6 0x52fbb7  (/clusterfuzz/run_bot/clusterfuzz/bot/builds/libvips_libfuzzer_msan/custom/sharpen_fuzzer+0x52fbb7)\n    #7 0x45d903  (/clusterfuzz/run_bot/clusterfuzz/bot/builds/libvips_libfuzzer_msan/custom/sharpen_fuzzer+0x45d903)\n    #8 0x449212  (/clusterfuzz/run_bot/clusterfuzz/bot/builds/libvips_libfuzzer_msan/custom/sharpen_fuzzer+0x449212)\n    #9 0x44ecda  (/clusterfuzz/run_bot/clusterfuzz/bot/builds/libvips_libfuzzer_msan/custom/sharpen_fuzzer+0x44ecda)\n    #10 0x477c02  (/clusterfuzz/run_bot/clusterfuzz/bot/builds/libvips_libfuzzer_msan/custom/sharpen_fuzzer+0x477c02)\n    #11 0x7ff73701f0b2  (/lib/x86_64-linux-gnu/libc.so.6+0x270b2)\n    #12 0x42649d  (/clusterfuzz/run_bot/clusterfuzz/bot/builds/libvips_libfuzzer_msan/custom/sharpen_fuzzer+0x42649d)\n\n  Uninitialized value was created by a heap allocation\n    #0 0x4dc62d  (/clusterfuzz/run_bot/clusterfuzz/bot/builds/libvips_libfuzzer_msan/custom/sharpen_fuzzer+0x4dc62d)\n    #1 0x4abf678  (/clusterfuzz/run_bot/clusterfuzz/bot/builds/libvips_libfuzzer_msan/custom/sharpen_fuzzer+0x4abf678)\n", "crash_state": "vips_ispostfix\nextract_prefix\nvips_guess_prefix\n", "crash_type": "Use-of-uninitialized-value", "disable_ubsan": false, "duplicate_of": null, "fixed": "", "flaky_stack": false, "fuzzed_keys": "0b68d49b-5d0c-479f-b3a5-5235997727d9", "fuzzer_name": "libFuzzer", "fuzzer_name_indices": ["libFuzzer", "libFuzzer_sharpen_fuzzer"], "gestures": [], "group_bug_information": 0, "group_id": 0, "has_bug_flag": false, "http_flag": false, "impact_beta_version": null, "impact_beta_version_indices": [], "impact_beta_version_likely": false, "impact_extended_stable_version": null, "impact_extended_stable_version_indices": [], "impact_extended_stable_version_likely": false, "impact_head_version": null, "impact_head_version_indices": [], "impact_head_version_likely": null, "impact_indices": [], "impact_stable_version": null, "impact_stable_version_indices": [], "impact_stable_version_likely": false, "impact_version_indices": [], "is_a_duplicate_flag": false, "is_impact_set_flag": false, "is_leader": true, "job_type": "libvips_libfuzzer_msan", "keywords": ["fuzzer_sharpen_fuzzer", "libvips", "vips_ispostfix", "libfuzzer_sharpen", "libfuzzer", "libfuzzer_msan", "lib", "extract_prefix", "use-of", "vips", "of", "prefix", "vips_guess", "fuzzer_sharpen", "sharpen_fuzzer", "extract", "sharpen", "uninitialized-value", "use-of-uninitialized-value", "vips_guess_prefix", "of-uninitialized-value", "of-uninitialized", "guess", "libfuzzer_sharpen_fuzzer", "linux", "libvips_libfuzzer", "ispostfix", "use", "uninitialized", "fuzzer", "value", "guess_prefix", "use-of-uninitialized", "libvips_libfuzzer_msan", "msan"], "last_tested_crash_stacktrace": "[Environment] MSAN_OPTIONS=exitcode=77\n+----------------------------------------Release Build Stacktrace----------------------------------------+\nCommand: /clusterfuzz/run_bot/clusterfuzz/bot/builds/libvips_libfuzzer_msan/custom/sharpen_fuzzer -rss_limit_mb=2560 -timeout=60 -runs=100 /clusterfuzz/run_bot/clusterfuzz/bot/inputs/fuzzer-testcases/crash-da39a3ee5e6b4b0d3255bfef95601890afd80709\nTime ran: 0.08288955688476562\n\nINFO: Running with entropic power schedule (0xFF, 100).\nINFO: Seed: 1876772194\nINFO: Loaded 1 modules   (244793 inline 8-bit counters): 244793 [0x54511b0, 0x548cde9),\nINFO: Loaded 1 PC tables (244793 PCs): 244793 [0x548cdf0,0x5849180),\n/clusterfuzz/run_bot/clusterfuzz/bot/builds/libvips_libfuzzer_msan/custom/sharpen_fuzzer: Running 1 inputs 100 time(s) each.\nRunning: /clusterfuzz/run_bot/clusterfuzz/bot/inputs/fuzzer-testcases/crash-da39a3ee5e6b4b0d3255bfef95601890afd80709\nUninitialized bytes in __interceptor_strlen at offset 4 inside [0x7010000006b0, 5)\n==2705==WARNING: MemorySanitizer: use-of-uninitialized-value\n    #0 0x71e1e4 in vips_ispostfix /src/libvips/libvips/iofuncs/util.c:290:10\n    #1 0x685ce7 in extract_prefix /src/libvips/libvips/iofuncs/init.c:1000:7\n    #2 0x683858 in guess_prefix /src/libvips/libvips/iofuncs/init.c:1146:13\n    #3 0x683858 in vips_guess_prefix /src/libvips/libvips/iofuncs/init.c:1197:11\n    #4 0x6816c2 in vips_init /src/libvips/libvips/iofuncs/init.c:555:17\n    #5 0x684eca in vips_check_init /src/libvips/libvips/iofuncs/init.c:706:6\n    #6 0x66c240 in vips_image_new_from_buffer /src/libvips/libvips/iofuncs/image.c:2147:2\n    #7 0x52fbb7 in LLVMFuzzerTestOneInput /src/libvips/fuzz/sharpen_fuzzer.cc:19:16\n    #8 0x45d903 in fuzzer::Fuzzer::ExecuteCallback(unsigned char const*, unsigned long) cxa_noexception.cpp:0\n    #9 0x449212 in fuzzer::RunOneTest(fuzzer::Fuzzer*, char const*, unsigned long) /src/llvm-project/compiler-rt/lib/fuzzer/FuzzerDriver.cpp:324:6\n    #10 0x44ecda in fuzzer::FuzzerDriver(int*, char***, int (*)(unsigned char const*, unsigned long)) cxa_noexception.cpp:0\n    #11 0x477c02 in main /src/llvm-project/compiler-rt/lib/fuzzer/FuzzerMain.cpp:20:10\n    #12 0x7fbf1cc860b2 in __libc_start_main\n    #13 0x42649d in _start\n\n  Uninitialized value was created by a heap allocation\n    #0 0x4dc62d in malloc /src/llvm-project/compiler-rt/lib/msan/msan_interceptors.cpp:912:3\n    #1 0x4abf678 in g_malloc\n\nSUMMARY: MemorySanitizer: use-of-uninitialized-value (/clusterfuzz/run_bot/clusterfuzz/bot/builds/libvips_libfuzzer_msan/custom/sharpen_fuzzer+0x71e1e4)\nExiting\n\n\n+----------------------------------------Release Build Unsymbolized Stacktrace (diff)----------------------------------------+\n\nUninitialized bytes in __interceptor_strlen at offset 4 inside [0x7010000006b0, 5)\n==2705==WARNING: MemorySanitizer: use-of-uninitialized-value\n    #0 0x71e1e4  (/clusterfuzz/run_bot/clusterfuzz/bot/builds/libvips_libfuzzer_msan/custom/sharpen_fuzzer+0x71e1e4)\n    #1 0x685ce7  (/clusterfuzz/run_bot/clusterfuzz/bot/builds/libvips_libfuzzer_msan/custom/sharpen_fuzzer+0x685ce7)\n    #2 0x683858  (/clusterfuzz/run_bot/clusterfuzz/bot/builds/libvips_libfuzzer_msan/custom/sharpen_fuzzer+0x683858)\n    #3 0x6816c2  (/clusterfuzz/run_bot/clusterfuzz/bot/builds/libvips_libfuzzer_msan/custom/sharpen_fuzzer+0x6816c2)\n    #4 0x684eca  (/clusterfuzz/run_bot/clusterfuzz/bot/builds/libvips_libfuzzer_msan/custom/sharpen_fuzzer+0x684eca)\n    #5 0x66c240  (/clusterfuzz/run_bot/clusterfuzz/bot/builds/libvips_libfuzzer_msan/custom/sharpen_fuzzer+0x66c240)\n    #6 0x52fbb7  (/clusterfuzz/run_bot/clusterfuzz/bot/builds/libvips_libfuzzer_msan/custom/sharpen_fuzzer+0x52fbb7)\n    #7 0x45d903  (/clusterfuzz/run_bot/clusterfuzz/bot/builds/libvips_libfuzzer_msan/custom/sharpen_fuzzer+0x45d903)\n    #8 0x449212  (/clusterfuzz/run_bot/clusterfuzz/bot/builds/libvips_libfuzzer_msan/custom/sharpen_fuzzer+0x449212)\n    #9 0x44ecda  (/clusterfuzz/run_bot/clusterfuzz/bot/builds/libvips_libfuzzer_msan/custom/sharpen_fuzzer+0x44ecda)\n    #10 0x477c02  (/clusterfuzz/run_bot/clusterfuzz/bot/builds/libvips_libfuzzer_msan/custom/sharpen_fuzzer+0x477c02)\n    #11 0x7fbf1cc860b2  (/lib/x86_64-linux-gnu/libc.so.6+0x270b2)\n    #12 0x42649d  (/clusterfuzz/run_bot/clusterfuzz/bot/builds/libvips_libfuzzer_msan/custom/sharpen_fuzzer+0x42649d)\n\n  Uninitialized value was created by a heap allocation\n    #0 0x4dc62d  (/clusterfuzz/run_bot/clusterfuzz/bot/builds/libvips_libfuzzer_msan/custom/sharpen_fuzzer+0x4dc62d)\n    #1 0x4abf678  (/clusterfuzz/run_bot/clusterfuzz/bot/builds/libvips_libfuzzer_msan/custom/sharpen_fuzzer+0x4abf678)\n", "minidump_keys": "", "minimized_arguments": "-rss_limit_mb=2560 -timeout=60", "minimized_keys": "5e4511ee-3ed5-49ef-aa13-79d0e3629a9f", "one_time_crasher_flag": false, "open": true, "overridden_fuzzer_name": "libFuzzer_sharpen_fuzzer", "platform": "linux", "platform_id": "linux", "project_name": "test-project", "queue": "jobs-linux", "redzone": 128, "regression": "NA", "security_flag": true, "security_severity": 2, "status": "Processed", "symbolized": false, "timeout_multiplier": 1.0, "timestamp": 1638179184, "triaged": false, "uploader_email": null, "window_argument": "", "id": 26880}, "timestamp": 1638179184.731759, "show_blame": false, "show_impact": false, "impacts_production": false, "find_similar_issues_options": [{"type": "open", "label": "Open"}, {"type": "all", "label": "All"}], "auto_delete_timestamp": null, "auto_close_timestamp": null, "memory_tool_display_label": "Sanitizer", "memory_tool_display_value": "memory (MSAN)", "last_tested": "1:1 (No component revisions found!)", "is_admin_or_not_oss_fuzz": true, "has_issue_tracker": false, "reproduction_help_url": "", "is_local_development": true, "fuzzer_display": {"engine": "libFuzzer", "target": "sharpen_fuzzer", "name": "libFuzzer", "fully_qualified_name": "libFuzzer_sharpen_fuzzer"}}