{"id": 29115, "crash_type": "Use-of-uninitialized-value", "crash_address": "", "crash_state": "LibRaw::parse_tiff_ifd\nLibRaw::parse_tiff\nLibRaw::identify\n", "crash_state_lines": ["LibRaw::parse_tiff_ifd", "LibRaw::parse_tiff", "LibRaw::identify"], "crash_revision": 1, "csrf_token": "D6S+cXG/eQvjQp1jhkN2Yfq5FoCaAiuUjD0oLthouNSAPb8xaAgWvNikB3AHnFnrgfWQIz/OKB4owWUbxHHo3A==", "external_user": false, "footer": "[2021-11-29 09:54:23 UTC] snode8-20211129-17:28: Fuzz task : Fuzzer honggfuzz_libraw_raf_fuzzer generated testcase crashed in 541 seconds (r1).\n[2021-11-29 11:42:21 UTC] snode3-20211129-17:27: Minimize task started.\n[2021-11-29 11:43:54 UTC] snode3-20211129-17:27: Minimize task errored out: Engine does not support minimization.\n[2021-11-30 00:11:19 UTC] comput5-20211129-15:14: Progression task started.\n[2021-11-30 00:12:50 UTC] comput5-20211129-15:14: Progression task finished: still crashes on latest custom build.\n", "formatted_reproduction_help": "", "fixed": "NO", "fixed_full": null, "issue_url": null, "is_admin": true, "metadata": {"build_key": "8371b014-fe98-4bcd-aef1-1d3d1a8b313b", "fuzzer_binary_name": "libraw_raf_fuzzer", "last_tested_crash_revision": null, "last_tested_crash_time": 1638231170, "last_tested_revision": null}, "minimized_testcase_size": "1 KB", "needs_refresh": false, "original_testcase_size": "1 KB", "privileged_user": true, "regression": "NA", "crash_stacktrace": {"lines": [{"lineNumber": 1, "content": "[Environment] MSAN_OPTIONS=allocator_release_to_os_interval_ms=500:halt_on_error=1:handle_abort=2:handle_segv=2:handle_sigbus=2:handle_sigfpe=2:handle_sigill=2:print_stats=1:print_summary=1:symbolize=0:use_sigaltstack=1", "important": false, "type": "Line"}, {"lineNumber": 2, "content": "+----------------------------------------Release Build Stacktrace----------------------------------------+", "important": false, "type": "Line"}, {"lineNumber": 3, "content": "==1791==WARNING: MemorySanitizer: use-of-uninitialized-value", "important": false, "type": "Line"}, {"lineNumber": 4, "content": "    #0 0x71a2fb in LibRaw::parse_tiff_ifd(int) /src/libraw/src/metadata/tiff.cpp:943:34", "important": true, "type": "Line"}, {"lineNumber": 5, "content": "    #1 0x71b7e6 in LibRaw::parse_tiff(int) /src/libraw/src/metadata/tiff.cpp:1546:9", "important": true, "type": "Line"}, {"lineNumber": 6, "content": "    #2 0x681e2f in LibRaw::identify() /src/libraw/src/metadata/identify.cpp:510:14", "important": true, "type": "Line"}, {"lineNumber": 7, "content": "    #3 0x4df4a4 in LibRaw::open_datastream(LibRaw_abstract_datastream*) /src/libraw/src/utils/open.cpp:480:4", "important": false, "type": "Line"}, {"lineNumber": 8, "content": "    #4 0x4dd825 in LibRaw::open_buffer(void const*, unsigned long) /src/libraw/src/utils/open.cpp:240:13", "important": false, "type": "Line"}, {"lineNumber": 9, "content": "    #5 0x4a28dd in LLVMFuzzerTestOneInput /src/libraw_fuzzer.cc:41:24", "important": false, "type": "Line"}, {"lineNumber": 10, "content": "    #6 0x4a32ae in main", "important": false, "type": "Line"}, {"lineNumber": 11, "content": "    #7 0x7ffff7c5b0b2 in __libc_start_main", "important": false, "type": "Line"}, {"lineNumber": 12, "content": "    #8 0x41e60d in _start", "important": false, "type": "Line"}, {"lineNumber": 13, "content": "", "important": false, "type": "Line"}, {"lineNumber": 14, "content": "  Uninitialized value was created by an allocation of &#x27;cfa_pat&#x27; in the stack frame of function &#x27;_ZN6LibRaw14parse_tiff_ifdEi&#x27;", "important": false, "type": "Line"}, {"lineNumber": 15, "content": "    #0 0x6fbe60 in LibRaw::parse_tiff_ifd(int) /src/libraw/src/metadata/tiff.cpp:23", "important": true, "type": "Line"}, {"lineNumber": 16, "content": "", "important": false, "type": "Line"}, {"lineNumber": 17, "content": "SUMMARY: MemorySanitizer: use-of-uninitialized-value (/clusterfuzz/run_bot/clusterfuzz/bot/builds/libraw_honggfuzz_msan/custom/libraw_raf_fuzzer+0x71a2fb)", "important": false, "type": "Line"}, {"lineNumber": 18, "content": "Unique heap origins: 42", "important": false, "type": "Line"}, {"lineNumber": 19, "content": "Stack depot allocated bytes: 1900544", "important": false, "type": "Line"}, {"lineNumber": 20, "content": "Unique origin histories: 12", "important": false, "type": "Line"}, {"lineNumber": 21, "content": "History depot allocated bytes: 196608", "important": false, "type": "Line"}, {"lineNumber": 22, "content": "Exiting", "important": false, "type": "Line"}, {"lineNumber": 23, "content": "", "important": false, "type": "Line"}, {"lineNumber": 24, "content": "", "important": false, "type": "Line"}, {"lineNumber": 25, "content": "+----------------------------------------Release Build Unsymbolized Stacktrace (diff)----------------------------------------+", "important": false, "type": "Line"}, {"lineNumber": 26, "content": "", "important": false, "type": "Line"}, {"lineNumber": 27, "content": "==1791==WARNING: MemorySanitizer: use-of-uninitialized-value", "important": false, "type": "Line"}, {"lineNumber": 28, "content": "    #0 0x71a2fb  (/clusterfuzz/run_bot/clusterfuzz/bot/builds/libraw_honggfuzz_msan/custom/libraw_raf_fuzzer+0x71a2fb)", "important": false, "type": "Line"}, {"lineNumber": 29, "content": "    #1 0x71b7e6  (/clusterfuzz/run_bot/clusterfuzz/bot/builds/libraw_honggfuzz_msan/custom/libraw_raf_fuzzer+0x71b7e6)", "important": false, "type": "Line"}, {"lineNumber": 30, "content": "    #2 0x681e2f  (/clusterfuzz/run_bot/clusterfuzz/bot/builds/libraw_honggfuzz_msan/custom/libraw_raf_fuzzer+0x681e2f)", "important": false, "type": "Line"}, {"lineNumber": 31, "content": "    #3 0x4df4a4  (/clusterfuzz/run_bot/clusterfuzz/bot/builds/libraw_honggfuzz_msan/custom/libraw_raf_fuzzer+0x4df4a4)", "important": false, "type": "Line"}, {"lineNumber": 32, "content": "    #4 0x4dd825  (/clusterfuzz/run_bot/clusterfuzz/bot/builds/libraw_honggfuzz_msan/custom/libraw_raf_fuzzer+0x4dd825)", "important": false, "type": "Line"}, {"lineNumber": 33, "content": "    #5 0x4a28dd  (/clusterfuzz/run_bot/clusterfuzz/bot/builds/libraw_honggfuzz_msan/custom/libraw_raf_fuzzer+0x4a28dd)", "important": false, "type": "Line"}, {"lineNumber": 34, "content": "    #6 0x4a32ae  (/clusterfuzz/run_bot/clusterfuzz/bot/builds/libraw_honggfuzz_msan/custom/libraw_raf_fuzzer+0x4a32ae)", "important": false, "type": "Line"}, {"lineNumber": 35, "content": "    #7 0x7ffff7c5b0b2  (/lib/x86_64-linux-gnu/libc.so.6+0x270b2)", "important": false, "type": "Line"}, {"lineNumber": 36, "content": "    #8 0x41e60d  (/clusterfuzz/run_bot/clusterfuzz/bot/builds/libraw_honggfuzz_msan/custom/libraw_raf_fuzzer+0x41e60d)", "important": false, "type": "Line"}, {"lineNumber": 37, "content": "", "important": false, "type": "Line"}, {"lineNumber": 38, "content": "  Uninitialized value was created by an allocation of &#x27;cfa_pat&#x27; in the stack frame of function &#x27;_ZN6LibRaw14parse_tiff_ifdEi&#x27;", "important": false, "type": "Line"}, {"lineNumber": 39, "content": "    #0 0x6fbe60  (/clusterfuzz/run_bot/clusterfuzz/bot/builds/libraw_honggfuzz_msan/custom/libraw_raf_fuzzer+0x6fbe60)", "important": false, "type": "Line"}], "revision": "1"}, "last_tested_crash_stacktrace": {"lines": [{"lineNumber": 1, "content": "[Environment] MSAN_OPTIONS=allocator_release_to_os_interval_ms=500:halt_on_error=1:handle_abort=2:handle_segv=2:handle_sigbus=2:handle_sigfpe=2:handle_sigill=2:print_stats=1:print_summary=1:symbolize=0:use_sigaltstack=1", "important": false, "type": "Line"}, {"lineNumber": 2, "content": "+----------------------------------------Release Build Stacktrace----------------------------------------+", "important": false, "type": "Line"}, {"lineNumber": 3, "content": "Command: /clusterfuzz/run_bot/clusterfuzz/bot/builds/libraw_honggfuzz_msan/custom/libraw_raf_fuzzer", "important": false, "type": "Line"}, {"lineNumber": 4, "content": "Time ran: 0.0075397491455078125", "important": false, "type": "Line"}, {"lineNumber": 5, "content": "", "important": false, "type": "Line"}, {"lineNumber": 6, "content": "Accepting input from &#x27;[STDIN]&#x27;", "important": false, "type": "Line"}, {"lineNumber": 7, "content": "Usage for fuzzing: honggfuzz -P [flags] -- /clusterfuzz/run_bot/clusterfuzz/bot/builds/libraw_honggfuzz_msan/custom/libraw_raf_fuzzer", "important": false, "type": "Line"}, {"lineNumber": 8, "content": "==25568==WARNING: MemorySanitizer: use-of-uninitialized-value", "important": false, "type": "Line"}, {"lineNumber": 9, "content": "    #0 0x71a2fb in LibRaw::parse_tiff_ifd(int) /src/libraw/src/metadata/tiff.cpp:943:34", "important": true, "type": "Line"}, {"lineNumber": 10, "content": "    #1 0x71b7e6 in LibRaw::parse_tiff(int) /src/libraw/src/metadata/tiff.cpp:1546:9", "important": true, "type": "Line"}, {"lineNumber": 11, "content": "    #2 0x681e2f in LibRaw::identify() /src/libraw/src/metadata/identify.cpp:510:14", "important": true, "type": "Line"}, {"lineNumber": 12, "content": "    #3 0x4df4a4 in LibRaw::open_datastream(LibRaw_abstract_datastream*) /src/libraw/src/utils/open.cpp:480:4", "important": false, "type": "Line"}, {"lineNumber": 13, "content": "    #4 0x4dd825 in LibRaw::open_buffer(void const*, unsigned long) /src/libraw/src/utils/open.cpp:240:13", "important": false, "type": "Line"}, {"lineNumber": 14, "content": "    #5 0x4a28dd in LLVMFuzzerTestOneInput /src/libraw_fuzzer.cc:41:24", "important": false, "type": "Line"}, {"lineNumber": 15, "content": "    #6 0x4a31cb in main", "important": false, "type": "Line"}, {"lineNumber": 16, "content": "    #7 0x7f2d630d50b2 in __libc_start_main", "important": false, "type": "Line"}, {"lineNumber": 17, "content": "    #8 0x41e60d in _start", "important": false, "type": "Line"}, {"lineNumber": 18, "content": "", "important": false, "type": "Line"}, {"lineNumber": 19, "content": "  Uninitialized value was created by an allocation of &#x27;cfa_pat&#x27; in the stack frame of function &#x27;_ZN6LibRaw14parse_tiff_ifdEi&#x27;", "important": false, "type": "Line"}, {"lineNumber": 20, "content": "    #0 0x6fbe60 in LibRaw::parse_tiff_ifd(int) /src/libraw/src/metadata/tiff.cpp:23", "important": true, "type": "Line"}, {"lineNumber": 21, "content": "", "important": false, "type": "Line"}, {"lineNumber": 22, "content": "SUMMARY: MemorySanitizer: use-of-uninitialized-value (/clusterfuzz/run_bot/clusterfuzz/bot/builds/libraw_honggfuzz_msan/custom/libraw_raf_fuzzer+0x71a2fb)", "important": false, "type": "Line"}, {"lineNumber": 23, "content": "Unique heap origins: 15", "important": false, "type": "Line"}, {"lineNumber": 24, "content": "Stack depot allocated bytes: 1638400", "important": false, "type": "Line"}, {"lineNumber": 25, "content": "Unique origin histories: 0", "important": false, "type": "Line"}, {"lineNumber": 26, "content": "History depot allocated bytes: 0", "important": false, "type": "Line"}, {"lineNumber": 27, "content": "Exiting", "important": false, "type": "Line"}, {"lineNumber": 28, "content": "", "important": false, "type": "Line"}, {"lineNumber": 29, "content": "", "important": false, "type": "Line"}, {"lineNumber": 30, "content": "+----------------------------------------Release Build Unsymbolized Stacktrace (diff)----------------------------------------+", "important": false, "type": "Line"}, {"lineNumber": 31, "content": "", "important": false, "type": "Line"}, {"lineNumber": 32, "content": "Usage for fuzzing: honggfuzz -P [flags] -- /clusterfuzz/run_bot/clusterfuzz/bot/builds/libraw_honggfuzz_msan/custom/libraw_raf_fuzzer", "important": false, "type": "Line"}, {"lineNumber": 33, "content": "==25568==WARNING: MemorySanitizer: use-of-uninitialized-value", "important": false, "type": "Line"}, {"lineNumber": 34, "content": "    #0 0x71a2fb  (/clusterfuzz/run_bot/clusterfuzz/bot/builds/libraw_honggfuzz_msan/custom/libraw_raf_fuzzer+0x71a2fb)", "important": false, "type": "Line"}, {"lineNumber": 35, "content": "    #1 0x71b7e6  (/clusterfuzz/run_bot/clusterfuzz/bot/builds/libraw_honggfuzz_msan/custom/libraw_raf_fuzzer+0x71b7e6)", "important": false, "type": "Line"}, {"lineNumber": 36, "content": "    #2 0x681e2f  (/clusterfuzz/run_bot/clusterfuzz/bot/builds/libraw_honggfuzz_msan/custom/libraw_raf_fuzzer+0x681e2f)", "important": false, "type": "Line"}, {"lineNumber": 37, "content": "    #3 0x4df4a4  (/clusterfuzz/run_bot/clusterfuzz/bot/builds/libraw_honggfuzz_msan/custom/libraw_raf_fuzzer+0x4df4a4)", "important": false, "type": "Line"}, {"lineNumber": 38, "content": "    #4 0x4dd825  (/clusterfuzz/run_bot/clusterfuzz/bot/builds/libraw_honggfuzz_msan/custom/libraw_raf_fuzzer+0x4dd825)", "important": false, "type": "Line"}, {"lineNumber": 39, "content": "    #5 0x4a28dd  (/clusterfuzz/run_bot/clusterfuzz/bot/builds/libraw_honggfuzz_msan/custom/libraw_raf_fuzzer+0x4a28dd)", "important": false, "type": "Line"}, {"lineNumber": 40, "content": "    #6 0x4a31cb  (/clusterfuzz/run_bot/clusterfuzz/bot/builds/libraw_honggfuzz_msan/custom/libraw_raf_fuzzer+0x4a31cb)", "important": false, "type": "Line"}, {"lineNumber": 41, "content": "    #7 0x7f2d630d50b2  (/lib/x86_64-linux-gnu/libc.so.6+0x270b2)", "important": false, "type": "Line"}, {"lineNumber": 42, "content": "    #8 0x41e60d  (/clusterfuzz/run_bot/clusterfuzz/bot/builds/libraw_honggfuzz_msan/custom/libraw_raf_fuzzer+0x41e60d)", "important": false, "type": "Line"}, {"lineNumber": 43, "content": "", "important": false, "type": "Line"}, {"lineNumber": 44, "content": "  Uninitialized value was created by an allocation of &#x27;cfa_pat&#x27; in the stack frame of function &#x27;_ZN6LibRaw14parse_tiff_ifdEi&#x27;", "important": false, "type": "Line"}, {"lineNumber": 45, "content": "    #0 0x6fbe60  (/clusterfuzz/run_bot/clusterfuzz/bot/builds/libraw_honggfuzz_msan/custom/libraw_raf_fuzzer+0x6fbe60)", "important": false, "type": "Line"}], "revision": null}, "security_severity": "Medium", "security_severities": [{"value": 0, "name": "Critical"}, {"value": 1, "name": "High", "default": true}, {"value": 2, "name": "Medium"}, {"value": 3, "name": "Low"}, {"value": 4, "name": "Missing"}], "stats": {"min_hour": 1, "max_hour": 1}, "suspected_cls": null, "testcase": {"absolute_path": "/clusterfuzz/run_bot/clusterfuzz/bot/inputs/fuzzer-testcases/SIGABRT.PC.7ffff7c7a18b.STACK.1804cf9efb.CODE.-6.ADDR.0.INSTR.[UNKNOWN].fuzz", "additional_metadata": "{\"build_key\": \"8371b014-fe98-4bcd-aef1-1d3d1a8b313b\", \"fuzzer_binary_name\": \"libraw_raf_fuzzer\", \"last_tested_crash_revision\": null, \"last_tested_crash_time\": {\"__type__\": \"datetime\", \"day\": 30, \"hour\": 0, \"microsecond\": 163959, \"minute\": 12, \"month\": 11, \"second\": 50, \"year\": 2021}, \"last_tested_revision\": null}", "archive_filename": null, "archive_state": 0, "binary_flag": true, "bug_indices": [], "bug_information": "", "comments": "[2021-11-29 09:54:23 UTC] snode8-20211129-17:28: Fuzz task : Fuzzer honggfuzz_libraw_raf_fuzzer generated testcase crashed in 541 seconds (r1).\n[2021-11-29 11:42:21 UTC] snode3-20211129-17:27: Minimize task started.\n[2021-11-29 11:43:54 UTC] snode3-20211129-17:27: Minimize task errored out: Engine does not support minimization.\n[2021-11-30 00:11:19 UTC] comput5-20211129-15:14: Progression task started.\n[2021-11-30 00:12:50 UTC] comput5-20211129-15:14: Progression task finished: still crashes on latest custom build.\n", "crash_address": "", "crash_revision": 1, "crash_stacktrace": "[Environment] MSAN_OPTIONS=allocator_release_to_os_interval_ms=500:halt_on_error=1:handle_abort=2:handle_segv=2:handle_sigbus=2:handle_sigfpe=2:handle_sigill=2:print_stats=1:print_summary=1:symbolize=0:use_sigaltstack=1\n+----------------------------------------Release Build Stacktrace----------------------------------------+\n==1791==WARNING: MemorySanitizer: use-of-uninitialized-value\n    #0 0x71a2fb in LibRaw::parse_tiff_ifd(int) /src/libraw/src/metadata/tiff.cpp:943:34\n    #1 0x71b7e6 in LibRaw::parse_tiff(int) /src/libraw/src/metadata/tiff.cpp:1546:9\n    #2 0x681e2f in LibRaw::identify() /src/libraw/src/metadata/identify.cpp:510:14\n    #3 0x4df4a4 in LibRaw::open_datastream(LibRaw_abstract_datastream*) /src/libraw/src/utils/open.cpp:480:4\n    #4 0x4dd825 in LibRaw::open_buffer(void const*, unsigned long) /src/libraw/src/utils/open.cpp:240:13\n    #5 0x4a28dd in LLVMFuzzerTestOneInput /src/libraw_fuzzer.cc:41:24\n    #6 0x4a32ae in main\n    #7 0x7ffff7c5b0b2 in __libc_start_main\n    #8 0x41e60d in _start\n\n  Uninitialized value was created by an allocation of 'cfa_pat' in the stack frame of function '_ZN6LibRaw14parse_tiff_ifdEi'\n    #0 0x6fbe60 in LibRaw::parse_tiff_ifd(int) /src/libraw/src/metadata/tiff.cpp:23\n\nSUMMARY: MemorySanitizer: use-of-uninitialized-value (/clusterfuzz/run_bot/clusterfuzz/bot/builds/libraw_honggfuzz_msan/custom/libraw_raf_fuzzer+0x71a2fb)\nUnique heap origins: 42\nStack depot allocated bytes: 1900544\nUnique origin histories: 12\nHistory depot allocated bytes: 196608\nExiting\n\n\n+----------------------------------------Release Build Unsymbolized Stacktrace (diff)----------------------------------------+\n\n==1791==WARNING: MemorySanitizer: use-of-uninitialized-value\n    #0 0x71a2fb  (/clusterfuzz/run_bot/clusterfuzz/bot/builds/libraw_honggfuzz_msan/custom/libraw_raf_fuzzer+0x71a2fb)\n    #1 0x71b7e6  (/clusterfuzz/run_bot/clusterfuzz/bot/builds/libraw_honggfuzz_msan/custom/libraw_raf_fuzzer+0x71b7e6)\n    #2 0x681e2f  (/clusterfuzz/run_bot/clusterfuzz/bot/builds/libraw_honggfuzz_msan/custom/libraw_raf_fuzzer+0x681e2f)\n    #3 0x4df4a4  (/clusterfuzz/run_bot/clusterfuzz/bot/builds/libraw_honggfuzz_msan/custom/libraw_raf_fuzzer+0x4df4a4)\n    #4 0x4dd825  (/clusterfuzz/run_bot/clusterfuzz/bot/builds/libraw_honggfuzz_msan/custom/libraw_raf_fuzzer+0x4dd825)\n    #5 0x4a28dd  (/clusterfuzz/run_bot/clusterfuzz/bot/builds/libraw_honggfuzz_msan/custom/libraw_raf_fuzzer+0x4a28dd)\n    #6 0x4a32ae  (/clusterfuzz/run_bot/clusterfuzz/bot/builds/libraw_honggfuzz_msan/custom/libraw_raf_fuzzer+0x4a32ae)\n    #7 0x7ffff7c5b0b2  (/lib/x86_64-linux-gnu/libc.so.6+0x270b2)\n    #8 0x41e60d  (/clusterfuzz/run_bot/clusterfuzz/bot/builds/libraw_honggfuzz_msan/custom/libraw_raf_fuzzer+0x41e60d)\n\n  Uninitialized value was created by an allocation of 'cfa_pat' in the stack frame of function '_ZN6LibRaw14parse_tiff_ifdEi'\n    #0 0x6fbe60  (/clusterfuzz/run_bot/clusterfuzz/bot/builds/libraw_honggfuzz_msan/custom/libraw_raf_fuzzer+0x6fbe60)\n", "crash_state": "LibRaw::parse_tiff_ifd\nLibRaw::parse_tiff\nLibRaw::identify\n", "crash_type": "Use-of-uninitialized-value", "disable_ubsan": false, "duplicate_of": null, "fixed": "", "flaky_stack": false, "fuzzed_keys": "73b5097f-eadd-4d2c-bc63-c2462c95d810", "fuzzer_name": "honggfuzz", "fuzzer_name_indices": ["honggfuzz_libraw_raf_fuzzer", "honggfuzz"], "gestures": [], "group_bug_information": 0, "group_id": 34901, "has_bug_flag": false, "http_flag": false, "impact_beta_version": null, "impact_beta_version_indices": [], "impact_beta_version_likely": null, "impact_extended_stable_version": null, "impact_extended_stable_version_indices": [], "impact_extended_stable_version_likely": null, "impact_head_version": null, "impact_head_version_indices": [], "impact_head_version_likely": null, "impact_indices": [], "impact_stable_version": null, "impact_stable_version_indices": [], "impact_stable_version_likely": null, "impact_version_indices": [], "is_a_duplicate_flag": false, "is_impact_set_flag": null, "is_leader": true, "job_type": "libraw_honggfuzz_msan", "keywords": ["libraw::parse_tiff_ifd", "use", "tiff", "parse", "honggfuzz_msan", "libraw_honggfuzz", "raf_fuzzer", "libraw_honggfuzz_msan", "msan", "libraw::parse_tiff", "raw::parse", "lib", "value", "libraw::identify", "raf", "identify", "raw", "raw::parse_tiff_ifd", "use-of-uninitialized-value", "of", "fuzzer", "honggfuzz_libraw_raf", "linux", "use-of", "libraw", "use-of-uninitialized", "uninitialized-value", "ifd", "uninitialized", "raw::parse_tiff", "of-uninitialized-value", "of-uninitialized", "honggfuzz_libraw", "honggfuzz_libraw_raf_fuzzer", "parse_tiff_ifd", "libraw::parse", "parse_tiff", "libraw_raf_fuzzer", "tiff_ifd", "libraw_raf", "honggfuzz", "raw::identify"], "last_tested_crash_stacktrace": "[Environment] MSAN_OPTIONS=allocator_release_to_os_interval_ms=500:halt_on_error=1:handle_abort=2:handle_segv=2:handle_sigbus=2:handle_sigfpe=2:handle_sigill=2:print_stats=1:print_summary=1:symbolize=0:use_sigaltstack=1\n+----------------------------------------Release Build Stacktrace----------------------------------------+\nCommand: /clusterfuzz/run_bot/clusterfuzz/bot/builds/libraw_honggfuzz_msan/custom/libraw_raf_fuzzer\nTime ran: 0.0075397491455078125\n\nAccepting input from '[STDIN]'\nUsage for fuzzing: honggfuzz -P [flags] -- /clusterfuzz/run_bot/clusterfuzz/bot/builds/libraw_honggfuzz_msan/custom/libraw_raf_fuzzer\n==25568==WARNING: MemorySanitizer: use-of-uninitialized-value\n    #0 0x71a2fb in LibRaw::parse_tiff_ifd(int) /src/libraw/src/metadata/tiff.cpp:943:34\n    #1 0x71b7e6 in LibRaw::parse_tiff(int) /src/libraw/src/metadata/tiff.cpp:1546:9\n    #2 0x681e2f in LibRaw::identify() /src/libraw/src/metadata/identify.cpp:510:14\n    #3 0x4df4a4 in LibRaw::open_datastream(LibRaw_abstract_datastream*) /src/libraw/src/utils/open.cpp:480:4\n    #4 0x4dd825 in LibRaw::open_buffer(void const*, unsigned long) /src/libraw/src/utils/open.cpp:240:13\n    #5 0x4a28dd in LLVMFuzzerTestOneInput /src/libraw_fuzzer.cc:41:24\n    #6 0x4a31cb in main\n    #7 0x7f2d630d50b2 in __libc_start_main\n    #8 0x41e60d in _start\n\n  Uninitialized value was created by an allocation of 'cfa_pat' in the stack frame of function '_ZN6LibRaw14parse_tiff_ifdEi'\n    #0 0x6fbe60 in LibRaw::parse_tiff_ifd(int) /src/libraw/src/metadata/tiff.cpp:23\n\nSUMMARY: MemorySanitizer: use-of-uninitialized-value (/clusterfuzz/run_bot/clusterfuzz/bot/builds/libraw_honggfuzz_msan/custom/libraw_raf_fuzzer+0x71a2fb)\nUnique heap origins: 15\nStack depot allocated bytes: 1638400\nUnique origin histories: 0\nHistory depot allocated bytes: 0\nExiting\n\n\n+----------------------------------------Release Build Unsymbolized Stacktrace (diff)----------------------------------------+\n\nUsage for fuzzing: honggfuzz -P [flags] -- /clusterfuzz/run_bot/clusterfuzz/bot/builds/libraw_honggfuzz_msan/custom/libraw_raf_fuzzer\n==25568==WARNING: MemorySanitizer: use-of-uninitialized-value\n    #0 0x71a2fb  (/clusterfuzz/run_bot/clusterfuzz/bot/builds/libraw_honggfuzz_msan/custom/libraw_raf_fuzzer+0x71a2fb)\n    #1 0x71b7e6  (/clusterfuzz/run_bot/clusterfuzz/bot/builds/libraw_honggfuzz_msan/custom/libraw_raf_fuzzer+0x71b7e6)\n    #2 0x681e2f  (/clusterfuzz/run_bot/clusterfuzz/bot/builds/libraw_honggfuzz_msan/custom/libraw_raf_fuzzer+0x681e2f)\n    #3 0x4df4a4  (/clusterfuzz/run_bot/clusterfuzz/bot/builds/libraw_honggfuzz_msan/custom/libraw_raf_fuzzer+0x4df4a4)\n    #4 0x4dd825  (/clusterfuzz/run_bot/clusterfuzz/bot/builds/libraw_honggfuzz_msan/custom/libraw_raf_fuzzer+0x4dd825)\n    #5 0x4a28dd  (/clusterfuzz/run_bot/clusterfuzz/bot/builds/libraw_honggfuzz_msan/custom/libraw_raf_fuzzer+0x4a28dd)\n    #6 0x4a31cb  (/clusterfuzz/run_bot/clusterfuzz/bot/builds/libraw_honggfuzz_msan/custom/libraw_raf_fuzzer+0x4a31cb)\n    #7 0x7f2d630d50b2  (/lib/x86_64-linux-gnu/libc.so.6+0x270b2)\n    #8 0x41e60d  (/clusterfuzz/run_bot/clusterfuzz/bot/builds/libraw_honggfuzz_msan/custom/libraw_raf_fuzzer+0x41e60d)\n\n  Uninitialized value was created by an allocation of 'cfa_pat' in the stack frame of function '_ZN6LibRaw14parse_tiff_ifdEi'\n    #0 0x6fbe60  (/clusterfuzz/run_bot/clusterfuzz/bot/builds/libraw_honggfuzz_msan/custom/libraw_raf_fuzzer+0x6fbe60)\n", "minidump_keys": "", "minimized_arguments": "", "minimized_keys": "73b5097f-eadd-4d2c-bc63-c2462c95d810", "one_time_crasher_flag": false, "open": true, "overridden_fuzzer_name": "honggfuzz_libraw_raf_fuzzer", "platform": "linux", "platform_id": "linux", "project_name": "test-project", "queue": "jobs-linux", "redzone": 256, "regression": "NA", "security_flag": true, "security_severity": 2, "status": "Processed", "symbolized": false, "timeout_multiplier": 1.0, "timestamp": 1638179663, "triaged": false, "uploader_email": null, "window_argument": "", "id": 29115}, "timestamp": 1638179663.465097, "show_blame": false, "show_impact": false, "impacts_production": false, "find_similar_issues_options": [{"type": "open", "label": "Open"}, {"type": "all", "label": "All"}], "auto_delete_timestamp": null, "auto_close_timestamp": null, "memory_tool_display_label": "Sanitizer", "memory_tool_display_value": "memory (MSAN)", "last_tested": "1:1 (No component revisions found!)", "is_admin_or_not_oss_fuzz": true, "has_issue_tracker": false, "reproduction_help_url": "", "is_local_development": true, "fuzzer_display": {"engine": "honggfuzz", "target": "libraw_raf_fuzzer", "name": "honggfuzz", "fully_qualified_name": "honggfuzz_libraw_raf_fuzzer"}}