{"id": 35315, "crash_type": "Null-dereference READ", "crash_address": "0x000000000000", "crash_state": "redisvFormatCommand\nredisFormatCommand\nformat_command_fuzzer.c\n", "crash_state_lines": ["redisvFormatCommand", "redisFormatCommand", "format_command_fuzzer.c"], "crash_revision": 2, "csrf_token": "D6S+cXG/eQvjQp1jhkN2Yfq5FoCaAiuUjD0oLthouNSAPb8xaAgWvNikB3AHnFnrgfWQIz/OKB4owWUbxHHo3A==", "external_user": false, "footer": "[2021-11-30 00:08:35 UTC] comput3-20211129-15:14: Fuzz task : Fuzzer honggfuzz_format_command_fuzzer generated testcase crashed in 1 seconds (r2).\n[2021-11-30 00:10:17 UTC] comput12-20211129-15:14: Minimize task started.\n[2021-11-30 00:11:17 UTC] comput10-20211129-15:14: Progression task started.\n[2021-11-30 00:11:34 UTC] comput12-20211129-15:14: Minimize task errored out: Engine does not support minimization.\n[2021-11-30 00:12:33 UTC] comput10-20211129-15:14: Progression task finished: still crashes on latest custom build.\n", "formatted_reproduction_help": "", "fixed": "NO", "fixed_full": null, "issue_url": null, "is_admin": true, "metadata": {"build_key": "a95bb98e-ce7e-4a99-8e34-3141422ad8f0", "fuzzer_binary_name": "format_command_fuzzer", "last_tested_crash_revision": null, "last_tested_crash_time": 1638231153, "last_tested_revision": null}, "minimized_testcase_size": "1 KB", "needs_refresh": false, "original_testcase_size": "1 KB", "privileged_user": true, "regression": "NA", "crash_stacktrace": {"lines": [{"lineNumber": 1, "content": "[Environment] MSAN_OPTIONS=allocator_release_to_os_interval_ms=500:halt_on_error=1:handle_abort=2:handle_segv=2:handle_sigbus=2:handle_sigfpe=2:handle_sigill=2:print_stats=1:print_summary=1:symbolize=0:use_sigaltstack=1", "important": false, "type": "Line"}, {"lineNumber": 2, "content": "+----------------------------------------Release Build Stacktrace----------------------------------------+", "important": false, "type": "Line"}, {"lineNumber": 3, "content": "==7898==ERROR: MemorySanitizer: SEGV on unknown address 0x000000000000 (pc 0x7ffff7dbf675 bp 0x7fffffffcb80 sp 0x7fffffffcb48 T7898)", "important": false, "type": "Line"}, {"lineNumber": 4, "content": "==7898==The signal is caused by a READ memory access.", "important": false, "type": "Line"}, {"lineNumber": 5, "content": "==7898==Hint: address points to the zero page.", "important": false, "type": "Line"}, {"lineNumber": 6, "content": "    #0 0x7ffff7dbf675 in libc.so.6", "important": false, "type": "Line"}, {"lineNumber": 7, "content": "    #1 0x44f24b in strlen /src/llvm-project/compiler-rt/lib/sanitizer_common/sanitizer_common_interceptors.inc:387:19", "important": false, "type": "Line"}, {"lineNumber": 8, "content": "    #2 0x4ab366 in redisvFormatCommand /src/hiredis/hiredis.c:364:24", "important": true, "type": "Line"}, {"lineNumber": 9, "content": "    #3 0x4aea1f in redisFormatCommand /src/hiredis/hiredis.c:558:11", "important": true, "type": "Line"}, {"lineNumber": 10, "content": "    #4 0x4a995d in LLVMFuzzerTestOneInput /src/hiredis/format_command_fuzzer.c:51:5", "important": true, "type": "Line"}, {"lineNumber": 11, "content": "    #5 0x49fb5e in main", "important": false, "type": "Line"}, {"lineNumber": 12, "content": "    #6 0x7ffff7c5b0b2 in __libc_start_main", "important": false, "type": "Line"}, {"lineNumber": 13, "content": "    #7 0x41d49d in _start", "important": false, "type": "Line"}, {"lineNumber": 14, "content": "", "important": false, "type": "Line"}, {"lineNumber": 15, "content": "MemorySanitizer can not provide additional info.", "important": false, "type": "Line"}, {"lineNumber": 16, "content": "SUMMARY: MemorySanitizer: SEGV (/lib/x86_64-linux-gnu/libc.so.6+0x18b675)", "important": false, "type": "Line"}, {"lineNumber": 17, "content": "==7898==ABORTING", "important": false, "type": "Line"}, {"lineNumber": 18, "content": "", "important": false, "type": "Line"}, {"lineNumber": 19, "content": "", "important": false, "type": "Line"}, {"lineNumber": 20, "content": "+----------------------------------------Release Build Unsymbolized Stacktrace (diff)----------------------------------------+", "important": false, "type": "Line"}, {"lineNumber": 21, "content": "", "important": false, "type": "Line"}, {"lineNumber": 22, "content": "==7898==The signal is caused by a READ memory access.", "important": false, "type": "Line"}, {"lineNumber": 23, "content": "==7898==Hint: address points to the zero page.", "important": false, "type": "Line"}, {"lineNumber": 24, "content": "    #0 0x7ffff7dbf675  (/lib/x86_64-linux-gnu/libc.so.6+0x18b675)", "important": false, "type": "Line"}, {"lineNumber": 25, "content": "    #1 0x44f24b  (/clusterfuzz/run_bot/clusterfuzz/bot/builds/hiredis_honggfuzz_msan/custom/format_command_fuzzer+0x44f24b)", "important": false, "type": "Line"}, {"lineNumber": 26, "content": "    #2 0x4ab366  (/clusterfuzz/run_bot/clusterfuzz/bot/builds/hiredis_honggfuzz_msan/custom/format_command_fuzzer+0x4ab366)", "important": false, "type": "Line"}, {"lineNumber": 27, "content": "    #3 0x4aea1f  (/clusterfuzz/run_bot/clusterfuzz/bot/builds/hiredis_honggfuzz_msan/custom/format_command_fuzzer+0x4aea1f)", "important": false, "type": "Line"}, {"lineNumber": 28, "content": "    #4 0x4a995d  (/clusterfuzz/run_bot/clusterfuzz/bot/builds/hiredis_honggfuzz_msan/custom/format_command_fuzzer+0x4a995d)", "important": false, "type": "Line"}, {"lineNumber": 29, "content": "    #5 0x49fb5e  (/clusterfuzz/run_bot/clusterfuzz/bot/builds/hiredis_honggfuzz_msan/custom/format_command_fuzzer+0x49fb5e)", "important": false, "type": "Line"}, {"lineNumber": 30, "content": "    #6 0x7ffff7c5b0b2  (/lib/x86_64-linux-gnu/libc.so.6+0x270b2)", "important": false, "type": "Line"}, {"lineNumber": 31, "content": "    #7 0x41d49d  (/clusterfuzz/run_bot/clusterfuzz/bot/builds/hiredis_honggfuzz_msan/custom/format_command_fuzzer+0x41d49d)", "important": false, "type": "Line"}], "revision": "2"}, "last_tested_crash_stacktrace": {"lines": [{"lineNumber": 1, "content": "[Environment] MSAN_OPTIONS=allocator_release_to_os_interval_ms=500:halt_on_error=1:handle_abort=2:handle_segv=2:handle_sigbus=2:handle_sigfpe=2:handle_sigill=2:print_stats=1:print_summary=1:symbolize=0:use_sigaltstack=1", "important": false, "type": "Line"}, {"lineNumber": 2, "content": "+----------------------------------------Release Build Stacktrace----------------------------------------+", "important": false, "type": "Line"}, {"lineNumber": 3, "content": "Command: /clusterfuzz/run_bot/clusterfuzz/bot/builds/hiredis_honggfuzz_msan/custom/format_command_fuzzer", "important": false, "type": "Line"}, {"lineNumber": 4, "content": "Time ran: 0.010161876678466797", "important": false, "type": "Line"}, {"lineNumber": 5, "content": "", "important": false, "type": "Line"}, {"lineNumber": 6, "content": "Accepting input from &#x27;[STDIN]&#x27;", "important": false, "type": "Line"}, {"lineNumber": 7, "content": "Usage for fuzzing: honggfuzz -P [flags] -- /clusterfuzz/run_bot/clusterfuzz/bot/builds/hiredis_honggfuzz_msan/custom/format_command_fuzzer", "important": false, "type": "Line"}, {"lineNumber": 8, "content": "MemorySanitizer:DEADLYSIGNAL", "important": false, "type": "Line"}, {"lineNumber": 9, "content": "==9373==ERROR: MemorySanitizer: SEGV on unknown address 0x000000000000 (pc 0x7f27a8a2e675 bp 0x7ffde0e045e0 sp 0x7ffde0e045a8 T9373)", "important": false, "type": "Line"}, {"lineNumber": 10, "content": "==9373==The signal is caused by a READ memory access.", "important": false, "type": "Line"}, {"lineNumber": 11, "content": "==9373==Hint: address points to the zero page.", "important": false, "type": "Line"}, {"lineNumber": 12, "content": "    #0 0x7f27a8a2e675 in libc.so.6", "important": false, "type": "Line"}, {"lineNumber": 13, "content": "    #1 0x44f24b in strlen /src/llvm-project/compiler-rt/lib/sanitizer_common/sanitizer_common_interceptors.inc:387:19", "important": false, "type": "Line"}, {"lineNumber": 14, "content": "    #2 0x4ab366 in redisvFormatCommand /src/hiredis/hiredis.c:364:24", "important": true, "type": "Line"}, {"lineNumber": 15, "content": "    #3 0x4aea1f in redisFormatCommand /src/hiredis/hiredis.c:558:11", "important": true, "type": "Line"}, {"lineNumber": 16, "content": "    #4 0x4a995d in LLVMFuzzerTestOneInput /src/hiredis/format_command_fuzzer.c:51:5", "important": true, "type": "Line"}, {"lineNumber": 17, "content": "    #5 0x49fa7b in main", "important": false, "type": "Line"}, {"lineNumber": 18, "content": "    #6 0x7f27a88ca0b2 in __libc_start_main", "important": false, "type": "Line"}, {"lineNumber": 19, "content": "    #7 0x41d49d in _start", "important": false, "type": "Line"}, {"lineNumber": 20, "content": "", "important": false, "type": "Line"}, {"lineNumber": 21, "content": "MemorySanitizer can not provide additional info.", "important": false, "type": "Line"}, {"lineNumber": 22, "content": "SUMMARY: MemorySanitizer: SEGV (/lib/x86_64-linux-gnu/libc.so.6+0x18b675)", "important": false, "type": "Line"}, {"lineNumber": 23, "content": "==9373==ABORTING", "important": false, "type": "Line"}, {"lineNumber": 24, "content": "", "important": false, "type": "Line"}, {"lineNumber": 25, "content": "", "important": false, "type": "Line"}, {"lineNumber": 26, "content": "+----------------------------------------Release Build Unsymbolized Stacktrace (diff)----------------------------------------+", "important": false, "type": "Line"}, {"lineNumber": 27, "content": "", "important": false, "type": "Line"}, {"lineNumber": 28, "content": "==9373==The signal is caused by a READ memory access.", "important": false, "type": "Line"}, {"lineNumber": 29, "content": "==9373==Hint: address points to the zero page.", "important": false, "type": "Line"}, {"lineNumber": 30, "content": "    #0 0x7f27a8a2e675  (/lib/x86_64-linux-gnu/libc.so.6+0x18b675)", "important": false, "type": "Line"}, {"lineNumber": 31, "content": "    #1 0x44f24b  (/clusterfuzz/run_bot/clusterfuzz/bot/builds/hiredis_honggfuzz_msan/custom/format_command_fuzzer+0x44f24b)", "important": false, "type": "Line"}, {"lineNumber": 32, "content": "    #2 0x4ab366  (/clusterfuzz/run_bot/clusterfuzz/bot/builds/hiredis_honggfuzz_msan/custom/format_command_fuzzer+0x4ab366)", "important": false, "type": "Line"}, {"lineNumber": 33, "content": "    #3 0x4aea1f  (/clusterfuzz/run_bot/clusterfuzz/bot/builds/hiredis_honggfuzz_msan/custom/format_command_fuzzer+0x4aea1f)", "important": false, "type": "Line"}, {"lineNumber": 34, "content": "    #4 0x4a995d  (/clusterfuzz/run_bot/clusterfuzz/bot/builds/hiredis_honggfuzz_msan/custom/format_command_fuzzer+0x4a995d)", "important": false, "type": "Line"}, {"lineNumber": 35, "content": "    #5 0x49fa7b  (/clusterfuzz/run_bot/clusterfuzz/bot/builds/hiredis_honggfuzz_msan/custom/format_command_fuzzer+0x49fa7b)", "important": false, "type": "Line"}, {"lineNumber": 36, "content": "    #6 0x7f27a88ca0b2  (/lib/x86_64-linux-gnu/libc.so.6+0x270b2)", "important": false, "type": "Line"}, {"lineNumber": 37, "content": "    #7 0x41d49d  (/clusterfuzz/run_bot/clusterfuzz/bot/builds/hiredis_honggfuzz_msan/custom/format_command_fuzzer+0x41d49d)", "important": false, "type": "Line"}], "revision": null}, "security_severity": null, "security_severities": [{"value": 0, "name": "Critical"}, {"value": 1, "name": "High", "default": true}, {"value": 2, "name": "Medium"}, {"value": 3, "name": "Low"}, {"value": 4, "name": "Missing"}], "stats": {"min_hour": 1, "max_hour": 1}, "suspected_cls": null, "testcase": {"absolute_path": "/clusterfuzz/run_bot/clusterfuzz/bot/inputs/fuzzer-testcases/SIGABRT.PC.7ffff7dbf675.STACK.2b8e2ad01.CODE.-6.ADDR.0.INSTR.[UNKNOWN].fuzz", "additional_metadata": "{\"build_key\": \"a95bb98e-ce7e-4a99-8e34-3141422ad8f0\", \"fuzzer_binary_name\": \"format_command_fuzzer\", \"last_tested_crash_revision\": null, \"last_tested_crash_time\": {\"__type__\": \"datetime\", \"day\": 30, \"hour\": 0, \"microsecond\": 635847, \"minute\": 12, \"month\": 11, \"second\": 33, \"year\": 2021}, \"last_tested_revision\": null}", "archive_filename": null, "archive_state": 0, "binary_flag": true, "bug_indices": [], "bug_information": "", "comments": "[2021-11-30 00:08:35 UTC] comput3-20211129-15:14: Fuzz task : Fuzzer honggfuzz_format_command_fuzzer generated testcase crashed in 1 seconds (r2).\n[2021-11-30 00:10:17 UTC] comput12-20211129-15:14: Minimize task started.\n[2021-11-30 00:11:17 UTC] comput10-20211129-15:14: Progression task started.\n[2021-11-30 00:11:34 UTC] comput12-20211129-15:14: Minimize task errored out: Engine does not support minimization.\n[2021-11-30 00:12:33 UTC] comput10-20211129-15:14: Progression task finished: still crashes on latest custom build.\n", "crash_address": "0x000000000000", "crash_revision": 2, "crash_stacktrace": "[Environment] MSAN_OPTIONS=allocator_release_to_os_interval_ms=500:halt_on_error=1:handle_abort=2:handle_segv=2:handle_sigbus=2:handle_sigfpe=2:handle_sigill=2:print_stats=1:print_summary=1:symbolize=0:use_sigaltstack=1\n+----------------------------------------Release Build Stacktrace----------------------------------------+\n==7898==ERROR: MemorySanitizer: SEGV on unknown address 0x000000000000 (pc 0x7ffff7dbf675 bp 0x7fffffffcb80 sp 0x7fffffffcb48 T7898)\n==7898==The signal is caused by a READ memory access.\n==7898==Hint: address points to the zero page.\n    #0 0x7ffff7dbf675 in libc.so.6\n    #1 0x44f24b in strlen /src/llvm-project/compiler-rt/lib/sanitizer_common/sanitizer_common_interceptors.inc:387:19\n    #2 0x4ab366 in redisvFormatCommand /src/hiredis/hiredis.c:364:24\n    #3 0x4aea1f in redisFormatCommand /src/hiredis/hiredis.c:558:11\n    #4 0x4a995d in LLVMFuzzerTestOneInput /src/hiredis/format_command_fuzzer.c:51:5\n    #5 0x49fb5e in main\n    #6 0x7ffff7c5b0b2 in __libc_start_main\n    #7 0x41d49d in _start\n\nMemorySanitizer can not provide additional info.\nSUMMARY: MemorySanitizer: SEGV (/lib/x86_64-linux-gnu/libc.so.6+0x18b675)\n==7898==ABORTING\n\n\n+----------------------------------------Release Build Unsymbolized Stacktrace (diff)----------------------------------------+\n\n==7898==The signal is caused by a READ memory access.\n==7898==Hint: address points to the zero page.\n    #0 0x7ffff7dbf675  (/lib/x86_64-linux-gnu/libc.so.6+0x18b675)\n    #1 0x44f24b  (/clusterfuzz/run_bot/clusterfuzz/bot/builds/hiredis_honggfuzz_msan/custom/format_command_fuzzer+0x44f24b)\n    #2 0x4ab366  (/clusterfuzz/run_bot/clusterfuzz/bot/builds/hiredis_honggfuzz_msan/custom/format_command_fuzzer+0x4ab366)\n    #3 0x4aea1f  (/clusterfuzz/run_bot/clusterfuzz/bot/builds/hiredis_honggfuzz_msan/custom/format_command_fuzzer+0x4aea1f)\n    #4 0x4a995d  (/clusterfuzz/run_bot/clusterfuzz/bot/builds/hiredis_honggfuzz_msan/custom/format_command_fuzzer+0x4a995d)\n    #5 0x49fb5e  (/clusterfuzz/run_bot/clusterfuzz/bot/builds/hiredis_honggfuzz_msan/custom/format_command_fuzzer+0x49fb5e)\n    #6 0x7ffff7c5b0b2  (/lib/x86_64-linux-gnu/libc.so.6+0x270b2)\n    #7 0x41d49d  (/clusterfuzz/run_bot/clusterfuzz/bot/builds/hiredis_honggfuzz_msan/custom/format_command_fuzzer+0x41d49d)\n", "crash_state": "redisvFormatCommand\nredisFormatCommand\nformat_command_fuzzer.c\n", "crash_type": "Null-dereference READ", "disable_ubsan": false, "duplicate_of": null, "fixed": "", "flaky_stack": false, "fuzzed_keys": "83501184-70c9-47e5-823b-6ebc487da836", "fuzzer_name": "honggfuzz", "fuzzer_name_indices": ["honggfuzz", "honggfuzz_format_command_fuzzer"], "gestures": [], "group_bug_information": 0, "group_id": 0, "has_bug_flag": false, "http_flag": false, "impact_beta_version": null, "impact_beta_version_indices": [], "impact_beta_version_likely": null, "impact_extended_stable_version": null, "impact_extended_stable_version_indices": [], "impact_extended_stable_version_likely": null, "impact_head_version": null, "impact_head_version_indices": [], "impact_head_version_likely": null, "impact_indices": [], "impact_stable_version": null, "impact_stable_version_indices": [], "impact_stable_version_likely": null, "impact_version_indices": [], "is_a_duplicate_flag": false, "is_impact_set_flag": null, "is_leader": true, "job_type": "hiredis_honggfuzz_msan", "keywords": ["honggfuzz", "dereference", "c", "command", "honggfuzz_msan", "read", "format_command_fuzzer", "dereference read", "redisvformat", "honggfuzz_format_command", "honggfuzz_format_command_fuzzer", "format_command_fuzzer.c", "null-dereference read", "hiredis_honggfuzz", "fuzzer.c", "null-dereference", "fuzzer", "formatcommand", "hiredis", "command_fuzzer", "format", "command_fuzzer.c", "redisformat", "redis", "linux", "null", "redisvformatcommand", "hiredis_honggfuzz_msan", "format_command", "redisformatcommand", "honggfuzz_format", "msan", "redisv"], "last_tested_crash_stacktrace": "[Environment] MSAN_OPTIONS=allocator_release_to_os_interval_ms=500:halt_on_error=1:handle_abort=2:handle_segv=2:handle_sigbus=2:handle_sigfpe=2:handle_sigill=2:print_stats=1:print_summary=1:symbolize=0:use_sigaltstack=1\n+----------------------------------------Release Build Stacktrace----------------------------------------+\nCommand: /clusterfuzz/run_bot/clusterfuzz/bot/builds/hiredis_honggfuzz_msan/custom/format_command_fuzzer\nTime ran: 0.010161876678466797\n\nAccepting input from '[STDIN]'\nUsage for fuzzing: honggfuzz -P [flags] -- /clusterfuzz/run_bot/clusterfuzz/bot/builds/hiredis_honggfuzz_msan/custom/format_command_fuzzer\nMemorySanitizer:DEADLYSIGNAL\n==9373==ERROR: MemorySanitizer: SEGV on unknown address 0x000000000000 (pc 0x7f27a8a2e675 bp 0x7ffde0e045e0 sp 0x7ffde0e045a8 T9373)\n==9373==The signal is caused by a READ memory access.\n==9373==Hint: address points to the zero page.\n    #0 0x7f27a8a2e675 in libc.so.6\n    #1 0x44f24b in strlen /src/llvm-project/compiler-rt/lib/sanitizer_common/sanitizer_common_interceptors.inc:387:19\n    #2 0x4ab366 in redisvFormatCommand /src/hiredis/hiredis.c:364:24\n    #3 0x4aea1f in redisFormatCommand /src/hiredis/hiredis.c:558:11\n    #4 0x4a995d in LLVMFuzzerTestOneInput /src/hiredis/format_command_fuzzer.c:51:5\n    #5 0x49fa7b in main\n    #6 0x7f27a88ca0b2 in __libc_start_main\n    #7 0x41d49d in _start\n\nMemorySanitizer can not provide additional info.\nSUMMARY: MemorySanitizer: SEGV (/lib/x86_64-linux-gnu/libc.so.6+0x18b675)\n==9373==ABORTING\n\n\n+----------------------------------------Release Build Unsymbolized Stacktrace (diff)----------------------------------------+\n\n==9373==The signal is caused by a READ memory access.\n==9373==Hint: address points to the zero page.\n    #0 0x7f27a8a2e675  (/lib/x86_64-linux-gnu/libc.so.6+0x18b675)\n    #1 0x44f24b  (/clusterfuzz/run_bot/clusterfuzz/bot/builds/hiredis_honggfuzz_msan/custom/format_command_fuzzer+0x44f24b)\n    #2 0x4ab366  (/clusterfuzz/run_bot/clusterfuzz/bot/builds/hiredis_honggfuzz_msan/custom/format_command_fuzzer+0x4ab366)\n    #3 0x4aea1f  (/clusterfuzz/run_bot/clusterfuzz/bot/builds/hiredis_honggfuzz_msan/custom/format_command_fuzzer+0x4aea1f)\n    #4 0x4a995d  (/clusterfuzz/run_bot/clusterfuzz/bot/builds/hiredis_honggfuzz_msan/custom/format_command_fuzzer+0x4a995d)\n    #5 0x49fa7b  (/clusterfuzz/run_bot/clusterfuzz/bot/builds/hiredis_honggfuzz_msan/custom/format_command_fuzzer+0x49fa7b)\n    #6 0x7f27a88ca0b2  (/lib/x86_64-linux-gnu/libc.so.6+0x270b2)\n    #7 0x41d49d  (/clusterfuzz/run_bot/clusterfuzz/bot/builds/hiredis_honggfuzz_msan/custom/format_command_fuzzer+0x41d49d)\n", "minidump_keys": "", "minimized_arguments": "", "minimized_keys": "83501184-70c9-47e5-823b-6ebc487da836", "one_time_crasher_flag": false, "open": true, "overridden_fuzzer_name": "honggfuzz_format_command_fuzzer", "platform": "linux", "platform_id": "linux", "project_name": "test-project", "queue": "jobs-linux", "redzone": 128, "regression": "NA", "security_flag": false, "security_severity": null, "status": "Processed", "symbolized": false, "timeout_multiplier": 1.0, "timestamp": 1638230915, "triaged": false, "uploader_email": null, "window_argument": "", "id": 35315}, "timestamp": 1638230915.655097, "show_blame": false, "show_impact": false, "impacts_production": false, "find_similar_issues_options": [{"type": "open", "label": "Open"}, {"type": "all", "label": "All"}], "auto_delete_timestamp": null, "auto_close_timestamp": null, "memory_tool_display_label": "Sanitizer", "memory_tool_display_value": "memory (MSAN)", "last_tested": "2:2 (No component revisions found!)", "is_admin_or_not_oss_fuzz": true, "has_issue_tracker": false, "reproduction_help_url": "", "is_local_development": true, "fuzzer_display": {"engine": "honggfuzz", "target": "format_command_fuzzer", "name": "honggfuzz", "fully_qualified_name": "honggfuzz_format_command_fuzzer"}}