{"id": 35313, "crash_type": "UNKNOWN READ", "crash_address": "0x71ffffffffff", "crash_state": "mk_rconf_read\nmk_rconf_open\nflb_parser_conf_file\n", "crash_state_lines": ["mk_rconf_read", "mk_rconf_open", "flb_parser_conf_file"], "crash_revision": 2, "csrf_token": "D6S+cXG/eQvjQp1jhkN2Yfq5FoCaAiuUjD0oLthouNSAPb8xaAgWvNikB3AHnFnrgfWQIz/OKB4owWUbxHHo3A==", "external_user": false, "footer": "[2021-11-30 00:10:38 UTC] snode8-20211129-17:29: Fuzz task : Fuzzer libFuzzer_flb-it-fuzz-config_random_fuzzer_OSSFUZZ generated testcase crashed in 0 seconds (r2).\n[2021-11-30 00:10:15 UTC] comput5-20211129-15:14: Progression task started.\n[2021-11-30 00:11:35 UTC] comput16-20211129-15:14: Minimize task started.\n[2021-11-30 00:12:28 UTC] comput5-20211129-15:14: Progression task finished: still crashes on latest custom build.\n[2021-11-30 00:13:53 UTC] comput16-20211129-15:14: Minimize task finished.\n", "formatted_reproduction_help": "", "fixed": "NO", "fixed_full": null, "issue_url": null, "is_admin": true, "metadata": {"build_key": "28e0d5c0-f5e7-4a51-b119-d1f5ea9c2445", "env": {"MSAN_OPTIONS": {}}, "fuzzer_binary_name": "flb-it-fuzz-config_random_fuzzer_OSSFUZZ", "fuzzing_strategies": {"corpus_mutations_radamsa": 1, "value_profile": 1}, "last_tested_crash_revision": null, "last_tested_crash_time": 1638231148, "last_tested_revision": null}, "minimized_testcase_size": "1 B", "needs_refresh": false, "original_testcase_size": "1 B", "privileged_user": true, "regression": "NA", "crash_stacktrace": {"lines": [{"lineNumber": 1, "content": "[Environment] MSAN_OPTIONS=exitcode=77", "important": false, "type": "Line"}, {"lineNumber": 2, "content": "+----------------------------------------Release Build Stacktrace----------------------------------------+", "important": false, "type": "Line"}, {"lineNumber": 3, "content": "Command: /clusterfuzz/run_bot/clusterfuzz/bot/builds/fluent-bit_libfuzzer_msan/custom/flb-it-fuzz-config_random_fuzzer_OSSFUZZ -rss_limit_mb=2560 -timeout=60 -runs=100 /clusterfuzz/run_bot/clusterfuzz/bot/inputs/fuzzer-testcases/526bab8724d73b670d895c0f19d0f865b0cff93f52b521d7420e43f6eda2784f", "important": false, "type": "Line"}, {"lineNumber": 4, "content": "Time ran: 0.03940987586975098", "important": false, "type": "Line"}, {"lineNumber": 5, "content": "", "important": false, "type": "Line"}, {"lineNumber": 6, "content": "INFO: Running with entropic power schedule (0xFF, 100).", "important": false, "type": "Line"}, {"lineNumber": 7, "content": "INFO: Seed: 1857993285", "important": false, "type": "Line"}, {"lineNumber": 8, "content": "INFO: Loaded 1 modules   (86898 inline 8-bit counters): 86898 [0x180a60b, 0x181f97d),", "important": false, "type": "Line"}, {"lineNumber": 9, "content": "INFO: Loaded 1 PC tables (86898 PCs): 86898 [0x181f980,0x19730a0),", "important": false, "type": "Line"}, {"lineNumber": 10, "content": "/clusterfuzz/run_bot/clusterfuzz/bot/builds/fluent-bit_libfuzzer_msan/custom/flb-it-fuzz-config_random_fuzzer_OSSFUZZ: Running 1 inputs 100 time(s) each.", "important": false, "type": "Line"}, {"lineNumber": 11, "content": "Running: /clusterfuzz/run_bot/clusterfuzz/bot/inputs/fuzzer-testcases/526bab8724d73b670d895c0f19d0f865b0cff93f52b521d7420e43f6eda2784f", "important": false, "type": "Line"}, {"lineNumber": 12, "content": "MemorySanitizer:DEADLYSIGNAL", "important": false, "type": "Line"}, {"lineNumber": 13, "content": "==81190==ERROR: MemorySanitizer: SEGV on unknown address 0x71ffffffffff (pc 0x000001621955 bp 0x7fff62bf2d00 sp 0x7fff62bf1b00 T81190)", "important": false, "type": "Line"}, {"lineNumber": 14, "content": "==81190==The signal is caused by a READ memory access.", "important": false, "type": "Line"}, {"lineNumber": 15, "content": "    #0 0x1621955 in mk_rconf_read /src/fluent-bit/lib/monkey/mk_core/mk_rconf.c:260:13", "important": true, "type": "Line"}, {"lineNumber": 16, "content": "    #1 0x1620ee5 in mk_rconf_open /src/fluent-bit/lib/monkey/mk_core/mk_rconf.c:633:11", "important": true, "type": "Line"}, {"lineNumber": 17, "content": "    #2 0x58a290 in flb_parser_conf_file /src/fluent-bit/src/flb_parser.c:842:13", "important": true, "type": "Line"}, {"lineNumber": 18, "content": "    #3 0x5572b5 in LLVMFuzzerTestOneInput /src/fluent-bit/tests/internal/fuzzers/config_random_fuzzer.c:45:5", "important": false, "type": "Line"}, {"lineNumber": 19, "content": "    #4 0x486d73 in fuzzer::Fuzzer::ExecuteCallback(unsigned char const*, unsigned long) cxa_noexception.cpp:0", "important": false, "type": "Line"}, {"lineNumber": 20, "content": "    #5 0x472682 in fuzzer::RunOneTest(fuzzer::Fuzzer*, char const*, unsigned long) /src/llvm-project/compiler-rt/lib/fuzzer/FuzzerDriver.cpp:324:6", "important": false, "type": "Line"}, {"lineNumber": 21, "content": "    #6 0x47814a in fuzzer::FuzzerDriver(int*, char***, int (*)(unsigned char const*, unsigned long)) cxa_noexception.cpp:0", "important": false, "type": "Line"}, {"lineNumber": 22, "content": "    #7 0x4a1072 in main /src/llvm-project/compiler-rt/lib/fuzzer/FuzzerMain.cpp:20:10", "important": false, "type": "Line"}, {"lineNumber": 23, "content": "    #8 0x7fbad00cf0b2 in __libc_start_main", "important": false, "type": "Line"}, {"lineNumber": 24, "content": "    #9 0x44f90d in _start", "important": false, "type": "Line"}, {"lineNumber": 25, "content": "", "important": false, "type": "Line"}, {"lineNumber": 26, "content": "MemorySanitizer can not provide additional info.", "important": false, "type": "Line"}, {"lineNumber": 27, "content": "SUMMARY: MemorySanitizer: SEGV (/clusterfuzz/run_bot/clusterfuzz/bot/builds/fluent-bit_libfuzzer_msan/custom/flb-it-fuzz-config_random_fuzzer_OSSFUZZ+0x1621955)", "important": false, "type": "Line"}, {"lineNumber": 28, "content": "==81190==ABORTING", "important": false, "type": "Line"}, {"lineNumber": 29, "content": "", "important": false, "type": "Line"}, {"lineNumber": 30, "content": "", "important": false, "type": "Line"}, {"lineNumber": 31, "content": "+----------------------------------------Release Build Unsymbolized Stacktrace (diff)----------------------------------------+", "important": false, "type": "Line"}, {"lineNumber": 32, "content": "", "important": false, "type": "Line"}, {"lineNumber": 33, "content": "==81190==ERROR: MemorySanitizer: SEGV on unknown address 0x71ffffffffff (pc 0x000001621955 bp 0x7fff62bf2d00 sp 0x7fff62bf1b00 T81190)", "important": false, "type": "Line"}, {"lineNumber": 34, "content": "==81190==The signal is caused by a READ memory access.", "important": false, "type": "Line"}, {"lineNumber": 35, "content": "    #0 0x1621955  (/clusterfuzz/run_bot/clusterfuzz/bot/builds/fluent-bit_libfuzzer_msan/custom/flb-it-fuzz-config_random_fuzzer_OSSFUZZ+0x1621955)", "important": false, "type": "Line"}, {"lineNumber": 36, "content": "    #1 0x1620ee5  (/clusterfuzz/run_bot/clusterfuzz/bot/builds/fluent-bit_libfuzzer_msan/custom/flb-it-fuzz-config_random_fuzzer_OSSFUZZ+0x1620ee5)", "important": false, "type": "Line"}, {"lineNumber": 37, "content": "    #2 0x58a290  (/clusterfuzz/run_bot/clusterfuzz/bot/builds/fluent-bit_libfuzzer_msan/custom/flb-it-fuzz-config_random_fuzzer_OSSFUZZ+0x58a290)", "important": false, "type": "Line"}, {"lineNumber": 38, "content": "    #3 0x5572b5  (/clusterfuzz/run_bot/clusterfuzz/bot/builds/fluent-bit_libfuzzer_msan/custom/flb-it-fuzz-config_random_fuzzer_OSSFUZZ+0x5572b5)", "important": false, "type": "Line"}, {"lineNumber": 39, "content": "    #4 0x486d73  (/clusterfuzz/run_bot/clusterfuzz/bot/builds/fluent-bit_libfuzzer_msan/custom/flb-it-fuzz-config_random_fuzzer_OSSFUZZ+0x486d73)", "important": false, "type": "Line"}, {"lineNumber": 40, "content": "    #5 0x472682  (/clusterfuzz/run_bot/clusterfuzz/bot/builds/fluent-bit_libfuzzer_msan/custom/flb-it-fuzz-config_random_fuzzer_OSSFUZZ+0x472682)", "important": false, "type": "Line"}, {"lineNumber": 41, "content": "    #6 0x47814a  (/clusterfuzz/run_bot/clusterfuzz/bot/builds/fluent-bit_libfuzzer_msan/custom/flb-it-fuzz-config_random_fuzzer_OSSFUZZ+0x47814a)", "important": false, "type": "Line"}, {"lineNumber": 42, "content": "    #7 0x4a1072  (/clusterfuzz/run_bot/clusterfuzz/bot/builds/fluent-bit_libfuzzer_msan/custom/flb-it-fuzz-config_random_fuzzer_OSSFUZZ+0x4a1072)", "important": false, "type": "Line"}, {"lineNumber": 43, "content": "    #8 0x7fbad00cf0b2  (/lib/x86_64-linux-gnu/libc.so.6+0x270b2)", "important": false, "type": "Line"}, {"lineNumber": 44, "content": "    #9 0x44f90d  (/clusterfuzz/run_bot/clusterfuzz/bot/builds/fluent-bit_libfuzzer_msan/custom/flb-it-fuzz-config_random_fuzzer_OSSFUZZ+0x44f90d)", "important": false, "type": "Line"}], "revision": "2"}, "last_tested_crash_stacktrace": {"lines": [{"lineNumber": 1, "content": "[Environment] MSAN_OPTIONS=allocator_release_to_os_interval_ms=500:exitcode=77:halt_on_error=1:handle_abort=2:handle_segv=2:handle_sigbus=2:handle_sigfpe=2:handle_sigill=2:print_stats=1:print_summary=1:symbolize=0:use_sigaltstack=1", "important": false, "type": "Line"}, {"lineNumber": 2, "content": "+----------------------------------------Release Build Stacktrace----------------------------------------+", "important": false, "type": "Line"}, {"lineNumber": 3, "content": "Command: /clusterfuzz/run_bot/clusterfuzz/bot/builds/fluent-bit_libfuzzer_msan/custom/flb-it-fuzz-config_random_fuzzer_OSSFUZZ -rss_limit_mb=2560 -timeout=60 -runs=100 /clusterfuzz/run_bot/clusterfuzz/bot/inputs/fuzzer-testcases/crash-5ba93c9db0cff93f52b521d7420e43f6eda2784f", "important": false, "type": "Line"}, {"lineNumber": 4, "content": "Time ran: 0.04247307777404785", "important": false, "type": "Line"}, {"lineNumber": 5, "content": "", "important": false, "type": "Line"}, {"lineNumber": 6, "content": "INFO: Running with entropic power schedule (0xFF, 100).", "important": false, "type": "Line"}, {"lineNumber": 7, "content": "INFO: Seed: 1772926427", "important": false, "type": "Line"}, {"lineNumber": 8, "content": "INFO: Loaded 1 modules   (86898 inline 8-bit counters): 86898 [0x180a60b, 0x181f97d),", "important": false, "type": "Line"}, {"lineNumber": 9, "content": "INFO: Loaded 1 PC tables (86898 PCs): 86898 [0x181f980,0x19730a0),", "important": false, "type": "Line"}, {"lineNumber": 10, "content": "/clusterfuzz/run_bot/clusterfuzz/bot/builds/fluent-bit_libfuzzer_msan/custom/flb-it-fuzz-config_random_fuzzer_OSSFUZZ: Running 1 inputs 100 time(s) each.", "important": false, "type": "Line"}, {"lineNumber": 11, "content": "Running: /clusterfuzz/run_bot/clusterfuzz/bot/inputs/fuzzer-testcases/crash-5ba93c9db0cff93f52b521d7420e43f6eda2784f", "important": false, "type": "Line"}, {"lineNumber": 12, "content": "MemorySanitizer:DEADLYSIGNAL", "important": false, "type": "Line"}, {"lineNumber": 13, "content": "==10976==ERROR: MemorySanitizer: SEGV on unknown address 0x71ffffffffff (pc 0x000001621955 bp 0x7fff15b0ed70 sp 0x7fff15b0db70 T10976)", "important": false, "type": "Line"}, {"lineNumber": 14, "content": "==10976==The signal is caused by a READ memory access.", "important": false, "type": "Line"}, {"lineNumber": 15, "content": "    #0 0x1621955 in mk_rconf_read /src/fluent-bit/lib/monkey/mk_core/mk_rconf.c:260:13", "important": true, "type": "Line"}, {"lineNumber": 16, "content": "    #1 0x1620ee5 in mk_rconf_open /src/fluent-bit/lib/monkey/mk_core/mk_rconf.c:633:11", "important": true, "type": "Line"}, {"lineNumber": 17, "content": "    #2 0x58a290 in flb_parser_conf_file /src/fluent-bit/src/flb_parser.c:842:13", "important": true, "type": "Line"}, {"lineNumber": 18, "content": "    #3 0x5572b5 in LLVMFuzzerTestOneInput /src/fluent-bit/tests/internal/fuzzers/config_random_fuzzer.c:45:5", "important": false, "type": "Line"}, {"lineNumber": 19, "content": "    #4 0x486d73 in fuzzer::Fuzzer::ExecuteCallback(unsigned char const*, unsigned long) cxa_noexception.cpp:0", "important": false, "type": "Line"}, {"lineNumber": 20, "content": "    #5 0x472682 in fuzzer::RunOneTest(fuzzer::Fuzzer*, char const*, unsigned long) /src/llvm-project/compiler-rt/lib/fuzzer/FuzzerDriver.cpp:324:6", "important": false, "type": "Line"}, {"lineNumber": 21, "content": "    #6 0x47814a in fuzzer::FuzzerDriver(int*, char***, int (*)(unsigned char const*, unsigned long)) cxa_noexception.cpp:0", "important": false, "type": "Line"}, {"lineNumber": 22, "content": "    #7 0x4a1072 in main /src/llvm-project/compiler-rt/lib/fuzzer/FuzzerMain.cpp:20:10", "important": false, "type": "Line"}, {"lineNumber": 23, "content": "    #8 0x7fa596f9e0b2 in __libc_start_main", "important": false, "type": "Line"}, {"lineNumber": 24, "content": "    #9 0x44f90d in _start", "important": false, "type": "Line"}, {"lineNumber": 25, "content": "", "important": false, "type": "Line"}, {"lineNumber": 26, "content": "MemorySanitizer can not provide additional info.", "important": false, "type": "Line"}, {"lineNumber": 27, "content": "SUMMARY: MemorySanitizer: SEGV (/clusterfuzz/run_bot/clusterfuzz/bot/builds/fluent-bit_libfuzzer_msan/custom/flb-it-fuzz-config_random_fuzzer_OSSFUZZ+0x1621955)", "important": false, "type": "Line"}, {"lineNumber": 28, "content": "==10976==ABORTING", "important": false, "type": "Line"}, {"lineNumber": 29, "content": "", "important": false, "type": "Line"}, {"lineNumber": 30, "content": "", "important": false, "type": "Line"}, {"lineNumber": 31, "content": "+----------------------------------------Release Build Unsymbolized Stacktrace (diff)----------------------------------------+", "important": false, "type": "Line"}, {"lineNumber": 32, "content": "", "important": false, "type": "Line"}, {"lineNumber": 33, "content": "==10976==ERROR: MemorySanitizer: SEGV on unknown address 0x71ffffffffff (pc 0x000001621955 bp 0x7fff15b0ed70 sp 0x7fff15b0db70 T10976)", "important": false, "type": "Line"}, {"lineNumber": 34, "content": "==10976==The signal is caused by a READ memory access.", "important": false, "type": "Line"}, {"lineNumber": 35, "content": "    #0 0x1621955  (/clusterfuzz/run_bot/clusterfuzz/bot/builds/fluent-bit_libfuzzer_msan/custom/flb-it-fuzz-config_random_fuzzer_OSSFUZZ+0x1621955)", "important": false, "type": "Line"}, {"lineNumber": 36, "content": "    #1 0x1620ee5  (/clusterfuzz/run_bot/clusterfuzz/bot/builds/fluent-bit_libfuzzer_msan/custom/flb-it-fuzz-config_random_fuzzer_OSSFUZZ+0x1620ee5)", "important": false, "type": "Line"}, {"lineNumber": 37, "content": "    #2 0x58a290  (/clusterfuzz/run_bot/clusterfuzz/bot/builds/fluent-bit_libfuzzer_msan/custom/flb-it-fuzz-config_random_fuzzer_OSSFUZZ+0x58a290)", "important": false, "type": "Line"}, {"lineNumber": 38, "content": "    #3 0x5572b5  (/clusterfuzz/run_bot/clusterfuzz/bot/builds/fluent-bit_libfuzzer_msan/custom/flb-it-fuzz-config_random_fuzzer_OSSFUZZ+0x5572b5)", "important": false, "type": "Line"}, {"lineNumber": 39, "content": "    #4 0x486d73  (/clusterfuzz/run_bot/clusterfuzz/bot/builds/fluent-bit_libfuzzer_msan/custom/flb-it-fuzz-config_random_fuzzer_OSSFUZZ+0x486d73)", "important": false, "type": "Line"}, {"lineNumber": 40, "content": "    #5 0x472682  (/clusterfuzz/run_bot/clusterfuzz/bot/builds/fluent-bit_libfuzzer_msan/custom/flb-it-fuzz-config_random_fuzzer_OSSFUZZ+0x472682)", "important": false, "type": "Line"}, {"lineNumber": 41, "content": "    #6 0x47814a  (/clusterfuzz/run_bot/clusterfuzz/bot/builds/fluent-bit_libfuzzer_msan/custom/flb-it-fuzz-config_random_fuzzer_OSSFUZZ+0x47814a)", "important": false, "type": "Line"}, {"lineNumber": 42, "content": "    #7 0x4a1072  (/clusterfuzz/run_bot/clusterfuzz/bot/builds/fluent-bit_libfuzzer_msan/custom/flb-it-fuzz-config_random_fuzzer_OSSFUZZ+0x4a1072)", "important": false, "type": "Line"}, {"lineNumber": 43, "content": "    #8 0x7fa596f9e0b2  (/lib/x86_64-linux-gnu/libc.so.6+0x270b2)", "important": false, "type": "Line"}, {"lineNumber": 44, "content": "    #9 0x44f90d  (/clusterfuzz/run_bot/clusterfuzz/bot/builds/fluent-bit_libfuzzer_msan/custom/flb-it-fuzz-config_random_fuzzer_OSSFUZZ+0x44f90d)", "important": false, "type": "Line"}], "revision": null}, "security_severity": "Medium", "security_severities": [{"value": 0, "name": "Critical"}, {"value": 1, "name": "High", "default": true}, {"value": 2, "name": "Medium"}, {"value": 3, "name": "Low"}, {"value": 4, "name": "Missing"}], "stats": {"min_hour": 1, "max_hour": 1}, "suspected_cls": null, "testcase": {"absolute_path": "/clusterfuzz/run_bot/clusterfuzz/bot/inputs/fuzzer-testcases/crash-5ba93c9db0cff93f52b521d7420e43f6eda2784f", "additional_metadata": "{\"build_key\": \"28e0d5c0-f5e7-4a51-b119-d1f5ea9c2445\", \"env\": {\"MSAN_OPTIONS\": {}}, \"fuzzer_binary_name\": \"flb-it-fuzz-config_random_fuzzer_OSSFUZZ\", \"fuzzing_strategies\": {\"corpus_mutations_radamsa\": 1, \"value_profile\": 1}, \"last_tested_crash_revision\": null, \"last_tested_crash_time\": {\"__type__\": \"datetime\", \"day\": 30, \"hour\": 0, \"microsecond\": 803780, \"minute\": 12, \"month\": 11, \"second\": 28, \"year\": 2021}, \"last_tested_revision\": null}", "archive_filename": null, "archive_state": 0, "binary_flag": true, "bug_indices": [], "bug_information": "", "comments": "[2021-11-30 00:10:38 UTC] snode8-20211129-17:29: Fuzz task : Fuzzer libFuzzer_flb-it-fuzz-config_random_fuzzer_OSSFUZZ generated testcase crashed in 0 seconds (r2).\n[2021-11-30 00:10:15 UTC] comput5-20211129-15:14: Progression task started.\n[2021-11-30 00:11:35 UTC] comput16-20211129-15:14: Minimize task started.\n[2021-11-30 00:12:28 UTC] comput5-20211129-15:14: Progression task finished: still crashes on latest custom build.\n[2021-11-30 00:13:53 UTC] comput16-20211129-15:14: Minimize task finished.\n", "crash_address": "0x71ffffffffff", "crash_revision": 2, "crash_stacktrace": "[Environment] MSAN_OPTIONS=exitcode=77\n+----------------------------------------Release Build Stacktrace----------------------------------------+\nCommand: /clusterfuzz/run_bot/clusterfuzz/bot/builds/fluent-bit_libfuzzer_msan/custom/flb-it-fuzz-config_random_fuzzer_OSSFUZZ -rss_limit_mb=2560 -timeout=60 -runs=100 /clusterfuzz/run_bot/clusterfuzz/bot/inputs/fuzzer-testcases/526bab8724d73b670d895c0f19d0f865b0cff93f52b521d7420e43f6eda2784f\nTime ran: 0.03940987586975098\n\nINFO: Running with entropic power schedule (0xFF, 100).\nINFO: Seed: 1857993285\nINFO: Loaded 1 modules   (86898 inline 8-bit counters): 86898 [0x180a60b, 0x181f97d),\nINFO: Loaded 1 PC tables (86898 PCs): 86898 [0x181f980,0x19730a0),\n/clusterfuzz/run_bot/clusterfuzz/bot/builds/fluent-bit_libfuzzer_msan/custom/flb-it-fuzz-config_random_fuzzer_OSSFUZZ: Running 1 inputs 100 time(s) each.\nRunning: /clusterfuzz/run_bot/clusterfuzz/bot/inputs/fuzzer-testcases/526bab8724d73b670d895c0f19d0f865b0cff93f52b521d7420e43f6eda2784f\nMemorySanitizer:DEADLYSIGNAL\n==81190==ERROR: MemorySanitizer: SEGV on unknown address 0x71ffffffffff (pc 0x000001621955 bp 0x7fff62bf2d00 sp 0x7fff62bf1b00 T81190)\n==81190==The signal is caused by a READ memory access.\n    #0 0x1621955 in mk_rconf_read /src/fluent-bit/lib/monkey/mk_core/mk_rconf.c:260:13\n    #1 0x1620ee5 in mk_rconf_open /src/fluent-bit/lib/monkey/mk_core/mk_rconf.c:633:11\n    #2 0x58a290 in flb_parser_conf_file /src/fluent-bit/src/flb_parser.c:842:13\n    #3 0x5572b5 in LLVMFuzzerTestOneInput /src/fluent-bit/tests/internal/fuzzers/config_random_fuzzer.c:45:5\n    #4 0x486d73 in fuzzer::Fuzzer::ExecuteCallback(unsigned char const*, unsigned long) cxa_noexception.cpp:0\n    #5 0x472682 in fuzzer::RunOneTest(fuzzer::Fuzzer*, char const*, unsigned long) /src/llvm-project/compiler-rt/lib/fuzzer/FuzzerDriver.cpp:324:6\n    #6 0x47814a in fuzzer::FuzzerDriver(int*, char***, int (*)(unsigned char const*, unsigned long)) cxa_noexception.cpp:0\n    #7 0x4a1072 in main /src/llvm-project/compiler-rt/lib/fuzzer/FuzzerMain.cpp:20:10\n    #8 0x7fbad00cf0b2 in __libc_start_main\n    #9 0x44f90d in _start\n\nMemorySanitizer can not provide additional info.\nSUMMARY: MemorySanitizer: SEGV (/clusterfuzz/run_bot/clusterfuzz/bot/builds/fluent-bit_libfuzzer_msan/custom/flb-it-fuzz-config_random_fuzzer_OSSFUZZ+0x1621955)\n==81190==ABORTING\n\n\n+----------------------------------------Release Build Unsymbolized Stacktrace (diff)----------------------------------------+\n\n==81190==ERROR: MemorySanitizer: SEGV on unknown address 0x71ffffffffff (pc 0x000001621955 bp 0x7fff62bf2d00 sp 0x7fff62bf1b00 T81190)\n==81190==The signal is caused by a READ memory access.\n    #0 0x1621955  (/clusterfuzz/run_bot/clusterfuzz/bot/builds/fluent-bit_libfuzzer_msan/custom/flb-it-fuzz-config_random_fuzzer_OSSFUZZ+0x1621955)\n    #1 0x1620ee5  (/clusterfuzz/run_bot/clusterfuzz/bot/builds/fluent-bit_libfuzzer_msan/custom/flb-it-fuzz-config_random_fuzzer_OSSFUZZ+0x1620ee5)\n    #2 0x58a290  (/clusterfuzz/run_bot/clusterfuzz/bot/builds/fluent-bit_libfuzzer_msan/custom/flb-it-fuzz-config_random_fuzzer_OSSFUZZ+0x58a290)\n    #3 0x5572b5  (/clusterfuzz/run_bot/clusterfuzz/bot/builds/fluent-bit_libfuzzer_msan/custom/flb-it-fuzz-config_random_fuzzer_OSSFUZZ+0x5572b5)\n    #4 0x486d73  (/clusterfuzz/run_bot/clusterfuzz/bot/builds/fluent-bit_libfuzzer_msan/custom/flb-it-fuzz-config_random_fuzzer_OSSFUZZ+0x486d73)\n    #5 0x472682  (/clusterfuzz/run_bot/clusterfuzz/bot/builds/fluent-bit_libfuzzer_msan/custom/flb-it-fuzz-config_random_fuzzer_OSSFUZZ+0x472682)\n    #6 0x47814a  (/clusterfuzz/run_bot/clusterfuzz/bot/builds/fluent-bit_libfuzzer_msan/custom/flb-it-fuzz-config_random_fuzzer_OSSFUZZ+0x47814a)\n    #7 0x4a1072  (/clusterfuzz/run_bot/clusterfuzz/bot/builds/fluent-bit_libfuzzer_msan/custom/flb-it-fuzz-config_random_fuzzer_OSSFUZZ+0x4a1072)\n    #8 0x7fbad00cf0b2  (/lib/x86_64-linux-gnu/libc.so.6+0x270b2)\n    #9 0x44f90d  (/clusterfuzz/run_bot/clusterfuzz/bot/builds/fluent-bit_libfuzzer_msan/custom/flb-it-fuzz-config_random_fuzzer_OSSFUZZ+0x44f90d)\n", "crash_state": "mk_rconf_read\nmk_rconf_open\nflb_parser_conf_file\n", "crash_type": "UNKNOWN READ", "disable_ubsan": false, "duplicate_of": null, "fixed": "", "flaky_stack": false, "fuzzed_keys": "00ff55bd-4c21-4093-b8b0-06798a37d44f", "fuzzer_name": "libFuzzer", "fuzzer_name_indices": ["libFuzzer_flb-it-fuzz-config_random_fuzzer_OSSFUZZ", "libFuzzer"], "gestures": [], "group_bug_information": 0, "group_id": 0, "has_bug_flag": false, "http_flag": false, "impact_beta_version": null, "impact_beta_version_indices": [], "impact_beta_version_likely": false, "impact_extended_stable_version": null, "impact_extended_stable_version_indices": [], "impact_extended_stable_version_likely": false, "impact_head_version": null, "impact_head_version_indices": [], "impact_head_version_likely": null, "impact_indices": [], "impact_stable_version": null, "impact_stable_version_indices": [], "impact_stable_version_likely": false, "impact_version_indices": [], "is_a_duplicate_flag": false, "is_impact_set_flag": false, "is_leader": true, "job_type": "fluent-bit_libfuzzer_msan", "keywords": ["it-fuzz-config", "conf", "flb-it-fuzz", "flb-it-fuzz-config_random_fuzzer_ossfuzz", "fuzz-config_random_fuzzer_ossfuzz", "it-fuzz", "fluent-bit", "rconf", "mk_rconf", "libfuzzer_flb-it-fuzz-config", "libfuzzer_flb-it", "flb_parser", "config", "fuzz-config_random", "libfuzzer_flb-it-fuzz-config_random_fuzzer_ossfuzz", "fluent-bit_libfuzzer", "unknown read", "fluent", "it", "libfuzzer_flb-it-fuzz-config_random", "fuzzer", "random", "flb-it-fuzz-config_random_fuzzer", "parser", "fuzzer_flb-it", "fuzzer_flb-it-fuzz-config_random_fuzzer_ossfuzz", "file", "fuzzer_flb-it-fuzz", "libfuzzer_flb-it-fuzz", "flb-it-fuzz-config_random", "bit_libfuzzer_msan", "fuzz-config", "mk_rconf_open", "fuzz-config_random_fuzzer", "parser_conf_file", "libfuzzer_flb-it-fuzz-config_random_fuzzer", "flb_parser_conf", "config_random_fuzzer_ossfuzz", "mk_rconf_read", "libfuzzer_flb", "fuzzer_flb", "config_random_fuzzer", "open", "flb", "fuzzer_flb-it-fuzz-config", "ossfuzz", "conf_file", "unknown", "it-fuzz-config_random", "bit_libfuzzer", "fuzzer_flb-it-fuzz-config_random_fuzzer", "read", "fluent-bit_libfuzzer_msan", "fuzzer_ossfuzz", "linux", "config_random", "bit", "it-fuzz-config_random_fuzzer_ossfuzz", "it-fuzz-config_random_fuzzer", "rconf_read", "random_fuzzer", "flb_parser_conf_file", "fuzzer_flb-it-fuzz-config_random", "flb-it-fuzz-config", "libfuzzer_msan", "flb-it", "libfuzzer", "fuzz", "random_fuzzer_ossfuzz", "mk", "parser_conf", "msan", "lib", "rconf_open"], "last_tested_crash_stacktrace": "[Environment] MSAN_OPTIONS=allocator_release_to_os_interval_ms=500:exitcode=77:halt_on_error=1:handle_abort=2:handle_segv=2:handle_sigbus=2:handle_sigfpe=2:handle_sigill=2:print_stats=1:print_summary=1:symbolize=0:use_sigaltstack=1\n+----------------------------------------Release Build Stacktrace----------------------------------------+\nCommand: /clusterfuzz/run_bot/clusterfuzz/bot/builds/fluent-bit_libfuzzer_msan/custom/flb-it-fuzz-config_random_fuzzer_OSSFUZZ -rss_limit_mb=2560 -timeout=60 -runs=100 /clusterfuzz/run_bot/clusterfuzz/bot/inputs/fuzzer-testcases/crash-5ba93c9db0cff93f52b521d7420e43f6eda2784f\nTime ran: 0.04247307777404785\n\nINFO: Running with entropic power schedule (0xFF, 100).\nINFO: Seed: 1772926427\nINFO: Loaded 1 modules   (86898 inline 8-bit counters): 86898 [0x180a60b, 0x181f97d),\nINFO: Loaded 1 PC tables (86898 PCs): 86898 [0x181f980,0x19730a0),\n/clusterfuzz/run_bot/clusterfuzz/bot/builds/fluent-bit_libfuzzer_msan/custom/flb-it-fuzz-config_random_fuzzer_OSSFUZZ: Running 1 inputs 100 time(s) each.\nRunning: /clusterfuzz/run_bot/clusterfuzz/bot/inputs/fuzzer-testcases/crash-5ba93c9db0cff93f52b521d7420e43f6eda2784f\nMemorySanitizer:DEADLYSIGNAL\n==10976==ERROR: MemorySanitizer: SEGV on unknown address 0x71ffffffffff (pc 0x000001621955 bp 0x7fff15b0ed70 sp 0x7fff15b0db70 T10976)\n==10976==The signal is caused by a READ memory access.\n    #0 0x1621955 in mk_rconf_read /src/fluent-bit/lib/monkey/mk_core/mk_rconf.c:260:13\n    #1 0x1620ee5 in mk_rconf_open /src/fluent-bit/lib/monkey/mk_core/mk_rconf.c:633:11\n    #2 0x58a290 in flb_parser_conf_file /src/fluent-bit/src/flb_parser.c:842:13\n    #3 0x5572b5 in LLVMFuzzerTestOneInput /src/fluent-bit/tests/internal/fuzzers/config_random_fuzzer.c:45:5\n    #4 0x486d73 in fuzzer::Fuzzer::ExecuteCallback(unsigned char const*, unsigned long) cxa_noexception.cpp:0\n    #5 0x472682 in fuzzer::RunOneTest(fuzzer::Fuzzer*, char const*, unsigned long) /src/llvm-project/compiler-rt/lib/fuzzer/FuzzerDriver.cpp:324:6\n    #6 0x47814a in fuzzer::FuzzerDriver(int*, char***, int (*)(unsigned char const*, unsigned long)) cxa_noexception.cpp:0\n    #7 0x4a1072 in main /src/llvm-project/compiler-rt/lib/fuzzer/FuzzerMain.cpp:20:10\n    #8 0x7fa596f9e0b2 in __libc_start_main\n    #9 0x44f90d in _start\n\nMemorySanitizer can not provide additional info.\nSUMMARY: MemorySanitizer: SEGV (/clusterfuzz/run_bot/clusterfuzz/bot/builds/fluent-bit_libfuzzer_msan/custom/flb-it-fuzz-config_random_fuzzer_OSSFUZZ+0x1621955)\n==10976==ABORTING\n\n\n+----------------------------------------Release Build Unsymbolized Stacktrace (diff)----------------------------------------+\n\n==10976==ERROR: MemorySanitizer: SEGV on unknown address 0x71ffffffffff (pc 0x000001621955 bp 0x7fff15b0ed70 sp 0x7fff15b0db70 T10976)\n==10976==The signal is caused by a READ memory access.\n    #0 0x1621955  (/clusterfuzz/run_bot/clusterfuzz/bot/builds/fluent-bit_libfuzzer_msan/custom/flb-it-fuzz-config_random_fuzzer_OSSFUZZ+0x1621955)\n    #1 0x1620ee5  (/clusterfuzz/run_bot/clusterfuzz/bot/builds/fluent-bit_libfuzzer_msan/custom/flb-it-fuzz-config_random_fuzzer_OSSFUZZ+0x1620ee5)\n    #2 0x58a290  (/clusterfuzz/run_bot/clusterfuzz/bot/builds/fluent-bit_libfuzzer_msan/custom/flb-it-fuzz-config_random_fuzzer_OSSFUZZ+0x58a290)\n    #3 0x5572b5  (/clusterfuzz/run_bot/clusterfuzz/bot/builds/fluent-bit_libfuzzer_msan/custom/flb-it-fuzz-config_random_fuzzer_OSSFUZZ+0x5572b5)\n    #4 0x486d73  (/clusterfuzz/run_bot/clusterfuzz/bot/builds/fluent-bit_libfuzzer_msan/custom/flb-it-fuzz-config_random_fuzzer_OSSFUZZ+0x486d73)\n    #5 0x472682  (/clusterfuzz/run_bot/clusterfuzz/bot/builds/fluent-bit_libfuzzer_msan/custom/flb-it-fuzz-config_random_fuzzer_OSSFUZZ+0x472682)\n    #6 0x47814a  (/clusterfuzz/run_bot/clusterfuzz/bot/builds/fluent-bit_libfuzzer_msan/custom/flb-it-fuzz-config_random_fuzzer_OSSFUZZ+0x47814a)\n    #7 0x4a1072  (/clusterfuzz/run_bot/clusterfuzz/bot/builds/fluent-bit_libfuzzer_msan/custom/flb-it-fuzz-config_random_fuzzer_OSSFUZZ+0x4a1072)\n    #8 0x7fa596f9e0b2  (/lib/x86_64-linux-gnu/libc.so.6+0x270b2)\n    #9 0x44f90d  (/clusterfuzz/run_bot/clusterfuzz/bot/builds/fluent-bit_libfuzzer_msan/custom/flb-it-fuzz-config_random_fuzzer_OSSFUZZ+0x44f90d)\n", "minidump_keys": "", "minimized_arguments": "-rss_limit_mb=2560 -timeout=60", "minimized_keys": "30330833-dd42-44ac-9616-d682067fd0cc", "one_time_crasher_flag": false, "open": true, "overridden_fuzzer_name": "libFuzzer_flb-it-fuzz-config_random_fuzzer_OSSFUZZ", "platform": "linux", "platform_id": "linux", "project_name": "test-project", "queue": "jobs-linux", "redzone": 64, "regression": "NA", "security_flag": true, "security_severity": 2, "status": "Processed", "symbolized": false, "timeout_multiplier": 1.0, "timestamp": 1638231038, "triaged": false, "uploader_email": null, "window_argument": "", "id": 35313}, "timestamp": 1638231038.624967, "show_blame": false, "show_impact": false, "impacts_production": false, "find_similar_issues_options": [{"type": "open", "label": "Open"}, {"type": "all", "label": "All"}], "auto_delete_timestamp": null, "auto_close_timestamp": null, "memory_tool_display_label": "Sanitizer", "memory_tool_display_value": "memory (MSAN)", "last_tested": "2:2 (No component revisions found!)", "is_admin_or_not_oss_fuzz": true, "has_issue_tracker": false, "reproduction_help_url": "", "is_local_development": true, "fuzzer_display": {"engine": "libFuzzer", "target": "flb-it-fuzz-config_random_fuzzer_OSSFUZZ", "name": "libFuzzer", "fully_qualified_name": "libFuzzer_flb-it-fuzz-config_random_fuzzer_OSSFUZZ"}}