{"id": 36201, "crash_type": "Global-buffer-overflow READ 1", "crash_address": "0x000000529010", "crash_state": "vte_write_debug\ndo_action\nparse_data\n", "crash_state_lines": ["vte_write_debug", "do_action", "parse_data"], "crash_revision": 1, "csrf_token": "D6S+cXG/eQvjQp1jhkN2Yfq5FoCaAiuUjD0oLthouNSAPb8xaAgWvNikB3AHnFnrgfWQIz/OKB4owWUbxHHo3A==", "external_user": false, "footer": "[2021-11-30 00:13:34 UTC] snode11-20211129-17:26: Fuzz task : Fuzzer honggfuzz_libtsm_fuzzer generated testcase crashed in 1 seconds (r1).\n[2021-11-30 00:25:15 UTC] comput5-20211129-15:14: Minimize task started.\n[2021-11-30 00:26:31 UTC] comput5-20211129-15:14: Minimize task errored out: Engine does not support minimization.\n", "formatted_reproduction_help": "", "fixed": "NO", "fixed_full": null, "issue_url": null, "is_admin": true, "metadata": {"build_key": "0ba8052d-0ae8-45f8-875c-de770eaa05c5", "fuzzer_binary_name": "libtsm_fuzzer"}, "minimized_testcase_size": "128 B", "needs_refresh": false, "original_testcase_size": "128 B", "privileged_user": true, "regression": "NA", "crash_stacktrace": {"lines": [{"lineNumber": 1, "content": "[Environment] ASAN_OPTIONS=alloc_dealloc_mismatch=0:allocator_may_return_null=1:allocator_release_to_os_interval_ms=500:allow_user_segv_handler=0:check_malloc_usable_size=0:detect_leaks=1:detect_odr_violation=0:detect_stack_use_after_return=1:fast_unwind_on_fatal=0:handle_abort=2:handle_segv=2:handle_sigbus=2:handle_sigfpe=2:handle_sigill=2:max_uar_stack_size_log=16:print_scariness=1:print_summary=1:print_suppressions=0:quarantine_size_mb=64:redzone=256:strict_memcmp=1:symbolize=0:use_sigaltstack=1", "important": false, "type": "Line"}, {"lineNumber": 2, "content": "+----------------------------------------Release Build Stacktrace----------------------------------------+", "important": false, "type": "Line"}, {"lineNumber": 3, "content": "=================================================================", "important": false, "type": "Line"}, {"lineNumber": 4, "content": "==22177==ERROR: AddressSanitizer: global-buffer-overflow on address 0x000000529010 at pc 0x0000004f83b6 bp 0x7fffffffcce0 sp 0x7fffffffccd8", "important": false, "type": "Line"}, {"lineNumber": 5, "content": "READ of size 1 at 0x000000529010 thread T0", "important": false, "type": "Line"}, {"lineNumber": 6, "content": "SCARINESS: 12 (1-byte-read-global-buffer-overflow)", "important": false, "type": "Line"}, {"lineNumber": 7, "content": "    #0 0x4f83b5 in vte_write_debug /src/libtsm/src/tsm/tsm-vte.c:514:8", "important": true, "type": "Line"}, {"lineNumber": 8, "content": "    #1 0x4f9e45 in do_action /src/libtsm/src/tsm/tsm-vte.c:0", "important": true, "type": "Line"}, {"lineNumber": 9, "content": "    #2 0x4f170d in do_trans /src/libtsm/src/tsm/tsm-vte.c:1858:3", "important": false, "type": "Line"}, {"lineNumber": 10, "content": "    #3 0x4f170d in parse_data /src/libtsm/src/tsm/tsm-vte.c:1882:4", "important": true, "type": "Line"}, {"lineNumber": 11, "content": "    #4 0x4f10d6 in tsm_vte_input /src/libtsm/src/tsm/tsm-vte.c:0", "important": false, "type": "Line"}, {"lineNumber": 12, "content": "    #5 0x4d86d9 in LLVMFuzzerTestOneInput /src/libtsm_fuzzer.c:44:3", "important": false, "type": "Line"}, {"lineNumber": 13, "content": "    #6 0x503dbe in main", "important": false, "type": "Line"}, {"lineNumber": 14, "content": "    #7 0x7ffff7c5b0b2 in __libc_start_main", "important": false, "type": "Line"}, {"lineNumber": 15, "content": "    #8 0x41e06d in _start", "important": false, "type": "Line"}, {"lineNumber": 16, "content": "", "important": false, "type": "Line"}, {"lineNumber": 17, "content": "0x000000529010 is located 48 bytes to the left of global variable &#x27;&lt;string literal&gt;&#x27; defined in &#x27;src/tsm/tsm-vte.c:950:3&#x27; (0x529040) of size 24", "important": false, "type": "Line"}, {"lineNumber": 18, "content": "  &#x27;&lt;string literal&gt;&#x27; is ascii string &#x27;unhandled escape seq %u&#x27;", "important": false, "type": "Line"}, {"lineNumber": 19, "content": "0x000000529010 is located 16 bytes to the left of global variable &#x27;&lt;string literal&gt;&#x27; defined in &#x27;src/tsm/tsm-vte.c:950:3&#x27; (0x529020) of size 7", "important": false, "type": "Line"}, {"lineNumber": 20, "content": "  &#x27;&lt;string literal&gt;&#x27; is ascii string &#x27;do_esc&#x27;", "important": false, "type": "Line"}, {"lineNumber": 21, "content": "0x000000529010 is located 0 bytes to the right of global variable &#x27;&lt;string literal&gt;&#x27; defined in &#x27;src/tsm/tsm-vte.c:654:2&#x27; (0x529000) of size 16", "important": false, "type": "Line"}, {"lineNumber": 22, "content": "  &#x27;&lt;string literal&gt;&#x27; is ascii string &#x27;\u001b[?60;1;6;9;15c&#x27;", "important": false, "type": "Line"}, {"lineNumber": 23, "content": "SUMMARY: AddressSanitizer: global-buffer-overflow (/clusterfuzz/run_bot/clusterfuzz/bot/builds/libtsm_honggfuzz_asan/custom/libtsm_fuzzer+0x4f83b5)", "important": false, "type": "Line"}, {"lineNumber": 24, "content": "Shadow bytes around the buggy address:", "important": false, "type": "Line"}, {"lineNumber": 25, "content": "  0x00008009d1b0: 00 00 00 01 f9 f9 f9 f9 00 02 f9 f9 00 00 f9 f9", "important": false, "type": "Line"}, {"lineNumber": 26, "content": "  0x00008009d1c0: 00 00 f9 f9 00 03 f9 f9 00 00 00 07 f9 f9 f9 f9", "important": false, "type": "Line"}, {"lineNumber": 27, "content": "  0x00008009d1d0: 00 00 00 00 00 00 00 00 f9 f9 f9 f9 00 00 00 00", "important": false, "type": "Line"}, {"lineNumber": 28, "content": "  0x00008009d1e0: 00 00 00 00 f9 f9 f9 f9 00 02 f9 f9 00 00 02 f9", "important": false, "type": "Line"}, {"lineNumber": 29, "content": "  0x00008009d1f0: f9 f9 f9 f9 00 03 f9 f9 00 00 00 02 f9 f9 f9 f9", "important": false, "type": "Line"}, {"lineNumber": 30, "content": "=&gt;0x00008009d200: 00 00[f9]f9 07 f9 f9 f9 00 00 00 f9 f9 f9 f9 f9", "important": false, "type": "Line"}, {"lineNumber": 31, "content": "  0x00008009d210: 07 f9 f9 f9 00 00 00 07 f9 f9 f9 f9 00 00 00 07", "important": false, "type": "Line"}, {"lineNumber": 32, "content": "  0x00008009d220: f9 f9 f9 f9 00 00 00 00 f9 f9 f9 f9 00 00 00 02", "important": false, "type": "Line"}, {"lineNumber": 33, "content": "  0x00008009d230: f9 f9 f9 f9 06 f9 f9 f9 00 06 f9 f9 00 00 05 f9", "important": false, "type": "Line"}, {"lineNumber": 34, "content": "  0x00008009d240: f9 f9 f9 f9 00 00 06 f9 f9 f9 f9 f9 00 00 f9 f9", "important": false, "type": "Line"}, {"lineNumber": 35, "content": "  0x00008009d250: 00 00 00 00 00 00 00 03 f9 f9 f9 f9 00 01 f9 f9", "important": false, "type": "Line"}, {"lineNumber": 36, "content": "Shadow byte legend (one shadow byte represents 8 application bytes):", "important": false, "type": "Line"}, {"lineNumber": 37, "content": "  Addressable:           00", "important": false, "type": "Line"}, {"lineNumber": 38, "content": "  Partially addressable: 01 02 03 04 05 06 07", "important": false, "type": "Line"}, {"lineNumber": 39, "content": "  Heap left redzone:       fa", "important": false, "type": "Line"}, {"lineNumber": 40, "content": "  Freed heap region:       fd", "important": false, "type": "Line"}, {"lineNumber": 41, "content": "  Stack left redzone:      f1", "important": false, "type": "Line"}, {"lineNumber": 42, "content": "  Stack mid redzone:       f2", "important": false, "type": "Line"}, {"lineNumber": 43, "content": "  Stack right redzone:     f3", "important": false, "type": "Line"}, {"lineNumber": 44, "content": "  Stack after return:      f5", "important": false, "type": "Line"}, {"lineNumber": 45, "content": "  Stack use after scope:   f8", "important": false, "type": "Line"}, {"lineNumber": 46, "content": "  Global redzone:          f9", "important": false, "type": "Line"}, {"lineNumber": 47, "content": "  Global init order:       f6", "important": false, "type": "Line"}, {"lineNumber": 48, "content": "  Poisoned by user:        f7", "important": false, "type": "Line"}, {"lineNumber": 49, "content": "  Container overflow:      fc", "important": false, "type": "Line"}, {"lineNumber": 50, "content": "  Array cookie:            ac", "important": false, "type": "Line"}, {"lineNumber": 51, "content": "  Intra object redzone:    bb", "important": false, "type": "Line"}, {"lineNumber": 52, "content": "  ASan internal:           fe", "important": false, "type": "Line"}, {"lineNumber": 53, "content": "  Left alloca redzone:     ca", "important": false, "type": "Line"}, {"lineNumber": 54, "content": "  Right alloca redzone:    cb", "important": false, "type": "Line"}, {"lineNumber": 55, "content": "==22177==ABORTING", "important": false, "type": "Line"}, {"lineNumber": 56, "content": "", "important": false, "type": "Line"}, {"lineNumber": 57, "content": "", "important": false, "type": "Line"}, {"lineNumber": 58, "content": "+----------------------------------------Release Build Unsymbolized Stacktrace (diff)----------------------------------------+", "important": false, "type": "Line"}, {"lineNumber": 59, "content": "", "important": false, "type": "Line"}, {"lineNumber": 60, "content": "READ of size 1 at 0x000000529010 thread T0", "important": false, "type": "Line"}, {"lineNumber": 61, "content": "SCARINESS: 12 (1-byte-read-global-buffer-overflow)", "important": false, "type": "Line"}, {"lineNumber": 62, "content": "    #0 0x4f83b5  (/clusterfuzz/run_bot/clusterfuzz/bot/builds/libtsm_honggfuzz_asan/custom/libtsm_fuzzer+0x4f83b5)", "important": false, "type": "Line"}, {"lineNumber": 63, "content": "    #1 0x4f9e45  (/clusterfuzz/run_bot/clusterfuzz/bot/builds/libtsm_honggfuzz_asan/custom/libtsm_fuzzer+0x4f9e45)", "important": false, "type": "Line"}, {"lineNumber": 64, "content": "    #2 0x4f170d  (/clusterfuzz/run_bot/clusterfuzz/bot/builds/libtsm_honggfuzz_asan/custom/libtsm_fuzzer+0x4f170d)", "important": false, "type": "Line"}, {"lineNumber": 65, "content": "    #3 0x4f10d6  (/clusterfuzz/run_bot/clusterfuzz/bot/builds/libtsm_honggfuzz_asan/custom/libtsm_fuzzer+0x4f10d6)", "important": false, "type": "Line"}, {"lineNumber": 66, "content": "    #4 0x4d86d9  (/clusterfuzz/run_bot/clusterfuzz/bot/builds/libtsm_honggfuzz_asan/custom/libtsm_fuzzer+0x4d86d9)", "important": false, "type": "Line"}, {"lineNumber": 67, "content": "    #5 0x503dbe  (/clusterfuzz/run_bot/clusterfuzz/bot/builds/libtsm_honggfuzz_asan/custom/libtsm_fuzzer+0x503dbe)", "important": false, "type": "Line"}, {"lineNumber": 68, "content": "    #6 0x7ffff7c5b0b2  (/lib/x86_64-linux-gnu/libc.so.6+0x270b2)", "important": false, "type": "Line"}, {"lineNumber": 69, "content": "    #7 0x41e06d  (/clusterfuzz/run_bot/clusterfuzz/bot/builds/libtsm_honggfuzz_asan/custom/libtsm_fuzzer+0x41e06d)", "important": false, "type": "Line"}], "revision": "1"}, "last_tested_crash_stacktrace": {"lines": [], "revision": null}, "security_severity": null, "security_severities": [{"value": 0, "name": "Critical"}, {"value": 1, "name": "High", "default": true}, {"value": 2, "name": "Medium"}, {"value": 3, "name": "Low"}, {"value": 4, "name": "Missing"}], "stats": {"min_hour": 1, "max_hour": 1}, "suspected_cls": null, "testcase": {"absolute_path": "/clusterfuzz/run_bot/clusterfuzz/bot/inputs/fuzzer-testcases/SIGABRT.PC.4f83b6.STACK.c06ac8ac.CODE.-6.ADDR.0.INSTR.[UNKNOWN].fuzz", "additional_metadata": "{\"build_key\": \"0ba8052d-0ae8-45f8-875c-de770eaa05c5\", \"fuzzer_binary_name\": \"libtsm_fuzzer\"}", "archive_filename": null, "archive_state": 0, "binary_flag": true, "bug_indices": [], "bug_information": "", "comments": "[2021-11-30 00:13:34 UTC] snode11-20211129-17:26: Fuzz task : Fuzzer honggfuzz_libtsm_fuzzer generated testcase crashed in 1 seconds (r1).\n[2021-11-30 00:25:15 UTC] comput5-20211129-15:14: Minimize task started.\n[2021-11-30 00:26:31 UTC] comput5-20211129-15:14: Minimize task errored out: Engine does not support minimization.\n", "crash_address": "0x000000529010", "crash_revision": 1, "crash_stacktrace": "[Environment] ASAN_OPTIONS=alloc_dealloc_mismatch=0:allocator_may_return_null=1:allocator_release_to_os_interval_ms=500:allow_user_segv_handler=0:check_malloc_usable_size=0:detect_leaks=1:detect_odr_violation=0:detect_stack_use_after_return=1:fast_unwind_on_fatal=0:handle_abort=2:handle_segv=2:handle_sigbus=2:handle_sigfpe=2:handle_sigill=2:max_uar_stack_size_log=16:print_scariness=1:print_summary=1:print_suppressions=0:quarantine_size_mb=64:redzone=256:strict_memcmp=1:symbolize=0:use_sigaltstack=1\n+----------------------------------------Release Build Stacktrace----------------------------------------+\n=================================================================\n==22177==ERROR: AddressSanitizer: global-buffer-overflow on address 0x000000529010 at pc 0x0000004f83b6 bp 0x7fffffffcce0 sp 0x7fffffffccd8\nREAD of size 1 at 0x000000529010 thread T0\nSCARINESS: 12 (1-byte-read-global-buffer-overflow)\n    #0 0x4f83b5 in vte_write_debug /src/libtsm/src/tsm/tsm-vte.c:514:8\n    #1 0x4f9e45 in do_action /src/libtsm/src/tsm/tsm-vte.c:0\n    #2 0x4f170d in do_trans /src/libtsm/src/tsm/tsm-vte.c:1858:3\n    #3 0x4f170d in parse_data /src/libtsm/src/tsm/tsm-vte.c:1882:4\n    #4 0x4f10d6 in tsm_vte_input /src/libtsm/src/tsm/tsm-vte.c:0\n    #5 0x4d86d9 in LLVMFuzzerTestOneInput /src/libtsm_fuzzer.c:44:3\n    #6 0x503dbe in main\n    #7 0x7ffff7c5b0b2 in __libc_start_main\n    #8 0x41e06d in _start\n\n0x000000529010 is located 48 bytes to the left of global variable '<string literal>' defined in 'src/tsm/tsm-vte.c:950:3' (0x529040) of size 24\n  '<string literal>' is ascii string 'unhandled escape seq %u'\n0x000000529010 is located 16 bytes to the left of global variable '<string literal>' defined in 'src/tsm/tsm-vte.c:950:3' (0x529020) of size 7\n  '<string literal>' is ascii string 'do_esc'\n0x000000529010 is located 0 bytes to the right of global variable '<string literal>' defined in 'src/tsm/tsm-vte.c:654:2' (0x529000) of size 16\n  '<string literal>' is ascii string '\u001b[?60;1;6;9;15c'\nSUMMARY: AddressSanitizer: global-buffer-overflow (/clusterfuzz/run_bot/clusterfuzz/bot/builds/libtsm_honggfuzz_asan/custom/libtsm_fuzzer+0x4f83b5)\nShadow bytes around the buggy address:\n  0x00008009d1b0: 00 00 00 01 f9 f9 f9 f9 00 02 f9 f9 00 00 f9 f9\n  0x00008009d1c0: 00 00 f9 f9 00 03 f9 f9 00 00 00 07 f9 f9 f9 f9\n  0x00008009d1d0: 00 00 00 00 00 00 00 00 f9 f9 f9 f9 00 00 00 00\n  0x00008009d1e0: 00 00 00 00 f9 f9 f9 f9 00 02 f9 f9 00 00 02 f9\n  0x00008009d1f0: f9 f9 f9 f9 00 03 f9 f9 00 00 00 02 f9 f9 f9 f9\n=>0x00008009d200: 00 00[f9]f9 07 f9 f9 f9 00 00 00 f9 f9 f9 f9 f9\n  0x00008009d210: 07 f9 f9 f9 00 00 00 07 f9 f9 f9 f9 00 00 00 07\n  0x00008009d220: f9 f9 f9 f9 00 00 00 00 f9 f9 f9 f9 00 00 00 02\n  0x00008009d230: f9 f9 f9 f9 06 f9 f9 f9 00 06 f9 f9 00 00 05 f9\n  0x00008009d240: f9 f9 f9 f9 00 00 06 f9 f9 f9 f9 f9 00 00 f9 f9\n  0x00008009d250: 00 00 00 00 00 00 00 03 f9 f9 f9 f9 00 01 f9 f9\nShadow byte legend (one shadow byte represents 8 application bytes):\n  Addressable:           00\n  Partially addressable: 01 02 03 04 05 06 07\n  Heap left redzone:       fa\n  Freed heap region:       fd\n  Stack left redzone:      f1\n  Stack mid redzone:       f2\n  Stack right redzone:     f3\n  Stack after return:      f5\n  Stack use after scope:   f8\n  Global redzone:          f9\n  Global init order:       f6\n  Poisoned by user:        f7\n  Container overflow:      fc\n  Array cookie:            ac\n  Intra object redzone:    bb\n  ASan internal:           fe\n  Left alloca redzone:     ca\n  Right alloca redzone:    cb\n==22177==ABORTING\n\n\n+----------------------------------------Release Build Unsymbolized Stacktrace (diff)----------------------------------------+\n\nREAD of size 1 at 0x000000529010 thread T0\nSCARINESS: 12 (1-byte-read-global-buffer-overflow)\n    #0 0x4f83b5  (/clusterfuzz/run_bot/clusterfuzz/bot/builds/libtsm_honggfuzz_asan/custom/libtsm_fuzzer+0x4f83b5)\n    #1 0x4f9e45  (/clusterfuzz/run_bot/clusterfuzz/bot/builds/libtsm_honggfuzz_asan/custom/libtsm_fuzzer+0x4f9e45)\n    #2 0x4f170d  (/clusterfuzz/run_bot/clusterfuzz/bot/builds/libtsm_honggfuzz_asan/custom/libtsm_fuzzer+0x4f170d)\n    #3 0x4f10d6  (/clusterfuzz/run_bot/clusterfuzz/bot/builds/libtsm_honggfuzz_asan/custom/libtsm_fuzzer+0x4f10d6)\n    #4 0x4d86d9  (/clusterfuzz/run_bot/clusterfuzz/bot/builds/libtsm_honggfuzz_asan/custom/libtsm_fuzzer+0x4d86d9)\n    #5 0x503dbe  (/clusterfuzz/run_bot/clusterfuzz/bot/builds/libtsm_honggfuzz_asan/custom/libtsm_fuzzer+0x503dbe)\n    #6 0x7ffff7c5b0b2  (/lib/x86_64-linux-gnu/libc.so.6+0x270b2)\n    #7 0x41e06d  (/clusterfuzz/run_bot/clusterfuzz/bot/builds/libtsm_honggfuzz_asan/custom/libtsm_fuzzer+0x41e06d)\n", "crash_state": "vte_write_debug\ndo_action\nparse_data\n", "crash_type": "Global-buffer-overflow\nREAD 1", "disable_ubsan": false, "duplicate_of": null, "fixed": "", "flaky_stack": false, "fuzzed_keys": "b876f3ee-183a-4ea4-8bd7-780f66afd85d", "fuzzer_name": "honggfuzz", "fuzzer_name_indices": ["honggfuzz_libtsm_fuzzer", "honggfuzz"], "gestures": [], "group_bug_information": 0, "group_id": 38302, "has_bug_flag": false, "http_flag": false, "impact_beta_version": null, "impact_beta_version_indices": [], "impact_beta_version_likely": null, "impact_extended_stable_version": null, "impact_extended_stable_version_indices": [], "impact_extended_stable_version_likely": null, "impact_head_version": null, "impact_head_version_indices": [], "impact_head_version_likely": null, "impact_indices": [], "impact_stable_version": null, "impact_stable_version_indices": [], "impact_stable_version_likely": null, "impact_version_indices": [], "is_a_duplicate_flag": false, "is_impact_set_flag": null, "is_leader": true, "job_type": "libtsm_honggfuzz_asan", "keywords": ["do", "buffer", "fuzzer", "libtsm", "linux", "1", "vte_write", "global", "libtsm_fuzzer", "overflow", "read 1", "asan", "write_debug", "honggfuzz_asan", "libtsm_honggfuzz", "action", "global-buffer-overflow", "honggfuzz_libtsm_fuzzer", "debug", "honggfuzz", "vte_write_debug", "parse_data", "buffer-overflow", "libtsm_honggfuzz_asan", "vte", "do_action", "parse", "global-buffer", "write", "honggfuzz_libtsm", "data", "read"], "last_tested_crash_stacktrace": null, "minidump_keys": "", "minimized_arguments": "", "minimized_keys": "b876f3ee-183a-4ea4-8bd7-780f66afd85d", "one_time_crasher_flag": false, "open": true, "overridden_fuzzer_name": "honggfuzz_libtsm_fuzzer", "platform": "linux", "platform_id": "linux", "project_name": "test-project", "queue": "jobs-linux", "redzone": 256, "regression": "NA", "security_flag": true, "security_severity": null, "status": "Processed", "symbolized": false, "timeout_multiplier": 1.0, "timestamp": 1638231214, "triaged": false, "uploader_email": null, "window_argument": "", "id": 36201}, "timestamp": 1638231214.540534, "show_blame": false, "show_impact": false, "impacts_production": false, "find_similar_issues_options": [{"type": "open", "label": "Open"}, {"type": "all", "label": "All"}], "auto_delete_timestamp": null, "auto_close_timestamp": null, "memory_tool_display_label": "Sanitizer", "memory_tool_display_value": "address (ASAN)", "last_tested": "1:1 (No component revisions found!)", "is_admin_or_not_oss_fuzz": true, "has_issue_tracker": false, "reproduction_help_url": "", "is_local_development": true, "fuzzer_display": {"engine": "honggfuzz", "target": "libtsm_fuzzer", "name": "honggfuzz", "fully_qualified_name": "honggfuzz_libtsm_fuzzer"}}