{"id": 36271, "crash_type": "Out-of-memory", "crash_address": "", "crash_state": "vlc-demux-libfuzzer\n", "crash_state_lines": ["vlc-demux-libfuzzer"], "crash_revision": 1, "csrf_token": "D6S+cXG/eQvjQp1jhkN2Yfq5FoCaAiuUjD0oLthouNSAPb8xaAgWvNikB3AHnFnrgfWQIz/OKB4owWUbxHHo3A==", "external_user": false, "footer": "[2021-11-30 00:13:18 UTC] comput12-20211129-15:14: Fuzz task : Fuzzer libFuzzer_vlc-demux-libfuzzer generated testcase crashed in 31 seconds (r1).\n", "formatted_reproduction_help": "", "fixed": "NA", "fixed_full": null, "issue_url": null, "is_admin": true, "metadata": {"build_key": "29808787-a731-44c0-b422-8dbbd382b84e", "fuzzer_binary_name": "vlc-demux-libfuzzer"}, "minimized_testcase_size": null, "needs_refresh": false, "original_testcase_size": "36 B", "privileged_user": true, "regression": "NA", "crash_stacktrace": {"lines": [{"lineNumber": 1, "content": "[Environment] ASAN_OPTIONS=alloc_dealloc_mismatch=0:allocator_may_return_null=1:allocator_release_to_os_interval_ms=500:allow_user_segv_handler=0:check_malloc_usable_size=0:detect_leaks=1:detect_odr_violation=0:detect_stack_use_after_return=1:exitcode=77:fast_unwind_on_fatal=0:handle_abort=2:handle_segv=2:handle_sigbus=2:handle_sigfpe=2:handle_sigill=2:max_uar_stack_size_log=16:print_scariness=1:print_summary=1:print_suppressions=0:quarantine_size_mb=64:redzone=32:strict_memcmp=1:symbolize=0:use_sigaltstack=1", "important": false, "type": "Line"}, {"lineNumber": 2, "content": "+----------------------------------------Release Build Stacktrace----------------------------------------+", "important": false, "type": "Line"}, {"lineNumber": 3, "content": "INFO: Running with entropic power schedule (0xFF, 100).", "important": false, "type": "Line"}, {"lineNumber": 4, "content": "INFO: Seed: 1788027777", "important": false, "type": "Line"}, {"lineNumber": 5, "content": "INFO: Loaded 1 modules   (54141 inline 8-bit counters): 54141 [0xccfc00, 0xcdcf7d),", "important": false, "type": "Line"}, {"lineNumber": 6, "content": "INFO: Loaded 1 PC tables (54141 PCs): 54141 [0xafc6c0,0xbcfe90),", "important": false, "type": "Line"}, {"lineNumber": 7, "content": "INFO:        0 files found in /clusterfuzz/run_bot/clusterfuzz/bot/inputs/fuzzer-testcases-disk/temp-20/new", "important": false, "type": "Line"}, {"lineNumber": 8, "content": "INFO:        0 files found in /clusterfuzz/run_bot/clusterfuzz/bot/inputs/fuzzer-testcases-disk/temp-20/mutations", "important": false, "type": "Line"}, {"lineNumber": 9, "content": "INFO:     3487 files found in /clusterfuzz/run_bot/clusterfuzz/bot/inputs/data-bundles/vlc-demux-libfuzzer", "important": false, "type": "Line"}, {"lineNumber": 10, "content": "INFO: -max_len is not provided; libFuzzer will not generate inputs larger than 4096 bytes", "important": false, "type": "Line"}, {"lineNumber": 11, "content": "INFO: seed corpus: files: 3487 min: 2b max: 134b total: 92507b rss: 64Mb", "important": false, "type": "Line"}, {"lineNumber": 12, "content": "==140974== ERROR: libFuzzer: out-of-memory (used: 2650Mb; limit: 2560Mb)", "important": true, "type": "Line"}, {"lineNumber": 13, "content": "   To change the out-of-memory limit use -rss_limit_mb=&lt;N&gt;", "important": false, "type": "Line"}, {"lineNumber": 14, "content": "", "important": false, "type": "Line"}, {"lineNumber": 15, "content": "Live Heap Allocations: 1792287023 bytes in 10048924 chunks; quarantined: 1031370 bytes in 160 chunks; 50961 other chunks; total chunks: 10100045; showing top 95% (at most 8 unique contexts)", "important": false, "type": "Line"}, {"lineNumber": 16, "content": "1767042816 byte(s) (98%) in 10040016 allocation(s)", "important": false, "type": "Line"}, {"lineNumber": 17, "content": "    #0 0x5272cd in malloc /src/llvm-project/compiler-rt/lib/asan/asan_malloc_linux.cpp:129:3", "important": false, "type": "Line"}, {"lineNumber": 18, "content": "    #1 0x910e7e in block_Alloc /src/vlc/src/misc/block.c:122:18", "important": false, "type": "Line"}, {"lineNumber": 19, "content": "    #2 0x725e4c in GetOutBuffer /src/vlc/modules/packetizer/dts.c:118:24", "important": false, "type": "Line"}, {"lineNumber": 20, "content": "    #3 0x725e4c in PacketizeBlock /src/vlc/modules/packetizer/dts.c:357:34", "important": false, "type": "Line"}, {"lineNumber": 21, "content": "    #4 0x5d3dfd in Parse /src/vlc/modules/demux/mpeg/es.c:655:28", "important": false, "type": "Line"}, {"lineNumber": 22, "content": "    #5 0x5c3cfb in OpenCommon /src/vlc/modules/demux/mpeg/es.c:285:13", "important": false, "type": "Line"}, {"lineNumber": 23, "content": "    #6 0x5c2996 in OpenAudio /src/vlc/modules/demux/mpeg/es.c:300:20", "important": false, "type": "Line"}, {"lineNumber": 24, "content": "    #7 0x86b5c8 in demux_Probe /src/vlc/src/input/demux.c:111:15", "important": false, "type": "Line"}, {"lineNumber": 25, "content": "    #8 0x83fa2c in vlc_module_load /src/vlc/src/modules/modules.c:243:19", "important": false, "type": "Line"}, {"lineNumber": 26, "content": "    #9 0x86b022 in demux_NewAdvanced /src/vlc/src/input/demux.c:192:20", "important": false, "type": "Line"}, {"lineNumber": 27, "content": "    #10 0x86a395 in demux_New /src/vlc/src/input/demux.c:76:12", "important": false, "type": "Line"}, {"lineNumber": 28, "content": "    #11 0x55e2c6 in demux_process_stream /src/vlc/test/src/input/demux-run.c:297:22", "important": false, "type": "Line"}, {"lineNumber": 29, "content": "    #12 0x55ee51 in libvlc_demux_process_memory /src/vlc/test/src/input/demux-run.c:379:12", "important": false, "type": "Line"}, {"lineNumber": 30, "content": "    #13 0x55df62 in LLVMFuzzerTestOneInput /src/vlc/test/vlc-demux-libfuzzer.c:54:5", "important": false, "type": "Line"}, {"lineNumber": 31, "content": "    #14 0x458103 in fuzzer::Fuzzer::ExecuteCallback(unsigned char const*, unsigned long) cxa_noexception.cpp:0", "important": false, "type": "Line"}, {"lineNumber": 32, "content": "    #15 0x4578ea in fuzzer::Fuzzer::RunOne(unsigned char const*, unsigned long, bool, fuzzer::InputInfo*, bool, bool*) cxa_noexception.cpp:0", "important": false, "type": "Line"}, {"lineNumber": 33, "content": "    #16 0x459744 in fuzzer::Fuzzer::ReadAndExecuteSeedCorpora(std::__Fuzzer::vector&lt;fuzzer::SizedFile, std::__Fuzzer::allocator&lt;fuzzer::SizedFile&gt; &gt;&amp;) cxa_noexception.cpp:0", "important": false, "type": "Line"}, {"lineNumber": 34, "content": "    #17 0x459979 in fuzzer::Fuzzer::Loop(std::__Fuzzer::vector&lt;fuzzer::SizedFile, std::__Fuzzer::allocator&lt;fuzzer::SizedFile&gt; &gt;&amp;) cxa_noexception.cpp:0", "important": false, "type": "Line"}, {"lineNumber": 35, "content": "    #18 0x4493bd in fuzzer::FuzzerDriver(int*, char***, int (*)(unsigned char const*, unsigned long)) cxa_noexception.cpp:0", "important": false, "type": "Line"}, {"lineNumber": 36, "content": "    #19 0x472402 in main /src/llvm-project/compiler-rt/lib/fuzzer/FuzzerMain.cpp:20:10", "important": false, "type": "Line"}, {"lineNumber": 37, "content": "    #20 0x7fbf698f60b2 in __libc_start_main", "important": false, "type": "Line"}, {"lineNumber": 38, "content": "", "important": false, "type": "Line"}, {"lineNumber": 39, "content": "MS: 0 ; base unit: 0000000000000000000000000000000000000000", "important": false, "type": "Line"}, {"lineNumber": 40, "content": "0xa,0x80,0x19,0x21,0x2,0x0,0xff,0xf7,0xf7,0xf7,0xf7,0xf7,0xf7,0xf7,0xf7,0x0,0x0,0x0,0x0,0x0,0x0,0x0,0x0,0x0,0x0,0x0,0x0,0x70,0x70,0x70,0x2d,0x69,0x64,0x64,0x64,0xff,", "important": false, "type": "Line"}, {"lineNumber": 41, "content": "\\012\\200\\031!\\002\\000\\377\\367\\367\\367\\367\\367\\367\\367\\367\\000\\000\\000\\000\\000\\000\\000\\000\\000\\000\\000\\000ppp-iddd\\377", "important": false, "type": "Line"}, {"lineNumber": 42, "content": "artifact_prefix=&#x27;/clusterfuzz/run_bot/clusterfuzz/bot/inputs/fuzzer-testcases/&#x27;; Test unit written to /clusterfuzz/run_bot/clusterfuzz/bot/inputs/fuzzer-testcases/oom-119ea1d5d5bc1a5adfcb6a49ef82ddf03ff2b7f1", "important": false, "type": "Line"}, {"lineNumber": 43, "content": "Base64: CoAZIQIA//f39/f39/f3AAAAAAAAAAAAAAAAcHBwLWlkZGT/", "important": false, "type": "Line"}, {"lineNumber": 44, "content": "SUMMARY: libFuzzer: out-of-memory", "important": false, "type": "Line"}, {"lineNumber": 45, "content": "stat::number_of_executed_units: 2913", "important": false, "type": "Line"}, {"lineNumber": 46, "content": "stat::average_exec_per_sec:     93", "important": false, "type": "Line"}, {"lineNumber": 47, "content": "stat::new_units_added:          0", "important": false, "type": "Line"}, {"lineNumber": 48, "content": "stat::slowest_unit_time_sec:    0", "important": false, "type": "Line"}, {"lineNumber": 49, "content": "stat::peak_rss_mb:              2650", "important": false, "type": "Line"}, {"lineNumber": 50, "content": "", "important": false, "type": "Line"}, {"lineNumber": 51, "content": "", "important": false, "type": "Line"}, {"lineNumber": 52, "content": "+----------------------------------------Release Build Unsymbolized Stacktrace (diff)----------------------------------------+", "important": false, "type": "Line"}, {"lineNumber": 53, "content": "", "important": false, "type": "Line"}, {"lineNumber": 54, "content": "Live Heap Allocations: 1792287023 bytes in 10048924 chunks; quarantined: 1031370 bytes in 160 chunks; 50961 other chunks; total chunks: 10100045; showing top 95% (at most 8 unique contexts)", "important": false, "type": "Line"}, {"lineNumber": 55, "content": "1767042816 byte(s) (98%) in 10040016 allocation(s)", "important": false, "type": "Line"}, {"lineNumber": 56, "content": "    #0 0x5272cd  (/clusterfuzz/run_bot/clusterfuzz/bot/builds/vlc_libfuzzer_asan/custom/vlc-demux-libfuzzer+0x5272cd)", "important": false, "type": "Line"}, {"lineNumber": 57, "content": "    #1 0x910e7e  (/clusterfuzz/run_bot/clusterfuzz/bot/builds/vlc_libfuzzer_asan/custom/vlc-demux-libfuzzer+0x910e7e)", "important": false, "type": "Line"}, {"lineNumber": 58, "content": "    #2 0x725e4c  (/clusterfuzz/run_bot/clusterfuzz/bot/builds/vlc_libfuzzer_asan/custom/vlc-demux-libfuzzer+0x725e4c)", "important": false, "type": "Line"}, {"lineNumber": 59, "content": "    #3 0x5d3dfd  (/clusterfuzz/run_bot/clusterfuzz/bot/builds/vlc_libfuzzer_asan/custom/vlc-demux-libfuzzer+0x5d3dfd)", "important": false, "type": "Line"}, {"lineNumber": 60, "content": "    #4 0x5c3cfb  (/clusterfuzz/run_bot/clusterfuzz/bot/builds/vlc_libfuzzer_asan/custom/vlc-demux-libfuzzer+0x5c3cfb)", "important": false, "type": "Line"}, {"lineNumber": 61, "content": "    #5 0x5c2996  (/clusterfuzz/run_bot/clusterfuzz/bot/builds/vlc_libfuzzer_asan/custom/vlc-demux-libfuzzer+0x5c2996)", "important": false, "type": "Line"}, {"lineNumber": 62, "content": "    #6 0x86b5c8  (/clusterfuzz/run_bot/clusterfuzz/bot/builds/vlc_libfuzzer_asan/custom/vlc-demux-libfuzzer+0x86b5c8)", "important": false, "type": "Line"}, {"lineNumber": 63, "content": "    #7 0x83fa2c  (/clusterfuzz/run_bot/clusterfuzz/bot/builds/vlc_libfuzzer_asan/custom/vlc-demux-libfuzzer+0x83fa2c)", "important": false, "type": "Line"}, {"lineNumber": 64, "content": "    #8 0x86b022  (/clusterfuzz/run_bot/clusterfuzz/bot/builds/vlc_libfuzzer_asan/custom/vlc-demux-libfuzzer+0x86b022)", "important": false, "type": "Line"}, {"lineNumber": 65, "content": "    #9 0x86a395  (/clusterfuzz/run_bot/clusterfuzz/bot/builds/vlc_libfuzzer_asan/custom/vlc-demux-libfuzzer+0x86a395)", "important": false, "type": "Line"}, {"lineNumber": 66, "content": "    #10 0x55e2c6  (/clusterfuzz/run_bot/clusterfuzz/bot/builds/vlc_libfuzzer_asan/custom/vlc-demux-libfuzzer+0x55e2c6)", "important": false, "type": "Line"}, {"lineNumber": 67, "content": "    #11 0x55ee51  (/clusterfuzz/run_bot/clusterfuzz/bot/builds/vlc_libfuzzer_asan/custom/vlc-demux-libfuzzer+0x55ee51)", "important": false, "type": "Line"}, {"lineNumber": 68, "content": "    #12 0x55df62  (/clusterfuzz/run_bot/clusterfuzz/bot/builds/vlc_libfuzzer_asan/custom/vlc-demux-libfuzzer+0x55df62)", "important": false, "type": "Line"}, {"lineNumber": 69, "content": "    #13 0x458103  (/clusterfuzz/run_bot/clusterfuzz/bot/builds/vlc_libfuzzer_asan/custom/vlc-demux-libfuzzer+0x458103)", "important": false, "type": "Line"}, {"lineNumber": 70, "content": "    #14 0x4578ea  (/clusterfuzz/run_bot/clusterfuzz/bot/builds/vlc_libfuzzer_asan/custom/vlc-demux-libfuzzer+0x4578ea)", "important": false, "type": "Line"}, {"lineNumber": 71, "content": "    #15 0x459744  (/clusterfuzz/run_bot/clusterfuzz/bot/builds/vlc_libfuzzer_asan/custom/vlc-demux-libfuzzer+0x459744)", "important": false, "type": "Line"}, {"lineNumber": 72, "content": "    #16 0x459979  (/clusterfuzz/run_bot/clusterfuzz/bot/builds/vlc_libfuzzer_asan/custom/vlc-demux-libfuzzer+0x459979)", "important": false, "type": "Line"}, {"lineNumber": 73, "content": "    #17 0x4493bd  (/clusterfuzz/run_bot/clusterfuzz/bot/builds/vlc_libfuzzer_asan/custom/vlc-demux-libfuzzer+0x4493bd)", "important": false, "type": "Line"}, {"lineNumber": 74, "content": "    #18 0x472402  (/clusterfuzz/run_bot/clusterfuzz/bot/builds/vlc_libfuzzer_asan/custom/vlc-demux-libfuzzer+0x472402)", "important": false, "type": "Line"}, {"lineNumber": 75, "content": "    #19 0x7fbf698f60b2  (/lib/x86_64-linux-gnu/libc.so.6+0x270b2)", "important": false, "type": "Line"}], "revision": "1"}, "last_tested_crash_stacktrace": {"lines": [], "revision": null}, "security_severity": null, "security_severities": [{"value": 0, "name": "Critical"}, {"value": 1, "name": "High", "default": true}, {"value": 2, "name": "Medium"}, {"value": 3, "name": "Low"}, {"value": 4, "name": "Missing"}], "stats": {"min_hour": 1, "max_hour": 1}, "suspected_cls": null, "testcase": {"absolute_path": "/clusterfuzz/run_bot/clusterfuzz/bot/inputs/fuzzer-testcases/oom-119ea1d5d5bc1a5adfcb6a49ef82ddf03ff2b7f1", "additional_metadata": "{\"build_key\": \"29808787-a731-44c0-b422-8dbbd382b84e\", \"fuzzer_binary_name\": \"vlc-demux-libfuzzer\"}", "archive_filename": null, "archive_state": 0, "binary_flag": true, "bug_indices": [], "bug_information": "", "comments": "[2021-11-30 00:13:18 UTC] comput12-20211129-15:14: Fuzz task : Fuzzer libFuzzer_vlc-demux-libfuzzer generated testcase crashed in 31 seconds (r1).\n", "crash_address": "", "crash_revision": 1, "crash_stacktrace": "[Environment] ASAN_OPTIONS=alloc_dealloc_mismatch=0:allocator_may_return_null=1:allocator_release_to_os_interval_ms=500:allow_user_segv_handler=0:check_malloc_usable_size=0:detect_leaks=1:detect_odr_violation=0:detect_stack_use_after_return=1:exitcode=77:fast_unwind_on_fatal=0:handle_abort=2:handle_segv=2:handle_sigbus=2:handle_sigfpe=2:handle_sigill=2:max_uar_stack_size_log=16:print_scariness=1:print_summary=1:print_suppressions=0:quarantine_size_mb=64:redzone=32:strict_memcmp=1:symbolize=0:use_sigaltstack=1\n+----------------------------------------Release Build Stacktrace----------------------------------------+\nINFO: Running with entropic power schedule (0xFF, 100).\nINFO: Seed: 1788027777\nINFO: Loaded 1 modules   (54141 inline 8-bit counters): 54141 [0xccfc00, 0xcdcf7d),\nINFO: Loaded 1 PC tables (54141 PCs): 54141 [0xafc6c0,0xbcfe90),\nINFO:        0 files found in /clusterfuzz/run_bot/clusterfuzz/bot/inputs/fuzzer-testcases-disk/temp-20/new\nINFO:        0 files found in /clusterfuzz/run_bot/clusterfuzz/bot/inputs/fuzzer-testcases-disk/temp-20/mutations\nINFO:     3487 files found in /clusterfuzz/run_bot/clusterfuzz/bot/inputs/data-bundles/vlc-demux-libfuzzer\nINFO: -max_len is not provided; libFuzzer will not generate inputs larger than 4096 bytes\nINFO: seed corpus: files: 3487 min: 2b max: 134b total: 92507b rss: 64Mb\n==140974== ERROR: libFuzzer: out-of-memory (used: 2650Mb; limit: 2560Mb)\n   To change the out-of-memory limit use -rss_limit_mb=<N>\n\nLive Heap Allocations: 1792287023 bytes in 10048924 chunks; quarantined: 1031370 bytes in 160 chunks; 50961 other chunks; total chunks: 10100045; showing top 95% (at most 8 unique contexts)\n1767042816 byte(s) (98%) in 10040016 allocation(s)\n    #0 0x5272cd in malloc /src/llvm-project/compiler-rt/lib/asan/asan_malloc_linux.cpp:129:3\n    #1 0x910e7e in block_Alloc /src/vlc/src/misc/block.c:122:18\n    #2 0x725e4c in GetOutBuffer /src/vlc/modules/packetizer/dts.c:118:24\n    #3 0x725e4c in PacketizeBlock /src/vlc/modules/packetizer/dts.c:357:34\n    #4 0x5d3dfd in Parse /src/vlc/modules/demux/mpeg/es.c:655:28\n    #5 0x5c3cfb in OpenCommon /src/vlc/modules/demux/mpeg/es.c:285:13\n    #6 0x5c2996 in OpenAudio /src/vlc/modules/demux/mpeg/es.c:300:20\n    #7 0x86b5c8 in demux_Probe /src/vlc/src/input/demux.c:111:15\n    #8 0x83fa2c in vlc_module_load /src/vlc/src/modules/modules.c:243:19\n    #9 0x86b022 in demux_NewAdvanced /src/vlc/src/input/demux.c:192:20\n    #10 0x86a395 in demux_New /src/vlc/src/input/demux.c:76:12\n    #11 0x55e2c6 in demux_process_stream /src/vlc/test/src/input/demux-run.c:297:22\n    #12 0x55ee51 in libvlc_demux_process_memory /src/vlc/test/src/input/demux-run.c:379:12\n    #13 0x55df62 in LLVMFuzzerTestOneInput /src/vlc/test/vlc-demux-libfuzzer.c:54:5\n    #14 0x458103 in fuzzer::Fuzzer::ExecuteCallback(unsigned char const*, unsigned long) cxa_noexception.cpp:0\n    #15 0x4578ea in fuzzer::Fuzzer::RunOne(unsigned char const*, unsigned long, bool, fuzzer::InputInfo*, bool, bool*) cxa_noexception.cpp:0\n    #16 0x459744 in fuzzer::Fuzzer::ReadAndExecuteSeedCorpora(std::__Fuzzer::vector<fuzzer::SizedFile, std::__Fuzzer::allocator<fuzzer::SizedFile> >&) cxa_noexception.cpp:0\n    #17 0x459979 in fuzzer::Fuzzer::Loop(std::__Fuzzer::vector<fuzzer::SizedFile, std::__Fuzzer::allocator<fuzzer::SizedFile> >&) cxa_noexception.cpp:0\n    #18 0x4493bd in fuzzer::FuzzerDriver(int*, char***, int (*)(unsigned char const*, unsigned long)) cxa_noexception.cpp:0\n    #19 0x472402 in main /src/llvm-project/compiler-rt/lib/fuzzer/FuzzerMain.cpp:20:10\n    #20 0x7fbf698f60b2 in __libc_start_main\n\nMS: 0 ; base unit: 0000000000000000000000000000000000000000\n0xa,0x80,0x19,0x21,0x2,0x0,0xff,0xf7,0xf7,0xf7,0xf7,0xf7,0xf7,0xf7,0xf7,0x0,0x0,0x0,0x0,0x0,0x0,0x0,0x0,0x0,0x0,0x0,0x0,0x70,0x70,0x70,0x2d,0x69,0x64,0x64,0x64,0xff,\n\\012\\200\\031!\\002\\000\\377\\367\\367\\367\\367\\367\\367\\367\\367\\000\\000\\000\\000\\000\\000\\000\\000\\000\\000\\000\\000ppp-iddd\\377\nartifact_prefix='/clusterfuzz/run_bot/clusterfuzz/bot/inputs/fuzzer-testcases/'; Test unit written to /clusterfuzz/run_bot/clusterfuzz/bot/inputs/fuzzer-testcases/oom-119ea1d5d5bc1a5adfcb6a49ef82ddf03ff2b7f1\nBase64: CoAZIQIA//f39/f39/f3AAAAAAAAAAAAAAAAcHBwLWlkZGT/\nSUMMARY: libFuzzer: out-of-memory\nstat::number_of_executed_units: 2913\nstat::average_exec_per_sec:     93\nstat::new_units_added:          0\nstat::slowest_unit_time_sec:    0\nstat::peak_rss_mb:              2650\n\n\n+----------------------------------------Release Build Unsymbolized Stacktrace (diff)----------------------------------------+\n\nLive Heap Allocations: 1792287023 bytes in 10048924 chunks; quarantined: 1031370 bytes in 160 chunks; 50961 other chunks; total chunks: 10100045; showing top 95% (at most 8 unique contexts)\n1767042816 byte(s) (98%) in 10040016 allocation(s)\n    #0 0x5272cd  (/clusterfuzz/run_bot/clusterfuzz/bot/builds/vlc_libfuzzer_asan/custom/vlc-demux-libfuzzer+0x5272cd)\n    #1 0x910e7e  (/clusterfuzz/run_bot/clusterfuzz/bot/builds/vlc_libfuzzer_asan/custom/vlc-demux-libfuzzer+0x910e7e)\n    #2 0x725e4c  (/clusterfuzz/run_bot/clusterfuzz/bot/builds/vlc_libfuzzer_asan/custom/vlc-demux-libfuzzer+0x725e4c)\n    #3 0x5d3dfd  (/clusterfuzz/run_bot/clusterfuzz/bot/builds/vlc_libfuzzer_asan/custom/vlc-demux-libfuzzer+0x5d3dfd)\n    #4 0x5c3cfb  (/clusterfuzz/run_bot/clusterfuzz/bot/builds/vlc_libfuzzer_asan/custom/vlc-demux-libfuzzer+0x5c3cfb)\n    #5 0x5c2996  (/clusterfuzz/run_bot/clusterfuzz/bot/builds/vlc_libfuzzer_asan/custom/vlc-demux-libfuzzer+0x5c2996)\n    #6 0x86b5c8  (/clusterfuzz/run_bot/clusterfuzz/bot/builds/vlc_libfuzzer_asan/custom/vlc-demux-libfuzzer+0x86b5c8)\n    #7 0x83fa2c  (/clusterfuzz/run_bot/clusterfuzz/bot/builds/vlc_libfuzzer_asan/custom/vlc-demux-libfuzzer+0x83fa2c)\n    #8 0x86b022  (/clusterfuzz/run_bot/clusterfuzz/bot/builds/vlc_libfuzzer_asan/custom/vlc-demux-libfuzzer+0x86b022)\n    #9 0x86a395  (/clusterfuzz/run_bot/clusterfuzz/bot/builds/vlc_libfuzzer_asan/custom/vlc-demux-libfuzzer+0x86a395)\n    #10 0x55e2c6  (/clusterfuzz/run_bot/clusterfuzz/bot/builds/vlc_libfuzzer_asan/custom/vlc-demux-libfuzzer+0x55e2c6)\n    #11 0x55ee51  (/clusterfuzz/run_bot/clusterfuzz/bot/builds/vlc_libfuzzer_asan/custom/vlc-demux-libfuzzer+0x55ee51)\n    #12 0x55df62  (/clusterfuzz/run_bot/clusterfuzz/bot/builds/vlc_libfuzzer_asan/custom/vlc-demux-libfuzzer+0x55df62)\n    #13 0x458103  (/clusterfuzz/run_bot/clusterfuzz/bot/builds/vlc_libfuzzer_asan/custom/vlc-demux-libfuzzer+0x458103)\n    #14 0x4578ea  (/clusterfuzz/run_bot/clusterfuzz/bot/builds/vlc_libfuzzer_asan/custom/vlc-demux-libfuzzer+0x4578ea)\n    #15 0x459744  (/clusterfuzz/run_bot/clusterfuzz/bot/builds/vlc_libfuzzer_asan/custom/vlc-demux-libfuzzer+0x459744)\n    #16 0x459979  (/clusterfuzz/run_bot/clusterfuzz/bot/builds/vlc_libfuzzer_asan/custom/vlc-demux-libfuzzer+0x459979)\n    #17 0x4493bd  (/clusterfuzz/run_bot/clusterfuzz/bot/builds/vlc_libfuzzer_asan/custom/vlc-demux-libfuzzer+0x4493bd)\n    #18 0x472402  (/clusterfuzz/run_bot/clusterfuzz/bot/builds/vlc_libfuzzer_asan/custom/vlc-demux-libfuzzer+0x472402)\n    #19 0x7fbf698f60b2  (/lib/x86_64-linux-gnu/libc.so.6+0x270b2)\n", "crash_state": "vlc-demux-libfuzzer\n", "crash_type": "Out-of-memory", "disable_ubsan": false, "duplicate_of": null, "fixed": "NA", "flaky_stack": false, "fuzzed_keys": "3deef97a-ce38-43a6-b235-fdf8c87e5f96", "fuzzer_name": "libFuzzer", "fuzzer_name_indices": ["libFuzzer_vlc-demux-libfuzzer", "libFuzzer"], "gestures": [], "group_bug_information": 0, "group_id": 0, "has_bug_flag": false, "http_flag": false, "impact_beta_version": null, "impact_beta_version_indices": [], "impact_beta_version_likely": null, "impact_extended_stable_version": null, "impact_extended_stable_version_indices": [], "impact_extended_stable_version_likely": null, "impact_head_version": null, "impact_head_version_indices": [], "impact_head_version_likely": null, "impact_indices": [], "impact_stable_version": null, "impact_stable_version_indices": [], "impact_stable_version_likely": null, "impact_version_indices": [], "is_a_duplicate_flag": false, "is_impact_set_flag": null, "is_leader": true, "job_type": "vlc_libfuzzer_asan", "keywords": ["memory", "fuzzer", "fuzzer_vlc-demux-libfuzzer", "linux", "vlc", "vlc_libfuzzer_asan", "asan", "out-of", "out-of-memory", "vlc-demux-libfuzzer", "fuzzer_vlc-demux", "vlc_libfuzzer", "vlc-demux", "libfuzzer_vlc-demux-libfuzzer", "fuzzer_vlc", "demux-libfuzzer", "demux", "libfuzzer", "out", "of-memory", "libfuzzer_vlc-demux", "libfuzzer_vlc", "of", "lib", "libfuzzer_asan"], "last_tested_crash_stacktrace": null, "minidump_keys": "", "minimized_arguments": "-rss_limit_mb=2560 -timeout=60", "minimized_keys": "NA", "one_time_crasher_flag": true, "open": true, "overridden_fuzzer_name": "libFuzzer_vlc-demux-libfuzzer", "platform": "linux", "platform_id": "linux", "project_name": "test-project", "queue": "jobs-linux", "redzone": 32, "regression": "NA", "security_flag": false, "security_severity": null, "status": "Processed", "symbolized": false, "timeout_multiplier": 1.0, "timestamp": 1638231198, "triaged": false, "uploader_email": null, "window_argument": "", "id": 36271}, "timestamp": 1638231198.031675, "show_blame": false, "show_impact": false, "impacts_production": false, "find_similar_issues_options": [{"type": "open", "label": "Open"}, {"type": "all", "label": "All"}], "auto_delete_timestamp": 1638835998.031675, "auto_close_timestamp": null, "memory_tool_display_label": "Sanitizer", "memory_tool_display_value": "address (ASAN)", "last_tested": "1:1 (No component revisions found!)", "is_admin_or_not_oss_fuzz": true, "has_issue_tracker": false, "reproduction_help_url": "", "is_local_development": true, "fuzzer_display": {"engine": "libFuzzer", "target": "vlc-demux-libfuzzer", "name": "libFuzzer", "fully_qualified_name": "libFuzzer_vlc-demux-libfuzzer"}}