{"id": 3695, "crash_type": "Use-of-uninitialized-value", "crash_address": "", "crash_state": "driver_h3.cc\n", "crash_state_lines": ["driver_h3.cc"], "crash_revision": 1, "csrf_token": "D6S+cXG/eQvjQp1jhkN2Yfq5FoCaAiuUjD0oLthouNSAPb8xaAgWvNikB3AHnFnrgfWQIz/OKB4owWUbxHHo3A==", "external_user": false, "footer": "[2021-11-28 12:14:42 UTC] snode8-20211128-16:44: Fuzz task : Fuzzer libFuzzer_h2o-fuzzer-http3 generated testcase crashed in 268 seconds (r1).\n[2021-11-28 13:10:43 UTC] snode8-20211128-16:42: Minimize task started.\n[2021-11-28 13:37:01 UTC] snode8-20211128-16:42: Minimize task finished.\n[2021-11-30 00:11:58 UTC] snode9-20211129-17:28: Progression task started.\n[2021-11-30 00:13:22 UTC] snode9-20211129-17:28: Progression task finished: still crashes on latest custom build.\n", "formatted_reproduction_help": "", "fixed": "NO", "fixed_full": null, "issue_url": null, "is_admin": true, "metadata": {"build_key": "d5abf86a-60aa-4ae6-b0e7-09fc97760284", "env": {"MSAN_OPTIONS": {}}, "fuzzer_binary_name": "h2o-fuzzer-http3", "fuzzing_strategies": {"fork": 64}, "last_tested_crash_revision": null, "last_tested_crash_time": 1638231202, "last_tested_revision": null}, "minimized_testcase_size": "45 B", "needs_refresh": false, "original_testcase_size": "45 B", "privileged_user": true, "regression": "NA", "crash_stacktrace": {"lines": [{"lineNumber": 1, "content": "[Environment] MSAN_OPTIONS=exitcode=77", "important": false, "type": "Line"}, {"lineNumber": 2, "content": "+----------------------------------------Release Build Stacktrace----------------------------------------+", "important": false, "type": "Line"}, {"lineNumber": 3, "content": "Command: /clusterfuzz/run_bot/clusterfuzz/bot/builds/h2o_libfuzzer_msan/custom/h2o-fuzzer-http3 -close_fd_mask=3 -rss_limit_mb=2560 -timeout=60 -runs=100 /clusterfuzz/run_bot/clusterfuzz/bot/inputs/fuzzer-testcases/bc7ab2961bd1e8bfd76a3b780e93c0870deb303f1f6c4002f5334bcda6e27542", "important": false, "type": "Line"}, {"lineNumber": 4, "content": "Time ran: 0.08845376968383789", "important": false, "type": "Line"}, {"lineNumber": 5, "content": "", "important": false, "type": "Line"}, {"lineNumber": 6, "content": "INFO: Running with entropic power schedule (0xFF, 100).", "important": false, "type": "Line"}, {"lineNumber": 7, "content": "INFO: Seed: 1799594251", "important": false, "type": "Line"}, {"lineNumber": 8, "content": "INFO: Loaded 1 modules   (35623 inline 8-bit counters): 35623 [0x1045d94, 0x104e8bb),", "important": false, "type": "Line"}, {"lineNumber": 9, "content": "INFO: Loaded 1 PC tables (35623 PCs): 35623 [0xebe7e8,0xf49a58),", "important": false, "type": "Line"}, {"lineNumber": 10, "content": "/clusterfuzz/run_bot/clusterfuzz/bot/builds/h2o_libfuzzer_msan/custom/h2o-fuzzer-http3: Running 1 inputs 100 time(s) each.", "important": false, "type": "Line"}, {"lineNumber": 11, "content": "Running: /clusterfuzz/run_bot/clusterfuzz/bot/inputs/fuzzer-testcases/bc7ab2961bd1e8bfd76a3b780e93c0870deb303f1f6c4002f5334bcda6e27542", "important": false, "type": "Line"}, {"lineNumber": 12, "content": "==5913==WARNING: MemorySanitizer: use-of-uninitialized-value", "important": false, "type": "Line"}, {"lineNumber": 13, "content": "    #0 0x506818 in LLVMFuzzerTestOneInput /src/h2o/fuzz/driver_h3.cc:190:13", "important": true, "type": "Line"}, {"lineNumber": 14, "content": "    #1 0xbb5393 in fuzzer::Fuzzer::ExecuteCallback(unsigned char const*, unsigned long) cxa_noexception.cpp:0", "important": false, "type": "Line"}, {"lineNumber": 15, "content": "    #2 0xba0ca2 in fuzzer::RunOneTest(fuzzer::Fuzzer*, char const*, unsigned long) /src/llvm-project/compiler-rt/lib/fuzzer/FuzzerDriver.cpp:324:6", "important": false, "type": "Line"}, {"lineNumber": 16, "content": "    #3 0xba676a in fuzzer::FuzzerDriver(int*, char***, int (*)(unsigned char const*, unsigned long)) cxa_noexception.cpp:0", "important": false, "type": "Line"}, {"lineNumber": 17, "content": "    #4 0xbcf692 in main /src/llvm-project/compiler-rt/lib/fuzzer/FuzzerMain.cpp:20:10", "important": false, "type": "Line"}, {"lineNumber": 18, "content": "    #5 0x7f0cca4600b2 in __libc_start_main", "important": false, "type": "Line"}, {"lineNumber": 19, "content": "    #6 0x480edd in _start", "important": false, "type": "Line"}, {"lineNumber": 20, "content": "", "important": false, "type": "Line"}, {"lineNumber": 21, "content": "  Uninitialized value was stored to memory at", "important": false, "type": "Line"}, {"lineNumber": 22, "content": "    #0 0x506baf in on_stream_send_cb(st_mquicly_on_stream_send_t*, st_quicly_conn_t*, st_quicly_stream_t*, void const*, unsigned long, unsigned long, int) /src/h2o/fuzz/driver_h3.cc:93:19", "important": true, "type": "Line"}, {"lineNumber": 23, "content": "    #1 0x509271 in quicly_send_stream /src/h2o/fuzz/quicly_mock.c:193:9", "important": false, "type": "Line"}, {"lineNumber": 24, "content": "    #2 0x8aa8c1 in scheduler_do_send /src/h2o/lib/http3/server.c:1643:24", "important": false, "type": "Line"}, {"lineNumber": 25, "content": "    #3 0x50c80e in quicly_send /src/h2o/fuzz/quicly_mock.c:449:11", "important": false, "type": "Line"}, {"lineNumber": 26, "content": "    #4 0x888459 in h2o_quic_send /src/h2o/lib/http3/common.c:1162:15", "important": false, "type": "Line"}, {"lineNumber": 27, "content": "    #5 0x69c08a in h2o_evloop_run /src/h2o/lib/common/socket/evloop.c.h:654:13", "important": false, "type": "Line"}, {"lineNumber": 28, "content": "    #6 0x505fa9 in LLVMFuzzerTestOneInput /src/h2o/fuzz/driver_h3.cc:184:9", "important": true, "type": "Line"}, {"lineNumber": 29, "content": "    #7 0xbb5393 in fuzzer::Fuzzer::ExecuteCallback(unsigned char const*, unsigned long) cxa_noexception.cpp:0", "important": false, "type": "Line"}, {"lineNumber": 30, "content": "    #8 0xba0ca2 in fuzzer::RunOneTest(fuzzer::Fuzzer*, char const*, unsigned long) /src/llvm-project/compiler-rt/lib/fuzzer/FuzzerDriver.cpp:324:6", "important": false, "type": "Line"}, {"lineNumber": 31, "content": "    #9 0xba676a in fuzzer::FuzzerDriver(int*, char***, int (*)(unsigned char const*, unsigned long)) cxa_noexception.cpp:0", "important": false, "type": "Line"}, {"lineNumber": 32, "content": "    #10 0xbcf692 in main /src/llvm-project/compiler-rt/lib/fuzzer/FuzzerMain.cpp:20:10", "important": false, "type": "Line"}, {"lineNumber": 33, "content": "    #11 0x7f0cca4600b2 in __libc_start_main", "important": false, "type": "Line"}, {"lineNumber": 34, "content": "", "important": false, "type": "Line"}, {"lineNumber": 35, "content": "  Uninitialized value was created", "important": false, "type": "Line"}, {"lineNumber": 36, "content": "    &lt;empty stack&gt;", "important": false, "type": "Line"}, {"lineNumber": 37, "content": "", "important": false, "type": "Line"}, {"lineNumber": 38, "content": "SUMMARY: MemorySanitizer: use-of-uninitialized-value (/clusterfuzz/run_bot/clusterfuzz/bot/builds/h2o_libfuzzer_msan/custom/h2o-fuzzer-http3+0x506818)", "important": false, "type": "Line"}, {"lineNumber": 39, "content": "Exiting", "important": false, "type": "Line"}, {"lineNumber": 40, "content": "", "important": false, "type": "Line"}, {"lineNumber": 41, "content": "", "important": false, "type": "Line"}, {"lineNumber": 42, "content": "+----------------------------------------Release Build Unsymbolized Stacktrace (diff)----------------------------------------+", "important": false, "type": "Line"}, {"lineNumber": 43, "content": "", "important": false, "type": "Line"}, {"lineNumber": 44, "content": "Running: /clusterfuzz/run_bot/clusterfuzz/bot/inputs/fuzzer-testcases/bc7ab2961bd1e8bfd76a3b780e93c0870deb303f1f6c4002f5334bcda6e27542", "important": false, "type": "Line"}, {"lineNumber": 45, "content": "==5913==WARNING: MemorySanitizer: use-of-uninitialized-value", "important": false, "type": "Line"}, {"lineNumber": 46, "content": "    #0 0x506818  (/clusterfuzz/run_bot/clusterfuzz/bot/builds/h2o_libfuzzer_msan/custom/h2o-fuzzer-http3+0x506818)", "important": false, "type": "Line"}, {"lineNumber": 47, "content": "    #1 0xbb5393  (/clusterfuzz/run_bot/clusterfuzz/bot/builds/h2o_libfuzzer_msan/custom/h2o-fuzzer-http3+0xbb5393)", "important": false, "type": "Line"}, {"lineNumber": 48, "content": "    #2 0xba0ca2  (/clusterfuzz/run_bot/clusterfuzz/bot/builds/h2o_libfuzzer_msan/custom/h2o-fuzzer-http3+0xba0ca2)", "important": false, "type": "Line"}, {"lineNumber": 49, "content": "    #3 0xba676a  (/clusterfuzz/run_bot/clusterfuzz/bot/builds/h2o_libfuzzer_msan/custom/h2o-fuzzer-http3+0xba676a)", "important": false, "type": "Line"}, {"lineNumber": 50, "content": "    #4 0xbcf692  (/clusterfuzz/run_bot/clusterfuzz/bot/builds/h2o_libfuzzer_msan/custom/h2o-fuzzer-http3+0xbcf692)", "important": false, "type": "Line"}, {"lineNumber": 51, "content": "    #5 0x7f0cca4600b2  (/lib/x86_64-linux-gnu/libc.so.6+0x270b2)", "important": false, "type": "Line"}, {"lineNumber": 52, "content": "    #6 0x480edd  (/clusterfuzz/run_bot/clusterfuzz/bot/builds/h2o_libfuzzer_msan/custom/h2o-fuzzer-http3+0x480edd)", "important": false, "type": "Line"}, {"lineNumber": 53, "content": "", "important": false, "type": "Line"}, {"lineNumber": 54, "content": "  Uninitialized value was stored to memory at", "important": false, "type": "Line"}, {"lineNumber": 55, "content": "    #0 0x506baf  (/clusterfuzz/run_bot/clusterfuzz/bot/builds/h2o_libfuzzer_msan/custom/h2o-fuzzer-http3+0x506baf)", "important": false, "type": "Line"}, {"lineNumber": 56, "content": "    #1 0x509271  (/clusterfuzz/run_bot/clusterfuzz/bot/builds/h2o_libfuzzer_msan/custom/h2o-fuzzer-http3+0x509271)", "important": false, "type": "Line"}, {"lineNumber": 57, "content": "    #2 0x8aa8c1  (/clusterfuzz/run_bot/clusterfuzz/bot/builds/h2o_libfuzzer_msan/custom/h2o-fuzzer-http3+0x8aa8c1)", "important": false, "type": "Line"}, {"lineNumber": 58, "content": "    #3 0x50c80e  (/clusterfuzz/run_bot/clusterfuzz/bot/builds/h2o_libfuzzer_msan/custom/h2o-fuzzer-http3+0x50c80e)", "important": false, "type": "Line"}, {"lineNumber": 59, "content": "    #4 0x888459  (/clusterfuzz/run_bot/clusterfuzz/bot/builds/h2o_libfuzzer_msan/custom/h2o-fuzzer-http3+0x888459)", "important": false, "type": "Line"}, {"lineNumber": 60, "content": "    #5 0x69c08a  (/clusterfuzz/run_bot/clusterfuzz/bot/builds/h2o_libfuzzer_msan/custom/h2o-fuzzer-http3+0x69c08a)", "important": false, "type": "Line"}, {"lineNumber": 61, "content": "    #6 0x505fa9  (/clusterfuzz/run_bot/clusterfuzz/bot/builds/h2o_libfuzzer_msan/custom/h2o-fuzzer-http3+0x505fa9)", "important": false, "type": "Line"}, {"lineNumber": 62, "content": "    #7 0xbb5393  (/clusterfuzz/run_bot/clusterfuzz/bot/builds/h2o_libfuzzer_msan/custom/h2o-fuzzer-http3+0xbb5393)", "important": false, "type": "Line"}, {"lineNumber": 63, "content": "    #8 0xba0ca2  (/clusterfuzz/run_bot/clusterfuzz/bot/builds/h2o_libfuzzer_msan/custom/h2o-fuzzer-http3+0xba0ca2)", "important": false, "type": "Line"}, {"lineNumber": 64, "content": "    #9 0xba676a  (/clusterfuzz/run_bot/clusterfuzz/bot/builds/h2o_libfuzzer_msan/custom/h2o-fuzzer-http3+0xba676a)", "important": false, "type": "Line"}, {"lineNumber": 65, "content": "    #10 0xbcf692  (/clusterfuzz/run_bot/clusterfuzz/bot/builds/h2o_libfuzzer_msan/custom/h2o-fuzzer-http3+0xbcf692)", "important": false, "type": "Line"}, {"lineNumber": 66, "content": "    #11 0x7f0cca4600b2  (/lib/x86_64-linux-gnu/libc.so.6+0x270b2)", "important": false, "type": "Line"}], "revision": "1"}, "last_tested_crash_stacktrace": {"lines": [{"lineNumber": 1, "content": "[Environment] MSAN_OPTIONS=exitcode=77", "important": false, "type": "Line"}, {"lineNumber": 2, "content": "+----------------------------------------Release Build Stacktrace----------------------------------------+", "important": false, "type": "Line"}, {"lineNumber": 3, "content": "Command: /clusterfuzz/run_bot/clusterfuzz/bot/builds/h2o_libfuzzer_msan/custom/h2o-fuzzer-http3 -close_fd_mask=3 -rss_limit_mb=2560 -timeout=60 -runs=100 /clusterfuzz/run_bot/clusterfuzz/bot/inputs/fuzzer-testcases/crash-f8643cbc0deb303f1f6c4002f5334bcda6e27542", "important": false, "type": "Line"}, {"lineNumber": 4, "content": "Time ran: 0.08420538902282715", "important": false, "type": "Line"}, {"lineNumber": 5, "content": "", "important": false, "type": "Line"}, {"lineNumber": 6, "content": "INFO: Running with entropic power schedule (0xFF, 100).", "important": false, "type": "Line"}, {"lineNumber": 7, "content": "INFO: Seed: 1826254192", "important": false, "type": "Line"}, {"lineNumber": 8, "content": "INFO: Loaded 1 modules   (35623 inline 8-bit counters): 35623 [0x1045d94, 0x104e8bb),", "important": false, "type": "Line"}, {"lineNumber": 9, "content": "INFO: Loaded 1 PC tables (35623 PCs): 35623 [0xebe7e8,0xf49a58),", "important": false, "type": "Line"}, {"lineNumber": 10, "content": "/clusterfuzz/run_bot/clusterfuzz/bot/builds/h2o_libfuzzer_msan/custom/h2o-fuzzer-http3: Running 1 inputs 100 time(s) each.", "important": false, "type": "Line"}, {"lineNumber": 11, "content": "Running: /clusterfuzz/run_bot/clusterfuzz/bot/inputs/fuzzer-testcases/crash-f8643cbc0deb303f1f6c4002f5334bcda6e27542", "important": false, "type": "Line"}, {"lineNumber": 12, "content": "==13999==WARNING: MemorySanitizer: use-of-uninitialized-value", "important": false, "type": "Line"}, {"lineNumber": 13, "content": "    #0 0x506818 in LLVMFuzzerTestOneInput /src/h2o/fuzz/driver_h3.cc:190:13", "important": true, "type": "Line"}, {"lineNumber": 14, "content": "    #1 0xbb5393 in fuzzer::Fuzzer::ExecuteCallback(unsigned char const*, unsigned long) cxa_noexception.cpp:0", "important": false, "type": "Line"}, {"lineNumber": 15, "content": "    #2 0xba0ca2 in fuzzer::RunOneTest(fuzzer::Fuzzer*, char const*, unsigned long) /src/llvm-project/compiler-rt/lib/fuzzer/FuzzerDriver.cpp:324:6", "important": false, "type": "Line"}, {"lineNumber": 16, "content": "    #3 0xba676a in fuzzer::FuzzerDriver(int*, char***, int (*)(unsigned char const*, unsigned long)) cxa_noexception.cpp:0", "important": false, "type": "Line"}, {"lineNumber": 17, "content": "    #4 0xbcf692 in main /src/llvm-project/compiler-rt/lib/fuzzer/FuzzerMain.cpp:20:10", "important": false, "type": "Line"}, {"lineNumber": 18, "content": "    #5 0x7fe7c46500b2 in __libc_start_main", "important": false, "type": "Line"}, {"lineNumber": 19, "content": "    #6 0x480edd in _start", "important": false, "type": "Line"}, {"lineNumber": 20, "content": "", "important": false, "type": "Line"}, {"lineNumber": 21, "content": "  Uninitialized value was stored to memory at", "important": false, "type": "Line"}, {"lineNumber": 22, "content": "    #0 0x506baf in on_stream_send_cb(st_mquicly_on_stream_send_t*, st_quicly_conn_t*, st_quicly_stream_t*, void const*, unsigned long, unsigned long, int) /src/h2o/fuzz/driver_h3.cc:93:19", "important": true, "type": "Line"}, {"lineNumber": 23, "content": "    #1 0x509271 in quicly_send_stream /src/h2o/fuzz/quicly_mock.c:193:9", "important": false, "type": "Line"}, {"lineNumber": 24, "content": "    #2 0x8aa8c1 in scheduler_do_send /src/h2o/lib/http3/server.c:1643:24", "important": false, "type": "Line"}, {"lineNumber": 25, "content": "    #3 0x50c80e in quicly_send /src/h2o/fuzz/quicly_mock.c:449:11", "important": false, "type": "Line"}, {"lineNumber": 26, "content": "    #4 0x888459 in h2o_quic_send /src/h2o/lib/http3/common.c:1162:15", "important": false, "type": "Line"}, {"lineNumber": 27, "content": "    #5 0x69c08a in h2o_evloop_run /src/h2o/lib/common/socket/evloop.c.h:654:13", "important": false, "type": "Line"}, {"lineNumber": 28, "content": "    #6 0x505fa9 in LLVMFuzzerTestOneInput /src/h2o/fuzz/driver_h3.cc:184:9", "important": true, "type": "Line"}, {"lineNumber": 29, "content": "    #7 0xbb5393 in fuzzer::Fuzzer::ExecuteCallback(unsigned char const*, unsigned long) cxa_noexception.cpp:0", "important": false, "type": "Line"}, {"lineNumber": 30, "content": "    #8 0xba0ca2 in fuzzer::RunOneTest(fuzzer::Fuzzer*, char const*, unsigned long) /src/llvm-project/compiler-rt/lib/fuzzer/FuzzerDriver.cpp:324:6", "important": false, "type": "Line"}, {"lineNumber": 31, "content": "    #9 0xba676a in fuzzer::FuzzerDriver(int*, char***, int (*)(unsigned char const*, unsigned long)) cxa_noexception.cpp:0", "important": false, "type": "Line"}, {"lineNumber": 32, "content": "    #10 0xbcf692 in main /src/llvm-project/compiler-rt/lib/fuzzer/FuzzerMain.cpp:20:10", "important": false, "type": "Line"}, {"lineNumber": 33, "content": "    #11 0x7fe7c46500b2 in __libc_start_main", "important": false, "type": "Line"}, {"lineNumber": 34, "content": "", "important": false, "type": "Line"}, {"lineNumber": 35, "content": "  Uninitialized value was created", "important": false, "type": "Line"}, {"lineNumber": 36, "content": "    &lt;empty stack&gt;", "important": false, "type": "Line"}, {"lineNumber": 37, "content": "", "important": false, "type": "Line"}, {"lineNumber": 38, "content": "SUMMARY: MemorySanitizer: use-of-uninitialized-value (/clusterfuzz/run_bot/clusterfuzz/bot/builds/h2o_libfuzzer_msan/custom/h2o-fuzzer-http3+0x506818)", "important": false, "type": "Line"}, {"lineNumber": 39, "content": "Exiting", "important": false, "type": "Line"}, {"lineNumber": 40, "content": "", "important": false, "type": "Line"}, {"lineNumber": 41, "content": "", "important": false, "type": "Line"}, {"lineNumber": 42, "content": "+----------------------------------------Release Build Unsymbolized Stacktrace (diff)----------------------------------------+", "important": false, "type": "Line"}, {"lineNumber": 43, "content": "", "important": false, "type": "Line"}, {"lineNumber": 44, "content": "Running: /clusterfuzz/run_bot/clusterfuzz/bot/inputs/fuzzer-testcases/crash-f8643cbc0deb303f1f6c4002f5334bcda6e27542", "important": false, "type": "Line"}, {"lineNumber": 45, "content": "==13999==WARNING: MemorySanitizer: use-of-uninitialized-value", "important": false, "type": "Line"}, {"lineNumber": 46, "content": "    #0 0x506818  (/clusterfuzz/run_bot/clusterfuzz/bot/builds/h2o_libfuzzer_msan/custom/h2o-fuzzer-http3+0x506818)", "important": false, "type": "Line"}, {"lineNumber": 47, "content": "    #1 0xbb5393  (/clusterfuzz/run_bot/clusterfuzz/bot/builds/h2o_libfuzzer_msan/custom/h2o-fuzzer-http3+0xbb5393)", "important": false, "type": "Line"}, {"lineNumber": 48, "content": "    #2 0xba0ca2  (/clusterfuzz/run_bot/clusterfuzz/bot/builds/h2o_libfuzzer_msan/custom/h2o-fuzzer-http3+0xba0ca2)", "important": false, "type": "Line"}, {"lineNumber": 49, "content": "    #3 0xba676a  (/clusterfuzz/run_bot/clusterfuzz/bot/builds/h2o_libfuzzer_msan/custom/h2o-fuzzer-http3+0xba676a)", "important": false, "type": "Line"}, {"lineNumber": 50, "content": "    #4 0xbcf692  (/clusterfuzz/run_bot/clusterfuzz/bot/builds/h2o_libfuzzer_msan/custom/h2o-fuzzer-http3+0xbcf692)", "important": false, "type": "Line"}, {"lineNumber": 51, "content": "    #5 0x7fe7c46500b2  (/lib/x86_64-linux-gnu/libc.so.6+0x270b2)", "important": false, "type": "Line"}, {"lineNumber": 52, "content": "    #6 0x480edd  (/clusterfuzz/run_bot/clusterfuzz/bot/builds/h2o_libfuzzer_msan/custom/h2o-fuzzer-http3+0x480edd)", "important": false, "type": "Line"}, {"lineNumber": 53, "content": "", "important": false, "type": "Line"}, {"lineNumber": 54, "content": "  Uninitialized value was stored to memory at", "important": false, "type": "Line"}, {"lineNumber": 55, "content": "    #0 0x506baf  (/clusterfuzz/run_bot/clusterfuzz/bot/builds/h2o_libfuzzer_msan/custom/h2o-fuzzer-http3+0x506baf)", "important": false, "type": "Line"}, {"lineNumber": 56, "content": "    #1 0x509271  (/clusterfuzz/run_bot/clusterfuzz/bot/builds/h2o_libfuzzer_msan/custom/h2o-fuzzer-http3+0x509271)", "important": false, "type": "Line"}, {"lineNumber": 57, "content": "    #2 0x8aa8c1  (/clusterfuzz/run_bot/clusterfuzz/bot/builds/h2o_libfuzzer_msan/custom/h2o-fuzzer-http3+0x8aa8c1)", "important": false, "type": "Line"}, {"lineNumber": 58, "content": "    #3 0x50c80e  (/clusterfuzz/run_bot/clusterfuzz/bot/builds/h2o_libfuzzer_msan/custom/h2o-fuzzer-http3+0x50c80e)", "important": false, "type": "Line"}, {"lineNumber": 59, "content": "    #4 0x888459  (/clusterfuzz/run_bot/clusterfuzz/bot/builds/h2o_libfuzzer_msan/custom/h2o-fuzzer-http3+0x888459)", "important": false, "type": "Line"}, {"lineNumber": 60, "content": "    #5 0x69c08a  (/clusterfuzz/run_bot/clusterfuzz/bot/builds/h2o_libfuzzer_msan/custom/h2o-fuzzer-http3+0x69c08a)", "important": false, "type": "Line"}, {"lineNumber": 61, "content": "    #6 0x505fa9  (/clusterfuzz/run_bot/clusterfuzz/bot/builds/h2o_libfuzzer_msan/custom/h2o-fuzzer-http3+0x505fa9)", "important": false, "type": "Line"}, {"lineNumber": 62, "content": "    #7 0xbb5393  (/clusterfuzz/run_bot/clusterfuzz/bot/builds/h2o_libfuzzer_msan/custom/h2o-fuzzer-http3+0xbb5393)", "important": false, "type": "Line"}, {"lineNumber": 63, "content": "    #8 0xba0ca2  (/clusterfuzz/run_bot/clusterfuzz/bot/builds/h2o_libfuzzer_msan/custom/h2o-fuzzer-http3+0xba0ca2)", "important": false, "type": "Line"}, {"lineNumber": 64, "content": "    #9 0xba676a  (/clusterfuzz/run_bot/clusterfuzz/bot/builds/h2o_libfuzzer_msan/custom/h2o-fuzzer-http3+0xba676a)", "important": false, "type": "Line"}, {"lineNumber": 65, "content": "    #10 0xbcf692  (/clusterfuzz/run_bot/clusterfuzz/bot/builds/h2o_libfuzzer_msan/custom/h2o-fuzzer-http3+0xbcf692)", "important": false, "type": "Line"}, {"lineNumber": 66, "content": "    #11 0x7fe7c46500b2  (/lib/x86_64-linux-gnu/libc.so.6+0x270b2)", "important": false, "type": "Line"}], "revision": null}, "security_severity": "Medium", "security_severities": [{"value": 0, "name": "Critical"}, {"value": 1, "name": "High", "default": true}, {"value": 2, "name": "Medium"}, {"value": 3, "name": "Low"}, {"value": 4, "name": "Missing"}], "stats": {"min_hour": 1, "max_hour": 1}, "suspected_cls": null, "testcase": {"absolute_path": "/clusterfuzz/run_bot/clusterfuzz/bot/inputs/fuzzer-testcases/crash-f8643cbc0deb303f1f6c4002f5334bcda6e27542", "additional_metadata": "{\"build_key\": \"d5abf86a-60aa-4ae6-b0e7-09fc97760284\", \"env\": {\"MSAN_OPTIONS\": {}}, \"fuzzer_binary_name\": \"h2o-fuzzer-http3\", \"fuzzing_strategies\": {\"fork\": 64}, \"last_tested_crash_revision\": null, \"last_tested_crash_time\": {\"__type__\": \"datetime\", \"day\": 30, \"hour\": 0, \"microsecond\": 171554, \"minute\": 13, \"month\": 11, \"second\": 22, \"year\": 2021}, \"last_tested_revision\": null}", "archive_filename": null, "archive_state": 0, "binary_flag": true, "bug_indices": [], "bug_information": "", "comments": "[2021-11-28 12:14:42 UTC] snode8-20211128-16:44: Fuzz task : Fuzzer libFuzzer_h2o-fuzzer-http3 generated testcase crashed in 268 seconds (r1).\n[2021-11-28 13:10:43 UTC] snode8-20211128-16:42: Minimize task started.\n[2021-11-28 13:37:01 UTC] snode8-20211128-16:42: Minimize task finished.\n[2021-11-30 00:11:58 UTC] snode9-20211129-17:28: Progression task started.\n[2021-11-30 00:13:22 UTC] snode9-20211129-17:28: Progression task finished: still crashes on latest custom build.\n", "crash_address": "", "crash_revision": 1, "crash_stacktrace": "[Environment] MSAN_OPTIONS=exitcode=77\n+----------------------------------------Release Build Stacktrace----------------------------------------+\nCommand: /clusterfuzz/run_bot/clusterfuzz/bot/builds/h2o_libfuzzer_msan/custom/h2o-fuzzer-http3 -close_fd_mask=3 -rss_limit_mb=2560 -timeout=60 -runs=100 /clusterfuzz/run_bot/clusterfuzz/bot/inputs/fuzzer-testcases/bc7ab2961bd1e8bfd76a3b780e93c0870deb303f1f6c4002f5334bcda6e27542\nTime ran: 0.08845376968383789\n\nINFO: Running with entropic power schedule (0xFF, 100).\nINFO: Seed: 1799594251\nINFO: Loaded 1 modules   (35623 inline 8-bit counters): 35623 [0x1045d94, 0x104e8bb),\nINFO: Loaded 1 PC tables (35623 PCs): 35623 [0xebe7e8,0xf49a58),\n/clusterfuzz/run_bot/clusterfuzz/bot/builds/h2o_libfuzzer_msan/custom/h2o-fuzzer-http3: Running 1 inputs 100 time(s) each.\nRunning: /clusterfuzz/run_bot/clusterfuzz/bot/inputs/fuzzer-testcases/bc7ab2961bd1e8bfd76a3b780e93c0870deb303f1f6c4002f5334bcda6e27542\n==5913==WARNING: MemorySanitizer: use-of-uninitialized-value\n    #0 0x506818 in LLVMFuzzerTestOneInput /src/h2o/fuzz/driver_h3.cc:190:13\n    #1 0xbb5393 in fuzzer::Fuzzer::ExecuteCallback(unsigned char const*, unsigned long) cxa_noexception.cpp:0\n    #2 0xba0ca2 in fuzzer::RunOneTest(fuzzer::Fuzzer*, char const*, unsigned long) /src/llvm-project/compiler-rt/lib/fuzzer/FuzzerDriver.cpp:324:6\n    #3 0xba676a in fuzzer::FuzzerDriver(int*, char***, int (*)(unsigned char const*, unsigned long)) cxa_noexception.cpp:0\n    #4 0xbcf692 in main /src/llvm-project/compiler-rt/lib/fuzzer/FuzzerMain.cpp:20:10\n    #5 0x7f0cca4600b2 in __libc_start_main\n    #6 0x480edd in _start\n\n  Uninitialized value was stored to memory at\n    #0 0x506baf in on_stream_send_cb(st_mquicly_on_stream_send_t*, st_quicly_conn_t*, st_quicly_stream_t*, void const*, unsigned long, unsigned long, int) /src/h2o/fuzz/driver_h3.cc:93:19\n    #1 0x509271 in quicly_send_stream /src/h2o/fuzz/quicly_mock.c:193:9\n    #2 0x8aa8c1 in scheduler_do_send /src/h2o/lib/http3/server.c:1643:24\n    #3 0x50c80e in quicly_send /src/h2o/fuzz/quicly_mock.c:449:11\n    #4 0x888459 in h2o_quic_send /src/h2o/lib/http3/common.c:1162:15\n    #5 0x69c08a in h2o_evloop_run /src/h2o/lib/common/socket/evloop.c.h:654:13\n    #6 0x505fa9 in LLVMFuzzerTestOneInput /src/h2o/fuzz/driver_h3.cc:184:9\n    #7 0xbb5393 in fuzzer::Fuzzer::ExecuteCallback(unsigned char const*, unsigned long) cxa_noexception.cpp:0\n    #8 0xba0ca2 in fuzzer::RunOneTest(fuzzer::Fuzzer*, char const*, unsigned long) /src/llvm-project/compiler-rt/lib/fuzzer/FuzzerDriver.cpp:324:6\n    #9 0xba676a in fuzzer::FuzzerDriver(int*, char***, int (*)(unsigned char const*, unsigned long)) cxa_noexception.cpp:0\n    #10 0xbcf692 in main /src/llvm-project/compiler-rt/lib/fuzzer/FuzzerMain.cpp:20:10\n    #11 0x7f0cca4600b2 in __libc_start_main\n\n  Uninitialized value was created\n    <empty stack>\n\nSUMMARY: MemorySanitizer: use-of-uninitialized-value (/clusterfuzz/run_bot/clusterfuzz/bot/builds/h2o_libfuzzer_msan/custom/h2o-fuzzer-http3+0x506818)\nExiting\n\n\n+----------------------------------------Release Build Unsymbolized Stacktrace (diff)----------------------------------------+\n\nRunning: /clusterfuzz/run_bot/clusterfuzz/bot/inputs/fuzzer-testcases/bc7ab2961bd1e8bfd76a3b780e93c0870deb303f1f6c4002f5334bcda6e27542\n==5913==WARNING: MemorySanitizer: use-of-uninitialized-value\n    #0 0x506818  (/clusterfuzz/run_bot/clusterfuzz/bot/builds/h2o_libfuzzer_msan/custom/h2o-fuzzer-http3+0x506818)\n    #1 0xbb5393  (/clusterfuzz/run_bot/clusterfuzz/bot/builds/h2o_libfuzzer_msan/custom/h2o-fuzzer-http3+0xbb5393)\n    #2 0xba0ca2  (/clusterfuzz/run_bot/clusterfuzz/bot/builds/h2o_libfuzzer_msan/custom/h2o-fuzzer-http3+0xba0ca2)\n    #3 0xba676a  (/clusterfuzz/run_bot/clusterfuzz/bot/builds/h2o_libfuzzer_msan/custom/h2o-fuzzer-http3+0xba676a)\n    #4 0xbcf692  (/clusterfuzz/run_bot/clusterfuzz/bot/builds/h2o_libfuzzer_msan/custom/h2o-fuzzer-http3+0xbcf692)\n    #5 0x7f0cca4600b2  (/lib/x86_64-linux-gnu/libc.so.6+0x270b2)\n    #6 0x480edd  (/clusterfuzz/run_bot/clusterfuzz/bot/builds/h2o_libfuzzer_msan/custom/h2o-fuzzer-http3+0x480edd)\n\n  Uninitialized value was stored to memory at\n    #0 0x506baf  (/clusterfuzz/run_bot/clusterfuzz/bot/builds/h2o_libfuzzer_msan/custom/h2o-fuzzer-http3+0x506baf)\n    #1 0x509271  (/clusterfuzz/run_bot/clusterfuzz/bot/builds/h2o_libfuzzer_msan/custom/h2o-fuzzer-http3+0x509271)\n    #2 0x8aa8c1  (/clusterfuzz/run_bot/clusterfuzz/bot/builds/h2o_libfuzzer_msan/custom/h2o-fuzzer-http3+0x8aa8c1)\n    #3 0x50c80e  (/clusterfuzz/run_bot/clusterfuzz/bot/builds/h2o_libfuzzer_msan/custom/h2o-fuzzer-http3+0x50c80e)\n    #4 0x888459  (/clusterfuzz/run_bot/clusterfuzz/bot/builds/h2o_libfuzzer_msan/custom/h2o-fuzzer-http3+0x888459)\n    #5 0x69c08a  (/clusterfuzz/run_bot/clusterfuzz/bot/builds/h2o_libfuzzer_msan/custom/h2o-fuzzer-http3+0x69c08a)\n    #6 0x505fa9  (/clusterfuzz/run_bot/clusterfuzz/bot/builds/h2o_libfuzzer_msan/custom/h2o-fuzzer-http3+0x505fa9)\n    #7 0xbb5393  (/clusterfuzz/run_bot/clusterfuzz/bot/builds/h2o_libfuzzer_msan/custom/h2o-fuzzer-http3+0xbb5393)\n    #8 0xba0ca2  (/clusterfuzz/run_bot/clusterfuzz/bot/builds/h2o_libfuzzer_msan/custom/h2o-fuzzer-http3+0xba0ca2)\n    #9 0xba676a  (/clusterfuzz/run_bot/clusterfuzz/bot/builds/h2o_libfuzzer_msan/custom/h2o-fuzzer-http3+0xba676a)\n    #10 0xbcf692  (/clusterfuzz/run_bot/clusterfuzz/bot/builds/h2o_libfuzzer_msan/custom/h2o-fuzzer-http3+0xbcf692)\n    #11 0x7f0cca4600b2  (/lib/x86_64-linux-gnu/libc.so.6+0x270b2)\n", "crash_state": "driver_h3.cc\n", "crash_type": "Use-of-uninitialized-value", "disable_ubsan": false, "duplicate_of": null, "fixed": "", "flaky_stack": false, "fuzzed_keys": "3d64f51a-b3dc-4503-8ce1-1c77e3d12258", "fuzzer_name": "libFuzzer", "fuzzer_name_indices": ["libFuzzer", "libFuzzer_h2o-fuzzer-http3"], "gestures": [], "group_bug_information": 0, "group_id": 0, "has_bug_flag": false, "http_flag": false, "impact_beta_version": null, "impact_beta_version_indices": [], "impact_beta_version_likely": false, "impact_extended_stable_version": null, "impact_extended_stable_version_indices": [], "impact_extended_stable_version_likely": false, "impact_head_version": null, "impact_head_version_indices": [], "impact_head_version_likely": null, "impact_indices": [], "impact_stable_version": null, "impact_stable_version_indices": [], "impact_stable_version_likely": false, "impact_version_indices": [], "is_a_duplicate_flag": false, "is_impact_set_flag": false, "is_leader": true, "job_type": "h2o_libfuzzer_msan", "keywords": ["libfuzzer_h2o", "of-uninitialized", "driver_h3.cc", "use", "driver_h3", "libfuzzer_h2o-fuzzer-http3", "use-of-uninitialized-value", "fuzzer-http3", "value", "lib", "use-of", "cc", "uninitialized", "of-uninitialized-value", "linux", "h2o_libfuzzer", "of", "driver", "fuzzer_h2o-fuzzer", "h2o-fuzzer-http3", "uninitialized-value", "fuzzer", "h3.cc", "msan", "h3", "h2o-fuzzer", "fuzzer_h2o", "http3", "libfuzzer", "libfuzzer_msan", "h2o_libfuzzer_msan", "use-of-uninitialized", "libfuzzer_h2o-fuzzer", "h2o", "fuzzer_h2o-fuzzer-http3"], "last_tested_crash_stacktrace": "[Environment] MSAN_OPTIONS=exitcode=77\n+----------------------------------------Release Build Stacktrace----------------------------------------+\nCommand: /clusterfuzz/run_bot/clusterfuzz/bot/builds/h2o_libfuzzer_msan/custom/h2o-fuzzer-http3 -close_fd_mask=3 -rss_limit_mb=2560 -timeout=60 -runs=100 /clusterfuzz/run_bot/clusterfuzz/bot/inputs/fuzzer-testcases/crash-f8643cbc0deb303f1f6c4002f5334bcda6e27542\nTime ran: 0.08420538902282715\n\nINFO: Running with entropic power schedule (0xFF, 100).\nINFO: Seed: 1826254192\nINFO: Loaded 1 modules   (35623 inline 8-bit counters): 35623 [0x1045d94, 0x104e8bb),\nINFO: Loaded 1 PC tables (35623 PCs): 35623 [0xebe7e8,0xf49a58),\n/clusterfuzz/run_bot/clusterfuzz/bot/builds/h2o_libfuzzer_msan/custom/h2o-fuzzer-http3: Running 1 inputs 100 time(s) each.\nRunning: /clusterfuzz/run_bot/clusterfuzz/bot/inputs/fuzzer-testcases/crash-f8643cbc0deb303f1f6c4002f5334bcda6e27542\n==13999==WARNING: MemorySanitizer: use-of-uninitialized-value\n    #0 0x506818 in LLVMFuzzerTestOneInput /src/h2o/fuzz/driver_h3.cc:190:13\n    #1 0xbb5393 in fuzzer::Fuzzer::ExecuteCallback(unsigned char const*, unsigned long) cxa_noexception.cpp:0\n    #2 0xba0ca2 in fuzzer::RunOneTest(fuzzer::Fuzzer*, char const*, unsigned long) /src/llvm-project/compiler-rt/lib/fuzzer/FuzzerDriver.cpp:324:6\n    #3 0xba676a in fuzzer::FuzzerDriver(int*, char***, int (*)(unsigned char const*, unsigned long)) cxa_noexception.cpp:0\n    #4 0xbcf692 in main /src/llvm-project/compiler-rt/lib/fuzzer/FuzzerMain.cpp:20:10\n    #5 0x7fe7c46500b2 in __libc_start_main\n    #6 0x480edd in _start\n\n  Uninitialized value was stored to memory at\n    #0 0x506baf in on_stream_send_cb(st_mquicly_on_stream_send_t*, st_quicly_conn_t*, st_quicly_stream_t*, void const*, unsigned long, unsigned long, int) /src/h2o/fuzz/driver_h3.cc:93:19\n    #1 0x509271 in quicly_send_stream /src/h2o/fuzz/quicly_mock.c:193:9\n    #2 0x8aa8c1 in scheduler_do_send /src/h2o/lib/http3/server.c:1643:24\n    #3 0x50c80e in quicly_send /src/h2o/fuzz/quicly_mock.c:449:11\n    #4 0x888459 in h2o_quic_send /src/h2o/lib/http3/common.c:1162:15\n    #5 0x69c08a in h2o_evloop_run /src/h2o/lib/common/socket/evloop.c.h:654:13\n    #6 0x505fa9 in LLVMFuzzerTestOneInput /src/h2o/fuzz/driver_h3.cc:184:9\n    #7 0xbb5393 in fuzzer::Fuzzer::ExecuteCallback(unsigned char const*, unsigned long) cxa_noexception.cpp:0\n    #8 0xba0ca2 in fuzzer::RunOneTest(fuzzer::Fuzzer*, char const*, unsigned long) /src/llvm-project/compiler-rt/lib/fuzzer/FuzzerDriver.cpp:324:6\n    #9 0xba676a in fuzzer::FuzzerDriver(int*, char***, int (*)(unsigned char const*, unsigned long)) cxa_noexception.cpp:0\n    #10 0xbcf692 in main /src/llvm-project/compiler-rt/lib/fuzzer/FuzzerMain.cpp:20:10\n    #11 0x7fe7c46500b2 in __libc_start_main\n\n  Uninitialized value was created\n    <empty stack>\n\nSUMMARY: MemorySanitizer: use-of-uninitialized-value (/clusterfuzz/run_bot/clusterfuzz/bot/builds/h2o_libfuzzer_msan/custom/h2o-fuzzer-http3+0x506818)\nExiting\n\n\n+----------------------------------------Release Build Unsymbolized Stacktrace (diff)----------------------------------------+\n\nRunning: /clusterfuzz/run_bot/clusterfuzz/bot/inputs/fuzzer-testcases/crash-f8643cbc0deb303f1f6c4002f5334bcda6e27542\n==13999==WARNING: MemorySanitizer: use-of-uninitialized-value\n    #0 0x506818  (/clusterfuzz/run_bot/clusterfuzz/bot/builds/h2o_libfuzzer_msan/custom/h2o-fuzzer-http3+0x506818)\n    #1 0xbb5393  (/clusterfuzz/run_bot/clusterfuzz/bot/builds/h2o_libfuzzer_msan/custom/h2o-fuzzer-http3+0xbb5393)\n    #2 0xba0ca2  (/clusterfuzz/run_bot/clusterfuzz/bot/builds/h2o_libfuzzer_msan/custom/h2o-fuzzer-http3+0xba0ca2)\n    #3 0xba676a  (/clusterfuzz/run_bot/clusterfuzz/bot/builds/h2o_libfuzzer_msan/custom/h2o-fuzzer-http3+0xba676a)\n    #4 0xbcf692  (/clusterfuzz/run_bot/clusterfuzz/bot/builds/h2o_libfuzzer_msan/custom/h2o-fuzzer-http3+0xbcf692)\n    #5 0x7fe7c46500b2  (/lib/x86_64-linux-gnu/libc.so.6+0x270b2)\n    #6 0x480edd  (/clusterfuzz/run_bot/clusterfuzz/bot/builds/h2o_libfuzzer_msan/custom/h2o-fuzzer-http3+0x480edd)\n\n  Uninitialized value was stored to memory at\n    #0 0x506baf  (/clusterfuzz/run_bot/clusterfuzz/bot/builds/h2o_libfuzzer_msan/custom/h2o-fuzzer-http3+0x506baf)\n    #1 0x509271  (/clusterfuzz/run_bot/clusterfuzz/bot/builds/h2o_libfuzzer_msan/custom/h2o-fuzzer-http3+0x509271)\n    #2 0x8aa8c1  (/clusterfuzz/run_bot/clusterfuzz/bot/builds/h2o_libfuzzer_msan/custom/h2o-fuzzer-http3+0x8aa8c1)\n    #3 0x50c80e  (/clusterfuzz/run_bot/clusterfuzz/bot/builds/h2o_libfuzzer_msan/custom/h2o-fuzzer-http3+0x50c80e)\n    #4 0x888459  (/clusterfuzz/run_bot/clusterfuzz/bot/builds/h2o_libfuzzer_msan/custom/h2o-fuzzer-http3+0x888459)\n    #5 0x69c08a  (/clusterfuzz/run_bot/clusterfuzz/bot/builds/h2o_libfuzzer_msan/custom/h2o-fuzzer-http3+0x69c08a)\n    #6 0x505fa9  (/clusterfuzz/run_bot/clusterfuzz/bot/builds/h2o_libfuzzer_msan/custom/h2o-fuzzer-http3+0x505fa9)\n    #7 0xbb5393  (/clusterfuzz/run_bot/clusterfuzz/bot/builds/h2o_libfuzzer_msan/custom/h2o-fuzzer-http3+0xbb5393)\n    #8 0xba0ca2  (/clusterfuzz/run_bot/clusterfuzz/bot/builds/h2o_libfuzzer_msan/custom/h2o-fuzzer-http3+0xba0ca2)\n    #9 0xba676a  (/clusterfuzz/run_bot/clusterfuzz/bot/builds/h2o_libfuzzer_msan/custom/h2o-fuzzer-http3+0xba676a)\n    #10 0xbcf692  (/clusterfuzz/run_bot/clusterfuzz/bot/builds/h2o_libfuzzer_msan/custom/h2o-fuzzer-http3+0xbcf692)\n    #11 0x7fe7c46500b2  (/lib/x86_64-linux-gnu/libc.so.6+0x270b2)\n", "minidump_keys": "", "minimized_arguments": "-close_fd_mask=3 -rss_limit_mb=2560 -timeout=60", "minimized_keys": "16667d61-37ac-4c5f-afd0-f2feb54534c9", "one_time_crasher_flag": false, "open": true, "overridden_fuzzer_name": "libFuzzer_h2o-fuzzer-http3", "platform": "linux", "platform_id": "linux", "project_name": "test-project", "queue": "jobs-linux", "redzone": 32, "regression": "NA", "security_flag": true, "security_severity": 2, "status": "Processed", "symbolized": false, "timeout_multiplier": 1.0, "timestamp": 1638101682, "triaged": false, "uploader_email": null, "window_argument": "", "id": 3695}, "timestamp": 1638101682.356622, "show_blame": false, "show_impact": false, "impacts_production": false, "find_similar_issues_options": [{"type": "open", "label": "Open"}, {"type": "all", "label": "All"}], "auto_delete_timestamp": null, "auto_close_timestamp": null, "memory_tool_display_label": "Sanitizer", "memory_tool_display_value": "memory (MSAN)", "last_tested": "1:1 (No component revisions found!)", "is_admin_or_not_oss_fuzz": true, "has_issue_tracker": false, "reproduction_help_url": "", "is_local_development": true, "fuzzer_display": {"engine": "libFuzzer", "target": "h2o-fuzzer-http3", "name": "libFuzzer", "fully_qualified_name": "libFuzzer_h2o-fuzzer-http3"}}