{"id": 379, "crash_type": "Heap-buffer-overflow READ 1", "crash_address": "0x618000000bed", "crash_state": "lzo1f_decompress_safe\nlzo_decompress_target.c\n", "crash_state_lines": ["lzo1f_decompress_safe", "lzo_decompress_target.c"], "crash_revision": 1, "csrf_token": "D6S+cXG/eQvjQp1jhkN2Yfq5FoCaAiuUjD0oLthouNSAPb8xaAgWvNikB3AHnFnrgfWQIz/OKB4owWUbxHHo3A==", "external_user": false, "footer": "[2021-11-28 10:21:00 UTC] comput13-20211128-14:48: Fuzz task : Fuzzer libFuzzer_lzo_decompress_target generated testcase crashed in 0 seconds (r1).\n[2021-11-28 10:22:25 UTC] comput5-20211128-14:51: Minimize task started.\n[2021-11-28 10:49:59 UTC] comput5-20211128-14:51: Minimize task finished.\n[2021-11-30 00:10:35 UTC] comput18-20211129-15:14: Progression task started.\n[2021-11-30 00:11:54 UTC] comput18-20211129-15:14: Progression task finished: still crashes on latest custom build.\n", "formatted_reproduction_help": "", "fixed": "NO", "fixed_full": null, "issue_url": null, "is_admin": true, "metadata": {"build_key": "bf5b06b3-49c0-4ca0-b607-2e03cdb4199b", "env": {"ASAN_OPTIONS": {}}, "fuzzer_binary_name": "lzo_decompress_target", "last_tested_crash_revision": null, "last_tested_crash_time": 1638231114, "last_tested_revision": null}, "minimized_testcase_size": "877 B", "needs_refresh": false, "original_testcase_size": "8 KB", "privileged_user": true, "regression": "NA", "crash_stacktrace": {"lines": [{"lineNumber": 1, "content": "[Environment] ASAN_OPTIONS=exitcode=77", "important": false, "type": "Line"}, {"lineNumber": 2, "content": "+----------------------------------------Release Build Stacktrace----------------------------------------+", "important": false, "type": "Line"}, {"lineNumber": 3, "content": "Command: /clusterfuzz/run_bot/clusterfuzz/bot/builds/lzo_libfuzzer_asan/custom/lzo_decompress_target -close_fd_mask=3 -rss_limit_mb=2560 -timeout=60 -runs=100 /clusterfuzz/run_bot/clusterfuzz/bot/inputs/fuzzer-testcases/824d1a526eeb48df149b4dd75996c31d34fde455ce00d9f9d2599c968c4fbdac", "important": false, "type": "Line"}, {"lineNumber": 4, "content": "Time ran: 0.05748867988586426", "important": false, "type": "Line"}, {"lineNumber": 5, "content": "", "important": false, "type": "Line"}, {"lineNumber": 6, "content": "INFO: Running with entropic power schedule (0xFF, 100).", "important": false, "type": "Line"}, {"lineNumber": 7, "content": "INFO: Seed: 367678708", "important": false, "type": "Line"}, {"lineNumber": 8, "content": "INFO: Loaded 1 modules   (487 inline 8-bit counters): 487 [0x5c7f80, 0x5c8167),", "important": false, "type": "Line"}, {"lineNumber": 9, "content": "INFO: Loaded 1 PC tables (487 PCs): 487 [0x584e88,0x586cf8),", "important": false, "type": "Line"}, {"lineNumber": 10, "content": "/clusterfuzz/run_bot/clusterfuzz/bot/builds/lzo_libfuzzer_asan/custom/lzo_decompress_target: Running 1 inputs 100 time(s) each.", "important": false, "type": "Line"}, {"lineNumber": 11, "content": "Running: /clusterfuzz/run_bot/clusterfuzz/bot/inputs/fuzzer-testcases/824d1a526eeb48df149b4dd75996c31d34fde455ce00d9f9d2599c968c4fbdac", "important": false, "type": "Line"}, {"lineNumber": 12, "content": "=================================================================", "important": false, "type": "Line"}, {"lineNumber": 13, "content": "==18287==ERROR: AddressSanitizer: heap-buffer-overflow on address 0x618000000bed at pc 0x000000562951 bp 0x7fffe974d750 sp 0x7fffe974d748", "important": false, "type": "Line"}, {"lineNumber": 14, "content": "READ of size 1 at 0x618000000bed thread T0", "important": false, "type": "Line"}, {"lineNumber": 15, "content": "    #0 0x562950 in lzo1f_decompress_safe /src/lzo-2.10/src/lzo1f_d.ch:112:30", "important": true, "type": "Line"}, {"lineNumber": 16, "content": "    #1 0x55f127 in LLVMFuzzerTestOneInput /src/lzo_decompress_target.c:85:9", "important": true, "type": "Line"}, {"lineNumber": 17, "content": "    #2 0x456ad3 in fuzzer::Fuzzer::ExecuteCallback(unsigned char const*, unsigned long) cxa_noexception.cpp:0", "important": false, "type": "Line"}, {"lineNumber": 18, "content": "    #3 0x4423e2 in fuzzer::RunOneTest(fuzzer::Fuzzer*, char const*, unsigned long) /src/llvm-project/compiler-rt/lib/fuzzer/FuzzerDriver.cpp:324:6", "important": false, "type": "Line"}, {"lineNumber": 19, "content": "    #4 0x447eaa in fuzzer::FuzzerDriver(int*, char***, int (*)(unsigned char const*, unsigned long)) cxa_noexception.cpp:0", "important": false, "type": "Line"}, {"lineNumber": 20, "content": "    #5 0x470dd2 in main /src/llvm-project/compiler-rt/lib/fuzzer/FuzzerMain.cpp:20:10", "important": false, "type": "Line"}, {"lineNumber": 21, "content": "    #6 0x7ff1cfae00b2 in __libc_start_main", "important": false, "type": "Line"}, {"lineNumber": 22, "content": "    #7 0x41f66d in _start", "important": false, "type": "Line"}, {"lineNumber": 23, "content": "", "important": false, "type": "Line"}, {"lineNumber": 24, "content": "0x618000000bed is located 0 bytes to the right of 877-byte region [0x618000000880,0x618000000bed)", "important": false, "type": "Line"}, {"lineNumber": 25, "content": "allocated by thread T0 here:", "important": false, "type": "Line"}, {"lineNumber": 26, "content": "    #0 0x525c9d in __interceptor_malloc /src/llvm-project/compiler-rt/lib/asan/asan_malloc_linux.cpp:129:3", "important": false, "type": "Line"}, {"lineNumber": 27, "content": "    #1 0x438417 in operator new(unsigned long) cxa_noexception.cpp:0", "important": false, "type": "Line"}, {"lineNumber": 28, "content": "    #2 0x4423e2 in fuzzer::RunOneTest(fuzzer::Fuzzer*, char const*, unsigned long) /src/llvm-project/compiler-rt/lib/fuzzer/FuzzerDriver.cpp:324:6", "important": false, "type": "Line"}, {"lineNumber": 29, "content": "    #3 0x447eaa in fuzzer::FuzzerDriver(int*, char***, int (*)(unsigned char const*, unsigned long)) cxa_noexception.cpp:0", "important": false, "type": "Line"}, {"lineNumber": 30, "content": "    #4 0x470dd2 in main /src/llvm-project/compiler-rt/lib/fuzzer/FuzzerMain.cpp:20:10", "important": false, "type": "Line"}, {"lineNumber": 31, "content": "    #5 0x7ff1cfae00b2 in __libc_start_main", "important": false, "type": "Line"}, {"lineNumber": 32, "content": "", "important": false, "type": "Line"}, {"lineNumber": 33, "content": "SUMMARY: AddressSanitizer: heap-buffer-overflow (/clusterfuzz/run_bot/clusterfuzz/bot/builds/lzo_libfuzzer_asan/custom/lzo_decompress_target+0x562950)", "important": false, "type": "Line"}, {"lineNumber": 34, "content": "Shadow bytes around the buggy address:", "important": false, "type": "Line"}, {"lineNumber": 35, "content": "  0x0c307fff8120: 00 00 00 00 00 00 00 00 00 00 00 00 00 00 00 00", "important": false, "type": "Line"}, {"lineNumber": 36, "content": "  0x0c307fff8130: 00 00 00 00 00 00 00 00 00 00 00 00 00 00 00 00", "important": false, "type": "Line"}, {"lineNumber": 37, "content": "  0x0c307fff8140: 00 00 00 00 00 00 00 00 00 00 00 00 00 00 00 00", "important": false, "type": "Line"}, {"lineNumber": 38, "content": "  0x0c307fff8150: 00 00 00 00 00 00 00 00 00 00 00 00 00 00 00 00", "important": false, "type": "Line"}, {"lineNumber": 39, "content": "  0x0c307fff8160: 00 00 00 00 00 00 00 00 00 00 00 00 00 00 00 00", "important": false, "type": "Line"}, {"lineNumber": 40, "content": "=&gt;0x0c307fff8170: 00 00 00 00 00 00 00 00 00 00 00 00 00[05]fa fa", "important": false, "type": "Line"}, {"lineNumber": 41, "content": "  0x0c307fff8180: fa fa fa fa fa fa fa fa fa fa fa fa fa fa fa fa", "important": false, "type": "Line"}, {"lineNumber": 42, "content": "  0x0c307fff8190: fa fa fa fa fa fa fa fa fa fa fa fa fa fa fa fa", "important": false, "type": "Line"}, {"lineNumber": 43, "content": "  0x0c307fff81a0: fa fa fa fa fa fa fa fa fa fa fa fa fa fa fa fa", "important": false, "type": "Line"}, {"lineNumber": 44, "content": "  0x0c307fff81b0: fa fa fa fa fa fa fa fa fa fa fa fa fa fa fa fa", "important": false, "type": "Line"}, {"lineNumber": 45, "content": "  0x0c307fff81c0: fa fa fa fa fa fa fa fa fa fa fa fa fa fa fa fa", "important": false, "type": "Line"}, {"lineNumber": 46, "content": "Shadow byte legend (one shadow byte represents 8 application bytes):", "important": false, "type": "Line"}, {"lineNumber": 47, "content": "  Addressable:           00", "important": false, "type": "Line"}, {"lineNumber": 48, "content": "  Partially addressable: 01 02 03 04 05 06 07", "important": false, "type": "Line"}, {"lineNumber": 49, "content": "  Heap left redzone:       fa", "important": false, "type": "Line"}, {"lineNumber": 50, "content": "  Freed heap region:       fd", "important": false, "type": "Line"}, {"lineNumber": 51, "content": "  Stack left redzone:      f1", "important": false, "type": "Line"}, {"lineNumber": 52, "content": "  Stack mid redzone:       f2", "important": false, "type": "Line"}, {"lineNumber": 53, "content": "  Stack right redzone:     f3", "important": false, "type": "Line"}, {"lineNumber": 54, "content": "  Stack after return:      f5", "important": false, "type": "Line"}, {"lineNumber": 55, "content": "  Stack use after scope:   f8", "important": false, "type": "Line"}, {"lineNumber": 56, "content": "  Global redzone:          f9", "important": false, "type": "Line"}, {"lineNumber": 57, "content": "  Global init order:       f6", "important": false, "type": "Line"}, {"lineNumber": 58, "content": "  Poisoned by user:        f7", "important": false, "type": "Line"}, {"lineNumber": 59, "content": "  Container overflow:      fc", "important": false, "type": "Line"}, {"lineNumber": 60, "content": "  Array cookie:            ac", "important": false, "type": "Line"}, {"lineNumber": 61, "content": "  Intra object redzone:    bb", "important": false, "type": "Line"}, {"lineNumber": 62, "content": "  ASan internal:           fe", "important": false, "type": "Line"}, {"lineNumber": 63, "content": "  Left alloca redzone:     ca", "important": false, "type": "Line"}, {"lineNumber": 64, "content": "  Right alloca redzone:    cb", "important": false, "type": "Line"}, {"lineNumber": 65, "content": "==18287==ABORTING", "important": false, "type": "Line"}, {"lineNumber": 66, "content": "", "important": false, "type": "Line"}, {"lineNumber": 67, "content": "", "important": false, "type": "Line"}, {"lineNumber": 68, "content": "+----------------------------------------Release Build Unsymbolized Stacktrace (diff)----------------------------------------+", "important": false, "type": "Line"}, {"lineNumber": 69, "content": "", "important": false, "type": "Line"}, {"lineNumber": 70, "content": "==18287==ERROR: AddressSanitizer: heap-buffer-overflow on address 0x618000000bed at pc 0x000000562951 bp 0x7fffe974d750 sp 0x7fffe974d748", "important": false, "type": "Line"}, {"lineNumber": 71, "content": "READ of size 1 at 0x618000000bed thread T0", "important": false, "type": "Line"}, {"lineNumber": 72, "content": "    #0 0x562950  (/clusterfuzz/run_bot/clusterfuzz/bot/builds/lzo_libfuzzer_asan/custom/lzo_decompress_target+0x562950)", "important": false, "type": "Line"}, {"lineNumber": 73, "content": "    #1 0x55f127  (/clusterfuzz/run_bot/clusterfuzz/bot/builds/lzo_libfuzzer_asan/custom/lzo_decompress_target+0x55f127)", "important": false, "type": "Line"}, {"lineNumber": 74, "content": "    #2 0x456ad3  (/clusterfuzz/run_bot/clusterfuzz/bot/builds/lzo_libfuzzer_asan/custom/lzo_decompress_target+0x456ad3)", "important": false, "type": "Line"}, {"lineNumber": 75, "content": "    #3 0x4423e2  (/clusterfuzz/run_bot/clusterfuzz/bot/builds/lzo_libfuzzer_asan/custom/lzo_decompress_target+0x4423e2)", "important": false, "type": "Line"}, {"lineNumber": 76, "content": "    #4 0x447eaa  (/clusterfuzz/run_bot/clusterfuzz/bot/builds/lzo_libfuzzer_asan/custom/lzo_decompress_target+0x447eaa)", "important": false, "type": "Line"}, {"lineNumber": 77, "content": "    #5 0x470dd2  (/clusterfuzz/run_bot/clusterfuzz/bot/builds/lzo_libfuzzer_asan/custom/lzo_decompress_target+0x470dd2)", "important": false, "type": "Line"}, {"lineNumber": 78, "content": "    #6 0x7ff1cfae00b2  (/lib/x86_64-linux-gnu/libc.so.6+0x270b2)", "important": false, "type": "Line"}, {"lineNumber": 79, "content": "    #7 0x41f66d  (/clusterfuzz/run_bot/clusterfuzz/bot/builds/lzo_libfuzzer_asan/custom/lzo_decompress_target+0x41f66d)", "important": false, "type": "Line"}, {"lineNumber": 80, "content": "", "important": false, "type": "Line"}, {"lineNumber": 81, "content": "0x618000000bed is located 0 bytes to the right of 877-byte region [0x618000000880,0x618000000bed)", "important": false, "type": "Line"}, {"lineNumber": 82, "content": "allocated by thread T0 here:", "important": false, "type": "Line"}, {"lineNumber": 83, "content": "    #0 0x525c9d  (/clusterfuzz/run_bot/clusterfuzz/bot/builds/lzo_libfuzzer_asan/custom/lzo_decompress_target+0x525c9d)", "important": false, "type": "Line"}, {"lineNumber": 84, "content": "    #1 0x438417  (/clusterfuzz/run_bot/clusterfuzz/bot/builds/lzo_libfuzzer_asan/custom/lzo_decompress_target+0x438417)", "important": false, "type": "Line"}, {"lineNumber": 85, "content": "    #2 0x4423e2  (/clusterfuzz/run_bot/clusterfuzz/bot/builds/lzo_libfuzzer_asan/custom/lzo_decompress_target+0x4423e2)", "important": false, "type": "Line"}, {"lineNumber": 86, "content": "    #3 0x447eaa  (/clusterfuzz/run_bot/clusterfuzz/bot/builds/lzo_libfuzzer_asan/custom/lzo_decompress_target+0x447eaa)", "important": false, "type": "Line"}, {"lineNumber": 87, "content": "    #4 0x470dd2  (/clusterfuzz/run_bot/clusterfuzz/bot/builds/lzo_libfuzzer_asan/custom/lzo_decompress_target+0x470dd2)", "important": false, "type": "Line"}, {"lineNumber": 88, "content": "    #5 0x7ff1cfae00b2  (/lib/x86_64-linux-gnu/libc.so.6+0x270b2)", "important": false, "type": "Line"}], "revision": "1"}, "last_tested_crash_stacktrace": {"lines": [{"lineNumber": 1, "content": "[Environment] ASAN_OPTIONS=exitcode=77", "important": false, "type": "Line"}, {"lineNumber": 2, "content": "+----------------------------------------Release Build Stacktrace----------------------------------------+", "important": false, "type": "Line"}, {"lineNumber": 3, "content": "Command: /clusterfuzz/run_bot/clusterfuzz/bot/builds/lzo_libfuzzer_asan/custom/lzo_decompress_target -close_fd_mask=3 -rss_limit_mb=2560 -timeout=60 -runs=100 /clusterfuzz/run_bot/clusterfuzz/bot/inputs/fuzzer-testcases/crash-037cb2bb34fde455ce00d9f9d2599c968c4fbdac", "important": false, "type": "Line"}, {"lineNumber": 4, "content": "Time ran: 0.014983177185058594", "important": false, "type": "Line"}, {"lineNumber": 5, "content": "", "important": false, "type": "Line"}, {"lineNumber": 6, "content": "INFO: Running with entropic power schedule (0xFF, 100).", "important": false, "type": "Line"}, {"lineNumber": 7, "content": "INFO: Seed: 1738522390", "important": false, "type": "Line"}, {"lineNumber": 8, "content": "INFO: Loaded 1 modules   (487 inline 8-bit counters): 487 [0x5c7f80, 0x5c8167),", "important": false, "type": "Line"}, {"lineNumber": 9, "content": "INFO: Loaded 1 PC tables (487 PCs): 487 [0x584e88,0x586cf8),", "important": false, "type": "Line"}, {"lineNumber": 10, "content": "/clusterfuzz/run_bot/clusterfuzz/bot/builds/lzo_libfuzzer_asan/custom/lzo_decompress_target: Running 1 inputs 100 time(s) each.", "important": false, "type": "Line"}, {"lineNumber": 11, "content": "Running: /clusterfuzz/run_bot/clusterfuzz/bot/inputs/fuzzer-testcases/crash-037cb2bb34fde455ce00d9f9d2599c968c4fbdac", "important": false, "type": "Line"}, {"lineNumber": 12, "content": "=================================================================", "important": false, "type": "Line"}, {"lineNumber": 13, "content": "==16357==ERROR: AddressSanitizer: heap-buffer-overflow on address 0x618000000bed at pc 0x000000562951 bp 0x7ffe367713f0 sp 0x7ffe367713e8", "important": false, "type": "Line"}, {"lineNumber": 14, "content": "READ of size 1 at 0x618000000bed thread T0", "important": false, "type": "Line"}, {"lineNumber": 15, "content": "    #0 0x562950 in lzo1f_decompress_safe /src/lzo-2.10/src/lzo1f_d.ch:112:30", "important": true, "type": "Line"}, {"lineNumber": 16, "content": "    #1 0x55f127 in LLVMFuzzerTestOneInput /src/lzo_decompress_target.c:85:9", "important": true, "type": "Line"}, {"lineNumber": 17, "content": "    #2 0x456ad3 in fuzzer::Fuzzer::ExecuteCallback(unsigned char const*, unsigned long) cxa_noexception.cpp:0", "important": false, "type": "Line"}, {"lineNumber": 18, "content": "    #3 0x4423e2 in fuzzer::RunOneTest(fuzzer::Fuzzer*, char const*, unsigned long) /src/llvm-project/compiler-rt/lib/fuzzer/FuzzerDriver.cpp:324:6", "important": false, "type": "Line"}, {"lineNumber": 19, "content": "    #4 0x447eaa in fuzzer::FuzzerDriver(int*, char***, int (*)(unsigned char const*, unsigned long)) cxa_noexception.cpp:0", "important": false, "type": "Line"}, {"lineNumber": 20, "content": "    #5 0x470dd2 in main /src/llvm-project/compiler-rt/lib/fuzzer/FuzzerMain.cpp:20:10", "important": false, "type": "Line"}, {"lineNumber": 21, "content": "    #6 0x7f459aa990b2 in __libc_start_main", "important": false, "type": "Line"}, {"lineNumber": 22, "content": "    #7 0x41f66d in _start", "important": false, "type": "Line"}, {"lineNumber": 23, "content": "", "important": false, "type": "Line"}, {"lineNumber": 24, "content": "0x618000000bed is located 0 bytes to the right of 877-byte region [0x618000000880,0x618000000bed)", "important": false, "type": "Line"}, {"lineNumber": 25, "content": "allocated by thread T0 here:", "important": false, "type": "Line"}, {"lineNumber": 26, "content": "    #0 0x525c9d in __interceptor_malloc /src/llvm-project/compiler-rt/lib/asan/asan_malloc_linux.cpp:129:3", "important": false, "type": "Line"}, {"lineNumber": 27, "content": "    #1 0x438417 in operator new(unsigned long) cxa_noexception.cpp:0", "important": false, "type": "Line"}, {"lineNumber": 28, "content": "    #2 0x4423e2 in fuzzer::RunOneTest(fuzzer::Fuzzer*, char const*, unsigned long) /src/llvm-project/compiler-rt/lib/fuzzer/FuzzerDriver.cpp:324:6", "important": false, "type": "Line"}, {"lineNumber": 29, "content": "    #3 0x447eaa in fuzzer::FuzzerDriver(int*, char***, int (*)(unsigned char const*, unsigned long)) cxa_noexception.cpp:0", "important": false, "type": "Line"}, {"lineNumber": 30, "content": "    #4 0x470dd2 in main /src/llvm-project/compiler-rt/lib/fuzzer/FuzzerMain.cpp:20:10", "important": false, "type": "Line"}, {"lineNumber": 31, "content": "    #5 0x7f459aa990b2 in __libc_start_main", "important": false, "type": "Line"}, {"lineNumber": 32, "content": "", "important": false, "type": "Line"}, {"lineNumber": 33, "content": "SUMMARY: AddressSanitizer: heap-buffer-overflow (/clusterfuzz/run_bot/clusterfuzz/bot/builds/lzo_libfuzzer_asan/custom/lzo_decompress_target+0x562950)", "important": false, "type": "Line"}, {"lineNumber": 34, "content": "Shadow bytes around the buggy address:", "important": false, "type": "Line"}, {"lineNumber": 35, "content": "  0x0c307fff8120: 00 00 00 00 00 00 00 00 00 00 00 00 00 00 00 00", "important": false, "type": "Line"}, {"lineNumber": 36, "content": "  0x0c307fff8130: 00 00 00 00 00 00 00 00 00 00 00 00 00 00 00 00", "important": false, "type": "Line"}, {"lineNumber": 37, "content": "  0x0c307fff8140: 00 00 00 00 00 00 00 00 00 00 00 00 00 00 00 00", "important": false, "type": "Line"}, {"lineNumber": 38, "content": "  0x0c307fff8150: 00 00 00 00 00 00 00 00 00 00 00 00 00 00 00 00", "important": false, "type": "Line"}, {"lineNumber": 39, "content": "  0x0c307fff8160: 00 00 00 00 00 00 00 00 00 00 00 00 00 00 00 00", "important": false, "type": "Line"}, {"lineNumber": 40, "content": "=&gt;0x0c307fff8170: 00 00 00 00 00 00 00 00 00 00 00 00 00[05]fa fa", "important": false, "type": "Line"}, {"lineNumber": 41, "content": "  0x0c307fff8180: fa fa fa fa fa fa fa fa fa fa fa fa fa fa fa fa", "important": false, "type": "Line"}, {"lineNumber": 42, "content": "  0x0c307fff8190: fa fa fa fa fa fa fa fa fa fa fa fa fa fa fa fa", "important": false, "type": "Line"}, {"lineNumber": 43, "content": "  0x0c307fff81a0: fa fa fa fa fa fa fa fa fa fa fa fa fa fa fa fa", "important": false, "type": "Line"}, {"lineNumber": 44, "content": "  0x0c307fff81b0: fa fa fa fa fa fa fa fa fa fa fa fa fa fa fa fa", "important": false, "type": "Line"}, {"lineNumber": 45, "content": "  0x0c307fff81c0: fa fa fa fa fa fa fa fa fa fa fa fa fa fa fa fa", "important": false, "type": "Line"}, {"lineNumber": 46, "content": "Shadow byte legend (one shadow byte represents 8 application bytes):", "important": false, "type": "Line"}, {"lineNumber": 47, "content": "  Addressable:           00", "important": false, "type": "Line"}, {"lineNumber": 48, "content": "  Partially addressable: 01 02 03 04 05 06 07", "important": false, "type": "Line"}, {"lineNumber": 49, "content": "  Heap left redzone:       fa", "important": false, "type": "Line"}, {"lineNumber": 50, "content": "  Freed heap region:       fd", "important": false, "type": "Line"}, {"lineNumber": 51, "content": "  Stack left redzone:      f1", "important": false, "type": "Line"}, {"lineNumber": 52, "content": "  Stack mid redzone:       f2", "important": false, "type": "Line"}, {"lineNumber": 53, "content": "  Stack right redzone:     f3", "important": false, "type": "Line"}, {"lineNumber": 54, "content": "  Stack after return:      f5", "important": false, "type": "Line"}, {"lineNumber": 55, "content": "  Stack use after scope:   f8", "important": false, "type": "Line"}, {"lineNumber": 56, "content": "  Global redzone:          f9", "important": false, "type": "Line"}, {"lineNumber": 57, "content": "  Global init order:       f6", "important": false, "type": "Line"}, {"lineNumber": 58, "content": "  Poisoned by user:        f7", "important": false, "type": "Line"}, {"lineNumber": 59, "content": "  Container overflow:      fc", "important": false, "type": "Line"}, {"lineNumber": 60, "content": "  Array cookie:            ac", "important": false, "type": "Line"}, {"lineNumber": 61, "content": "  Intra object redzone:    bb", "important": false, "type": "Line"}, {"lineNumber": 62, "content": "  ASan internal:           fe", "important": false, "type": "Line"}, {"lineNumber": 63, "content": "  Left alloca redzone:     ca", "important": false, "type": "Line"}, {"lineNumber": 64, "content": "  Right alloca redzone:    cb", "important": false, "type": "Line"}, {"lineNumber": 65, "content": "==16357==ABORTING", "important": false, "type": "Line"}, {"lineNumber": 66, "content": "", "important": false, "type": "Line"}, {"lineNumber": 67, "content": "", "important": false, "type": "Line"}, {"lineNumber": 68, "content": "+----------------------------------------Release Build Unsymbolized Stacktrace (diff)----------------------------------------+", "important": false, "type": "Line"}, {"lineNumber": 69, "content": "", "important": false, "type": "Line"}, {"lineNumber": 70, "content": "==16357==ERROR: AddressSanitizer: heap-buffer-overflow on address 0x618000000bed at pc 0x000000562951 bp 0x7ffe367713f0 sp 0x7ffe367713e8", "important": false, "type": "Line"}, {"lineNumber": 71, "content": "READ of size 1 at 0x618000000bed thread T0", "important": false, "type": "Line"}, {"lineNumber": 72, "content": "    #0 0x562950  (/clusterfuzz/run_bot/clusterfuzz/bot/builds/lzo_libfuzzer_asan/custom/lzo_decompress_target+0x562950)", "important": false, "type": "Line"}, {"lineNumber": 73, "content": "    #1 0x55f127  (/clusterfuzz/run_bot/clusterfuzz/bot/builds/lzo_libfuzzer_asan/custom/lzo_decompress_target+0x55f127)", "important": false, "type": "Line"}, {"lineNumber": 74, "content": "    #2 0x456ad3  (/clusterfuzz/run_bot/clusterfuzz/bot/builds/lzo_libfuzzer_asan/custom/lzo_decompress_target+0x456ad3)", "important": false, "type": "Line"}, {"lineNumber": 75, "content": "    #3 0x4423e2  (/clusterfuzz/run_bot/clusterfuzz/bot/builds/lzo_libfuzzer_asan/custom/lzo_decompress_target+0x4423e2)", "important": false, "type": "Line"}, {"lineNumber": 76, "content": "    #4 0x447eaa  (/clusterfuzz/run_bot/clusterfuzz/bot/builds/lzo_libfuzzer_asan/custom/lzo_decompress_target+0x447eaa)", "important": false, "type": "Line"}, {"lineNumber": 77, "content": "    #5 0x470dd2  (/clusterfuzz/run_bot/clusterfuzz/bot/builds/lzo_libfuzzer_asan/custom/lzo_decompress_target+0x470dd2)", "important": false, "type": "Line"}, {"lineNumber": 78, "content": "    #6 0x7f459aa990b2  (/lib/x86_64-linux-gnu/libc.so.6+0x270b2)", "important": false, "type": "Line"}, {"lineNumber": 79, "content": "    #7 0x41f66d  (/clusterfuzz/run_bot/clusterfuzz/bot/builds/lzo_libfuzzer_asan/custom/lzo_decompress_target+0x41f66d)", "important": false, "type": "Line"}, {"lineNumber": 80, "content": "", "important": false, "type": "Line"}, {"lineNumber": 81, "content": "0x618000000bed is located 0 bytes to the right of 877-byte region [0x618000000880,0x618000000bed)", "important": false, "type": "Line"}, {"lineNumber": 82, "content": "allocated by thread T0 here:", "important": false, "type": "Line"}, {"lineNumber": 83, "content": "    #0 0x525c9d  (/clusterfuzz/run_bot/clusterfuzz/bot/builds/lzo_libfuzzer_asan/custom/lzo_decompress_target+0x525c9d)", "important": false, "type": "Line"}, {"lineNumber": 84, "content": "    #1 0x438417  (/clusterfuzz/run_bot/clusterfuzz/bot/builds/lzo_libfuzzer_asan/custom/lzo_decompress_target+0x438417)", "important": false, "type": "Line"}, {"lineNumber": 85, "content": "    #2 0x4423e2  (/clusterfuzz/run_bot/clusterfuzz/bot/builds/lzo_libfuzzer_asan/custom/lzo_decompress_target+0x4423e2)", "important": false, "type": "Line"}, {"lineNumber": 86, "content": "    #3 0x447eaa  (/clusterfuzz/run_bot/clusterfuzz/bot/builds/lzo_libfuzzer_asan/custom/lzo_decompress_target+0x447eaa)", "important": false, "type": "Line"}, {"lineNumber": 87, "content": "    #4 0x470dd2  (/clusterfuzz/run_bot/clusterfuzz/bot/builds/lzo_libfuzzer_asan/custom/lzo_decompress_target+0x470dd2)", "important": false, "type": "Line"}, {"lineNumber": 88, "content": "    #5 0x7f459aa990b2  (/lib/x86_64-linux-gnu/libc.so.6+0x270b2)", "important": false, "type": "Line"}], "revision": null}, "security_severity": "Medium", "security_severities": [{"value": 0, "name": "Critical"}, {"value": 1, "name": "High", "default": true}, {"value": 2, "name": "Medium"}, {"value": 3, "name": "Low"}, {"value": 4, "name": "Missing"}], "stats": {"min_hour": 1, "max_hour": 1}, "suspected_cls": null, "testcase": {"absolute_path": "/clusterfuzz/run_bot/clusterfuzz/bot/inputs/fuzzer-testcases/crash-037cb2bb34fde455ce00d9f9d2599c968c4fbdac", "additional_metadata": "{\"build_key\": \"bf5b06b3-49c0-4ca0-b607-2e03cdb4199b\", \"env\": {\"ASAN_OPTIONS\": {}}, \"fuzzer_binary_name\": \"lzo_decompress_target\", \"last_tested_crash_revision\": null, \"last_tested_crash_time\": {\"__type__\": \"datetime\", \"day\": 30, \"hour\": 0, \"microsecond\": 377663, \"minute\": 11, \"month\": 11, \"second\": 54, \"year\": 2021}, \"last_tested_revision\": null}", "archive_filename": null, "archive_state": 0, "binary_flag": true, "bug_indices": [], "bug_information": "", "comments": "[2021-11-28 10:21:00 UTC] comput13-20211128-14:48: Fuzz task : Fuzzer libFuzzer_lzo_decompress_target generated testcase crashed in 0 seconds (r1).\n[2021-11-28 10:22:25 UTC] comput5-20211128-14:51: Minimize task started.\n[2021-11-28 10:49:59 UTC] comput5-20211128-14:51: Minimize task finished.\n[2021-11-30 00:10:35 UTC] comput18-20211129-15:14: Progression task started.\n[2021-11-30 00:11:54 UTC] comput18-20211129-15:14: Progression task finished: still crashes on latest custom build.\n", "crash_address": "0x618000000bed", "crash_revision": 1, "crash_stacktrace": "[Environment] ASAN_OPTIONS=exitcode=77\n+----------------------------------------Release Build Stacktrace----------------------------------------+\nCommand: /clusterfuzz/run_bot/clusterfuzz/bot/builds/lzo_libfuzzer_asan/custom/lzo_decompress_target -close_fd_mask=3 -rss_limit_mb=2560 -timeout=60 -runs=100 /clusterfuzz/run_bot/clusterfuzz/bot/inputs/fuzzer-testcases/824d1a526eeb48df149b4dd75996c31d34fde455ce00d9f9d2599c968c4fbdac\nTime ran: 0.05748867988586426\n\nINFO: Running with entropic power schedule (0xFF, 100).\nINFO: Seed: 367678708\nINFO: Loaded 1 modules   (487 inline 8-bit counters): 487 [0x5c7f80, 0x5c8167),\nINFO: Loaded 1 PC tables (487 PCs): 487 [0x584e88,0x586cf8),\n/clusterfuzz/run_bot/clusterfuzz/bot/builds/lzo_libfuzzer_asan/custom/lzo_decompress_target: Running 1 inputs 100 time(s) each.\nRunning: /clusterfuzz/run_bot/clusterfuzz/bot/inputs/fuzzer-testcases/824d1a526eeb48df149b4dd75996c31d34fde455ce00d9f9d2599c968c4fbdac\n=================================================================\n==18287==ERROR: AddressSanitizer: heap-buffer-overflow on address 0x618000000bed at pc 0x000000562951 bp 0x7fffe974d750 sp 0x7fffe974d748\nREAD of size 1 at 0x618000000bed thread T0\n    #0 0x562950 in lzo1f_decompress_safe /src/lzo-2.10/src/lzo1f_d.ch:112:30\n    #1 0x55f127 in LLVMFuzzerTestOneInput /src/lzo_decompress_target.c:85:9\n    #2 0x456ad3 in fuzzer::Fuzzer::ExecuteCallback(unsigned char const*, unsigned long) cxa_noexception.cpp:0\n    #3 0x4423e2 in fuzzer::RunOneTest(fuzzer::Fuzzer*, char const*, unsigned long) /src/llvm-project/compiler-rt/lib/fuzzer/FuzzerDriver.cpp:324:6\n    #4 0x447eaa in fuzzer::FuzzerDriver(int*, char***, int (*)(unsigned char const*, unsigned long)) cxa_noexception.cpp:0\n    #5 0x470dd2 in main /src/llvm-project/compiler-rt/lib/fuzzer/FuzzerMain.cpp:20:10\n    #6 0x7ff1cfae00b2 in __libc_start_main\n    #7 0x41f66d in _start\n\n0x618000000bed is located 0 bytes to the right of 877-byte region [0x618000000880,0x618000000bed)\nallocated by thread T0 here:\n    #0 0x525c9d in __interceptor_malloc /src/llvm-project/compiler-rt/lib/asan/asan_malloc_linux.cpp:129:3\n    #1 0x438417 in operator new(unsigned long) cxa_noexception.cpp:0\n    #2 0x4423e2 in fuzzer::RunOneTest(fuzzer::Fuzzer*, char const*, unsigned long) /src/llvm-project/compiler-rt/lib/fuzzer/FuzzerDriver.cpp:324:6\n    #3 0x447eaa in fuzzer::FuzzerDriver(int*, char***, int (*)(unsigned char const*, unsigned long)) cxa_noexception.cpp:0\n    #4 0x470dd2 in main /src/llvm-project/compiler-rt/lib/fuzzer/FuzzerMain.cpp:20:10\n    #5 0x7ff1cfae00b2 in __libc_start_main\n\nSUMMARY: AddressSanitizer: heap-buffer-overflow (/clusterfuzz/run_bot/clusterfuzz/bot/builds/lzo_libfuzzer_asan/custom/lzo_decompress_target+0x562950)\nShadow bytes around the buggy address:\n  0x0c307fff8120: 00 00 00 00 00 00 00 00 00 00 00 00 00 00 00 00\n  0x0c307fff8130: 00 00 00 00 00 00 00 00 00 00 00 00 00 00 00 00\n  0x0c307fff8140: 00 00 00 00 00 00 00 00 00 00 00 00 00 00 00 00\n  0x0c307fff8150: 00 00 00 00 00 00 00 00 00 00 00 00 00 00 00 00\n  0x0c307fff8160: 00 00 00 00 00 00 00 00 00 00 00 00 00 00 00 00\n=>0x0c307fff8170: 00 00 00 00 00 00 00 00 00 00 00 00 00[05]fa fa\n  0x0c307fff8180: fa fa fa fa fa fa fa fa fa fa fa fa fa fa fa fa\n  0x0c307fff8190: fa fa fa fa fa fa fa fa fa fa fa fa fa fa fa fa\n  0x0c307fff81a0: fa fa fa fa fa fa fa fa fa fa fa fa fa fa fa fa\n  0x0c307fff81b0: fa fa fa fa fa fa fa fa fa fa fa fa fa fa fa fa\n  0x0c307fff81c0: fa fa fa fa fa fa fa fa fa fa fa fa fa fa fa fa\nShadow byte legend (one shadow byte represents 8 application bytes):\n  Addressable:           00\n  Partially addressable: 01 02 03 04 05 06 07\n  Heap left redzone:       fa\n  Freed heap region:       fd\n  Stack left redzone:      f1\n  Stack mid redzone:       f2\n  Stack right redzone:     f3\n  Stack after return:      f5\n  Stack use after scope:   f8\n  Global redzone:          f9\n  Global init order:       f6\n  Poisoned by user:        f7\n  Container overflow:      fc\n  Array cookie:            ac\n  Intra object redzone:    bb\n  ASan internal:           fe\n  Left alloca redzone:     ca\n  Right alloca redzone:    cb\n==18287==ABORTING\n\n\n+----------------------------------------Release Build Unsymbolized Stacktrace (diff)----------------------------------------+\n\n==18287==ERROR: AddressSanitizer: heap-buffer-overflow on address 0x618000000bed at pc 0x000000562951 bp 0x7fffe974d750 sp 0x7fffe974d748\nREAD of size 1 at 0x618000000bed thread T0\n    #0 0x562950  (/clusterfuzz/run_bot/clusterfuzz/bot/builds/lzo_libfuzzer_asan/custom/lzo_decompress_target+0x562950)\n    #1 0x55f127  (/clusterfuzz/run_bot/clusterfuzz/bot/builds/lzo_libfuzzer_asan/custom/lzo_decompress_target+0x55f127)\n    #2 0x456ad3  (/clusterfuzz/run_bot/clusterfuzz/bot/builds/lzo_libfuzzer_asan/custom/lzo_decompress_target+0x456ad3)\n    #3 0x4423e2  (/clusterfuzz/run_bot/clusterfuzz/bot/builds/lzo_libfuzzer_asan/custom/lzo_decompress_target+0x4423e2)\n    #4 0x447eaa  (/clusterfuzz/run_bot/clusterfuzz/bot/builds/lzo_libfuzzer_asan/custom/lzo_decompress_target+0x447eaa)\n    #5 0x470dd2  (/clusterfuzz/run_bot/clusterfuzz/bot/builds/lzo_libfuzzer_asan/custom/lzo_decompress_target+0x470dd2)\n    #6 0x7ff1cfae00b2  (/lib/x86_64-linux-gnu/libc.so.6+0x270b2)\n    #7 0x41f66d  (/clusterfuzz/run_bot/clusterfuzz/bot/builds/lzo_libfuzzer_asan/custom/lzo_decompress_target+0x41f66d)\n\n0x618000000bed is located 0 bytes to the right of 877-byte region [0x618000000880,0x618000000bed)\nallocated by thread T0 here:\n    #0 0x525c9d  (/clusterfuzz/run_bot/clusterfuzz/bot/builds/lzo_libfuzzer_asan/custom/lzo_decompress_target+0x525c9d)\n    #1 0x438417  (/clusterfuzz/run_bot/clusterfuzz/bot/builds/lzo_libfuzzer_asan/custom/lzo_decompress_target+0x438417)\n    #2 0x4423e2  (/clusterfuzz/run_bot/clusterfuzz/bot/builds/lzo_libfuzzer_asan/custom/lzo_decompress_target+0x4423e2)\n    #3 0x447eaa  (/clusterfuzz/run_bot/clusterfuzz/bot/builds/lzo_libfuzzer_asan/custom/lzo_decompress_target+0x447eaa)\n    #4 0x470dd2  (/clusterfuzz/run_bot/clusterfuzz/bot/builds/lzo_libfuzzer_asan/custom/lzo_decompress_target+0x470dd2)\n    #5 0x7ff1cfae00b2  (/lib/x86_64-linux-gnu/libc.so.6+0x270b2)\n", "crash_state": "lzo1f_decompress_safe\nlzo_decompress_target.c\n", "crash_type": "Heap-buffer-overflow\nREAD 1", "disable_ubsan": false, "duplicate_of": null, "fixed": "", "flaky_stack": false, "fuzzed_keys": "b574df01-8171-4eda-aa98-f4aa819839da", "fuzzer_name": "libFuzzer", "fuzzer_name_indices": ["libFuzzer_lzo_decompress_target", "libFuzzer"], "gestures": [], "group_bug_information": 0, "group_id": 23384, "has_bug_flag": false, "http_flag": false, "impact_beta_version": null, "impact_beta_version_indices": [], "impact_beta_version_likely": false, "impact_extended_stable_version": null, "impact_extended_stable_version_indices": [], "impact_extended_stable_version_likely": false, "impact_head_version": null, "impact_head_version_indices": [], "impact_head_version_likely": null, "impact_indices": [], "impact_stable_version": null, "impact_stable_version_indices": [], "impact_stable_version_likely": false, "impact_version_indices": [], "is_a_duplicate_flag": false, "is_impact_set_flag": false, "is_leader": true, "job_type": "lzo_libfuzzer_asan", "keywords": ["libfuzzer_lzo", "lib", "linux", "overflow", "lzo1f", "heap-buffer-overflow", "lzo_libfuzzer", "target", "libfuzzer", "c", "heap-buffer", "target.c", "decompress_target.c", "lzo_decompress_target", "libfuzzer_lzo_decompress", "lzo", "read 1", "decompress_target", "1", "lzo1f_decompress_safe", "decompress", "safe", "lzo_decompress_target.c", "lzo1f_decompress", "libfuzzer_asan", "lzo_decompress", "fuzzer_lzo", "heap", "fuzzer_lzo_decompress_target", "asan", "read", "fuzzer", "buffer-overflow", "lzo_libfuzzer_asan", "buffer", "fuzzer_lzo_decompress", "libfuzzer_lzo_decompress_target", "decompress_safe"], "last_tested_crash_stacktrace": "[Environment] ASAN_OPTIONS=exitcode=77\n+----------------------------------------Release Build Stacktrace----------------------------------------+\nCommand: /clusterfuzz/run_bot/clusterfuzz/bot/builds/lzo_libfuzzer_asan/custom/lzo_decompress_target -close_fd_mask=3 -rss_limit_mb=2560 -timeout=60 -runs=100 /clusterfuzz/run_bot/clusterfuzz/bot/inputs/fuzzer-testcases/crash-037cb2bb34fde455ce00d9f9d2599c968c4fbdac\nTime ran: 0.014983177185058594\n\nINFO: Running with entropic power schedule (0xFF, 100).\nINFO: Seed: 1738522390\nINFO: Loaded 1 modules   (487 inline 8-bit counters): 487 [0x5c7f80, 0x5c8167),\nINFO: Loaded 1 PC tables (487 PCs): 487 [0x584e88,0x586cf8),\n/clusterfuzz/run_bot/clusterfuzz/bot/builds/lzo_libfuzzer_asan/custom/lzo_decompress_target: Running 1 inputs 100 time(s) each.\nRunning: /clusterfuzz/run_bot/clusterfuzz/bot/inputs/fuzzer-testcases/crash-037cb2bb34fde455ce00d9f9d2599c968c4fbdac\n=================================================================\n==16357==ERROR: AddressSanitizer: heap-buffer-overflow on address 0x618000000bed at pc 0x000000562951 bp 0x7ffe367713f0 sp 0x7ffe367713e8\nREAD of size 1 at 0x618000000bed thread T0\n    #0 0x562950 in lzo1f_decompress_safe /src/lzo-2.10/src/lzo1f_d.ch:112:30\n    #1 0x55f127 in LLVMFuzzerTestOneInput /src/lzo_decompress_target.c:85:9\n    #2 0x456ad3 in fuzzer::Fuzzer::ExecuteCallback(unsigned char const*, unsigned long) cxa_noexception.cpp:0\n    #3 0x4423e2 in fuzzer::RunOneTest(fuzzer::Fuzzer*, char const*, unsigned long) /src/llvm-project/compiler-rt/lib/fuzzer/FuzzerDriver.cpp:324:6\n    #4 0x447eaa in fuzzer::FuzzerDriver(int*, char***, int (*)(unsigned char const*, unsigned long)) cxa_noexception.cpp:0\n    #5 0x470dd2 in main /src/llvm-project/compiler-rt/lib/fuzzer/FuzzerMain.cpp:20:10\n    #6 0x7f459aa990b2 in __libc_start_main\n    #7 0x41f66d in _start\n\n0x618000000bed is located 0 bytes to the right of 877-byte region [0x618000000880,0x618000000bed)\nallocated by thread T0 here:\n    #0 0x525c9d in __interceptor_malloc /src/llvm-project/compiler-rt/lib/asan/asan_malloc_linux.cpp:129:3\n    #1 0x438417 in operator new(unsigned long) cxa_noexception.cpp:0\n    #2 0x4423e2 in fuzzer::RunOneTest(fuzzer::Fuzzer*, char const*, unsigned long) /src/llvm-project/compiler-rt/lib/fuzzer/FuzzerDriver.cpp:324:6\n    #3 0x447eaa in fuzzer::FuzzerDriver(int*, char***, int (*)(unsigned char const*, unsigned long)) cxa_noexception.cpp:0\n    #4 0x470dd2 in main /src/llvm-project/compiler-rt/lib/fuzzer/FuzzerMain.cpp:20:10\n    #5 0x7f459aa990b2 in __libc_start_main\n\nSUMMARY: AddressSanitizer: heap-buffer-overflow (/clusterfuzz/run_bot/clusterfuzz/bot/builds/lzo_libfuzzer_asan/custom/lzo_decompress_target+0x562950)\nShadow bytes around the buggy address:\n  0x0c307fff8120: 00 00 00 00 00 00 00 00 00 00 00 00 00 00 00 00\n  0x0c307fff8130: 00 00 00 00 00 00 00 00 00 00 00 00 00 00 00 00\n  0x0c307fff8140: 00 00 00 00 00 00 00 00 00 00 00 00 00 00 00 00\n  0x0c307fff8150: 00 00 00 00 00 00 00 00 00 00 00 00 00 00 00 00\n  0x0c307fff8160: 00 00 00 00 00 00 00 00 00 00 00 00 00 00 00 00\n=>0x0c307fff8170: 00 00 00 00 00 00 00 00 00 00 00 00 00[05]fa fa\n  0x0c307fff8180: fa fa fa fa fa fa fa fa fa fa fa fa fa fa fa fa\n  0x0c307fff8190: fa fa fa fa fa fa fa fa fa fa fa fa fa fa fa fa\n  0x0c307fff81a0: fa fa fa fa fa fa fa fa fa fa fa fa fa fa fa fa\n  0x0c307fff81b0: fa fa fa fa fa fa fa fa fa fa fa fa fa fa fa fa\n  0x0c307fff81c0: fa fa fa fa fa fa fa fa fa fa fa fa fa fa fa fa\nShadow byte legend (one shadow byte represents 8 application bytes):\n  Addressable:           00\n  Partially addressable: 01 02 03 04 05 06 07\n  Heap left redzone:       fa\n  Freed heap region:       fd\n  Stack left redzone:      f1\n  Stack mid redzone:       f2\n  Stack right redzone:     f3\n  Stack after return:      f5\n  Stack use after scope:   f8\n  Global redzone:          f9\n  Global init order:       f6\n  Poisoned by user:        f7\n  Container overflow:      fc\n  Array cookie:            ac\n  Intra object redzone:    bb\n  ASan internal:           fe\n  Left alloca redzone:     ca\n  Right alloca redzone:    cb\n==16357==ABORTING\n\n\n+----------------------------------------Release Build Unsymbolized Stacktrace (diff)----------------------------------------+\n\n==16357==ERROR: AddressSanitizer: heap-buffer-overflow on address 0x618000000bed at pc 0x000000562951 bp 0x7ffe367713f0 sp 0x7ffe367713e8\nREAD of size 1 at 0x618000000bed thread T0\n    #0 0x562950  (/clusterfuzz/run_bot/clusterfuzz/bot/builds/lzo_libfuzzer_asan/custom/lzo_decompress_target+0x562950)\n    #1 0x55f127  (/clusterfuzz/run_bot/clusterfuzz/bot/builds/lzo_libfuzzer_asan/custom/lzo_decompress_target+0x55f127)\n    #2 0x456ad3  (/clusterfuzz/run_bot/clusterfuzz/bot/builds/lzo_libfuzzer_asan/custom/lzo_decompress_target+0x456ad3)\n    #3 0x4423e2  (/clusterfuzz/run_bot/clusterfuzz/bot/builds/lzo_libfuzzer_asan/custom/lzo_decompress_target+0x4423e2)\n    #4 0x447eaa  (/clusterfuzz/run_bot/clusterfuzz/bot/builds/lzo_libfuzzer_asan/custom/lzo_decompress_target+0x447eaa)\n    #5 0x470dd2  (/clusterfuzz/run_bot/clusterfuzz/bot/builds/lzo_libfuzzer_asan/custom/lzo_decompress_target+0x470dd2)\n    #6 0x7f459aa990b2  (/lib/x86_64-linux-gnu/libc.so.6+0x270b2)\n    #7 0x41f66d  (/clusterfuzz/run_bot/clusterfuzz/bot/builds/lzo_libfuzzer_asan/custom/lzo_decompress_target+0x41f66d)\n\n0x618000000bed is located 0 bytes to the right of 877-byte region [0x618000000880,0x618000000bed)\nallocated by thread T0 here:\n    #0 0x525c9d  (/clusterfuzz/run_bot/clusterfuzz/bot/builds/lzo_libfuzzer_asan/custom/lzo_decompress_target+0x525c9d)\n    #1 0x438417  (/clusterfuzz/run_bot/clusterfuzz/bot/builds/lzo_libfuzzer_asan/custom/lzo_decompress_target+0x438417)\n    #2 0x4423e2  (/clusterfuzz/run_bot/clusterfuzz/bot/builds/lzo_libfuzzer_asan/custom/lzo_decompress_target+0x4423e2)\n    #3 0x447eaa  (/clusterfuzz/run_bot/clusterfuzz/bot/builds/lzo_libfuzzer_asan/custom/lzo_decompress_target+0x447eaa)\n    #4 0x470dd2  (/clusterfuzz/run_bot/clusterfuzz/bot/builds/lzo_libfuzzer_asan/custom/lzo_decompress_target+0x470dd2)\n    #5 0x7f459aa990b2  (/lib/x86_64-linux-gnu/libc.so.6+0x270b2)\n", "minidump_keys": "", "minimized_arguments": "-close_fd_mask=3 -rss_limit_mb=2560 -timeout=60", "minimized_keys": "89754809-e121-4be8-961f-ee2fc3468330", "one_time_crasher_flag": false, "open": true, "overridden_fuzzer_name": "libFuzzer_lzo_decompress_target", "platform": "linux", "platform_id": "linux", "project_name": "test-project", "queue": "jobs-linux", "redzone": 32, "regression": "NA", "security_flag": true, "security_severity": 2, "status": "Processed", "symbolized": false, "timeout_multiplier": 1.0, "timestamp": 1638094860, "triaged": false, "uploader_email": null, "window_argument": "", "id": 379}, "timestamp": 1638094860.73418, "show_blame": false, "show_impact": false, "impacts_production": false, "find_similar_issues_options": [{"type": "open", "label": "Open"}, {"type": "all", "label": "All"}], "auto_delete_timestamp": null, "auto_close_timestamp": null, "memory_tool_display_label": "Sanitizer", "memory_tool_display_value": "address (ASAN)", "last_tested": "1:1 (No component revisions found!)", "is_admin_or_not_oss_fuzz": true, "has_issue_tracker": false, "reproduction_help_url": "", "is_local_development": true, "fuzzer_display": {"engine": "libFuzzer", "target": "lzo_decompress_target", "name": "libFuzzer", "fully_qualified_name": "libFuzzer_lzo_decompress_target"}}