{"id": 40238, "crash_type": "Use-of-uninitialized-value", "crash_address": "", "crash_state": "logLog\nperformanceCheck\ncryptofuzz::ExecutorBase<cryptofuzz::component::ECDSA_Signature, cryptofuzz::ope\n", "crash_state_lines": ["logLog", "performanceCheck", "cryptofuzz::ExecutorBase<cryptofuzz::component::ECDSA_Signature, cryptofuzz::ope"], "crash_revision": 1, "csrf_token": "D6S+cXG/eQvjQp1jhkN2Yfq5FoCaAiuUjD0oLthouNSAPb8xaAgWvNikB3AHnFnrgfWQIz/OKB4owWUbxHHo3A==", "external_user": false, "footer": "[2021-11-30 01:09:54 UTC] comput10-20211129-15:14: Fuzz task : Fuzzer honggfuzz_cryptofuzz-libecc generated testcase crashed in 34 seconds (r1).\n[2021-11-30 01:11:04 UTC] comput19-20211129-15:14: Minimize task started.\n[2021-11-30 01:11:04 UTC] comput19-20211129-15:14: Minimize task errored out: Engine does not support minimization.\n", "formatted_reproduction_help": "", "fixed": "NO", "fixed_full": null, "issue_url": null, "is_admin": true, "metadata": {"build_key": "17b7bbde-e878-4fe9-af02-74764f2a3755", "fuzzer_binary_name": "cryptofuzz-libecc"}, "minimized_testcase_size": "14 KB", "needs_refresh": false, "original_testcase_size": "14 KB", "privileged_user": true, "regression": "NA", "crash_stacktrace": {"lines": [{"lineNumber": 1, "content": "[Environment] MSAN_OPTIONS=allocator_release_to_os_interval_ms=500:halt_on_error=1:handle_abort=2:handle_segv=2:handle_sigbus=2:handle_sigfpe=2:handle_sigill=2:print_stats=1:print_summary=1:symbolize=0:use_sigaltstack=1", "important": false, "type": "Line"}, {"lineNumber": 2, "content": "+----------------------------------------Release Build Stacktrace----------------------------------------+", "important": false, "type": "Line"}, {"lineNumber": 3, "content": "Uninitialized bytes in __interceptor_localtime_r at offset 0 inside [0x7fffffffcc58, 8)", "important": false, "type": "Line"}, {"lineNumber": 4, "content": "==14406==WARNING: MemorySanitizer: use-of-uninitialized-value", "important": false, "type": "Line"}, {"lineNumber": 5, "content": "    #0 0x1627ad2 in logLog", "important": true, "type": "Line"}, {"lineNumber": 6, "content": "    #1 0x162fd4a in performanceCheck", "important": true, "type": "Line"}, {"lineNumber": 7, "content": "    #2 0x1626119 in main", "important": false, "type": "Line"}, {"lineNumber": 8, "content": "    #3 0x7ffff7c5b0b2 in __libc_start_main", "important": false, "type": "Line"}, {"lineNumber": 9, "content": "    #4 0x497f0d in _start", "important": false, "type": "Line"}, {"lineNumber": 10, "content": "", "important": false, "type": "Line"}, {"lineNumber": 11, "content": "  Uninitialized value was created by an allocation of &#x27;ref.tmp278&#x27; in the stack frame of function &#x27;_ZNK10cryptofuzz12ExecutorBaseINS_9component15ECDSA_SignatureENS_9operation10ECDSA_SignEE3RunERN7fuzzing10datasource10DatasourceEPKhm&#x27;", "important": false, "type": "Line"}, {"lineNumber": 12, "content": "    #0 0x6483e0 in cryptofuzz::ExecutorBase&lt;cryptofuzz::component::ECDSA_Signature, cryptofuzz::operation::ECDSA_Sign&gt;::Run(fuzzing::datasource::Datasource&amp;, unsigned char const*, unsigned long) const /src/cryptofuzz/executor.cpp:2064", "important": true, "type": "Line"}, {"lineNumber": 13, "content": "", "important": false, "type": "Line"}, {"lineNumber": 14, "content": "SUMMARY: MemorySanitizer: use-of-uninitialized-value (/clusterfuzz/run_bot/clusterfuzz/bot/builds/libecc_honggfuzz_msan/custom/cryptofuzz-libecc+0x1627ad2)", "important": false, "type": "Line"}, {"lineNumber": 15, "content": "Exiting", "important": false, "type": "Line"}, {"lineNumber": 16, "content": "", "important": false, "type": "Line"}, {"lineNumber": 17, "content": "", "important": false, "type": "Line"}, {"lineNumber": 18, "content": "+----------------------------------------Release Build Unsymbolized Stacktrace (diff)----------------------------------------+", "important": false, "type": "Line"}, {"lineNumber": 19, "content": "", "important": false, "type": "Line"}, {"lineNumber": 20, "content": "Uninitialized bytes in __interceptor_localtime_r at offset 0 inside [0x7fffffffcc58, 8)", "important": false, "type": "Line"}, {"lineNumber": 21, "content": "==14406==WARNING: MemorySanitizer: use-of-uninitialized-value", "important": false, "type": "Line"}, {"lineNumber": 22, "content": "    #0 0x1627ad2  (/clusterfuzz/run_bot/clusterfuzz/bot/builds/libecc_honggfuzz_msan/custom/cryptofuzz-libecc+0x1627ad2)", "important": false, "type": "Line"}, {"lineNumber": 23, "content": "    #1 0x162fd4a  (/clusterfuzz/run_bot/clusterfuzz/bot/builds/libecc_honggfuzz_msan/custom/cryptofuzz-libecc+0x162fd4a)", "important": false, "type": "Line"}, {"lineNumber": 24, "content": "    #2 0x1626119  (/clusterfuzz/run_bot/clusterfuzz/bot/builds/libecc_honggfuzz_msan/custom/cryptofuzz-libecc+0x1626119)", "important": false, "type": "Line"}, {"lineNumber": 25, "content": "    #3 0x7ffff7c5b0b2  (/lib/x86_64-linux-gnu/libc.so.6+0x270b2)", "important": false, "type": "Line"}, {"lineNumber": 26, "content": "    #4 0x497f0d  (/clusterfuzz/run_bot/clusterfuzz/bot/builds/libecc_honggfuzz_msan/custom/cryptofuzz-libecc+0x497f0d)", "important": false, "type": "Line"}, {"lineNumber": 27, "content": "", "important": false, "type": "Line"}, {"lineNumber": 28, "content": "  Uninitialized value was created by an allocation of &#x27;ref.tmp278&#x27; in the stack frame of function &#x27;_ZNK10cryptofuzz12ExecutorBaseINS_9component15ECDSA_SignatureENS_9operation10ECDSA_SignEE3RunERN7fuzzing10datasource10DatasourceEPKhm&#x27;", "important": false, "type": "Line"}, {"lineNumber": 29, "content": "    #0 0x6483e0  (/clusterfuzz/run_bot/clusterfuzz/bot/builds/libecc_honggfuzz_msan/custom/cryptofuzz-libecc+0x6483e0)", "important": false, "type": "Line"}], "revision": "1"}, "last_tested_crash_stacktrace": {"lines": [], "revision": null}, "security_severity": "Medium", "security_severities": [{"value": 0, "name": "Critical"}, {"value": 1, "name": "High", "default": true}, {"value": 2, "name": "Medium"}, {"value": 3, "name": "Low"}, {"value": 4, "name": "Missing"}], "stats": {"min_hour": 1, "max_hour": 1}, "suspected_cls": null, "testcase": {"absolute_path": "/clusterfuzz/run_bot/clusterfuzz/bot/inputs/fuzzer-testcases/SIGABRT.PC.7ffff7c7a18b.STACK.18f8da696a.CODE.-6.ADDR.0.INSTR.[UNKNOWN].fuzz", "additional_metadata": "{\"build_key\": \"17b7bbde-e878-4fe9-af02-74764f2a3755\", \"fuzzer_binary_name\": \"cryptofuzz-libecc\"}", "archive_filename": null, "archive_state": 0, "binary_flag": true, "bug_indices": [], "bug_information": "", "comments": "[2021-11-30 01:09:54 UTC] comput10-20211129-15:14: Fuzz task : Fuzzer honggfuzz_cryptofuzz-libecc generated testcase crashed in 34 seconds (r1).\n[2021-11-30 01:11:04 UTC] comput19-20211129-15:14: Minimize task started.\n[2021-11-30 01:11:04 UTC] comput19-20211129-15:14: Minimize task errored out: Engine does not support minimization.\n", "crash_address": "", "crash_revision": 1, "crash_stacktrace": "[Environment] MSAN_OPTIONS=allocator_release_to_os_interval_ms=500:halt_on_error=1:handle_abort=2:handle_segv=2:handle_sigbus=2:handle_sigfpe=2:handle_sigill=2:print_stats=1:print_summary=1:symbolize=0:use_sigaltstack=1\n+----------------------------------------Release Build Stacktrace----------------------------------------+\nUninitialized bytes in __interceptor_localtime_r at offset 0 inside [0x7fffffffcc58, 8)\n==14406==WARNING: MemorySanitizer: use-of-uninitialized-value\n    #0 0x1627ad2 in logLog\n    #1 0x162fd4a in performanceCheck\n    #2 0x1626119 in main\n    #3 0x7ffff7c5b0b2 in __libc_start_main\n    #4 0x497f0d in _start\n\n  Uninitialized value was created by an allocation of 'ref.tmp278' in the stack frame of function '_ZNK10cryptofuzz12ExecutorBaseINS_9component15ECDSA_SignatureENS_9operation10ECDSA_SignEE3RunERN7fuzzing10datasource10DatasourceEPKhm'\n    #0 0x6483e0 in cryptofuzz::ExecutorBase<cryptofuzz::component::ECDSA_Signature, cryptofuzz::operation::ECDSA_Sign>::Run(fuzzing::datasource::Datasource&, unsigned char const*, unsigned long) const /src/cryptofuzz/executor.cpp:2064\n\nSUMMARY: MemorySanitizer: use-of-uninitialized-value (/clusterfuzz/run_bot/clusterfuzz/bot/builds/libecc_honggfuzz_msan/custom/cryptofuzz-libecc+0x1627ad2)\nExiting\n\n\n+----------------------------------------Release Build Unsymbolized Stacktrace (diff)----------------------------------------+\n\nUninitialized bytes in __interceptor_localtime_r at offset 0 inside [0x7fffffffcc58, 8)\n==14406==WARNING: MemorySanitizer: use-of-uninitialized-value\n    #0 0x1627ad2  (/clusterfuzz/run_bot/clusterfuzz/bot/builds/libecc_honggfuzz_msan/custom/cryptofuzz-libecc+0x1627ad2)\n    #1 0x162fd4a  (/clusterfuzz/run_bot/clusterfuzz/bot/builds/libecc_honggfuzz_msan/custom/cryptofuzz-libecc+0x162fd4a)\n    #2 0x1626119  (/clusterfuzz/run_bot/clusterfuzz/bot/builds/libecc_honggfuzz_msan/custom/cryptofuzz-libecc+0x1626119)\n    #3 0x7ffff7c5b0b2  (/lib/x86_64-linux-gnu/libc.so.6+0x270b2)\n    #4 0x497f0d  (/clusterfuzz/run_bot/clusterfuzz/bot/builds/libecc_honggfuzz_msan/custom/cryptofuzz-libecc+0x497f0d)\n\n  Uninitialized value was created by an allocation of 'ref.tmp278' in the stack frame of function '_ZNK10cryptofuzz12ExecutorBaseINS_9component15ECDSA_SignatureENS_9operation10ECDSA_SignEE3RunERN7fuzzing10datasource10DatasourceEPKhm'\n    #0 0x6483e0  (/clusterfuzz/run_bot/clusterfuzz/bot/builds/libecc_honggfuzz_msan/custom/cryptofuzz-libecc+0x6483e0)\n", "crash_state": "logLog\nperformanceCheck\ncryptofuzz::ExecutorBase<cryptofuzz::component::ECDSA_Signature, cryptofuzz::ope\n", "crash_type": "Use-of-uninitialized-value", "disable_ubsan": false, "duplicate_of": null, "fixed": "", "flaky_stack": false, "fuzzed_keys": "082051d0-f9ee-4b3c-84a4-1285213394ec", "fuzzer_name": "honggfuzz", "fuzzer_name_indices": ["honggfuzz", "honggfuzz_cryptofuzz-libecc"], "gestures": [], "group_bug_information": 0, "group_id": 2329, "has_bug_flag": false, "http_flag": false, "impact_beta_version": null, "impact_beta_version_indices": [], "impact_beta_version_likely": null, "impact_extended_stable_version": null, "impact_extended_stable_version_indices": [], "impact_extended_stable_version_likely": null, "impact_head_version": null, "impact_head_version_indices": [], "impact_head_version_likely": null, "impact_indices": [], "impact_stable_version": null, "impact_stable_version_indices": [], "impact_stable_version_likely": null, "impact_version_indices": [], "is_a_duplicate_flag": false, "is_impact_set_flag": null, "is_leader": true, "job_type": "libecc_honggfuzz_msan", "keywords": ["check", "component", "executorbase<cryptofuzz::component::ecdsa", "cryptofuzz-libecc", "use-of", "libecc_honggfuzz_msan", "ecdsa_signature, cryptofuzz::ope", "signature", "base<cryptofuzz", "cryptofuzz::component::ecdsa_signature, cryptofuzz", "ecdsa_signature", "honggfuzz", "cryptofuzz::executor", "use-of-uninitialized", "base<cryptofuzz::component::ecdsa_signature, cryptofuzz::ope", "use-of-uninitialized-value", "cryptofuzz::executorbase", "loglog", "cryptofuzz::component::ecdsa", "component::ecdsa_signature, cryptofuzz", "executorbase<cryptofuzz::component::ecdsa_signature, cryptofuzz::ope", "of-uninitialized-value", "base<cryptofuzz::component::ecdsa_signature", "use", "base<cryptofuzz::component::ecdsa_signature, cryptofuzz", "component::ecdsa", "executorbase", "signature, cryptofuzz::ope", "cryptofuzz::executorbase<cryptofuzz::component::ecdsa_signature", "uninitialized", "value", "of-uninitialized", "of", "cryptofuzz", "ecdsa_signature, cryptofuzz", "executorbase<cryptofuzz::component::ecdsa_signature", "honggfuzz_msan", "component::ecdsa_signature", "cryptofuzz::component::ecdsa_signature", "cryptofuzz::executorbase<cryptofuzz::component::ecdsa", "libecc_honggfuzz", "log", "honggfuzz_cryptofuzz-libecc", "performancecheck", "ecdsa", "base<cryptofuzz::component", "uninitialized-value", "linux", "performance", "base", "executorbase<cryptofuzz", "ope", "cryptofuzz::executorbase<cryptofuzz::component::ecdsa_signature, cryptofuzz::ope", "cryptofuzz::component::ecdsa_signature, cryptofuzz::ope", "cryptofuzz::executorbase<cryptofuzz", "executor", "component::ecdsa_signature, cryptofuzz::ope", "signature, cryptofuzz", "cryptofuzz::component", "cryptofuzz::executorbase<cryptofuzz::component::ecdsa_signature, cryptofuzz", "base<cryptofuzz::component::ecdsa", "executorbase<cryptofuzz::component", "executorbase<cryptofuzz::component::ecdsa_signature, cryptofuzz", "msan", "honggfuzz_cryptofuzz", "cryptofuzz::executorbase<cryptofuzz::component", "libecc", "cryptofuzz::ope"], "last_tested_crash_stacktrace": null, "minidump_keys": "", "minimized_arguments": "", "minimized_keys": "082051d0-f9ee-4b3c-84a4-1285213394ec", "one_time_crasher_flag": false, "open": true, "overridden_fuzzer_name": "honggfuzz_cryptofuzz-libecc", "platform": "linux", "platform_id": "linux", "project_name": "test-project", "queue": "jobs-linux", "redzone": 16, "regression": "NA", "security_flag": true, "security_severity": 2, "status": "Processed", "symbolized": false, "timeout_multiplier": 1.0, "timestamp": 1638234594, "triaged": false, "uploader_email": null, "window_argument": "", "id": 40238}, "timestamp": 1638234594.763648, "show_blame": false, "show_impact": false, "impacts_production": false, "find_similar_issues_options": [{"type": "open", "label": "Open"}, {"type": "all", "label": "All"}], "auto_delete_timestamp": null, "auto_close_timestamp": null, "memory_tool_display_label": "Sanitizer", "memory_tool_display_value": "memory (MSAN)", "last_tested": "1:1 (No component revisions found!)", "is_admin_or_not_oss_fuzz": true, "has_issue_tracker": false, "reproduction_help_url": "", "is_local_development": true, "fuzzer_display": {"engine": "honggfuzz", "target": "cryptofuzz-libecc", "name": "honggfuzz", "fully_qualified_name": "honggfuzz_cryptofuzz-libecc"}}