{"id": 41124, "crash_type": "Use-of-uninitialized-value", "crash_address": "", "crash_state": "get_compiled_version_info\nws_init_version_info\nLLVMFuzzerInitialize\n", "crash_state_lines": ["get_compiled_version_info", "ws_init_version_info", "LLVMFuzzerInitialize"], "crash_revision": 1, "csrf_token": "D6S+cXG/eQvjQp1jhkN2Yfq5FoCaAiuUjD0oLthouNSAPb8xaAgWvNikB3AHnFnrgfWQIz/OKB4owWUbxHHo3A==", "external_user": false, "footer": "[2021-11-30 01:13:27 UTC] comput14-20211129-15:14: Fuzz task : Fuzzer libFuzzer_fuzzshark_udp_port-dns generated testcase crashed in 0 seconds (r1).\n[2021-11-30 01:39:28 UTC] comput6-20211129-15:14: Minimize task started.\n[2021-11-30 01:39:35 UTC] comput6-20211129-15:14: Minimize task errored out: LibFuzzer minimization failed.\n", "formatted_reproduction_help": "", "fixed": "NO", "fixed_full": null, "issue_url": null, "is_admin": true, "metadata": {"build_key": "e497fe59-4eed-49d9-915a-b9a60f367770", "env": {"MSAN_OPTIONS": {}}, "fuzzer_binary_name": "fuzzshark_udp_port-dns", "fuzzing_strategies": {"corpus_subset": 100, "mutator_plugin_radamsa": 1}}, "minimized_testcase_size": "0 B", "needs_refresh": false, "original_testcase_size": "0 B", "privileged_user": true, "regression": "NA", "crash_stacktrace": {"lines": [{"lineNumber": 1, "content": "+----------------------------------------Release Build Stacktrace----------------------------------------+", "important": false, "type": "Line"}, {"lineNumber": 2, "content": "Command: /clusterfuzz/run_bot/clusterfuzz/bot/builds/wireshark_libfuzzer_msan/custom/fuzzshark_udp_port-dns -rss_limit_mb=2560 -timeout=60 -runs=100 /clusterfuzz/run_bot/clusterfuzz/bot/inputs/fuzzer-testcases/tmpol0vibka", "important": false, "type": "Line"}, {"lineNumber": 3, "content": "Time ran: 0.008172035217285156", "important": false, "type": "Line"}, {"lineNumber": 4, "content": "", "important": false, "type": "Line"}, {"lineNumber": 5, "content": "==62051==WARNING: MemorySanitizer: use-of-uninitialized-value", "important": false, "type": "Line"}, {"lineNumber": 6, "content": "    #0 0x65d450d in end_string /src/wireshark/ui/version_info.c:101:17", "important": false, "type": "Line"}, {"lineNumber": 7, "content": "    #1 0x65d450d in get_compiled_version_info /src/wireshark/ui/version_info.c:194:2", "important": true, "type": "Line"}, {"lineNumber": 8, "content": "    #2 0x65d3868 in ws_init_version_info /src/wireshark/ui/version_info.c:67:18", "important": true, "type": "Line"}, {"lineNumber": 9, "content": "    #3 0x52b900 in fuzz_init /src/wireshark/fuzz/fuzzshark.c:266:2", "important": false, "type": "Line"}, {"lineNumber": 10, "content": "    #4 0x52b900 in LLVMFuzzerInitialize /src/wireshark/fuzz/fuzzshark.c:394:8", "important": true, "type": "Line"}, {"lineNumber": 11, "content": "    #5 0x448077 in fuzzer::FuzzerDriver(int*, char***, int (*)(unsigned char const*, unsigned long)) cxa_noexception.cpp:0", "important": false, "type": "Line"}, {"lineNumber": 12, "content": "    #6 0x473442 in main /src/llvm-project/compiler-rt/lib/fuzzer/FuzzerMain.cpp:20:10", "important": false, "type": "Line"}, {"lineNumber": 13, "content": "    #7 0x7fe6132d90b2 in __libc_start_main", "important": false, "type": "Line"}, {"lineNumber": 14, "content": "    #8 0x421cdd in _start", "important": false, "type": "Line"}, {"lineNumber": 15, "content": "", "important": false, "type": "Line"}, {"lineNumber": 16, "content": "  Uninitialized value was created by a heap allocation", "important": false, "type": "Line"}, {"lineNumber": 17, "content": "    #0 0x4d7e6d in malloc /src/llvm-project/compiler-rt/lib/msan/msan_interceptors.cpp:912:3", "important": false, "type": "Line"}, {"lineNumber": 18, "content": "    #1 0x667d038 in g_malloc", "important": false, "type": "Line"}, {"lineNumber": 19, "content": "", "important": false, "type": "Line"}, {"lineNumber": 20, "content": "SUMMARY: MemorySanitizer: use-of-uninitialized-value (/clusterfuzz/run_bot/clusterfuzz/bot/builds/wireshark_libfuzzer_msan/custom/fuzzshark_udp_port-dns+0x65d450d)", "important": false, "type": "Line"}, {"lineNumber": 21, "content": "Unique heap origins: 18", "important": false, "type": "Line"}, {"lineNumber": 22, "content": "Stack depot allocated bytes: 1900544", "important": false, "type": "Line"}, {"lineNumber": 23, "content": "Unique origin histories: 6", "important": false, "type": "Line"}, {"lineNumber": 24, "content": "History depot allocated bytes: 196608", "important": false, "type": "Line"}, {"lineNumber": 25, "content": "Exiting", "important": false, "type": "Line"}, {"lineNumber": 26, "content": "", "important": false, "type": "Line"}, {"lineNumber": 27, "content": "", "important": false, "type": "Line"}, {"lineNumber": 28, "content": "+----------------------------------------Release Build Unsymbolized Stacktrace (diff)----------------------------------------+", "important": false, "type": "Line"}, {"lineNumber": 29, "content": "", "important": false, "type": "Line"}, {"lineNumber": 30, "content": "", "important": false, "type": "Line"}, {"lineNumber": 31, "content": "==62051==WARNING: MemorySanitizer: use-of-uninitialized-value", "important": false, "type": "Line"}, {"lineNumber": 32, "content": "    #0 0x65d450d  (/clusterfuzz/run_bot/clusterfuzz/bot/builds/wireshark_libfuzzer_msan/custom/fuzzshark_udp_port-dns+0x65d450d)", "important": false, "type": "Line"}, {"lineNumber": 33, "content": "    #1 0x65d3868  (/clusterfuzz/run_bot/clusterfuzz/bot/builds/wireshark_libfuzzer_msan/custom/fuzzshark_udp_port-dns+0x65d3868)", "important": false, "type": "Line"}, {"lineNumber": 34, "content": "    #2 0x52b900  (/clusterfuzz/run_bot/clusterfuzz/bot/builds/wireshark_libfuzzer_msan/custom/fuzzshark_udp_port-dns+0x52b900)", "important": false, "type": "Line"}, {"lineNumber": 35, "content": "    #3 0x448077  (/clusterfuzz/run_bot/clusterfuzz/bot/builds/wireshark_libfuzzer_msan/custom/fuzzshark_udp_port-dns+0x448077)", "important": false, "type": "Line"}, {"lineNumber": 36, "content": "    #4 0x473442  (/clusterfuzz/run_bot/clusterfuzz/bot/builds/wireshark_libfuzzer_msan/custom/fuzzshark_udp_port-dns+0x473442)", "important": false, "type": "Line"}, {"lineNumber": 37, "content": "    #5 0x7fe6132d90b2  (/lib/x86_64-linux-gnu/libc.so.6+0x270b2)", "important": false, "type": "Line"}, {"lineNumber": 38, "content": "    #6 0x421cdd  (/clusterfuzz/run_bot/clusterfuzz/bot/builds/wireshark_libfuzzer_msan/custom/fuzzshark_udp_port-dns+0x421cdd)", "important": false, "type": "Line"}, {"lineNumber": 39, "content": "", "important": false, "type": "Line"}, {"lineNumber": 40, "content": "  Uninitialized value was created by a heap allocation", "important": false, "type": "Line"}, {"lineNumber": 41, "content": "    #0 0x4d7e6d  (/clusterfuzz/run_bot/clusterfuzz/bot/builds/wireshark_libfuzzer_msan/custom/fuzzshark_udp_port-dns+0x4d7e6d)", "important": false, "type": "Line"}, {"lineNumber": 42, "content": "    #1 0x667d038  (/clusterfuzz/run_bot/clusterfuzz/bot/builds/wireshark_libfuzzer_msan/custom/fuzzshark_udp_port-dns+0x667d038)", "important": false, "type": "Line"}], "revision": "1"}, "last_tested_crash_stacktrace": {"lines": [], "revision": null}, "security_severity": "Medium", "security_severities": [{"value": 0, "name": "Critical"}, {"value": 1, "name": "High", "default": true}, {"value": 2, "name": "Medium"}, {"value": 3, "name": "Low"}, {"value": 4, "name": "Missing"}], "stats": {"min_hour": 1, "max_hour": 1}, "suspected_cls": null, "testcase": {"absolute_path": "/clusterfuzz/run_bot/clusterfuzz/bot/inputs/fuzzer-testcases/tmpol0vibka", "additional_metadata": "{\"build_key\": \"e497fe59-4eed-49d9-915a-b9a60f367770\", \"env\": {\"MSAN_OPTIONS\": {}}, \"fuzzer_binary_name\": \"fuzzshark_udp_port-dns\", \"fuzzing_strategies\": {\"corpus_subset\": 100, \"mutator_plugin_radamsa\": 1}}", "archive_filename": null, "archive_state": 0, "binary_flag": false, "bug_indices": [], "bug_information": "", "comments": "[2021-11-30 01:13:27 UTC] comput14-20211129-15:14: Fuzz task : Fuzzer libFuzzer_fuzzshark_udp_port-dns generated testcase crashed in 0 seconds (r1).\n[2021-11-30 01:39:28 UTC] comput6-20211129-15:14: Minimize task started.\n[2021-11-30 01:39:35 UTC] comput6-20211129-15:14: Minimize task errored out: LibFuzzer minimization failed.\n", "crash_address": "", "crash_revision": 1, "crash_stacktrace": "+----------------------------------------Release Build Stacktrace----------------------------------------+\nCommand: /clusterfuzz/run_bot/clusterfuzz/bot/builds/wireshark_libfuzzer_msan/custom/fuzzshark_udp_port-dns -rss_limit_mb=2560 -timeout=60 -runs=100 /clusterfuzz/run_bot/clusterfuzz/bot/inputs/fuzzer-testcases/tmpol0vibka\nTime ran: 0.008172035217285156\n\n==62051==WARNING: MemorySanitizer: use-of-uninitialized-value\n    #0 0x65d450d in end_string /src/wireshark/ui/version_info.c:101:17\n    #1 0x65d450d in get_compiled_version_info /src/wireshark/ui/version_info.c:194:2\n    #2 0x65d3868 in ws_init_version_info /src/wireshark/ui/version_info.c:67:18\n    #3 0x52b900 in fuzz_init /src/wireshark/fuzz/fuzzshark.c:266:2\n    #4 0x52b900 in LLVMFuzzerInitialize /src/wireshark/fuzz/fuzzshark.c:394:8\n    #5 0x448077 in fuzzer::FuzzerDriver(int*, char***, int (*)(unsigned char const*, unsigned long)) cxa_noexception.cpp:0\n    #6 0x473442 in main /src/llvm-project/compiler-rt/lib/fuzzer/FuzzerMain.cpp:20:10\n    #7 0x7fe6132d90b2 in __libc_start_main\n    #8 0x421cdd in _start\n\n  Uninitialized value was created by a heap allocation\n    #0 0x4d7e6d in malloc /src/llvm-project/compiler-rt/lib/msan/msan_interceptors.cpp:912:3\n    #1 0x667d038 in g_malloc\n\nSUMMARY: MemorySanitizer: use-of-uninitialized-value (/clusterfuzz/run_bot/clusterfuzz/bot/builds/wireshark_libfuzzer_msan/custom/fuzzshark_udp_port-dns+0x65d450d)\nUnique heap origins: 18\nStack depot allocated bytes: 1900544\nUnique origin histories: 6\nHistory depot allocated bytes: 196608\nExiting\n\n\n+----------------------------------------Release Build Unsymbolized Stacktrace (diff)----------------------------------------+\n\n\n==62051==WARNING: MemorySanitizer: use-of-uninitialized-value\n    #0 0x65d450d  (/clusterfuzz/run_bot/clusterfuzz/bot/builds/wireshark_libfuzzer_msan/custom/fuzzshark_udp_port-dns+0x65d450d)\n    #1 0x65d3868  (/clusterfuzz/run_bot/clusterfuzz/bot/builds/wireshark_libfuzzer_msan/custom/fuzzshark_udp_port-dns+0x65d3868)\n    #2 0x52b900  (/clusterfuzz/run_bot/clusterfuzz/bot/builds/wireshark_libfuzzer_msan/custom/fuzzshark_udp_port-dns+0x52b900)\n    #3 0x448077  (/clusterfuzz/run_bot/clusterfuzz/bot/builds/wireshark_libfuzzer_msan/custom/fuzzshark_udp_port-dns+0x448077)\n    #4 0x473442  (/clusterfuzz/run_bot/clusterfuzz/bot/builds/wireshark_libfuzzer_msan/custom/fuzzshark_udp_port-dns+0x473442)\n    #5 0x7fe6132d90b2  (/lib/x86_64-linux-gnu/libc.so.6+0x270b2)\n    #6 0x421cdd  (/clusterfuzz/run_bot/clusterfuzz/bot/builds/wireshark_libfuzzer_msan/custom/fuzzshark_udp_port-dns+0x421cdd)\n\n  Uninitialized value was created by a heap allocation\n    #0 0x4d7e6d  (/clusterfuzz/run_bot/clusterfuzz/bot/builds/wireshark_libfuzzer_msan/custom/fuzzshark_udp_port-dns+0x4d7e6d)\n    #1 0x667d038  (/clusterfuzz/run_bot/clusterfuzz/bot/builds/wireshark_libfuzzer_msan/custom/fuzzshark_udp_port-dns+0x667d038)\n", "crash_state": "get_compiled_version_info\nws_init_version_info\nLLVMFuzzerInitialize\n", "crash_type": "Use-of-uninitialized-value", "disable_ubsan": false, "duplicate_of": null, "fixed": "", "flaky_stack": false, "fuzzed_keys": "3114e08f-1d16-4b0e-b64a-af5e4c1b7f6a", "fuzzer_name": "libFuzzer", "fuzzer_name_indices": ["libFuzzer", "libFuzzer_fuzzshark_udp_port-dns"], "gestures": [], "group_bug_information": 0, "group_id": 0, "has_bug_flag": false, "http_flag": false, "impact_beta_version": null, "impact_beta_version_indices": [], "impact_beta_version_likely": null, "impact_extended_stable_version": null, "impact_extended_stable_version_indices": [], "impact_extended_stable_version_likely": null, "impact_head_version": null, "impact_head_version_indices": [], "impact_head_version_likely": null, "impact_indices": [], "impact_stable_version": null, "impact_stable_version_indices": [], "impact_stable_version_likely": null, "impact_version_indices": [], "is_a_duplicate_flag": false, "is_impact_set_flag": null, "is_leader": true, "job_type": "wireshark_libfuzzer_msan", "keywords": ["fuzzer_fuzzshark", "wireshark_libfuzzer", "fuzzer_fuzzshark_udp_port-dns", "llvmfuzzer", "fuzzer_fuzzshark_udp", "udp_port-dns", "libfuzzer_fuzzshark_udp", "compiled_version", "initialize", "fuzzshark", "init_version", "use-of-uninitialized", "version", "dns", "use-of-uninitialized-value", "ws", "compiled", "libfuzzer_fuzzshark_udp_port", "wireshark_libfuzzer_msan", "wireshark", "version_info", "ws_init_version", "init_version_info", "fuzzer", "linux", "uninitialized-value", "llvm", "init", "fuzzshark_udp", "ws_init_version_info", "libfuzzer_fuzzshark", "get_compiled", "of-uninitialized-value", "get_compiled_version_info", "compiled_version_info", "use", "udp", "lib", "port", "libfuzzer_fuzzshark_udp_port-dns", "fuzzshark_udp_port", "port-dns", "ws_init", "fuzzerinitialize", "llvmfuzzerinitialize", "fuzzer_fuzzshark_udp_port", "fuzzshark_udp_port-dns", "uninitialized", "udp_port", "libfuzzer_msan", "libfuzzer", "get_compiled_version", "info", "value", "msan", "of-uninitialized", "of", "get", "use-of"], "last_tested_crash_stacktrace": null, "minidump_keys": "", "minimized_arguments": "-rss_limit_mb=2560 -timeout=60", "minimized_keys": "3114e08f-1d16-4b0e-b64a-af5e4c1b7f6a", "one_time_crasher_flag": false, "open": true, "overridden_fuzzer_name": "libFuzzer_fuzzshark_udp_port-dns", "platform": "linux", "platform_id": "linux", "project_name": "test-project", "queue": "jobs-linux", "redzone": 128, "regression": "NA", "security_flag": true, "security_severity": 2, "status": "Processed", "symbolized": false, "timeout_multiplier": 1.0, "timestamp": 1638234807, "triaged": false, "uploader_email": null, "window_argument": "", "id": 41124}, "timestamp": 1638234807.214364, "show_blame": false, "show_impact": false, "impacts_production": false, "find_similar_issues_options": [{"type": "open", "label": "Open"}, {"type": "all", "label": "All"}], "auto_delete_timestamp": null, "auto_close_timestamp": null, "memory_tool_display_label": "Sanitizer", "memory_tool_display_value": "memory (MSAN)", "last_tested": "1:1 (No component revisions found!)", "is_admin_or_not_oss_fuzz": true, "has_issue_tracker": false, "reproduction_help_url": "", "is_local_development": true, "fuzzer_display": {"engine": "libFuzzer", "target": "fuzzshark_udp_port-dns", "name": "libFuzzer", "fully_qualified_name": "libFuzzer_fuzzshark_udp_port-dns"}}