{"id": 4149, "crash_type": "Timeout", "crash_address": "", "crash_state": "fuzz_asm_arm_armv8be\n", "crash_state_lines": ["fuzz_asm_arm_armv8be"], "crash_revision": 1, "csrf_token": "D6S+cXG/eQvjQp1jhkN2Yfq5FoCaAiuUjD0oLthouNSAPb8xaAgWvNikB3AHnFnrgfWQIz/OKB4owWUbxHHo3A==", "external_user": false, "footer": "[2021-11-28 12:19:05 UTC] snode9-20211128-16:42: Fuzz task : Fuzzer libFuzzer_fuzz_asm_arm_armv8be generated testcase crashed in 26 seconds (r1).\n[2021-11-28 13:18:20 UTC] snode7-20211128-16:42: Minimize task started.\n[2021-11-30 00:11:18 UTC] login1-20211128-14:48: Progression task started.\n[2021-11-30 00:14:36 UTC] login1-20211128-14:48: Progression task finished: still crashes on latest custom build.\n", "formatted_reproduction_help": "", "fixed": "NO", "fixed_full": null, "issue_url": null, "is_admin": true, "metadata": {"build_key": "ec082509-a2c7-4669-bae0-bbe66dd02388", "env": {"MSAN_OPTIONS": {}}, "fuzzer_binary_name": "fuzz_asm_arm_armv8be", "fuzzing_strategies": {"corpus_subset": 125}, "last_tested_crash_revision": null, "last_tested_crash_time": 1638231276, "last_tested_revision": null}, "minimized_testcase_size": "2 B", "needs_refresh": false, "original_testcase_size": "2 B", "privileged_user": true, "regression": "NA", "crash_stacktrace": {"lines": [{"lineNumber": 1, "content": "[Environment] MSAN_OPTIONS=allocator_release_to_os_interval_ms=500:exitcode=77:halt_on_error=1:handle_abort=2:handle_segv=2:handle_sigbus=2:handle_sigfpe=2:handle_sigill=2:print_stats=1:print_summary=1:symbolize=0:use_sigaltstack=1", "important": false, "type": "Line"}, {"lineNumber": 2, "content": "+----------------------------------------Release Build Stacktrace----------------------------------------+", "important": false, "type": "Line"}, {"lineNumber": 3, "content": "INFO: Running with entropic power schedule (0xFF, 100).", "important": false, "type": "Line"}, {"lineNumber": 4, "content": "INFO: Seed: 1046319744", "important": false, "type": "Line"}, {"lineNumber": 5, "content": "INFO: Loaded 1 modules   (93937 inline 8-bit counters): 93937 [0x165c4c8, 0x16733b9),", "important": false, "type": "Line"}, {"lineNumber": 6, "content": "INFO: Loaded 1 PC tables (93937 PCs): 93937 [0x16733c0,0x17e22d0),", "important": false, "type": "Line"}, {"lineNumber": 7, "content": "INFO:        0 files found in /clusterfuzz/run_bot/clusterfuzz/bot/inputs/fuzzer-testcases-disk/temp-22/new", "important": false, "type": "Line"}, {"lineNumber": 8, "content": "INFO:        0 files found in /clusterfuzz/run_bot/clusterfuzz/bot/inputs/fuzzer-testcases-disk/temp-22/mutations", "important": false, "type": "Line"}, {"lineNumber": 9, "content": "INFO:      125 files found in /clusterfuzz/run_bot/clusterfuzz/bot/inputs/fuzzer-testcases-disk/temp-22/subset", "important": false, "type": "Line"}, {"lineNumber": 10, "content": "INFO: seed corpus: files: 125 min: 2b max: 116b total: 2123b rss: 65Mb", "important": false, "type": "Line"}, {"lineNumber": 11, "content": "ALARM: working on the last Unit for 25 seconds", "important": false, "type": "Line"}, {"lineNumber": 12, "content": "       and the timeout value is 25 (use -timeout=N to change)", "important": false, "type": "Line"}, {"lineNumber": 13, "content": "MS: 0 ; base unit: 0000000000000000000000000000000000000000", "important": false, "type": "Line"}, {"lineNumber": 14, "content": "0x3c,0xfe,", "important": false, "type": "Line"}, {"lineNumber": 15, "content": "&lt;\\376", "important": false, "type": "Line"}, {"lineNumber": 16, "content": "artifact_prefix=&#x27;/clusterfuzz/run_bot/clusterfuzz/bot/inputs/fuzzer-testcases/&#x27;; Test unit written to /clusterfuzz/run_bot/clusterfuzz/bot/inputs/fuzzer-testcases/timeout-b79ea90bce4d0284b7d9973fe215e440a7794806", "important": false, "type": "Line"}, {"lineNumber": 17, "content": "Base64: PP4=", "important": false, "type": "Line"}, {"lineNumber": 18, "content": "==4677== ERROR: libFuzzer: timeout after 25 seconds", "important": true, "type": "Line"}, {"lineNumber": 19, "content": "    #0 0x4f8549 in __sanitizer_print_stack_trace /src/llvm-project/compiler-rt/lib/msan/msan.cpp:733:3", "important": false, "type": "Line"}, {"lineNumber": 20, "content": "    #1 0x49dae8 in fuzzer::PrintStackTrace() cxa_noexception.cpp:0", "important": false, "type": "Line"}, {"lineNumber": 21, "content": "    #2 0x482979 in fuzzer::Fuzzer::AlarmCallback() cxa_noexception.cpp:0", "important": false, "type": "Line"}, {"lineNumber": 22, "content": "    #3 0x547084 in SignalAction(int, void*, void*) /src/llvm-project/compiler-rt/lib/msan/msan_interceptors.cpp:1018:3", "important": false, "type": "Line"}, {"lineNumber": 23, "content": "    #4 0x7fd4f03fe3bf in libpthread.so.0", "important": false, "type": "Line"}, {"lineNumber": 24, "content": "    #5 0x55361a in __msan::CopyOrigin(void const*, void const*, unsigned long, __sanitizer::StackTrace*) /src/llvm-project/compiler-rt/lib/msan/msan_poisoning.cpp:83:18", "important": false, "type": "Line"}, {"lineNumber": 25, "content": "    #6 0x4fc10a in __msan_memcpy /src/llvm-project/compiler-rt/lib/msan/msan_interceptors.cpp:1587:3", "important": false, "type": "Line"}, {"lineNumber": 26, "content": "    #7 0x60102c in llvm_ks::AsmToken::AsmToken(llvm_ks::AsmToken const&amp;) /src/keystone/llvm/include/llvm/MC/MCParser/MCAsmLexer.h:22:7", "important": false, "type": "Line"}, {"lineNumber": 27, "content": "    #8 0x60102c in (anonymous namespace)::AsmParser::parseStatement((anonymous namespace)::ParseStatementInfo&amp;, llvm_ks::MCAsmParserSemaCallback*, unsigned long&amp;) /src/keystone/llvm/lib/MC/MCParser/AsmParser.cpp:1458:17", "important": false, "type": "Line"}, {"lineNumber": 28, "content": "    #9 0x5e8fe6 in (anonymous namespace)::AsmParser::Run(bool, unsigned long, bool) /src/keystone/llvm/lib/MC/MCParser/AsmParser.cpp:712:10", "important": false, "type": "Line"}, {"lineNumber": 29, "content": "    #10 0x55e4f0 in ks_asm /src/keystone/llvm/keystone/ks.cpp:659:27", "important": false, "type": "Line"}, {"lineNumber": 30, "content": "    #11 0x5564b9 in LLVMFuzzerTestOneInput /src/keystone/suite/fuzz/fuzz_asm_arm_armv8be.c:42:9", "important": false, "type": "Line"}, {"lineNumber": 31, "content": "    #12 0x483fa3 in fuzzer::Fuzzer::ExecuteCallback(unsigned char const*, unsigned long) cxa_noexception.cpp:0", "important": false, "type": "Line"}, {"lineNumber": 32, "content": "    #13 0x48378a in fuzzer::Fuzzer::RunOne(unsigned char const*, unsigned long, bool, fuzzer::InputInfo*, bool, bool*) cxa_noexception.cpp:0", "important": false, "type": "Line"}, {"lineNumber": 33, "content": "    #14 0x4855e4 in fuzzer::Fuzzer::ReadAndExecuteSeedCorpora(std::__Fuzzer::vector&lt;fuzzer::SizedFile, std::__Fuzzer::allocator&lt;fuzzer::SizedFile&gt; &gt;&amp;) cxa_noexception.cpp:0", "important": false, "type": "Line"}, {"lineNumber": 34, "content": "    #15 0x485819 in fuzzer::Fuzzer::Loop(std::__Fuzzer::vector&lt;fuzzer::SizedFile, std::__Fuzzer::allocator&lt;fuzzer::SizedFile&gt; &gt;&amp;) cxa_noexception.cpp:0", "important": false, "type": "Line"}, {"lineNumber": 35, "content": "    #16 0x47525d in fuzzer::FuzzerDriver(int*, char***, int (*)(unsigned char const*, unsigned long)) cxa_noexception.cpp:0", "important": false, "type": "Line"}, {"lineNumber": 36, "content": "    #17 0x49e2a2 in main /src/llvm-project/compiler-rt/lib/fuzzer/FuzzerMain.cpp:20:10", "important": false, "type": "Line"}, {"lineNumber": 37, "content": "    #18 0x7fd4f01f20b2 in __libc_start_main", "important": false, "type": "Line"}, {"lineNumber": 38, "content": "    #19 0x44cb3d in _start", "important": false, "type": "Line"}, {"lineNumber": 39, "content": "", "important": false, "type": "Line"}, {"lineNumber": 40, "content": "SUMMARY: libFuzzer: timeout", "important": false, "type": "Line"}, {"lineNumber": 41, "content": "stat::number_of_executed_units: 7", "important": false, "type": "Line"}, {"lineNumber": 42, "content": "stat::average_exec_per_sec:     0", "important": false, "type": "Line"}, {"lineNumber": 43, "content": "stat::new_units_added:          0", "important": false, "type": "Line"}, {"lineNumber": 44, "content": "stat::slowest_unit_time_sec:    0", "important": false, "type": "Line"}, {"lineNumber": 45, "content": "stat::peak_rss_mb:              65", "important": false, "type": "Line"}, {"lineNumber": 46, "content": "", "important": false, "type": "Line"}, {"lineNumber": 47, "content": "", "important": false, "type": "Line"}, {"lineNumber": 48, "content": "+----------------------------------------Release Build Unsymbolized Stacktrace (diff)----------------------------------------+", "important": false, "type": "Line"}, {"lineNumber": 49, "content": "", "important": false, "type": "Line"}, {"lineNumber": 50, "content": "Base64: PP4=", "important": false, "type": "Line"}, {"lineNumber": 51, "content": "==4677== ERROR: libFuzzer: timeout after 25 seconds", "important": true, "type": "Line"}, {"lineNumber": 52, "content": "    #0 0x4f8549  (/clusterfuzz/run_bot/clusterfuzz/bot/builds/keystone_libfuzzer_msan/custom/fuzz_asm_arm_armv8be+0x4f8549)", "important": false, "type": "Line"}, {"lineNumber": 53, "content": "    #1 0x49dae8  (/clusterfuzz/run_bot/clusterfuzz/bot/builds/keystone_libfuzzer_msan/custom/fuzz_asm_arm_armv8be+0x49dae8)", "important": false, "type": "Line"}, {"lineNumber": 54, "content": "    #2 0x482979  (/clusterfuzz/run_bot/clusterfuzz/bot/builds/keystone_libfuzzer_msan/custom/fuzz_asm_arm_armv8be+0x482979)", "important": false, "type": "Line"}, {"lineNumber": 55, "content": "    #3 0x547084  (/clusterfuzz/run_bot/clusterfuzz/bot/builds/keystone_libfuzzer_msan/custom/fuzz_asm_arm_armv8be+0x547084)", "important": false, "type": "Line"}, {"lineNumber": 56, "content": "    #4 0x7fd4f03fe3bf  (/lib/x86_64-linux-gnu/libpthread.so.0+0x153bf)", "important": false, "type": "Line"}, {"lineNumber": 57, "content": "    #5 0x55361a  (/clusterfuzz/run_bot/clusterfuzz/bot/builds/keystone_libfuzzer_msan/custom/fuzz_asm_arm_armv8be+0x55361a)", "important": false, "type": "Line"}, {"lineNumber": 58, "content": "    #6 0x4fc10a  (/clusterfuzz/run_bot/clusterfuzz/bot/builds/keystone_libfuzzer_msan/custom/fuzz_asm_arm_armv8be+0x4fc10a)", "important": false, "type": "Line"}, {"lineNumber": 59, "content": "    #7 0x60102c  (/clusterfuzz/run_bot/clusterfuzz/bot/builds/keystone_libfuzzer_msan/custom/fuzz_asm_arm_armv8be+0x60102c)", "important": false, "type": "Line"}, {"lineNumber": 60, "content": "    #8 0x5e8fe6  (/clusterfuzz/run_bot/clusterfuzz/bot/builds/keystone_libfuzzer_msan/custom/fuzz_asm_arm_armv8be+0x5e8fe6)", "important": false, "type": "Line"}, {"lineNumber": 61, "content": "    #9 0x55e4f0  (/clusterfuzz/run_bot/clusterfuzz/bot/builds/keystone_libfuzzer_msan/custom/fuzz_asm_arm_armv8be+0x55e4f0)", "important": false, "type": "Line"}, {"lineNumber": 62, "content": "    #10 0x5564b9  (/clusterfuzz/run_bot/clusterfuzz/bot/builds/keystone_libfuzzer_msan/custom/fuzz_asm_arm_armv8be+0x5564b9)", "important": false, "type": "Line"}, {"lineNumber": 63, "content": "    #11 0x483fa3  (/clusterfuzz/run_bot/clusterfuzz/bot/builds/keystone_libfuzzer_msan/custom/fuzz_asm_arm_armv8be+0x483fa3)", "important": false, "type": "Line"}, {"lineNumber": 64, "content": "    #12 0x48378a  (/clusterfuzz/run_bot/clusterfuzz/bot/builds/keystone_libfuzzer_msan/custom/fuzz_asm_arm_armv8be+0x48378a)", "important": false, "type": "Line"}, {"lineNumber": 65, "content": "    #13 0x4855e4  (/clusterfuzz/run_bot/clusterfuzz/bot/builds/keystone_libfuzzer_msan/custom/fuzz_asm_arm_armv8be+0x4855e4)", "important": false, "type": "Line"}, {"lineNumber": 66, "content": "    #14 0x485819  (/clusterfuzz/run_bot/clusterfuzz/bot/builds/keystone_libfuzzer_msan/custom/fuzz_asm_arm_armv8be+0x485819)", "important": false, "type": "Line"}, {"lineNumber": 67, "content": "    #15 0x47525d  (/clusterfuzz/run_bot/clusterfuzz/bot/builds/keystone_libfuzzer_msan/custom/fuzz_asm_arm_armv8be+0x47525d)", "important": false, "type": "Line"}, {"lineNumber": 68, "content": "    #16 0x49e2a2  (/clusterfuzz/run_bot/clusterfuzz/bot/builds/keystone_libfuzzer_msan/custom/fuzz_asm_arm_armv8be+0x49e2a2)", "important": false, "type": "Line"}, {"lineNumber": 69, "content": "    #17 0x7fd4f01f20b2  (/lib/x86_64-linux-gnu/libc.so.6+0x270b2)", "important": false, "type": "Line"}, {"lineNumber": 70, "content": "    #18 0x44cb3d  (/clusterfuzz/run_bot/clusterfuzz/bot/builds/keystone_libfuzzer_msan/custom/fuzz_asm_arm_armv8be+0x44cb3d)", "important": false, "type": "Line"}], "revision": "1"}, "last_tested_crash_stacktrace": {"lines": [{"lineNumber": 1, "content": "[Environment] MSAN_OPTIONS=exitcode=77", "important": false, "type": "Line"}, {"lineNumber": 2, "content": "+----------------------------------------Release Build Stacktrace----------------------------------------+", "important": false, "type": "Line"}, {"lineNumber": 3, "content": "Command: /clusterfuzz/run_bot/clusterfuzz/bot/builds/keystone_libfuzzer_msan/custom/fuzz_asm_arm_armv8be -rss_limit_mb=2560 -timeout=60 -runs=100 /clusterfuzz/run_bot/clusterfuzz/bot/inputs/fuzzer-testcases/timeout-b79ea90bce4d0284b7d9973fe215e440a7794806", "important": false, "type": "Line"}, {"lineNumber": 4, "content": "Time ran: 62.03914284706116", "important": false, "type": "Line"}, {"lineNumber": 5, "content": "", "important": false, "type": "Line"}, {"lineNumber": 6, "content": "INFO: Running with entropic power schedule (0xFF, 100).", "important": false, "type": "Line"}, {"lineNumber": 7, "content": "INFO: Seed: 1838450614", "important": false, "type": "Line"}, {"lineNumber": 8, "content": "INFO: Loaded 1 modules   (93937 inline 8-bit counters): 93937 [0x165c4c8, 0x16733b9),", "important": false, "type": "Line"}, {"lineNumber": 9, "content": "INFO: Loaded 1 PC tables (93937 PCs): 93937 [0x16733c0,0x17e22d0),", "important": false, "type": "Line"}, {"lineNumber": 10, "content": "/clusterfuzz/run_bot/clusterfuzz/bot/builds/keystone_libfuzzer_msan/custom/fuzz_asm_arm_armv8be: Running 1 inputs 100 time(s) each.", "important": false, "type": "Line"}, {"lineNumber": 11, "content": "Running: /clusterfuzz/run_bot/clusterfuzz/bot/inputs/fuzzer-testcases/timeout-b79ea90bce4d0284b7d9973fe215e440a7794806", "important": false, "type": "Line"}, {"lineNumber": 12, "content": "ALARM: working on the last Unit for 61 seconds", "important": false, "type": "Line"}, {"lineNumber": 13, "content": "       and the timeout value is 60 (use -timeout=N to change)", "important": false, "type": "Line"}, {"lineNumber": 14, "content": "==199708== ERROR: libFuzzer: timeout after 61 seconds", "important": true, "type": "Line"}, {"lineNumber": 15, "content": "    #0 0x4f8549 in __sanitizer_print_stack_trace /src/llvm-project/compiler-rt/lib/msan/msan.cpp:733:3", "important": false, "type": "Line"}, {"lineNumber": 16, "content": "    #1 0x49dae8 in fuzzer::PrintStackTrace() cxa_noexception.cpp:0", "important": false, "type": "Line"}, {"lineNumber": 17, "content": "    #2 0x482979 in fuzzer::Fuzzer::AlarmCallback() cxa_noexception.cpp:0", "important": false, "type": "Line"}, {"lineNumber": 18, "content": "    #3 0x547084 in SignalAction(int, void*, void*) /src/llvm-project/compiler-rt/lib/msan/msan_interceptors.cpp:1018:3", "important": false, "type": "Line"}, {"lineNumber": 19, "content": "    #4 0x7f2b7b2603bf in libpthread.so.0", "important": false, "type": "Line"}, {"lineNumber": 20, "content": "    #5 0x4f7f59 in __msan_get_track_origins /src/llvm-project/compiler-rt/lib/msan/msan.cpp:75:34", "important": false, "type": "Line"}, {"lineNumber": 21, "content": "    #6 0x4f7f59 in __msan_set_origin /src/llvm-project/compiler-rt/lib/msan/msan.cpp:576:7", "important": false, "type": "Line"}, {"lineNumber": 22, "content": "    #7 0x4f7f59 in __msan_set_alloca_origin4 /src/llvm-project/compiler-rt/lib/msan/msan.cpp:612:3", "important": false, "type": "Line"}, {"lineNumber": 23, "content": "    #8 0x600d15 in (anonymous namespace)::AsmParser::parseStatement((anonymous namespace)::ParseStatementInfo&amp;, llvm_ks::MCAsmParserSemaCallback*, unsigned long&amp;) /src/keystone/llvm/lib/MC/MCParser/AsmParser.cpp:1449", "important": false, "type": "Line"}, {"lineNumber": 24, "content": "    #9 0x5e8fe6 in (anonymous namespace)::AsmParser::Run(bool, unsigned long, bool) /src/keystone/llvm/lib/MC/MCParser/AsmParser.cpp:712:10", "important": false, "type": "Line"}, {"lineNumber": 25, "content": "    #10 0x55e4f0 in ks_asm /src/keystone/llvm/keystone/ks.cpp:659:27", "important": false, "type": "Line"}, {"lineNumber": 26, "content": "    #11 0x5564b9 in LLVMFuzzerTestOneInput /src/keystone/suite/fuzz/fuzz_asm_arm_armv8be.c:42:9", "important": false, "type": "Line"}, {"lineNumber": 27, "content": "    #12 0x483fa3 in fuzzer::Fuzzer::ExecuteCallback(unsigned char const*, unsigned long) cxa_noexception.cpp:0", "important": false, "type": "Line"}, {"lineNumber": 28, "content": "    #13 0x46f8b2 in fuzzer::RunOneTest(fuzzer::Fuzzer*, char const*, unsigned long) /src/llvm-project/compiler-rt/lib/fuzzer/FuzzerDriver.cpp:324:6", "important": false, "type": "Line"}, {"lineNumber": 29, "content": "    #14 0x47537a in fuzzer::FuzzerDriver(int*, char***, int (*)(unsigned char const*, unsigned long)) cxa_noexception.cpp:0", "important": false, "type": "Line"}, {"lineNumber": 30, "content": "    #15 0x49e2a2 in main /src/llvm-project/compiler-rt/lib/fuzzer/FuzzerMain.cpp:20:10", "important": false, "type": "Line"}, {"lineNumber": 31, "content": "    #16 0x7f2b7b0540b2 in __libc_start_main", "important": false, "type": "Line"}, {"lineNumber": 32, "content": "    #17 0x44cb3d in _start", "important": false, "type": "Line"}, {"lineNumber": 33, "content": "", "important": false, "type": "Line"}, {"lineNumber": 34, "content": "SUMMARY: libFuzzer: timeout", "important": false, "type": "Line"}, {"lineNumber": 35, "content": "", "important": false, "type": "Line"}, {"lineNumber": 36, "content": "", "important": false, "type": "Line"}, {"lineNumber": 37, "content": "+----------------------------------------Release Build Unsymbolized Stacktrace (diff)----------------------------------------+", "important": false, "type": "Line"}, {"lineNumber": 38, "content": "", "important": false, "type": "Line"}, {"lineNumber": 39, "content": "       and the timeout value is 60 (use -timeout=N to change)", "important": false, "type": "Line"}, {"lineNumber": 40, "content": "==199708== ERROR: libFuzzer: timeout after 61 seconds", "important": true, "type": "Line"}, {"lineNumber": 41, "content": "    #0 0x4f8549  (/clusterfuzz/run_bot/clusterfuzz/bot/builds/keystone_libfuzzer_msan/custom/fuzz_asm_arm_armv8be+0x4f8549)", "important": false, "type": "Line"}, {"lineNumber": 42, "content": "    #1 0x49dae8  (/clusterfuzz/run_bot/clusterfuzz/bot/builds/keystone_libfuzzer_msan/custom/fuzz_asm_arm_armv8be+0x49dae8)", "important": false, "type": "Line"}, {"lineNumber": 43, "content": "    #2 0x482979  (/clusterfuzz/run_bot/clusterfuzz/bot/builds/keystone_libfuzzer_msan/custom/fuzz_asm_arm_armv8be+0x482979)", "important": false, "type": "Line"}, {"lineNumber": 44, "content": "    #3 0x547084  (/clusterfuzz/run_bot/clusterfuzz/bot/builds/keystone_libfuzzer_msan/custom/fuzz_asm_arm_armv8be+0x547084)", "important": false, "type": "Line"}, {"lineNumber": 45, "content": "    #4 0x7f2b7b2603bf  (/lib/x86_64-linux-gnu/libpthread.so.0+0x153bf)", "important": false, "type": "Line"}, {"lineNumber": 46, "content": "    #5 0x4f7f59  (/clusterfuzz/run_bot/clusterfuzz/bot/builds/keystone_libfuzzer_msan/custom/fuzz_asm_arm_armv8be+0x4f7f59)", "important": false, "type": "Line"}, {"lineNumber": 47, "content": "    #6 0x600d15  (/clusterfuzz/run_bot/clusterfuzz/bot/builds/keystone_libfuzzer_msan/custom/fuzz_asm_arm_armv8be+0x600d15)", "important": false, "type": "Line"}, {"lineNumber": 48, "content": "    #7 0x5e8fe6  (/clusterfuzz/run_bot/clusterfuzz/bot/builds/keystone_libfuzzer_msan/custom/fuzz_asm_arm_armv8be+0x5e8fe6)", "important": false, "type": "Line"}, {"lineNumber": 49, "content": "    #8 0x55e4f0  (/clusterfuzz/run_bot/clusterfuzz/bot/builds/keystone_libfuzzer_msan/custom/fuzz_asm_arm_armv8be+0x55e4f0)", "important": false, "type": "Line"}, {"lineNumber": 50, "content": "    #9 0x5564b9  (/clusterfuzz/run_bot/clusterfuzz/bot/builds/keystone_libfuzzer_msan/custom/fuzz_asm_arm_armv8be+0x5564b9)", "important": false, "type": "Line"}, {"lineNumber": 51, "content": "    #10 0x483fa3  (/clusterfuzz/run_bot/clusterfuzz/bot/builds/keystone_libfuzzer_msan/custom/fuzz_asm_arm_armv8be+0x483fa3)", "important": false, "type": "Line"}, {"lineNumber": 52, "content": "    #11 0x46f8b2  (/clusterfuzz/run_bot/clusterfuzz/bot/builds/keystone_libfuzzer_msan/custom/fuzz_asm_arm_armv8be+0x46f8b2)", "important": false, "type": "Line"}, {"lineNumber": 53, "content": "    #12 0x47537a  (/clusterfuzz/run_bot/clusterfuzz/bot/builds/keystone_libfuzzer_msan/custom/fuzz_asm_arm_armv8be+0x47537a)", "important": false, "type": "Line"}, {"lineNumber": 54, "content": "    #13 0x49e2a2  (/clusterfuzz/run_bot/clusterfuzz/bot/builds/keystone_libfuzzer_msan/custom/fuzz_asm_arm_armv8be+0x49e2a2)", "important": false, "type": "Line"}, {"lineNumber": 55, "content": "    #14 0x7f2b7b0540b2  (/lib/x86_64-linux-gnu/libc.so.6+0x270b2)", "important": false, "type": "Line"}, {"lineNumber": 56, "content": "    #15 0x44cb3d  (/clusterfuzz/run_bot/clusterfuzz/bot/builds/keystone_libfuzzer_msan/custom/fuzz_asm_arm_armv8be+0x44cb3d)", "important": false, "type": "Line"}], "revision": null}, "security_severity": null, "security_severities": [{"value": 0, "name": "Critical"}, {"value": 1, "name": "High", "default": true}, {"value": 2, "name": "Medium"}, {"value": 3, "name": "Low"}, {"value": 4, "name": "Missing"}], "stats": {"min_hour": 1, "max_hour": 1}, "suspected_cls": null, "testcase": {"absolute_path": "/clusterfuzz/run_bot/clusterfuzz/bot/inputs/fuzzer-testcases/timeout-b79ea90bce4d0284b7d9973fe215e440a7794806", "additional_metadata": "{\"build_key\": \"ec082509-a2c7-4669-bae0-bbe66dd02388\", \"env\": {\"MSAN_OPTIONS\": {}}, \"fuzzer_binary_name\": \"fuzz_asm_arm_armv8be\", \"fuzzing_strategies\": {\"corpus_subset\": 125}, \"last_tested_crash_revision\": null, \"last_tested_crash_time\": {\"__type__\": \"datetime\", \"day\": 30, \"hour\": 0, \"microsecond\": 207053, \"minute\": 14, \"month\": 11, \"second\": 36, \"year\": 2021}, \"last_tested_revision\": null}", "archive_filename": null, "archive_state": 0, "binary_flag": true, "bug_indices": [], "bug_information": "", "comments": "[2021-11-28 12:19:05 UTC] snode9-20211128-16:42: Fuzz task : Fuzzer libFuzzer_fuzz_asm_arm_armv8be generated testcase crashed in 26 seconds (r1).\n[2021-11-28 13:18:20 UTC] snode7-20211128-16:42: Minimize task started.\n[2021-11-30 00:11:18 UTC] login1-20211128-14:48: Progression task started.\n[2021-11-30 00:14:36 UTC] login1-20211128-14:48: Progression task finished: still crashes on latest custom build.\n", "crash_address": "", "crash_revision": 1, "crash_stacktrace": "[Environment] MSAN_OPTIONS=allocator_release_to_os_interval_ms=500:exitcode=77:halt_on_error=1:handle_abort=2:handle_segv=2:handle_sigbus=2:handle_sigfpe=2:handle_sigill=2:print_stats=1:print_summary=1:symbolize=0:use_sigaltstack=1\n+----------------------------------------Release Build Stacktrace----------------------------------------+\nINFO: Running with entropic power schedule (0xFF, 100).\nINFO: Seed: 1046319744\nINFO: Loaded 1 modules   (93937 inline 8-bit counters): 93937 [0x165c4c8, 0x16733b9),\nINFO: Loaded 1 PC tables (93937 PCs): 93937 [0x16733c0,0x17e22d0),\nINFO:        0 files found in /clusterfuzz/run_bot/clusterfuzz/bot/inputs/fuzzer-testcases-disk/temp-22/new\nINFO:        0 files found in /clusterfuzz/run_bot/clusterfuzz/bot/inputs/fuzzer-testcases-disk/temp-22/mutations\nINFO:      125 files found in /clusterfuzz/run_bot/clusterfuzz/bot/inputs/fuzzer-testcases-disk/temp-22/subset\nINFO: seed corpus: files: 125 min: 2b max: 116b total: 2123b rss: 65Mb\nALARM: working on the last Unit for 25 seconds\n       and the timeout value is 25 (use -timeout=N to change)\nMS: 0 ; base unit: 0000000000000000000000000000000000000000\n0x3c,0xfe,\n<\\376\nartifact_prefix='/clusterfuzz/run_bot/clusterfuzz/bot/inputs/fuzzer-testcases/'; Test unit written to /clusterfuzz/run_bot/clusterfuzz/bot/inputs/fuzzer-testcases/timeout-b79ea90bce4d0284b7d9973fe215e440a7794806\nBase64: PP4=\n==4677== ERROR: libFuzzer: timeout after 25 seconds\n    #0 0x4f8549 in __sanitizer_print_stack_trace /src/llvm-project/compiler-rt/lib/msan/msan.cpp:733:3\n    #1 0x49dae8 in fuzzer::PrintStackTrace() cxa_noexception.cpp:0\n    #2 0x482979 in fuzzer::Fuzzer::AlarmCallback() cxa_noexception.cpp:0\n    #3 0x547084 in SignalAction(int, void*, void*) /src/llvm-project/compiler-rt/lib/msan/msan_interceptors.cpp:1018:3\n    #4 0x7fd4f03fe3bf in libpthread.so.0\n    #5 0x55361a in __msan::CopyOrigin(void const*, void const*, unsigned long, __sanitizer::StackTrace*) /src/llvm-project/compiler-rt/lib/msan/msan_poisoning.cpp:83:18\n    #6 0x4fc10a in __msan_memcpy /src/llvm-project/compiler-rt/lib/msan/msan_interceptors.cpp:1587:3\n    #7 0x60102c in llvm_ks::AsmToken::AsmToken(llvm_ks::AsmToken const&) /src/keystone/llvm/include/llvm/MC/MCParser/MCAsmLexer.h:22:7\n    #8 0x60102c in (anonymous namespace)::AsmParser::parseStatement((anonymous namespace)::ParseStatementInfo&, llvm_ks::MCAsmParserSemaCallback*, unsigned long&) /src/keystone/llvm/lib/MC/MCParser/AsmParser.cpp:1458:17\n    #9 0x5e8fe6 in (anonymous namespace)::AsmParser::Run(bool, unsigned long, bool) /src/keystone/llvm/lib/MC/MCParser/AsmParser.cpp:712:10\n    #10 0x55e4f0 in ks_asm /src/keystone/llvm/keystone/ks.cpp:659:27\n    #11 0x5564b9 in LLVMFuzzerTestOneInput /src/keystone/suite/fuzz/fuzz_asm_arm_armv8be.c:42:9\n    #12 0x483fa3 in fuzzer::Fuzzer::ExecuteCallback(unsigned char const*, unsigned long) cxa_noexception.cpp:0\n    #13 0x48378a in fuzzer::Fuzzer::RunOne(unsigned char const*, unsigned long, bool, fuzzer::InputInfo*, bool, bool*) cxa_noexception.cpp:0\n    #14 0x4855e4 in fuzzer::Fuzzer::ReadAndExecuteSeedCorpora(std::__Fuzzer::vector<fuzzer::SizedFile, std::__Fuzzer::allocator<fuzzer::SizedFile> >&) cxa_noexception.cpp:0\n    #15 0x485819 in fuzzer::Fuzzer::Loop(std::__Fuzzer::vector<fuzzer::SizedFile, std::__Fuzzer::allocator<fuzzer::SizedFile> >&) cxa_noexception.cpp:0\n    #16 0x47525d in fuzzer::FuzzerDriver(int*, char***, int (*)(unsigned char const*, unsigned long)) cxa_noexception.cpp:0\n    #17 0x49e2a2 in main /src/llvm-project/compiler-rt/lib/fuzzer/FuzzerMain.cpp:20:10\n    #18 0x7fd4f01f20b2 in __libc_start_main\n    #19 0x44cb3d in _start\n\nSUMMARY: libFuzzer: timeout\nstat::number_of_executed_units: 7\nstat::average_exec_per_sec:     0\nstat::new_units_added:          0\nstat::slowest_unit_time_sec:    0\nstat::peak_rss_mb:              65\n\n\n+----------------------------------------Release Build Unsymbolized Stacktrace (diff)----------------------------------------+\n\nBase64: PP4=\n==4677== ERROR: libFuzzer: timeout after 25 seconds\n    #0 0x4f8549  (/clusterfuzz/run_bot/clusterfuzz/bot/builds/keystone_libfuzzer_msan/custom/fuzz_asm_arm_armv8be+0x4f8549)\n    #1 0x49dae8  (/clusterfuzz/run_bot/clusterfuzz/bot/builds/keystone_libfuzzer_msan/custom/fuzz_asm_arm_armv8be+0x49dae8)\n    #2 0x482979  (/clusterfuzz/run_bot/clusterfuzz/bot/builds/keystone_libfuzzer_msan/custom/fuzz_asm_arm_armv8be+0x482979)\n    #3 0x547084  (/clusterfuzz/run_bot/clusterfuzz/bot/builds/keystone_libfuzzer_msan/custom/fuzz_asm_arm_armv8be+0x547084)\n    #4 0x7fd4f03fe3bf  (/lib/x86_64-linux-gnu/libpthread.so.0+0x153bf)\n    #5 0x55361a  (/clusterfuzz/run_bot/clusterfuzz/bot/builds/keystone_libfuzzer_msan/custom/fuzz_asm_arm_armv8be+0x55361a)\n    #6 0x4fc10a  (/clusterfuzz/run_bot/clusterfuzz/bot/builds/keystone_libfuzzer_msan/custom/fuzz_asm_arm_armv8be+0x4fc10a)\n    #7 0x60102c  (/clusterfuzz/run_bot/clusterfuzz/bot/builds/keystone_libfuzzer_msan/custom/fuzz_asm_arm_armv8be+0x60102c)\n    #8 0x5e8fe6  (/clusterfuzz/run_bot/clusterfuzz/bot/builds/keystone_libfuzzer_msan/custom/fuzz_asm_arm_armv8be+0x5e8fe6)\n    #9 0x55e4f0  (/clusterfuzz/run_bot/clusterfuzz/bot/builds/keystone_libfuzzer_msan/custom/fuzz_asm_arm_armv8be+0x55e4f0)\n    #10 0x5564b9  (/clusterfuzz/run_bot/clusterfuzz/bot/builds/keystone_libfuzzer_msan/custom/fuzz_asm_arm_armv8be+0x5564b9)\n    #11 0x483fa3  (/clusterfuzz/run_bot/clusterfuzz/bot/builds/keystone_libfuzzer_msan/custom/fuzz_asm_arm_armv8be+0x483fa3)\n    #12 0x48378a  (/clusterfuzz/run_bot/clusterfuzz/bot/builds/keystone_libfuzzer_msan/custom/fuzz_asm_arm_armv8be+0x48378a)\n    #13 0x4855e4  (/clusterfuzz/run_bot/clusterfuzz/bot/builds/keystone_libfuzzer_msan/custom/fuzz_asm_arm_armv8be+0x4855e4)\n    #14 0x485819  (/clusterfuzz/run_bot/clusterfuzz/bot/builds/keystone_libfuzzer_msan/custom/fuzz_asm_arm_armv8be+0x485819)\n    #15 0x47525d  (/clusterfuzz/run_bot/clusterfuzz/bot/builds/keystone_libfuzzer_msan/custom/fuzz_asm_arm_armv8be+0x47525d)\n    #16 0x49e2a2  (/clusterfuzz/run_bot/clusterfuzz/bot/builds/keystone_libfuzzer_msan/custom/fuzz_asm_arm_armv8be+0x49e2a2)\n    #17 0x7fd4f01f20b2  (/lib/x86_64-linux-gnu/libc.so.6+0x270b2)\n    #18 0x44cb3d  (/clusterfuzz/run_bot/clusterfuzz/bot/builds/keystone_libfuzzer_msan/custom/fuzz_asm_arm_armv8be+0x44cb3d)\n", "crash_state": "fuzz_asm_arm_armv8be\n", "crash_type": "Timeout", "disable_ubsan": false, "duplicate_of": null, "fixed": "", "flaky_stack": false, "fuzzed_keys": "445239c5-e883-4bd4-abc0-f39ca4ebc1af", "fuzzer_name": "libFuzzer", "fuzzer_name_indices": ["libFuzzer_fuzz_asm_arm_armv8be", "libFuzzer"], "gestures": [], "group_bug_information": 0, "group_id": 0, "has_bug_flag": false, "http_flag": false, "impact_beta_version": null, "impact_beta_version_indices": [], "impact_beta_version_likely": null, "impact_extended_stable_version": null, "impact_extended_stable_version_indices": [], "impact_extended_stable_version_likely": null, "impact_head_version": null, "impact_head_version_indices": [], "impact_head_version_likely": null, "impact_indices": [], "impact_stable_version": null, "impact_stable_version_indices": [], "impact_stable_version_likely": null, "impact_version_indices": [], "is_a_duplicate_flag": false, "is_impact_set_flag": null, "is_leader": true, "job_type": "keystone_libfuzzer_msan", "keywords": ["asm", "libfuzzer_fuzz_asm_arm_armv8be", "fuzz_asm_arm_armv8be", "libfuzzer_fuzz", "fuzzer_fuzz_asm_arm", "fuzzer_fuzz_asm", "libfuzzer_msan", "keystone", "libfuzzer_fuzz_asm", "fuzzer_fuzz_asm_arm_armv8be", "fuzz_asm", "fuzzer", "libfuzzer_fuzz_asm_arm", "arm", "libfuzzer", "lib", "fuzz_asm_arm", "asm_arm", "asm_arm_armv8be", "fuzzer_fuzz", "linux", "armv8be", "fuzz", "keystone_libfuzzer", "keystone_libfuzzer_msan", "msan", "arm_armv8be", "timeout"], "last_tested_crash_stacktrace": "[Environment] MSAN_OPTIONS=exitcode=77\n+----------------------------------------Release Build Stacktrace----------------------------------------+\nCommand: /clusterfuzz/run_bot/clusterfuzz/bot/builds/keystone_libfuzzer_msan/custom/fuzz_asm_arm_armv8be -rss_limit_mb=2560 -timeout=60 -runs=100 /clusterfuzz/run_bot/clusterfuzz/bot/inputs/fuzzer-testcases/timeout-b79ea90bce4d0284b7d9973fe215e440a7794806\nTime ran: 62.03914284706116\n\nINFO: Running with entropic power schedule (0xFF, 100).\nINFO: Seed: 1838450614\nINFO: Loaded 1 modules   (93937 inline 8-bit counters): 93937 [0x165c4c8, 0x16733b9),\nINFO: Loaded 1 PC tables (93937 PCs): 93937 [0x16733c0,0x17e22d0),\n/clusterfuzz/run_bot/clusterfuzz/bot/builds/keystone_libfuzzer_msan/custom/fuzz_asm_arm_armv8be: Running 1 inputs 100 time(s) each.\nRunning: /clusterfuzz/run_bot/clusterfuzz/bot/inputs/fuzzer-testcases/timeout-b79ea90bce4d0284b7d9973fe215e440a7794806\nALARM: working on the last Unit for 61 seconds\n       and the timeout value is 60 (use -timeout=N to change)\n==199708== ERROR: libFuzzer: timeout after 61 seconds\n    #0 0x4f8549 in __sanitizer_print_stack_trace /src/llvm-project/compiler-rt/lib/msan/msan.cpp:733:3\n    #1 0x49dae8 in fuzzer::PrintStackTrace() cxa_noexception.cpp:0\n    #2 0x482979 in fuzzer::Fuzzer::AlarmCallback() cxa_noexception.cpp:0\n    #3 0x547084 in SignalAction(int, void*, void*) /src/llvm-project/compiler-rt/lib/msan/msan_interceptors.cpp:1018:3\n    #4 0x7f2b7b2603bf in libpthread.so.0\n    #5 0x4f7f59 in __msan_get_track_origins /src/llvm-project/compiler-rt/lib/msan/msan.cpp:75:34\n    #6 0x4f7f59 in __msan_set_origin /src/llvm-project/compiler-rt/lib/msan/msan.cpp:576:7\n    #7 0x4f7f59 in __msan_set_alloca_origin4 /src/llvm-project/compiler-rt/lib/msan/msan.cpp:612:3\n    #8 0x600d15 in (anonymous namespace)::AsmParser::parseStatement((anonymous namespace)::ParseStatementInfo&, llvm_ks::MCAsmParserSemaCallback*, unsigned long&) /src/keystone/llvm/lib/MC/MCParser/AsmParser.cpp:1449\n    #9 0x5e8fe6 in (anonymous namespace)::AsmParser::Run(bool, unsigned long, bool) /src/keystone/llvm/lib/MC/MCParser/AsmParser.cpp:712:10\n    #10 0x55e4f0 in ks_asm /src/keystone/llvm/keystone/ks.cpp:659:27\n    #11 0x5564b9 in LLVMFuzzerTestOneInput /src/keystone/suite/fuzz/fuzz_asm_arm_armv8be.c:42:9\n    #12 0x483fa3 in fuzzer::Fuzzer::ExecuteCallback(unsigned char const*, unsigned long) cxa_noexception.cpp:0\n    #13 0x46f8b2 in fuzzer::RunOneTest(fuzzer::Fuzzer*, char const*, unsigned long) /src/llvm-project/compiler-rt/lib/fuzzer/FuzzerDriver.cpp:324:6\n    #14 0x47537a in fuzzer::FuzzerDriver(int*, char***, int (*)(unsigned char const*, unsigned long)) cxa_noexception.cpp:0\n    #15 0x49e2a2 in main /src/llvm-project/compiler-rt/lib/fuzzer/FuzzerMain.cpp:20:10\n    #16 0x7f2b7b0540b2 in __libc_start_main\n    #17 0x44cb3d in _start\n\nSUMMARY: libFuzzer: timeout\n\n\n+----------------------------------------Release Build Unsymbolized Stacktrace (diff)----------------------------------------+\n\n       and the timeout value is 60 (use -timeout=N to change)\n==199708== ERROR: libFuzzer: timeout after 61 seconds\n    #0 0x4f8549  (/clusterfuzz/run_bot/clusterfuzz/bot/builds/keystone_libfuzzer_msan/custom/fuzz_asm_arm_armv8be+0x4f8549)\n    #1 0x49dae8  (/clusterfuzz/run_bot/clusterfuzz/bot/builds/keystone_libfuzzer_msan/custom/fuzz_asm_arm_armv8be+0x49dae8)\n    #2 0x482979  (/clusterfuzz/run_bot/clusterfuzz/bot/builds/keystone_libfuzzer_msan/custom/fuzz_asm_arm_armv8be+0x482979)\n    #3 0x547084  (/clusterfuzz/run_bot/clusterfuzz/bot/builds/keystone_libfuzzer_msan/custom/fuzz_asm_arm_armv8be+0x547084)\n    #4 0x7f2b7b2603bf  (/lib/x86_64-linux-gnu/libpthread.so.0+0x153bf)\n    #5 0x4f7f59  (/clusterfuzz/run_bot/clusterfuzz/bot/builds/keystone_libfuzzer_msan/custom/fuzz_asm_arm_armv8be+0x4f7f59)\n    #6 0x600d15  (/clusterfuzz/run_bot/clusterfuzz/bot/builds/keystone_libfuzzer_msan/custom/fuzz_asm_arm_armv8be+0x600d15)\n    #7 0x5e8fe6  (/clusterfuzz/run_bot/clusterfuzz/bot/builds/keystone_libfuzzer_msan/custom/fuzz_asm_arm_armv8be+0x5e8fe6)\n    #8 0x55e4f0  (/clusterfuzz/run_bot/clusterfuzz/bot/builds/keystone_libfuzzer_msan/custom/fuzz_asm_arm_armv8be+0x55e4f0)\n    #9 0x5564b9  (/clusterfuzz/run_bot/clusterfuzz/bot/builds/keystone_libfuzzer_msan/custom/fuzz_asm_arm_armv8be+0x5564b9)\n    #10 0x483fa3  (/clusterfuzz/run_bot/clusterfuzz/bot/builds/keystone_libfuzzer_msan/custom/fuzz_asm_arm_armv8be+0x483fa3)\n    #11 0x46f8b2  (/clusterfuzz/run_bot/clusterfuzz/bot/builds/keystone_libfuzzer_msan/custom/fuzz_asm_arm_armv8be+0x46f8b2)\n    #12 0x47537a  (/clusterfuzz/run_bot/clusterfuzz/bot/builds/keystone_libfuzzer_msan/custom/fuzz_asm_arm_armv8be+0x47537a)\n    #13 0x49e2a2  (/clusterfuzz/run_bot/clusterfuzz/bot/builds/keystone_libfuzzer_msan/custom/fuzz_asm_arm_armv8be+0x49e2a2)\n    #14 0x7f2b7b0540b2  (/lib/x86_64-linux-gnu/libc.so.6+0x270b2)\n    #15 0x44cb3d  (/clusterfuzz/run_bot/clusterfuzz/bot/builds/keystone_libfuzzer_msan/custom/fuzz_asm_arm_armv8be+0x44cb3d)\n", "minidump_keys": "", "minimized_arguments": "-rss_limit_mb=2560 -timeout=60", "minimized_keys": "f5a844b8-e2f3-4b60-bc9a-0766adf78a00", "one_time_crasher_flag": false, "open": true, "overridden_fuzzer_name": "libFuzzer_fuzz_asm_arm_armv8be", "platform": "linux", "platform_id": "linux", "project_name": "test-project", "queue": "jobs-linux", "redzone": 512, "regression": "NA", "security_flag": false, "security_severity": null, "status": "Processed", "symbolized": false, "timeout_multiplier": 1.0, "timestamp": 1638101945, "triaged": false, "uploader_email": null, "window_argument": "", "id": 4149}, "timestamp": 1638101945.065587, "show_blame": false, "show_impact": false, "impacts_production": false, "find_similar_issues_options": [{"type": "open", "label": "Open"}, {"type": "all", "label": "All"}], "auto_delete_timestamp": null, "auto_close_timestamp": null, "memory_tool_display_label": "Sanitizer", "memory_tool_display_value": "memory (MSAN)", "last_tested": "1:1 (No component revisions found!)", "is_admin_or_not_oss_fuzz": true, "has_issue_tracker": false, "reproduction_help_url": "", "is_local_development": true, "fuzzer_display": {"engine": "libFuzzer", "target": "fuzz_asm_arm_armv8be", "name": "libFuzzer", "fully_qualified_name": "libFuzzer_fuzz_asm_arm_armv8be"}}