{"id": 4151, "crash_type": "Use-of-uninitialized-value", "crash_address": "", "crash_state": "geos::geomgraph::PlanarGraph::~PlanarGraph\ngeos::operation::overlay::OverlayOp::~OverlayOp\ngeos::operation::overlay::OverlayOp::overlayOp\n", "crash_state_lines": ["geos::geomgraph::PlanarGraph::~PlanarGraph", "geos::operation::overlay::OverlayOp::~OverlayOp", "geos::operation::overlay::OverlayOp::overlayOp"], "crash_revision": 1, "csrf_token": "D6S+cXG/eQvjQp1jhkN2Yfq5FoCaAiuUjD0oLthouNSAPb8xaAgWvNikB3AHnFnrgfWQIz/OKB4owWUbxHHo3A==", "external_user": false, "footer": "[2021-11-28 12:19:09 UTC] comput5-20211128-16:40: Fuzz task : Fuzzer honggfuzz_fuzz_geo2 generated testcase crashed in 688 seconds (r1).\n[2021-11-28 13:21:56 UTC] snode8-20211128-16:40: Minimize task started.\n[2021-11-28 13:23:19 UTC] snode8-20211128-16:40: Minimize task errored out: Engine does not support minimization.\n[2021-11-30 00:13:16 UTC] snode9-20211129-17:28: Progression task started.\n[2021-11-30 00:14:36 UTC] snode9-20211129-17:28: Progression task finished: still crashes on latest custom build.\n", "formatted_reproduction_help": "", "fixed": "NO", "fixed_full": null, "issue_url": null, "is_admin": true, "metadata": {"build_key": "ec08ddc2-3d42-4ef3-9462-9d727b564823", "fuzzer_binary_name": "fuzz_geo2", "last_tested_crash_revision": null, "last_tested_crash_time": 1638231276, "last_tested_revision": null}, "minimized_testcase_size": "337 B", "needs_refresh": false, "original_testcase_size": "337 B", "privileged_user": true, "regression": "NA", "crash_stacktrace": {"lines": [{"lineNumber": 1, "content": "[Environment] MSAN_OPTIONS=allocator_release_to_os_interval_ms=500:halt_on_error=1:handle_abort=2:handle_segv=2:handle_sigbus=2:handle_sigfpe=2:handle_sigill=2:print_stats=1:print_summary=1:symbolize=0:use_sigaltstack=1", "important": false, "type": "Line"}, {"lineNumber": 2, "content": "+----------------------------------------Release Build Stacktrace----------------------------------------+", "important": false, "type": "Line"}, {"lineNumber": 3, "content": "==3758==WARNING: MemorySanitizer: use-of-uninitialized-value", "important": false, "type": "Line"}, {"lineNumber": 4, "content": "    #0 0x686227 in geos::geomgraph::PlanarGraph::~PlanarGraph() /src/geos/src/geomgraph/PlanarGraph.cpp:88:9", "important": true, "type": "Line"}, {"lineNumber": 5, "content": "    #1 0x894d28 in geos::operation::overlay::OverlayOp::~OverlayOp() /src/geos/src/operation/overlay/OverlayOp.cpp:184:1", "important": true, "type": "Line"}, {"lineNumber": 6, "content": "    #2 0x892b60 in geos::operation::overlay::OverlayOp::overlayOp(geos::geom::Geometry const*, geos::geom::Geometry const*, geos::operation::overlay::OverlayOp::OpCode) /src/geos/src/operation/overlay/OverlayOp.cpp:94:1", "important": true, "type": "Line"}, {"lineNumber": 7, "content": "    #3 0x5e4244 in geos::geom::HeuristicOverlay(geos::geom::Geometry const*, geos::geom::Geometry const*, int) /src/geos/src/geom/HeuristicOverlay.cpp:446:19", "important": false, "type": "Line"}, {"lineNumber": 8, "content": "    #4 0x5b5dc4 in geos::geom::Geometry::Union(geos::geom::Geometry const*) const /src/geos/src/geom/Geometry.cpp:593:12", "important": false, "type": "Line"}, {"lineNumber": 9, "content": "    #5 0x4d4407 in operator() /src/geos/capi/geos_ts_c.cpp:1361:27", "important": false, "type": "Line"}, {"lineNumber": 10, "content": "    #6 0x4d4407 in execute&lt;(lambda at /src/geos/capi/geos_ts_c.cpp:1360:35), nullptr&gt; /src/geos/capi/geos_ts_c.cpp:408:16", "important": false, "type": "Line"}, {"lineNumber": 11, "content": "    #7 0x4d4407 in GEOSUnion_r /src/geos/capi/geos_ts_c.cpp:1360:16", "important": false, "type": "Line"}, {"lineNumber": 12, "content": "    #8 0x4a971c in GEOSUnion /src/geos/capi/geos_c.cpp:540:16", "important": false, "type": "Line"}, {"lineNumber": 13, "content": "    #9 0x4a6175 in LLVMFuzzerTestOneInput /src/geos/tests/fuzz/fuzz_geo2.c:57:18", "important": false, "type": "Line"}, {"lineNumber": 14, "content": "    #10 0x55e0be in main", "important": false, "type": "Line"}, {"lineNumber": 15, "content": "    #11 0x7ffff7c5b0b2 in __libc_start_main", "important": false, "type": "Line"}, {"lineNumber": 16, "content": "    #12 0x42146d in _start", "important": false, "type": "Line"}, {"lineNumber": 17, "content": "", "important": false, "type": "Line"}, {"lineNumber": 18, "content": "  Uninitialized value was created by a heap deallocation", "important": false, "type": "Line"}, {"lineNumber": 19, "content": "    #0 0x4a4d29 in operator delete(void*) /src/llvm-project/compiler-rt/lib/msan/msan_new_delete.cpp:74:44", "important": false, "type": "Line"}, {"lineNumber": 20, "content": "    #1 0xaf0467 in operator() /usr/local/include/c++/v1/__memory/unique_ptr.h:54:5", "important": false, "type": "Line"}, {"lineNumber": 21, "content": "    #2 0xaf0467 in reset /usr/local/include/c++/v1/__memory/unique_ptr.h:315:7", "important": false, "type": "Line"}, {"lineNumber": 22, "content": "    #3 0xaf0467 in std::__1::unique_ptr&lt;geos::geomgraph::EdgeEnd, std::__1::default_delete&lt;geos::geomgraph::EdgeEnd&gt; &gt;::~unique_ptr() /usr/local/include/c++/v1/__memory/unique_ptr.h:269:19", "important": false, "type": "Line"}, {"lineNumber": 23, "content": "    #4 0xaf033f in geos::geomgraph::Node::add(geos::geomgraph::EdgeEnd*) /src/geos/src/geomgraph/Node.cpp:163:1", "important": false, "type": "Line"}, {"lineNumber": 24, "content": "    #5 0x6873d3 in geos::geomgraph::PlanarGraph::add(geos::geomgraph::EdgeEnd*) /src/geos/src/geomgraph/PlanarGraph.cpp:147:12", "important": false, "type": "Line"}, {"lineNumber": 25, "content": "    #6 0x68873f in geos::geomgraph::PlanarGraph::addEdges(std::__1::vector&lt;geos::geomgraph::Edge*, std::__1::allocator&lt;geos::geomgraph::Edge*&gt; &gt; const&amp;) /src/geos/src/geomgraph/PlanarGraph.cpp:225:9", "important": false, "type": "Line"}, {"lineNumber": 26, "content": "    #7 0x896467 in geos::operation::overlay::OverlayOp::computeOverlay(geos::operation::overlay::OverlayOp::OpCode) /src/geos/src/operation/overlay/OverlayOp.cpp:837:11", "important": false, "type": "Line"}, {"lineNumber": 27, "content": "    #8 0x892ab6 in getResultGeometry /src/geos/src/operation/overlay/OverlayOp.cpp:191:5", "important": false, "type": "Line"}, {"lineNumber": 28, "content": "    #9 0x892ab6 in geos::operation::overlay::OverlayOp::overlayOp(geos::geom::Geometry const*, geos::geom::Geometry const*, geos::operation::overlay::OverlayOp::OpCode) /src/geos/src/operation/overlay/OverlayOp.cpp:93:16", "important": true, "type": "Line"}, {"lineNumber": 29, "content": "    #10 0x5e4244 in geos::geom::HeuristicOverlay(geos::geom::Geometry const*, geos::geom::Geometry const*, int) /src/geos/src/geom/HeuristicOverlay.cpp:446:19", "important": false, "type": "Line"}, {"lineNumber": 30, "content": "    #11 0x5b5dc4 in geos::geom::Geometry::Union(geos::geom::Geometry const*) const /src/geos/src/geom/Geometry.cpp:593:12", "important": false, "type": "Line"}, {"lineNumber": 31, "content": "    #12 0x4d4407 in operator() /src/geos/capi/geos_ts_c.cpp:1361:27", "important": false, "type": "Line"}, {"lineNumber": 32, "content": "    #13 0x4d4407 in execute&lt;(lambda at /src/geos/capi/geos_ts_c.cpp:1360:35), nullptr&gt; /src/geos/capi/geos_ts_c.cpp:408:16", "important": false, "type": "Line"}, {"lineNumber": 33, "content": "    #14 0x4d4407 in GEOSUnion_r /src/geos/capi/geos_ts_c.cpp:1360:16", "important": false, "type": "Line"}, {"lineNumber": 34, "content": "    #15 0x4a971c in GEOSUnion /src/geos/capi/geos_c.cpp:540:16", "important": false, "type": "Line"}, {"lineNumber": 35, "content": "    #16 0x4a6175 in LLVMFuzzerTestOneInput /src/geos/tests/fuzz/fuzz_geo2.c:57:18", "important": false, "type": "Line"}, {"lineNumber": 36, "content": "    #17 0x55e0be in main", "important": false, "type": "Line"}, {"lineNumber": 37, "content": "", "important": false, "type": "Line"}, {"lineNumber": 38, "content": "SUMMARY: MemorySanitizer: use-of-uninitialized-value (/clusterfuzz/run_bot/clusterfuzz/bot/builds/geos_honggfuzz_msan/custom/fuzz_geo2+0x686227)", "important": false, "type": "Line"}, {"lineNumber": 39, "content": "Unique heap origins: 6631", "important": false, "type": "Line"}, {"lineNumber": 40, "content": "Stack depot allocated bytes: 2752512", "important": false, "type": "Line"}, {"lineNumber": 41, "content": "Unique origin histories: 3348", "important": false, "type": "Line"}, {"lineNumber": 42, "content": "History depot allocated bytes: 196608", "important": false, "type": "Line"}, {"lineNumber": 43, "content": "Exiting", "important": false, "type": "Line"}, {"lineNumber": 44, "content": "", "important": false, "type": "Line"}, {"lineNumber": 45, "content": "", "important": false, "type": "Line"}, {"lineNumber": 46, "content": "+----------------------------------------Release Build Unsymbolized Stacktrace (diff)----------------------------------------+", "important": false, "type": "Line"}, {"lineNumber": 47, "content": "", "important": false, "type": "Line"}, {"lineNumber": 48, "content": "==3758==WARNING: MemorySanitizer: use-of-uninitialized-value", "important": false, "type": "Line"}, {"lineNumber": 49, "content": "    #0 0x686227  (/clusterfuzz/run_bot/clusterfuzz/bot/builds/geos_honggfuzz_msan/custom/fuzz_geo2+0x686227)", "important": false, "type": "Line"}, {"lineNumber": 50, "content": "    #1 0x894d28  (/clusterfuzz/run_bot/clusterfuzz/bot/builds/geos_honggfuzz_msan/custom/fuzz_geo2+0x894d28)", "important": false, "type": "Line"}, {"lineNumber": 51, "content": "    #2 0x892b60  (/clusterfuzz/run_bot/clusterfuzz/bot/builds/geos_honggfuzz_msan/custom/fuzz_geo2+0x892b60)", "important": false, "type": "Line"}, {"lineNumber": 52, "content": "    #3 0x5e4244  (/clusterfuzz/run_bot/clusterfuzz/bot/builds/geos_honggfuzz_msan/custom/fuzz_geo2+0x5e4244)", "important": false, "type": "Line"}, {"lineNumber": 53, "content": "    #4 0x5b5dc4  (/clusterfuzz/run_bot/clusterfuzz/bot/builds/geos_honggfuzz_msan/custom/fuzz_geo2+0x5b5dc4)", "important": false, "type": "Line"}, {"lineNumber": 54, "content": "    #5 0x4d4407  (/clusterfuzz/run_bot/clusterfuzz/bot/builds/geos_honggfuzz_msan/custom/fuzz_geo2+0x4d4407)", "important": false, "type": "Line"}, {"lineNumber": 55, "content": "    #6 0x4a971c  (/clusterfuzz/run_bot/clusterfuzz/bot/builds/geos_honggfuzz_msan/custom/fuzz_geo2+0x4a971c)", "important": false, "type": "Line"}, {"lineNumber": 56, "content": "    #7 0x4a6175  (/clusterfuzz/run_bot/clusterfuzz/bot/builds/geos_honggfuzz_msan/custom/fuzz_geo2+0x4a6175)", "important": false, "type": "Line"}, {"lineNumber": 57, "content": "    #8 0x55e0be  (/clusterfuzz/run_bot/clusterfuzz/bot/builds/geos_honggfuzz_msan/custom/fuzz_geo2+0x55e0be)", "important": false, "type": "Line"}, {"lineNumber": 58, "content": "    #9 0x7ffff7c5b0b2  (/lib/x86_64-linux-gnu/libc.so.6+0x270b2)", "important": false, "type": "Line"}, {"lineNumber": 59, "content": "    #10 0x42146d  (/clusterfuzz/run_bot/clusterfuzz/bot/builds/geos_honggfuzz_msan/custom/fuzz_geo2+0x42146d)", "important": false, "type": "Line"}, {"lineNumber": 60, "content": "", "important": false, "type": "Line"}, {"lineNumber": 61, "content": "  Uninitialized value was created by a heap deallocation", "important": false, "type": "Line"}, {"lineNumber": 62, "content": "    #0 0x4a4d29  (/clusterfuzz/run_bot/clusterfuzz/bot/builds/geos_honggfuzz_msan/custom/fuzz_geo2+0x4a4d29)", "important": false, "type": "Line"}, {"lineNumber": 63, "content": "    #1 0xaf0467  (/clusterfuzz/run_bot/clusterfuzz/bot/builds/geos_honggfuzz_msan/custom/fuzz_geo2+0xaf0467)", "important": false, "type": "Line"}, {"lineNumber": 64, "content": "    #2 0xaf033f  (/clusterfuzz/run_bot/clusterfuzz/bot/builds/geos_honggfuzz_msan/custom/fuzz_geo2+0xaf033f)", "important": false, "type": "Line"}, {"lineNumber": 65, "content": "    #3 0x6873d3  (/clusterfuzz/run_bot/clusterfuzz/bot/builds/geos_honggfuzz_msan/custom/fuzz_geo2+0x6873d3)", "important": false, "type": "Line"}, {"lineNumber": 66, "content": "    #4 0x68873f  (/clusterfuzz/run_bot/clusterfuzz/bot/builds/geos_honggfuzz_msan/custom/fuzz_geo2+0x68873f)", "important": false, "type": "Line"}, {"lineNumber": 67, "content": "    #5 0x896467  (/clusterfuzz/run_bot/clusterfuzz/bot/builds/geos_honggfuzz_msan/custom/fuzz_geo2+0x896467)", "important": false, "type": "Line"}, {"lineNumber": 68, "content": "    #6 0x892ab6  (/clusterfuzz/run_bot/clusterfuzz/bot/builds/geos_honggfuzz_msan/custom/fuzz_geo2+0x892ab6)", "important": false, "type": "Line"}, {"lineNumber": 69, "content": "    #7 0x5e4244  (/clusterfuzz/run_bot/clusterfuzz/bot/builds/geos_honggfuzz_msan/custom/fuzz_geo2+0x5e4244)", "important": false, "type": "Line"}, {"lineNumber": 70, "content": "    #8 0x5b5dc4  (/clusterfuzz/run_bot/clusterfuzz/bot/builds/geos_honggfuzz_msan/custom/fuzz_geo2+0x5b5dc4)", "important": false, "type": "Line"}, {"lineNumber": 71, "content": "    #9 0x4d4407  (/clusterfuzz/run_bot/clusterfuzz/bot/builds/geos_honggfuzz_msan/custom/fuzz_geo2+0x4d4407)", "important": false, "type": "Line"}, {"lineNumber": 72, "content": "    #10 0x4a971c  (/clusterfuzz/run_bot/clusterfuzz/bot/builds/geos_honggfuzz_msan/custom/fuzz_geo2+0x4a971c)", "important": false, "type": "Line"}, {"lineNumber": 73, "content": "    #11 0x4a6175  (/clusterfuzz/run_bot/clusterfuzz/bot/builds/geos_honggfuzz_msan/custom/fuzz_geo2+0x4a6175)", "important": false, "type": "Line"}, {"lineNumber": 74, "content": "    #12 0x55e0be  (/clusterfuzz/run_bot/clusterfuzz/bot/builds/geos_honggfuzz_msan/custom/fuzz_geo2+0x55e0be)", "important": false, "type": "Line"}], "revision": "1"}, "last_tested_crash_stacktrace": {"lines": [{"lineNumber": 1, "content": "[Environment] MSAN_OPTIONS=allocator_release_to_os_interval_ms=500:halt_on_error=1:handle_abort=2:handle_segv=2:handle_sigbus=2:handle_sigfpe=2:handle_sigill=2:print_stats=1:print_summary=1:symbolize=0:use_sigaltstack=1", "important": false, "type": "Line"}, {"lineNumber": 2, "content": "+----------------------------------------Release Build Stacktrace----------------------------------------+", "important": false, "type": "Line"}, {"lineNumber": 3, "content": "Command: /clusterfuzz/run_bot/clusterfuzz/bot/builds/geos_honggfuzz_msan/custom/fuzz_geo2", "important": false, "type": "Line"}, {"lineNumber": 4, "content": "Time ran: 0.013750076293945312", "important": false, "type": "Line"}, {"lineNumber": 5, "content": "", "important": false, "type": "Line"}, {"lineNumber": 6, "content": "Accepting input from &#x27;[STDIN]&#x27;", "important": false, "type": "Line"}, {"lineNumber": 7, "content": "Usage for fuzzing: honggfuzz -P [flags] -- /clusterfuzz/run_bot/clusterfuzz/bot/builds/geos_honggfuzz_msan/custom/fuzz_geo2", "important": false, "type": "Line"}, {"lineNumber": 8, "content": "==10092==WARNING: MemorySanitizer: use-of-uninitialized-value", "important": false, "type": "Line"}, {"lineNumber": 9, "content": "    #0 0x686227 in geos::geomgraph::PlanarGraph::~PlanarGraph() /src/geos/src/geomgraph/PlanarGraph.cpp:88:9", "important": true, "type": "Line"}, {"lineNumber": 10, "content": "    #1 0x894d28 in geos::operation::overlay::OverlayOp::~OverlayOp() /src/geos/src/operation/overlay/OverlayOp.cpp:184:1", "important": true, "type": "Line"}, {"lineNumber": 11, "content": "    #2 0x892b60 in geos::operation::overlay::OverlayOp::overlayOp(geos::geom::Geometry const*, geos::geom::Geometry const*, geos::operation::overlay::OverlayOp::OpCode) /src/geos/src/operation/overlay/OverlayOp.cpp:94:1", "important": true, "type": "Line"}, {"lineNumber": 12, "content": "    #3 0x5e4244 in geos::geom::HeuristicOverlay(geos::geom::Geometry const*, geos::geom::Geometry const*, int) /src/geos/src/geom/HeuristicOverlay.cpp:446:19", "important": false, "type": "Line"}, {"lineNumber": 13, "content": "    #4 0x5b5dc4 in geos::geom::Geometry::Union(geos::geom::Geometry const*) const /src/geos/src/geom/Geometry.cpp:593:12", "important": false, "type": "Line"}, {"lineNumber": 14, "content": "    #5 0x4d4407 in operator() /src/geos/capi/geos_ts_c.cpp:1361:27", "important": false, "type": "Line"}, {"lineNumber": 15, "content": "    #6 0x4d4407 in execute&lt;(lambda at /src/geos/capi/geos_ts_c.cpp:1360:35), nullptr&gt; /src/geos/capi/geos_ts_c.cpp:408:16", "important": false, "type": "Line"}, {"lineNumber": 16, "content": "    #7 0x4d4407 in GEOSUnion_r /src/geos/capi/geos_ts_c.cpp:1360:16", "important": false, "type": "Line"}, {"lineNumber": 17, "content": "    #8 0x4a971c in GEOSUnion /src/geos/capi/geos_c.cpp:540:16", "important": false, "type": "Line"}, {"lineNumber": 18, "content": "    #9 0x4a6175 in LLVMFuzzerTestOneInput /src/geos/tests/fuzz/fuzz_geo2.c:57:18", "important": false, "type": "Line"}, {"lineNumber": 19, "content": "    #10 0x55dfdb in main", "important": false, "type": "Line"}, {"lineNumber": 20, "content": "    #11 0x7f6c419170b2 in __libc_start_main", "important": false, "type": "Line"}, {"lineNumber": 21, "content": "    #12 0x42146d in _start", "important": false, "type": "Line"}, {"lineNumber": 22, "content": "", "important": false, "type": "Line"}, {"lineNumber": 23, "content": "  Uninitialized value was created by a heap deallocation", "important": false, "type": "Line"}, {"lineNumber": 24, "content": "    #0 0x4a4d29 in operator delete(void*) /src/llvm-project/compiler-rt/lib/msan/msan_new_delete.cpp:74:44", "important": false, "type": "Line"}, {"lineNumber": 25, "content": "    #1 0xaf0467 in operator() /usr/local/include/c++/v1/__memory/unique_ptr.h:54:5", "important": false, "type": "Line"}, {"lineNumber": 26, "content": "    #2 0xaf0467 in reset /usr/local/include/c++/v1/__memory/unique_ptr.h:315:7", "important": false, "type": "Line"}, {"lineNumber": 27, "content": "    #3 0xaf0467 in std::__1::unique_ptr&lt;geos::geomgraph::EdgeEnd, std::__1::default_delete&lt;geos::geomgraph::EdgeEnd&gt; &gt;::~unique_ptr() /usr/local/include/c++/v1/__memory/unique_ptr.h:269:19", "important": false, "type": "Line"}, {"lineNumber": 28, "content": "    #4 0xaf033f in geos::geomgraph::Node::add(geos::geomgraph::EdgeEnd*) /src/geos/src/geomgraph/Node.cpp:163:1", "important": false, "type": "Line"}, {"lineNumber": 29, "content": "    #5 0x6873d3 in geos::geomgraph::PlanarGraph::add(geos::geomgraph::EdgeEnd*) /src/geos/src/geomgraph/PlanarGraph.cpp:147:12", "important": false, "type": "Line"}, {"lineNumber": 30, "content": "    #6 0x68873f in geos::geomgraph::PlanarGraph::addEdges(std::__1::vector&lt;geos::geomgraph::Edge*, std::__1::allocator&lt;geos::geomgraph::Edge*&gt; &gt; const&amp;) /src/geos/src/geomgraph/PlanarGraph.cpp:225:9", "important": false, "type": "Line"}, {"lineNumber": 31, "content": "    #7 0x896467 in geos::operation::overlay::OverlayOp::computeOverlay(geos::operation::overlay::OverlayOp::OpCode) /src/geos/src/operation/overlay/OverlayOp.cpp:837:11", "important": false, "type": "Line"}, {"lineNumber": 32, "content": "    #8 0x892ab6 in getResultGeometry /src/geos/src/operation/overlay/OverlayOp.cpp:191:5", "important": false, "type": "Line"}, {"lineNumber": 33, "content": "    #9 0x892ab6 in geos::operation::overlay::OverlayOp::overlayOp(geos::geom::Geometry const*, geos::geom::Geometry const*, geos::operation::overlay::OverlayOp::OpCode) /src/geos/src/operation/overlay/OverlayOp.cpp:93:16", "important": true, "type": "Line"}, {"lineNumber": 34, "content": "    #10 0x5e4244 in geos::geom::HeuristicOverlay(geos::geom::Geometry const*, geos::geom::Geometry const*, int) /src/geos/src/geom/HeuristicOverlay.cpp:446:19", "important": false, "type": "Line"}, {"lineNumber": 35, "content": "    #11 0x5b5dc4 in geos::geom::Geometry::Union(geos::geom::Geometry const*) const /src/geos/src/geom/Geometry.cpp:593:12", "important": false, "type": "Line"}, {"lineNumber": 36, "content": "    #12 0x4d4407 in operator() /src/geos/capi/geos_ts_c.cpp:1361:27", "important": false, "type": "Line"}, {"lineNumber": 37, "content": "    #13 0x4d4407 in execute&lt;(lambda at /src/geos/capi/geos_ts_c.cpp:1360:35), nullptr&gt; /src/geos/capi/geos_ts_c.cpp:408:16", "important": false, "type": "Line"}, {"lineNumber": 38, "content": "    #14 0x4d4407 in GEOSUnion_r /src/geos/capi/geos_ts_c.cpp:1360:16", "important": false, "type": "Line"}, {"lineNumber": 39, "content": "    #15 0x4a971c in GEOSUnion /src/geos/capi/geos_c.cpp:540:16", "important": false, "type": "Line"}, {"lineNumber": 40, "content": "    #16 0x4a6175 in LLVMFuzzerTestOneInput /src/geos/tests/fuzz/fuzz_geo2.c:57:18", "important": false, "type": "Line"}, {"lineNumber": 41, "content": "    #17 0x55dfdb in main", "important": false, "type": "Line"}, {"lineNumber": 42, "content": "", "important": false, "type": "Line"}, {"lineNumber": 43, "content": "SUMMARY: MemorySanitizer: use-of-uninitialized-value (/clusterfuzz/run_bot/clusterfuzz/bot/builds/geos_honggfuzz_msan/custom/fuzz_geo2+0x686227)", "important": false, "type": "Line"}, {"lineNumber": 44, "content": "Unique heap origins: 445", "important": false, "type": "Line"}, {"lineNumber": 45, "content": "Stack depot allocated bytes: 1900544", "important": false, "type": "Line"}, {"lineNumber": 46, "content": "Unique origin histories: 8", "important": false, "type": "Line"}, {"lineNumber": 47, "content": "History depot allocated bytes: 196608", "important": false, "type": "Line"}, {"lineNumber": 48, "content": "Exiting", "important": false, "type": "Line"}, {"lineNumber": 49, "content": "", "important": false, "type": "Line"}, {"lineNumber": 50, "content": "", "important": false, "type": "Line"}, {"lineNumber": 51, "content": "+----------------------------------------Release Build Unsymbolized Stacktrace (diff)----------------------------------------+", "important": false, "type": "Line"}, {"lineNumber": 52, "content": "", "important": false, "type": "Line"}, {"lineNumber": 53, "content": "Usage for fuzzing: honggfuzz -P [flags] -- /clusterfuzz/run_bot/clusterfuzz/bot/builds/geos_honggfuzz_msan/custom/fuzz_geo2", "important": false, "type": "Line"}, {"lineNumber": 54, "content": "==10092==WARNING: MemorySanitizer: use-of-uninitialized-value", "important": false, "type": "Line"}, {"lineNumber": 55, "content": "    #0 0x686227  (/clusterfuzz/run_bot/clusterfuzz/bot/builds/geos_honggfuzz_msan/custom/fuzz_geo2+0x686227)", "important": false, "type": "Line"}, {"lineNumber": 56, "content": "    #1 0x894d28  (/clusterfuzz/run_bot/clusterfuzz/bot/builds/geos_honggfuzz_msan/custom/fuzz_geo2+0x894d28)", "important": false, "type": "Line"}, {"lineNumber": 57, "content": "    #2 0x892b60  (/clusterfuzz/run_bot/clusterfuzz/bot/builds/geos_honggfuzz_msan/custom/fuzz_geo2+0x892b60)", "important": false, "type": "Line"}, {"lineNumber": 58, "content": "    #3 0x5e4244  (/clusterfuzz/run_bot/clusterfuzz/bot/builds/geos_honggfuzz_msan/custom/fuzz_geo2+0x5e4244)", "important": false, "type": "Line"}, {"lineNumber": 59, "content": "    #4 0x5b5dc4  (/clusterfuzz/run_bot/clusterfuzz/bot/builds/geos_honggfuzz_msan/custom/fuzz_geo2+0x5b5dc4)", "important": false, "type": "Line"}, {"lineNumber": 60, "content": "    #5 0x4d4407  (/clusterfuzz/run_bot/clusterfuzz/bot/builds/geos_honggfuzz_msan/custom/fuzz_geo2+0x4d4407)", "important": false, "type": "Line"}, {"lineNumber": 61, "content": "    #6 0x4a971c  (/clusterfuzz/run_bot/clusterfuzz/bot/builds/geos_honggfuzz_msan/custom/fuzz_geo2+0x4a971c)", "important": false, "type": "Line"}, {"lineNumber": 62, "content": "    #7 0x4a6175  (/clusterfuzz/run_bot/clusterfuzz/bot/builds/geos_honggfuzz_msan/custom/fuzz_geo2+0x4a6175)", "important": false, "type": "Line"}, {"lineNumber": 63, "content": "    #8 0x55dfdb  (/clusterfuzz/run_bot/clusterfuzz/bot/builds/geos_honggfuzz_msan/custom/fuzz_geo2+0x55dfdb)", "important": false, "type": "Line"}, {"lineNumber": 64, "content": "    #9 0x7f6c419170b2  (/lib/x86_64-linux-gnu/libc.so.6+0x270b2)", "important": false, "type": "Line"}, {"lineNumber": 65, "content": "    #10 0x42146d  (/clusterfuzz/run_bot/clusterfuzz/bot/builds/geos_honggfuzz_msan/custom/fuzz_geo2+0x42146d)", "important": false, "type": "Line"}, {"lineNumber": 66, "content": "", "important": false, "type": "Line"}, {"lineNumber": 67, "content": "  Uninitialized value was created by a heap deallocation", "important": false, "type": "Line"}, {"lineNumber": 68, "content": "    #0 0x4a4d29  (/clusterfuzz/run_bot/clusterfuzz/bot/builds/geos_honggfuzz_msan/custom/fuzz_geo2+0x4a4d29)", "important": false, "type": "Line"}, {"lineNumber": 69, "content": "    #1 0xaf0467  (/clusterfuzz/run_bot/clusterfuzz/bot/builds/geos_honggfuzz_msan/custom/fuzz_geo2+0xaf0467)", "important": false, "type": "Line"}, {"lineNumber": 70, "content": "    #2 0xaf033f  (/clusterfuzz/run_bot/clusterfuzz/bot/builds/geos_honggfuzz_msan/custom/fuzz_geo2+0xaf033f)", "important": false, "type": "Line"}, {"lineNumber": 71, "content": "    #3 0x6873d3  (/clusterfuzz/run_bot/clusterfuzz/bot/builds/geos_honggfuzz_msan/custom/fuzz_geo2+0x6873d3)", "important": false, "type": "Line"}, {"lineNumber": 72, "content": "    #4 0x68873f  (/clusterfuzz/run_bot/clusterfuzz/bot/builds/geos_honggfuzz_msan/custom/fuzz_geo2+0x68873f)", "important": false, "type": "Line"}, {"lineNumber": 73, "content": "    #5 0x896467  (/clusterfuzz/run_bot/clusterfuzz/bot/builds/geos_honggfuzz_msan/custom/fuzz_geo2+0x896467)", "important": false, "type": "Line"}, {"lineNumber": 74, "content": "    #6 0x892ab6  (/clusterfuzz/run_bot/clusterfuzz/bot/builds/geos_honggfuzz_msan/custom/fuzz_geo2+0x892ab6)", "important": false, "type": "Line"}, {"lineNumber": 75, "content": "    #7 0x5e4244  (/clusterfuzz/run_bot/clusterfuzz/bot/builds/geos_honggfuzz_msan/custom/fuzz_geo2+0x5e4244)", "important": false, "type": "Line"}, {"lineNumber": 76, "content": "    #8 0x5b5dc4  (/clusterfuzz/run_bot/clusterfuzz/bot/builds/geos_honggfuzz_msan/custom/fuzz_geo2+0x5b5dc4)", "important": false, "type": "Line"}, {"lineNumber": 77, "content": "    #9 0x4d4407  (/clusterfuzz/run_bot/clusterfuzz/bot/builds/geos_honggfuzz_msan/custom/fuzz_geo2+0x4d4407)", "important": false, "type": "Line"}, {"lineNumber": 78, "content": "    #10 0x4a971c  (/clusterfuzz/run_bot/clusterfuzz/bot/builds/geos_honggfuzz_msan/custom/fuzz_geo2+0x4a971c)", "important": false, "type": "Line"}, {"lineNumber": 79, "content": "    #11 0x4a6175  (/clusterfuzz/run_bot/clusterfuzz/bot/builds/geos_honggfuzz_msan/custom/fuzz_geo2+0x4a6175)", "important": false, "type": "Line"}, {"lineNumber": 80, "content": "    #12 0x55dfdb  (/clusterfuzz/run_bot/clusterfuzz/bot/builds/geos_honggfuzz_msan/custom/fuzz_geo2+0x55dfdb)", "important": false, "type": "Line"}], "revision": null}, "security_severity": "Medium", "security_severities": [{"value": 0, "name": "Critical"}, {"value": 1, "name": "High", "default": true}, {"value": 2, "name": "Medium"}, {"value": 3, "name": "Low"}, {"value": 4, "name": "Missing"}], "stats": {"min_hour": 1, "max_hour": 1}, "suspected_cls": null, "testcase": {"absolute_path": "/clusterfuzz/run_bot/clusterfuzz/bot/inputs/fuzzer-testcases/SIGABRT.PC.7ffff7c7a18b.STACK.1969c38667.CODE.-6.ADDR.0.INSTR.[UNKNOWN].fuzz", "additional_metadata": "{\"build_key\": \"ec08ddc2-3d42-4ef3-9462-9d727b564823\", \"fuzzer_binary_name\": \"fuzz_geo2\", \"last_tested_crash_revision\": null, \"last_tested_crash_time\": {\"__type__\": \"datetime\", \"day\": 30, \"hour\": 0, \"microsecond\": 777980, \"minute\": 14, \"month\": 11, \"second\": 36, \"year\": 2021}, \"last_tested_revision\": null}", "archive_filename": null, "archive_state": 0, "binary_flag": true, "bug_indices": [], "bug_information": "", "comments": "[2021-11-28 12:19:09 UTC] comput5-20211128-16:40: Fuzz task : Fuzzer honggfuzz_fuzz_geo2 generated testcase crashed in 688 seconds (r1).\n[2021-11-28 13:21:56 UTC] snode8-20211128-16:40: Minimize task started.\n[2021-11-28 13:23:19 UTC] snode8-20211128-16:40: Minimize task errored out: Engine does not support minimization.\n[2021-11-30 00:13:16 UTC] snode9-20211129-17:28: Progression task started.\n[2021-11-30 00:14:36 UTC] snode9-20211129-17:28: Progression task finished: still crashes on latest custom build.\n", "crash_address": "", "crash_revision": 1, "crash_stacktrace": "[Environment] MSAN_OPTIONS=allocator_release_to_os_interval_ms=500:halt_on_error=1:handle_abort=2:handle_segv=2:handle_sigbus=2:handle_sigfpe=2:handle_sigill=2:print_stats=1:print_summary=1:symbolize=0:use_sigaltstack=1\n+----------------------------------------Release Build Stacktrace----------------------------------------+\n==3758==WARNING: MemorySanitizer: use-of-uninitialized-value\n    #0 0x686227 in geos::geomgraph::PlanarGraph::~PlanarGraph() /src/geos/src/geomgraph/PlanarGraph.cpp:88:9\n    #1 0x894d28 in geos::operation::overlay::OverlayOp::~OverlayOp() /src/geos/src/operation/overlay/OverlayOp.cpp:184:1\n    #2 0x892b60 in geos::operation::overlay::OverlayOp::overlayOp(geos::geom::Geometry const*, geos::geom::Geometry const*, geos::operation::overlay::OverlayOp::OpCode) /src/geos/src/operation/overlay/OverlayOp.cpp:94:1\n    #3 0x5e4244 in geos::geom::HeuristicOverlay(geos::geom::Geometry const*, geos::geom::Geometry const*, int) /src/geos/src/geom/HeuristicOverlay.cpp:446:19\n    #4 0x5b5dc4 in geos::geom::Geometry::Union(geos::geom::Geometry const*) const /src/geos/src/geom/Geometry.cpp:593:12\n    #5 0x4d4407 in operator() /src/geos/capi/geos_ts_c.cpp:1361:27\n    #6 0x4d4407 in execute<(lambda at /src/geos/capi/geos_ts_c.cpp:1360:35), nullptr> /src/geos/capi/geos_ts_c.cpp:408:16\n    #7 0x4d4407 in GEOSUnion_r /src/geos/capi/geos_ts_c.cpp:1360:16\n    #8 0x4a971c in GEOSUnion /src/geos/capi/geos_c.cpp:540:16\n    #9 0x4a6175 in LLVMFuzzerTestOneInput /src/geos/tests/fuzz/fuzz_geo2.c:57:18\n    #10 0x55e0be in main\n    #11 0x7ffff7c5b0b2 in __libc_start_main\n    #12 0x42146d in _start\n\n  Uninitialized value was created by a heap deallocation\n    #0 0x4a4d29 in operator delete(void*) /src/llvm-project/compiler-rt/lib/msan/msan_new_delete.cpp:74:44\n    #1 0xaf0467 in operator() /usr/local/include/c++/v1/__memory/unique_ptr.h:54:5\n    #2 0xaf0467 in reset /usr/local/include/c++/v1/__memory/unique_ptr.h:315:7\n    #3 0xaf0467 in std::__1::unique_ptr<geos::geomgraph::EdgeEnd, std::__1::default_delete<geos::geomgraph::EdgeEnd> >::~unique_ptr() /usr/local/include/c++/v1/__memory/unique_ptr.h:269:19\n    #4 0xaf033f in geos::geomgraph::Node::add(geos::geomgraph::EdgeEnd*) /src/geos/src/geomgraph/Node.cpp:163:1\n    #5 0x6873d3 in geos::geomgraph::PlanarGraph::add(geos::geomgraph::EdgeEnd*) /src/geos/src/geomgraph/PlanarGraph.cpp:147:12\n    #6 0x68873f in geos::geomgraph::PlanarGraph::addEdges(std::__1::vector<geos::geomgraph::Edge*, std::__1::allocator<geos::geomgraph::Edge*> > const&) /src/geos/src/geomgraph/PlanarGraph.cpp:225:9\n    #7 0x896467 in geos::operation::overlay::OverlayOp::computeOverlay(geos::operation::overlay::OverlayOp::OpCode) /src/geos/src/operation/overlay/OverlayOp.cpp:837:11\n    #8 0x892ab6 in getResultGeometry /src/geos/src/operation/overlay/OverlayOp.cpp:191:5\n    #9 0x892ab6 in geos::operation::overlay::OverlayOp::overlayOp(geos::geom::Geometry const*, geos::geom::Geometry const*, geos::operation::overlay::OverlayOp::OpCode) /src/geos/src/operation/overlay/OverlayOp.cpp:93:16\n    #10 0x5e4244 in geos::geom::HeuristicOverlay(geos::geom::Geometry const*, geos::geom::Geometry const*, int) /src/geos/src/geom/HeuristicOverlay.cpp:446:19\n    #11 0x5b5dc4 in geos::geom::Geometry::Union(geos::geom::Geometry const*) const /src/geos/src/geom/Geometry.cpp:593:12\n    #12 0x4d4407 in operator() /src/geos/capi/geos_ts_c.cpp:1361:27\n    #13 0x4d4407 in execute<(lambda at /src/geos/capi/geos_ts_c.cpp:1360:35), nullptr> /src/geos/capi/geos_ts_c.cpp:408:16\n    #14 0x4d4407 in GEOSUnion_r /src/geos/capi/geos_ts_c.cpp:1360:16\n    #15 0x4a971c in GEOSUnion /src/geos/capi/geos_c.cpp:540:16\n    #16 0x4a6175 in LLVMFuzzerTestOneInput /src/geos/tests/fuzz/fuzz_geo2.c:57:18\n    #17 0x55e0be in main\n\nSUMMARY: MemorySanitizer: use-of-uninitialized-value (/clusterfuzz/run_bot/clusterfuzz/bot/builds/geos_honggfuzz_msan/custom/fuzz_geo2+0x686227)\nUnique heap origins: 6631\nStack depot allocated bytes: 2752512\nUnique origin histories: 3348\nHistory depot allocated bytes: 196608\nExiting\n\n\n+----------------------------------------Release Build Unsymbolized Stacktrace (diff)----------------------------------------+\n\n==3758==WARNING: MemorySanitizer: use-of-uninitialized-value\n    #0 0x686227  (/clusterfuzz/run_bot/clusterfuzz/bot/builds/geos_honggfuzz_msan/custom/fuzz_geo2+0x686227)\n    #1 0x894d28  (/clusterfuzz/run_bot/clusterfuzz/bot/builds/geos_honggfuzz_msan/custom/fuzz_geo2+0x894d28)\n    #2 0x892b60  (/clusterfuzz/run_bot/clusterfuzz/bot/builds/geos_honggfuzz_msan/custom/fuzz_geo2+0x892b60)\n    #3 0x5e4244  (/clusterfuzz/run_bot/clusterfuzz/bot/builds/geos_honggfuzz_msan/custom/fuzz_geo2+0x5e4244)\n    #4 0x5b5dc4  (/clusterfuzz/run_bot/clusterfuzz/bot/builds/geos_honggfuzz_msan/custom/fuzz_geo2+0x5b5dc4)\n    #5 0x4d4407  (/clusterfuzz/run_bot/clusterfuzz/bot/builds/geos_honggfuzz_msan/custom/fuzz_geo2+0x4d4407)\n    #6 0x4a971c  (/clusterfuzz/run_bot/clusterfuzz/bot/builds/geos_honggfuzz_msan/custom/fuzz_geo2+0x4a971c)\n    #7 0x4a6175  (/clusterfuzz/run_bot/clusterfuzz/bot/builds/geos_honggfuzz_msan/custom/fuzz_geo2+0x4a6175)\n    #8 0x55e0be  (/clusterfuzz/run_bot/clusterfuzz/bot/builds/geos_honggfuzz_msan/custom/fuzz_geo2+0x55e0be)\n    #9 0x7ffff7c5b0b2  (/lib/x86_64-linux-gnu/libc.so.6+0x270b2)\n    #10 0x42146d  (/clusterfuzz/run_bot/clusterfuzz/bot/builds/geos_honggfuzz_msan/custom/fuzz_geo2+0x42146d)\n\n  Uninitialized value was created by a heap deallocation\n    #0 0x4a4d29  (/clusterfuzz/run_bot/clusterfuzz/bot/builds/geos_honggfuzz_msan/custom/fuzz_geo2+0x4a4d29)\n    #1 0xaf0467  (/clusterfuzz/run_bot/clusterfuzz/bot/builds/geos_honggfuzz_msan/custom/fuzz_geo2+0xaf0467)\n    #2 0xaf033f  (/clusterfuzz/run_bot/clusterfuzz/bot/builds/geos_honggfuzz_msan/custom/fuzz_geo2+0xaf033f)\n    #3 0x6873d3  (/clusterfuzz/run_bot/clusterfuzz/bot/builds/geos_honggfuzz_msan/custom/fuzz_geo2+0x6873d3)\n    #4 0x68873f  (/clusterfuzz/run_bot/clusterfuzz/bot/builds/geos_honggfuzz_msan/custom/fuzz_geo2+0x68873f)\n    #5 0x896467  (/clusterfuzz/run_bot/clusterfuzz/bot/builds/geos_honggfuzz_msan/custom/fuzz_geo2+0x896467)\n    #6 0x892ab6  (/clusterfuzz/run_bot/clusterfuzz/bot/builds/geos_honggfuzz_msan/custom/fuzz_geo2+0x892ab6)\n    #7 0x5e4244  (/clusterfuzz/run_bot/clusterfuzz/bot/builds/geos_honggfuzz_msan/custom/fuzz_geo2+0x5e4244)\n    #8 0x5b5dc4  (/clusterfuzz/run_bot/clusterfuzz/bot/builds/geos_honggfuzz_msan/custom/fuzz_geo2+0x5b5dc4)\n    #9 0x4d4407  (/clusterfuzz/run_bot/clusterfuzz/bot/builds/geos_honggfuzz_msan/custom/fuzz_geo2+0x4d4407)\n    #10 0x4a971c  (/clusterfuzz/run_bot/clusterfuzz/bot/builds/geos_honggfuzz_msan/custom/fuzz_geo2+0x4a971c)\n    #11 0x4a6175  (/clusterfuzz/run_bot/clusterfuzz/bot/builds/geos_honggfuzz_msan/custom/fuzz_geo2+0x4a6175)\n    #12 0x55e0be  (/clusterfuzz/run_bot/clusterfuzz/bot/builds/geos_honggfuzz_msan/custom/fuzz_geo2+0x55e0be)\n", "crash_state": "geos::geomgraph::PlanarGraph::~PlanarGraph\ngeos::operation::overlay::OverlayOp::~OverlayOp\ngeos::operation::overlay::OverlayOp::overlayOp\n", "crash_type": "Use-of-uninitialized-value", "disable_ubsan": false, "duplicate_of": null, "fixed": "", "flaky_stack": false, "fuzzed_keys": "5b3f19af-c7c8-408d-88d6-c90deea646ba", "fuzzer_name": "honggfuzz", "fuzzer_name_indices": ["honggfuzz_fuzz_geo2", "honggfuzz"], "gestures": [], "group_bug_information": 0, "group_id": 6066, "has_bug_flag": false, "http_flag": false, "impact_beta_version": null, "impact_beta_version_indices": [], "impact_beta_version_likely": null, "impact_extended_stable_version": null, "impact_extended_stable_version_indices": [], "impact_extended_stable_version_likely": null, "impact_head_version": null, "impact_head_version_indices": [], "impact_head_version_likely": null, "impact_indices": [], "impact_stable_version": null, "impact_stable_version_indices": [], "impact_stable_version_likely": null, "impact_version_indices": [], "is_a_duplicate_flag": false, "is_impact_set_flag": null, "is_leader": true, "job_type": "geos_honggfuzz_msan", "keywords": ["linux", "geomgraph::planargraph::~planargraph", "overlayop::~overlay", "overlayop::overlayop", "geomgraph::planargraph::~planar", "graph", "honggfuzz_fuzz", "graph::~planar", "op", "use", "uninitialized-value", "use-of-uninitialized", "geos::operation::overlay::overlayop::~overlay", "geomgraph::planar", "operation::overlay", "operation::overlay::overlayop", "geos::geomgraph::planargraph::~planargraph", "operation::overlay::overlayop::overlayop", "of", "overlayop", "overlay::overlayop::overlay", "geos_honggfuzz_msan", "overlay", "geos::operation::overlay::overlayop::~overlayop", "operation", "planargraph::~planar", "overlayop::~overlayop", "geomgraph", "overlay::overlay", "op::overlayop", "geos::geomgraph::planar", "planargraph", "overlay::overlayop::~overlayop", "geos::operation::overlay", "geos::operation::overlay::overlayop::overlayop", "geos::geomgraph::planargraph::~planar", "geo2", "geos_honggfuzz", "op::~overlayop", "operation::overlay::overlay", "op::overlay", "geos::operation::overlay::overlayop", "honggfuzz_msan", "use-of-uninitialized-value", "fuzz", "use-of", "op::~overlay", "uninitialized", "geomgraph::planargraph", "planar", "overlay::overlayop", "honggfuzz", "msan", "honggfuzz_fuzz_geo2", "operation::overlay::overlayop::~overlay", "geos::geomgraph", "planargraph::~planargraph", "overlayop::overlay", "operation::overlay::overlayop::overlay", "overlay::overlayop::overlayop", "geos::operation::overlay::overlay", "fuzz_geo2", "operation::overlay::overlayop::~overlayop", "geos::operation::overlay::overlayop::overlay", "of-uninitialized", "value", "geos::operation", "of-uninitialized-value", "geos::geomgraph::planargraph", "geos", "graph::~planargraph", "overlay::overlayop::~overlay"], "last_tested_crash_stacktrace": "[Environment] MSAN_OPTIONS=allocator_release_to_os_interval_ms=500:halt_on_error=1:handle_abort=2:handle_segv=2:handle_sigbus=2:handle_sigfpe=2:handle_sigill=2:print_stats=1:print_summary=1:symbolize=0:use_sigaltstack=1\n+----------------------------------------Release Build Stacktrace----------------------------------------+\nCommand: /clusterfuzz/run_bot/clusterfuzz/bot/builds/geos_honggfuzz_msan/custom/fuzz_geo2\nTime ran: 0.013750076293945312\n\nAccepting input from '[STDIN]'\nUsage for fuzzing: honggfuzz -P [flags] -- /clusterfuzz/run_bot/clusterfuzz/bot/builds/geos_honggfuzz_msan/custom/fuzz_geo2\n==10092==WARNING: MemorySanitizer: use-of-uninitialized-value\n    #0 0x686227 in geos::geomgraph::PlanarGraph::~PlanarGraph() /src/geos/src/geomgraph/PlanarGraph.cpp:88:9\n    #1 0x894d28 in geos::operation::overlay::OverlayOp::~OverlayOp() /src/geos/src/operation/overlay/OverlayOp.cpp:184:1\n    #2 0x892b60 in geos::operation::overlay::OverlayOp::overlayOp(geos::geom::Geometry const*, geos::geom::Geometry const*, geos::operation::overlay::OverlayOp::OpCode) /src/geos/src/operation/overlay/OverlayOp.cpp:94:1\n    #3 0x5e4244 in geos::geom::HeuristicOverlay(geos::geom::Geometry const*, geos::geom::Geometry const*, int) /src/geos/src/geom/HeuristicOverlay.cpp:446:19\n    #4 0x5b5dc4 in geos::geom::Geometry::Union(geos::geom::Geometry const*) const /src/geos/src/geom/Geometry.cpp:593:12\n    #5 0x4d4407 in operator() /src/geos/capi/geos_ts_c.cpp:1361:27\n    #6 0x4d4407 in execute<(lambda at /src/geos/capi/geos_ts_c.cpp:1360:35), nullptr> /src/geos/capi/geos_ts_c.cpp:408:16\n    #7 0x4d4407 in GEOSUnion_r /src/geos/capi/geos_ts_c.cpp:1360:16\n    #8 0x4a971c in GEOSUnion /src/geos/capi/geos_c.cpp:540:16\n    #9 0x4a6175 in LLVMFuzzerTestOneInput /src/geos/tests/fuzz/fuzz_geo2.c:57:18\n    #10 0x55dfdb in main\n    #11 0x7f6c419170b2 in __libc_start_main\n    #12 0x42146d in _start\n\n  Uninitialized value was created by a heap deallocation\n    #0 0x4a4d29 in operator delete(void*) /src/llvm-project/compiler-rt/lib/msan/msan_new_delete.cpp:74:44\n    #1 0xaf0467 in operator() /usr/local/include/c++/v1/__memory/unique_ptr.h:54:5\n    #2 0xaf0467 in reset /usr/local/include/c++/v1/__memory/unique_ptr.h:315:7\n    #3 0xaf0467 in std::__1::unique_ptr<geos::geomgraph::EdgeEnd, std::__1::default_delete<geos::geomgraph::EdgeEnd> >::~unique_ptr() /usr/local/include/c++/v1/__memory/unique_ptr.h:269:19\n    #4 0xaf033f in geos::geomgraph::Node::add(geos::geomgraph::EdgeEnd*) /src/geos/src/geomgraph/Node.cpp:163:1\n    #5 0x6873d3 in geos::geomgraph::PlanarGraph::add(geos::geomgraph::EdgeEnd*) /src/geos/src/geomgraph/PlanarGraph.cpp:147:12\n    #6 0x68873f in geos::geomgraph::PlanarGraph::addEdges(std::__1::vector<geos::geomgraph::Edge*, std::__1::allocator<geos::geomgraph::Edge*> > const&) /src/geos/src/geomgraph/PlanarGraph.cpp:225:9\n    #7 0x896467 in geos::operation::overlay::OverlayOp::computeOverlay(geos::operation::overlay::OverlayOp::OpCode) /src/geos/src/operation/overlay/OverlayOp.cpp:837:11\n    #8 0x892ab6 in getResultGeometry /src/geos/src/operation/overlay/OverlayOp.cpp:191:5\n    #9 0x892ab6 in geos::operation::overlay::OverlayOp::overlayOp(geos::geom::Geometry const*, geos::geom::Geometry const*, geos::operation::overlay::OverlayOp::OpCode) /src/geos/src/operation/overlay/OverlayOp.cpp:93:16\n    #10 0x5e4244 in geos::geom::HeuristicOverlay(geos::geom::Geometry const*, geos::geom::Geometry const*, int) /src/geos/src/geom/HeuristicOverlay.cpp:446:19\n    #11 0x5b5dc4 in geos::geom::Geometry::Union(geos::geom::Geometry const*) const /src/geos/src/geom/Geometry.cpp:593:12\n    #12 0x4d4407 in operator() /src/geos/capi/geos_ts_c.cpp:1361:27\n    #13 0x4d4407 in execute<(lambda at /src/geos/capi/geos_ts_c.cpp:1360:35), nullptr> /src/geos/capi/geos_ts_c.cpp:408:16\n    #14 0x4d4407 in GEOSUnion_r /src/geos/capi/geos_ts_c.cpp:1360:16\n    #15 0x4a971c in GEOSUnion /src/geos/capi/geos_c.cpp:540:16\n    #16 0x4a6175 in LLVMFuzzerTestOneInput /src/geos/tests/fuzz/fuzz_geo2.c:57:18\n    #17 0x55dfdb in main\n\nSUMMARY: MemorySanitizer: use-of-uninitialized-value (/clusterfuzz/run_bot/clusterfuzz/bot/builds/geos_honggfuzz_msan/custom/fuzz_geo2+0x686227)\nUnique heap origins: 445\nStack depot allocated bytes: 1900544\nUnique origin histories: 8\nHistory depot allocated bytes: 196608\nExiting\n\n\n+----------------------------------------Release Build Unsymbolized Stacktrace (diff)----------------------------------------+\n\nUsage for fuzzing: honggfuzz -P [flags] -- /clusterfuzz/run_bot/clusterfuzz/bot/builds/geos_honggfuzz_msan/custom/fuzz_geo2\n==10092==WARNING: MemorySanitizer: use-of-uninitialized-value\n    #0 0x686227  (/clusterfuzz/run_bot/clusterfuzz/bot/builds/geos_honggfuzz_msan/custom/fuzz_geo2+0x686227)\n    #1 0x894d28  (/clusterfuzz/run_bot/clusterfuzz/bot/builds/geos_honggfuzz_msan/custom/fuzz_geo2+0x894d28)\n    #2 0x892b60  (/clusterfuzz/run_bot/clusterfuzz/bot/builds/geos_honggfuzz_msan/custom/fuzz_geo2+0x892b60)\n    #3 0x5e4244  (/clusterfuzz/run_bot/clusterfuzz/bot/builds/geos_honggfuzz_msan/custom/fuzz_geo2+0x5e4244)\n    #4 0x5b5dc4  (/clusterfuzz/run_bot/clusterfuzz/bot/builds/geos_honggfuzz_msan/custom/fuzz_geo2+0x5b5dc4)\n    #5 0x4d4407  (/clusterfuzz/run_bot/clusterfuzz/bot/builds/geos_honggfuzz_msan/custom/fuzz_geo2+0x4d4407)\n    #6 0x4a971c  (/clusterfuzz/run_bot/clusterfuzz/bot/builds/geos_honggfuzz_msan/custom/fuzz_geo2+0x4a971c)\n    #7 0x4a6175  (/clusterfuzz/run_bot/clusterfuzz/bot/builds/geos_honggfuzz_msan/custom/fuzz_geo2+0x4a6175)\n    #8 0x55dfdb  (/clusterfuzz/run_bot/clusterfuzz/bot/builds/geos_honggfuzz_msan/custom/fuzz_geo2+0x55dfdb)\n    #9 0x7f6c419170b2  (/lib/x86_64-linux-gnu/libc.so.6+0x270b2)\n    #10 0x42146d  (/clusterfuzz/run_bot/clusterfuzz/bot/builds/geos_honggfuzz_msan/custom/fuzz_geo2+0x42146d)\n\n  Uninitialized value was created by a heap deallocation\n    #0 0x4a4d29  (/clusterfuzz/run_bot/clusterfuzz/bot/builds/geos_honggfuzz_msan/custom/fuzz_geo2+0x4a4d29)\n    #1 0xaf0467  (/clusterfuzz/run_bot/clusterfuzz/bot/builds/geos_honggfuzz_msan/custom/fuzz_geo2+0xaf0467)\n    #2 0xaf033f  (/clusterfuzz/run_bot/clusterfuzz/bot/builds/geos_honggfuzz_msan/custom/fuzz_geo2+0xaf033f)\n    #3 0x6873d3  (/clusterfuzz/run_bot/clusterfuzz/bot/builds/geos_honggfuzz_msan/custom/fuzz_geo2+0x6873d3)\n    #4 0x68873f  (/clusterfuzz/run_bot/clusterfuzz/bot/builds/geos_honggfuzz_msan/custom/fuzz_geo2+0x68873f)\n    #5 0x896467  (/clusterfuzz/run_bot/clusterfuzz/bot/builds/geos_honggfuzz_msan/custom/fuzz_geo2+0x896467)\n    #6 0x892ab6  (/clusterfuzz/run_bot/clusterfuzz/bot/builds/geos_honggfuzz_msan/custom/fuzz_geo2+0x892ab6)\n    #7 0x5e4244  (/clusterfuzz/run_bot/clusterfuzz/bot/builds/geos_honggfuzz_msan/custom/fuzz_geo2+0x5e4244)\n    #8 0x5b5dc4  (/clusterfuzz/run_bot/clusterfuzz/bot/builds/geos_honggfuzz_msan/custom/fuzz_geo2+0x5b5dc4)\n    #9 0x4d4407  (/clusterfuzz/run_bot/clusterfuzz/bot/builds/geos_honggfuzz_msan/custom/fuzz_geo2+0x4d4407)\n    #10 0x4a971c  (/clusterfuzz/run_bot/clusterfuzz/bot/builds/geos_honggfuzz_msan/custom/fuzz_geo2+0x4a971c)\n    #11 0x4a6175  (/clusterfuzz/run_bot/clusterfuzz/bot/builds/geos_honggfuzz_msan/custom/fuzz_geo2+0x4a6175)\n    #12 0x55dfdb  (/clusterfuzz/run_bot/clusterfuzz/bot/builds/geos_honggfuzz_msan/custom/fuzz_geo2+0x55dfdb)\n", "minidump_keys": "", "minimized_arguments": "", "minimized_keys": "5b3f19af-c7c8-408d-88d6-c90deea646ba", "one_time_crasher_flag": false, "open": true, "overridden_fuzzer_name": "honggfuzz_fuzz_geo2", "platform": "linux", "platform_id": "linux", "project_name": "test-project", "queue": "jobs-linux", "redzone": 16, "regression": "NA", "security_flag": true, "security_severity": 2, "status": "Processed", "symbolized": false, "timeout_multiplier": 1.0, "timestamp": 1638101949, "triaged": false, "uploader_email": null, "window_argument": "", "id": 4151}, "timestamp": 1638101949.679608, "show_blame": false, "show_impact": false, "impacts_production": false, "find_similar_issues_options": [{"type": "open", "label": "Open"}, {"type": "all", "label": "All"}], "auto_delete_timestamp": null, "auto_close_timestamp": null, "memory_tool_display_label": "Sanitizer", "memory_tool_display_value": "memory (MSAN)", "last_tested": "1:1 (No component revisions found!)", "is_admin_or_not_oss_fuzz": true, "has_issue_tracker": false, "reproduction_help_url": "", "is_local_development": true, "fuzzer_display": {"engine": "honggfuzz", "target": "fuzz_geo2", "name": "honggfuzz", "fully_qualified_name": "honggfuzz_fuzz_geo2"}}