{"id": 42012, "crash_type": "Bus on unknown address", "crash_address": "", "crash_state": "syslog\nparse_identityinfo\nparse_identityinfo_header\n", "crash_state_lines": ["syslog", "parse_identityinfo", "parse_identityinfo_header"], "crash_revision": 2, "csrf_token": "D6S+cXG/eQvjQp1jhkN2Yfq5FoCaAiuUjD0oLthouNSAPb8xaAgWvNikB3AHnFnrgfWQIz/OKB4owWUbxHHo3A==", "external_user": false, "footer": "[2021-11-30 02:11:58 UTC] comput19-20211129-15:14: Fuzz task : Fuzzer honggfuzz_fuzz_parse_msg generated testcase crashed in 30 seconds (r2).\n", "formatted_reproduction_help": "", "fixed": "NA", "fixed_full": null, "issue_url": null, "is_admin": true, "metadata": {"build_key": "4a09c290-e296-4b1c-98a7-cef4605d8cb9", "fuzzer_binary_name": "fuzz_parse_msg"}, "minimized_testcase_size": null, "needs_refresh": false, "original_testcase_size": "8 KB", "privileged_user": true, "regression": "NA", "crash_stacktrace": {"lines": [{"lineNumber": 1, "content": "[Environment] MSAN_OPTIONS=allocator_release_to_os_interval_ms=500:halt_on_error=1:handle_abort=2:handle_segv=2:handle_sigbus=2:handle_sigfpe=2:handle_sigill=2:print_stats=1:print_summary=1:symbolize=0:use_sigaltstack=1", "important": false, "type": "Line"}, {"lineNumber": 2, "content": "+----------------------------------------Release Build Stacktrace----------------------------------------+", "important": false, "type": "Line"}, {"lineNumber": 3, "content": "==162394==ERROR: MemorySanitizer: BUS on unknown address (pc 0x7ffff7da19c3 bp 0x7fffffffc350 sp 0x7fffffffbdd8 T162394)", "important": false, "type": "Line"}, {"lineNumber": 4, "content": "==162394==The signal is caused by a READ memory access.", "important": false, "type": "Line"}, {"lineNumber": 5, "content": "==162394==Hint: this fault was caused by a dereference of a high value address (see register values below).  Disassemble the provided pc to learn which register was used.", "important": false, "type": "Line"}, {"lineNumber": 6, "content": "    #0 0x7ffff7da19c3 in libc.so.6", "important": false, "type": "Line"}, {"lineNumber": 7, "content": "    #1 0x7ffff7c90209 in libc.so.6", "important": false, "type": "Line"}, {"lineNumber": 8, "content": "    #2 0x7ffff7d30f32 in libc.so.6", "important": false, "type": "Line"}, {"lineNumber": 9, "content": "    #3 0x7ffff7d313e9 in syslog", "important": true, "type": "Line"}, {"lineNumber": 10, "content": "    #4 0x659667 in parse_identityinfo /src/kamailio/src/core/parser/parse_identityinfo.c:315:3", "important": true, "type": "Line"}, {"lineNumber": 11, "content": "    #5 0x65bb4d in parse_identityinfo_header /src/kamailio/src/core/parser/parse_identityinfo.c:346:2", "important": true, "type": "Line"}, {"lineNumber": 12, "content": "    #6 0x4d9439 in LLVMFuzzerTestOneInput /src/kamailio/misc/fuzz/fuzz_parse_msg.c:53:5", "important": false, "type": "Line"}, {"lineNumber": 13, "content": "    #7 0x4a0e1e in main", "important": false, "type": "Line"}, {"lineNumber": 14, "content": "    #8 0x7ffff7c3d0b2 in __libc_start_main", "important": false, "type": "Line"}, {"lineNumber": 15, "content": "    #9 0x41e75d in _start", "important": false, "type": "Line"}, {"lineNumber": 16, "content": "", "important": false, "type": "Line"}, {"lineNumber": 17, "content": "MemorySanitizer can not provide additional info.", "important": false, "type": "Line"}, {"lineNumber": 18, "content": "SUMMARY: MemorySanitizer: BUS (/lib/x86_64-linux-gnu/libc.so.6+0x18b9c3)", "important": false, "type": "Line"}, {"lineNumber": 19, "content": "==162394==ABORTING", "important": false, "type": "Line"}, {"lineNumber": 20, "content": "", "important": false, "type": "Line"}, {"lineNumber": 21, "content": "", "important": false, "type": "Line"}, {"lineNumber": 22, "content": "+----------------------------------------Release Build Unsymbolized Stacktrace (diff)----------------------------------------+", "important": false, "type": "Line"}, {"lineNumber": 23, "content": "", "important": false, "type": "Line"}, {"lineNumber": 24, "content": "==162394==The signal is caused by a READ memory access.", "important": false, "type": "Line"}, {"lineNumber": 25, "content": "==162394==Hint: this fault was caused by a dereference of a high value address (see register values below).  Disassemble the provided pc to learn which register was used.", "important": false, "type": "Line"}, {"lineNumber": 26, "content": "    #0 0x7ffff7da19c3  (/lib/x86_64-linux-gnu/libc.so.6+0x18b9c3)", "important": false, "type": "Line"}, {"lineNumber": 27, "content": "    #1 0x7ffff7c90209  (/lib/x86_64-linux-gnu/libc.so.6+0x7a209)", "important": false, "type": "Line"}, {"lineNumber": 28, "content": "    #2 0x7ffff7d30f32  (/lib/x86_64-linux-gnu/libc.so.6+0x11af32)", "important": false, "type": "Line"}, {"lineNumber": 29, "content": "    #3 0x7ffff7d313e9  (/lib/x86_64-linux-gnu/libc.so.6+0x11b3e9)", "important": false, "type": "Line"}, {"lineNumber": 30, "content": "    #4 0x659667  (/clusterfuzz/run_bot/clusterfuzz/bot/builds/kamailio_honggfuzz_msan/custom/fuzz_parse_msg+0x659667)", "important": false, "type": "Line"}, {"lineNumber": 31, "content": "    #5 0x65bb4d  (/clusterfuzz/run_bot/clusterfuzz/bot/builds/kamailio_honggfuzz_msan/custom/fuzz_parse_msg+0x65bb4d)", "important": false, "type": "Line"}, {"lineNumber": 32, "content": "    #6 0x4d9439  (/clusterfuzz/run_bot/clusterfuzz/bot/builds/kamailio_honggfuzz_msan/custom/fuzz_parse_msg+0x4d9439)", "important": false, "type": "Line"}, {"lineNumber": 33, "content": "    #7 0x4a0e1e  (/clusterfuzz/run_bot/clusterfuzz/bot/builds/kamailio_honggfuzz_msan/custom/fuzz_parse_msg+0x4a0e1e)", "important": false, "type": "Line"}, {"lineNumber": 34, "content": "    #8 0x7ffff7c3d0b2  (/lib/x86_64-linux-gnu/libc.so.6+0x270b2)", "important": false, "type": "Line"}, {"lineNumber": 35, "content": "    #9 0x41e75d  (/clusterfuzz/run_bot/clusterfuzz/bot/builds/kamailio_honggfuzz_msan/custom/fuzz_parse_msg+0x41e75d)", "important": false, "type": "Line"}], "revision": "2"}, "last_tested_crash_stacktrace": {"lines": [], "revision": null}, "security_severity": null, "security_severities": [{"value": 0, "name": "Critical"}, {"value": 1, "name": "High", "default": true}, {"value": 2, "name": "Medium"}, {"value": 3, "name": "Low"}, {"value": 4, "name": "Missing"}], "stats": {"min_hour": 1, "max_hour": 1}, "suspected_cls": null, "testcase": {"absolute_path": "/clusterfuzz/run_bot/clusterfuzz/bot/inputs/fuzzer-testcases/SIGABRT.PC.7ffff7c5c18b.STACK.17ca0e2b37.CODE.-6.ADDR.0.INSTR.[UNKNOWN].fuzz", "additional_metadata": "{\"build_key\": \"4a09c290-e296-4b1c-98a7-cef4605d8cb9\", \"fuzzer_binary_name\": \"fuzz_parse_msg\"}", "archive_filename": null, "archive_state": 0, "binary_flag": true, "bug_indices": [], "bug_information": "", "comments": "[2021-11-30 02:11:58 UTC] comput19-20211129-15:14: Fuzz task : Fuzzer honggfuzz_fuzz_parse_msg generated testcase crashed in 30 seconds (r2).\n", "crash_address": "", "crash_revision": 2, "crash_stacktrace": "[Environment] MSAN_OPTIONS=allocator_release_to_os_interval_ms=500:halt_on_error=1:handle_abort=2:handle_segv=2:handle_sigbus=2:handle_sigfpe=2:handle_sigill=2:print_stats=1:print_summary=1:symbolize=0:use_sigaltstack=1\n+----------------------------------------Release Build Stacktrace----------------------------------------+\n==162394==ERROR: MemorySanitizer: BUS on unknown address (pc 0x7ffff7da19c3 bp 0x7fffffffc350 sp 0x7fffffffbdd8 T162394)\n==162394==The signal is caused by a READ memory access.\n==162394==Hint: this fault was caused by a dereference of a high value address (see register values below).  Disassemble the provided pc to learn which register was used.\n    #0 0x7ffff7da19c3 in libc.so.6\n    #1 0x7ffff7c90209 in libc.so.6\n    #2 0x7ffff7d30f32 in libc.so.6\n    #3 0x7ffff7d313e9 in syslog\n    #4 0x659667 in parse_identityinfo /src/kamailio/src/core/parser/parse_identityinfo.c:315:3\n    #5 0x65bb4d in parse_identityinfo_header /src/kamailio/src/core/parser/parse_identityinfo.c:346:2\n    #6 0x4d9439 in LLVMFuzzerTestOneInput /src/kamailio/misc/fuzz/fuzz_parse_msg.c:53:5\n    #7 0x4a0e1e in main\n    #8 0x7ffff7c3d0b2 in __libc_start_main\n    #9 0x41e75d in _start\n\nMemorySanitizer can not provide additional info.\nSUMMARY: MemorySanitizer: BUS (/lib/x86_64-linux-gnu/libc.so.6+0x18b9c3)\n==162394==ABORTING\n\n\n+----------------------------------------Release Build Unsymbolized Stacktrace (diff)----------------------------------------+\n\n==162394==The signal is caused by a READ memory access.\n==162394==Hint: this fault was caused by a dereference of a high value address (see register values below).  Disassemble the provided pc to learn which register was used.\n    #0 0x7ffff7da19c3  (/lib/x86_64-linux-gnu/libc.so.6+0x18b9c3)\n    #1 0x7ffff7c90209  (/lib/x86_64-linux-gnu/libc.so.6+0x7a209)\n    #2 0x7ffff7d30f32  (/lib/x86_64-linux-gnu/libc.so.6+0x11af32)\n    #3 0x7ffff7d313e9  (/lib/x86_64-linux-gnu/libc.so.6+0x11b3e9)\n    #4 0x659667  (/clusterfuzz/run_bot/clusterfuzz/bot/builds/kamailio_honggfuzz_msan/custom/fuzz_parse_msg+0x659667)\n    #5 0x65bb4d  (/clusterfuzz/run_bot/clusterfuzz/bot/builds/kamailio_honggfuzz_msan/custom/fuzz_parse_msg+0x65bb4d)\n    #6 0x4d9439  (/clusterfuzz/run_bot/clusterfuzz/bot/builds/kamailio_honggfuzz_msan/custom/fuzz_parse_msg+0x4d9439)\n    #7 0x4a0e1e  (/clusterfuzz/run_bot/clusterfuzz/bot/builds/kamailio_honggfuzz_msan/custom/fuzz_parse_msg+0x4a0e1e)\n    #8 0x7ffff7c3d0b2  (/lib/x86_64-linux-gnu/libc.so.6+0x270b2)\n    #9 0x41e75d  (/clusterfuzz/run_bot/clusterfuzz/bot/builds/kamailio_honggfuzz_msan/custom/fuzz_parse_msg+0x41e75d)\n", "crash_state": "syslog\nparse_identityinfo\nparse_identityinfo_header\n", "crash_type": "Bus on unknown address", "disable_ubsan": false, "duplicate_of": null, "fixed": "NA", "flaky_stack": false, "fuzzed_keys": "23d402aa-5abe-40f3-a4ea-3fe7e5db7273", "fuzzer_name": "honggfuzz", "fuzzer_name_indices": ["honggfuzz", "honggfuzz_fuzz_parse_msg"], "gestures": [], "group_bug_information": 0, "group_id": 0, "has_bug_flag": false, "http_flag": false, "impact_beta_version": null, "impact_beta_version_indices": [], "impact_beta_version_likely": null, "impact_extended_stable_version": null, "impact_extended_stable_version_indices": [], "impact_extended_stable_version_likely": null, "impact_head_version": null, "impact_head_version_indices": [], "impact_head_version_likely": null, "impact_indices": [], "impact_stable_version": null, "impact_stable_version_indices": [], "impact_stable_version_likely": null, "impact_version_indices": [], "is_a_duplicate_flag": false, "is_impact_set_flag": null, "is_leader": true, "job_type": "kamailio_honggfuzz_msan", "keywords": ["unknown address", "parse_identityinfo", "linux", "parse_msg", "kamailio_honggfuzz", "syslog", "honggfuzz_fuzz_parse", "honggfuzz_msan", "honggfuzz_fuzz", "msg", "kamailio_honggfuzz_msan", "parse_identityinfo_header", "on unknown address", "fuzz_parse", "kamailio", "bus on", "honggfuzz", "unknown", "address", "fuzz", "bus on unknown", "identityinfo_header", "parse", "header", "on", "bus", "identityinfo", "on unknown", "msan", "fuzz_parse_msg", "honggfuzz_fuzz_parse_msg", "bus on unknown address"], "last_tested_crash_stacktrace": null, "minidump_keys": "", "minimized_arguments": "", "minimized_keys": "NA", "one_time_crasher_flag": true, "open": true, "overridden_fuzzer_name": "honggfuzz_fuzz_parse_msg", "platform": "linux", "platform_id": "linux", "project_name": "test-project", "queue": "jobs-linux", "redzone": 128, "regression": "NA", "security_flag": false, "security_severity": null, "status": "Processed", "symbolized": false, "timeout_multiplier": 1.0, "timestamp": 1638238318, "triaged": false, "uploader_email": null, "window_argument": "", "id": 42012}, "timestamp": 1638238318.159908, "show_blame": false, "show_impact": false, "impacts_production": false, "find_similar_issues_options": [{"type": "open", "label": "Open"}, {"type": "all", "label": "All"}], "auto_delete_timestamp": 1638843118.159908, "auto_close_timestamp": null, "memory_tool_display_label": "Sanitizer", "memory_tool_display_value": "memory (MSAN)", "last_tested": "2:2 (No component revisions found!)", "is_admin_or_not_oss_fuzz": true, "has_issue_tracker": false, "reproduction_help_url": "", "is_local_development": true, "fuzzer_display": {"engine": "honggfuzz", "target": "fuzz_parse_msg", "name": "honggfuzz", "fully_qualified_name": "honggfuzz_fuzz_parse_msg"}}