{"id": 424, "crash_type": "Use-of-uninitialized-value", "crash_address": "", "crash_state": "do_compress\n_lzo1c_do_compress\nlzo1c_9_compress\n", "crash_state_lines": ["do_compress", "_lzo1c_do_compress", "lzo1c_9_compress"], "crash_revision": 1, "csrf_token": "D6S+cXG/eQvjQp1jhkN2Yfq5FoCaAiuUjD0oLthouNSAPb8xaAgWvNikB3AHnFnrgfWQIz/OKB4owWUbxHHo3A==", "external_user": false, "footer": "[2021-11-28 10:24:52 UTC] comput12-20211128-14:50: Fuzz task : Fuzzer libFuzzer_all_lzo_compress generated testcase crashed in 0 seconds (r1).\n[2021-11-28 10:31:39 UTC] comput5-20211128-14:49: Minimize task started.\n[2021-11-28 10:57:54 UTC] comput5-20211128-14:49: Minimize task finished.\n[2021-11-30 00:10:44 UTC] comput5-20211129-15:14: Progression task started.\n[2021-11-30 00:12:03 UTC] comput5-20211129-15:14: Progression task finished: still crashes on latest custom build.\n", "formatted_reproduction_help": "", "fixed": "NO", "fixed_full": null, "issue_url": null, "is_admin": true, "metadata": {"build_key": "45be2c03-d37f-4719-807f-278474d8382f", "env": {"MSAN_OPTIONS": {}}, "fuzzer_binary_name": "all_lzo_compress", "fuzzing_strategies": {"corpus_subset": 100}, "last_tested_crash_revision": null, "last_tested_crash_time": 1638231123, "last_tested_revision": null}, "minimized_testcase_size": "13 B", "needs_refresh": false, "original_testcase_size": "16 B", "privileged_user": true, "regression": "NA", "crash_stacktrace": {"lines": [{"lineNumber": 1, "content": "[Environment] MSAN_OPTIONS=exitcode=77", "important": false, "type": "Line"}, {"lineNumber": 2, "content": "+----------------------------------------Release Build Stacktrace----------------------------------------+", "important": false, "type": "Line"}, {"lineNumber": 3, "content": "Command: /clusterfuzz/run_bot/clusterfuzz/bot/builds/lzo_libfuzzer_msan/custom/all_lzo_compress -rss_limit_mb=2560 -timeout=60 -runs=100 /clusterfuzz/run_bot/clusterfuzz/bot/inputs/fuzzer-testcases/b99025d320b3139eca2045c79e5318331bb36a2b45736ce41a52ecf1185df66f", "important": false, "type": "Line"}, {"lineNumber": 4, "content": "Time ran: 0.16532087326049805", "important": false, "type": "Line"}, {"lineNumber": 5, "content": "", "important": false, "type": "Line"}, {"lineNumber": 6, "content": "INFO: Running with entropic power schedule (0xFF, 100).", "important": false, "type": "Line"}, {"lineNumber": 7, "content": "INFO: Seed: 841977732", "important": false, "type": "Line"}, {"lineNumber": 8, "content": "INFO: Loaded 1 modules   (3445 inline 8-bit counters): 3445 [0x6b15c8, 0x6b233d),", "important": false, "type": "Line"}, {"lineNumber": 9, "content": "INFO: Loaded 1 PC tables (3445 PCs): 3445 [0x657a78,0x6651c8),", "important": false, "type": "Line"}, {"lineNumber": 10, "content": "/clusterfuzz/run_bot/clusterfuzz/bot/builds/lzo_libfuzzer_msan/custom/all_lzo_compress: Running 1 inputs 100 time(s) each.", "important": false, "type": "Line"}, {"lineNumber": 11, "content": "Running: /clusterfuzz/run_bot/clusterfuzz/bot/inputs/fuzzer-testcases/b99025d320b3139eca2045c79e5318331bb36a2b45736ce41a52ecf1185df66f", "important": false, "type": "Line"}, {"lineNumber": 12, "content": "==4579==WARNING: MemorySanitizer: use-of-uninitialized-value", "important": false, "type": "Line"}, {"lineNumber": 13, "content": "    #0 0x5648a2 in do_compress /src/lzo-2.10/src/lzo1b_sm.ch:92:21", "important": true, "type": "Line"}, {"lineNumber": 14, "content": "    #1 0x56e269 in _lzo1c_do_compress /src/lzo-2.10/src/lzo1c_cc.c:72:13", "important": true, "type": "Line"}, {"lineNumber": 15, "content": "    #2 0x564b68 in lzo1c_9_compress /src/lzo-2.10/src/compr1c.h:64:12", "important": true, "type": "Line"}, {"lineNumber": 16, "content": "    #3 0x52a115 in FuzzLzoAlgorithm /src/all_lzo_compress.cc:206:7", "important": false, "type": "Line"}, {"lineNumber": 17, "content": "    #4 0x52a115 in LLVMFuzzerTestOneInput /src/all_lzo_compress.cc:253:3", "important": false, "type": "Line"}, {"lineNumber": 18, "content": "    #5 0x4571f3 in fuzzer::Fuzzer::ExecuteCallback(unsigned char const*, unsigned long) cxa_noexception.cpp:0", "important": false, "type": "Line"}, {"lineNumber": 19, "content": "    #6 0x442b02 in fuzzer::RunOneTest(fuzzer::Fuzzer*, char const*, unsigned long) /src/llvm-project/compiler-rt/lib/fuzzer/FuzzerDriver.cpp:324:6", "important": false, "type": "Line"}, {"lineNumber": 20, "content": "    #7 0x4485ca in fuzzer::FuzzerDriver(int*, char***, int (*)(unsigned char const*, unsigned long)) cxa_noexception.cpp:0", "important": false, "type": "Line"}, {"lineNumber": 21, "content": "    #8 0x4714f2 in main /src/llvm-project/compiler-rt/lib/fuzzer/FuzzerMain.cpp:20:10", "important": false, "type": "Line"}, {"lineNumber": 22, "content": "    #9 0x7f79679310b2 in __libc_start_main", "important": false, "type": "Line"}, {"lineNumber": 23, "content": "    #10 0x41fd8d in _start", "important": false, "type": "Line"}, {"lineNumber": 24, "content": "", "important": false, "type": "Line"}, {"lineNumber": 25, "content": "  Uninitialized value was created by a heap allocation", "important": false, "type": "Line"}, {"lineNumber": 26, "content": "    #0 0x5284a9 in operator new[](unsigned long) /src/llvm-project/compiler-rt/lib/msan/msan_new_delete.cpp:47:37", "important": false, "type": "Line"}, {"lineNumber": 27, "content": "    #1 0x529e20 in FuzzLzoAlgorithm /src/all_lzo_compress.cc:201:7", "important": false, "type": "Line"}, {"lineNumber": 28, "content": "    #2 0x529e20 in LLVMFuzzerTestOneInput /src/all_lzo_compress.cc:253:3", "important": false, "type": "Line"}, {"lineNumber": 29, "content": "    #3 0x4571f3 in fuzzer::Fuzzer::ExecuteCallback(unsigned char const*, unsigned long) cxa_noexception.cpp:0", "important": false, "type": "Line"}, {"lineNumber": 30, "content": "    #4 0x442b02 in fuzzer::RunOneTest(fuzzer::Fuzzer*, char const*, unsigned long) /src/llvm-project/compiler-rt/lib/fuzzer/FuzzerDriver.cpp:324:6", "important": false, "type": "Line"}, {"lineNumber": 31, "content": "    #5 0x4485ca in fuzzer::FuzzerDriver(int*, char***, int (*)(unsigned char const*, unsigned long)) cxa_noexception.cpp:0", "important": false, "type": "Line"}, {"lineNumber": 32, "content": "    #6 0x4714f2 in main /src/llvm-project/compiler-rt/lib/fuzzer/FuzzerMain.cpp:20:10", "important": false, "type": "Line"}, {"lineNumber": 33, "content": "    #7 0x7f79679310b2 in __libc_start_main", "important": false, "type": "Line"}, {"lineNumber": 34, "content": "", "important": false, "type": "Line"}, {"lineNumber": 35, "content": "SUMMARY: MemorySanitizer: use-of-uninitialized-value (/clusterfuzz/run_bot/clusterfuzz/bot/builds/lzo_libfuzzer_msan/custom/all_lzo_compress+0x5648a2)", "important": false, "type": "Line"}, {"lineNumber": 36, "content": "Exiting", "important": false, "type": "Line"}, {"lineNumber": 37, "content": "", "important": false, "type": "Line"}, {"lineNumber": 38, "content": "", "important": false, "type": "Line"}, {"lineNumber": 39, "content": "+----------------------------------------Release Build Unsymbolized Stacktrace (diff)----------------------------------------+", "important": false, "type": "Line"}, {"lineNumber": 40, "content": "", "important": false, "type": "Line"}, {"lineNumber": 41, "content": "Running: /clusterfuzz/run_bot/clusterfuzz/bot/inputs/fuzzer-testcases/b99025d320b3139eca2045c79e5318331bb36a2b45736ce41a52ecf1185df66f", "important": false, "type": "Line"}, {"lineNumber": 42, "content": "==4579==WARNING: MemorySanitizer: use-of-uninitialized-value", "important": false, "type": "Line"}, {"lineNumber": 43, "content": "    #0 0x5648a2  (/clusterfuzz/run_bot/clusterfuzz/bot/builds/lzo_libfuzzer_msan/custom/all_lzo_compress+0x5648a2)", "important": false, "type": "Line"}, {"lineNumber": 44, "content": "    #1 0x56e269  (/clusterfuzz/run_bot/clusterfuzz/bot/builds/lzo_libfuzzer_msan/custom/all_lzo_compress+0x56e269)", "important": false, "type": "Line"}, {"lineNumber": 45, "content": "    #2 0x564b68  (/clusterfuzz/run_bot/clusterfuzz/bot/builds/lzo_libfuzzer_msan/custom/all_lzo_compress+0x564b68)", "important": false, "type": "Line"}, {"lineNumber": 46, "content": "    #3 0x52a115  (/clusterfuzz/run_bot/clusterfuzz/bot/builds/lzo_libfuzzer_msan/custom/all_lzo_compress+0x52a115)", "important": false, "type": "Line"}, {"lineNumber": 47, "content": "    #4 0x4571f3  (/clusterfuzz/run_bot/clusterfuzz/bot/builds/lzo_libfuzzer_msan/custom/all_lzo_compress+0x4571f3)", "important": false, "type": "Line"}, {"lineNumber": 48, "content": "    #5 0x442b02  (/clusterfuzz/run_bot/clusterfuzz/bot/builds/lzo_libfuzzer_msan/custom/all_lzo_compress+0x442b02)", "important": false, "type": "Line"}, {"lineNumber": 49, "content": "    #6 0x4485ca  (/clusterfuzz/run_bot/clusterfuzz/bot/builds/lzo_libfuzzer_msan/custom/all_lzo_compress+0x4485ca)", "important": false, "type": "Line"}, {"lineNumber": 50, "content": "    #7 0x4714f2  (/clusterfuzz/run_bot/clusterfuzz/bot/builds/lzo_libfuzzer_msan/custom/all_lzo_compress+0x4714f2)", "important": false, "type": "Line"}, {"lineNumber": 51, "content": "    #8 0x7f79679310b2  (/lib/x86_64-linux-gnu/libc.so.6+0x270b2)", "important": false, "type": "Line"}, {"lineNumber": 52, "content": "    #9 0x41fd8d  (/clusterfuzz/run_bot/clusterfuzz/bot/builds/lzo_libfuzzer_msan/custom/all_lzo_compress+0x41fd8d)", "important": false, "type": "Line"}, {"lineNumber": 53, "content": "", "important": false, "type": "Line"}, {"lineNumber": 54, "content": "  Uninitialized value was created by a heap allocation", "important": false, "type": "Line"}, {"lineNumber": 55, "content": "    #0 0x5284a9  (/clusterfuzz/run_bot/clusterfuzz/bot/builds/lzo_libfuzzer_msan/custom/all_lzo_compress+0x5284a9)", "important": false, "type": "Line"}, {"lineNumber": 56, "content": "    #1 0x529e20  (/clusterfuzz/run_bot/clusterfuzz/bot/builds/lzo_libfuzzer_msan/custom/all_lzo_compress+0x529e20)", "important": false, "type": "Line"}, {"lineNumber": 57, "content": "    #2 0x4571f3  (/clusterfuzz/run_bot/clusterfuzz/bot/builds/lzo_libfuzzer_msan/custom/all_lzo_compress+0x4571f3)", "important": false, "type": "Line"}, {"lineNumber": 58, "content": "    #3 0x442b02  (/clusterfuzz/run_bot/clusterfuzz/bot/builds/lzo_libfuzzer_msan/custom/all_lzo_compress+0x442b02)", "important": false, "type": "Line"}, {"lineNumber": 59, "content": "    #4 0x4485ca  (/clusterfuzz/run_bot/clusterfuzz/bot/builds/lzo_libfuzzer_msan/custom/all_lzo_compress+0x4485ca)", "important": false, "type": "Line"}, {"lineNumber": 60, "content": "    #5 0x4714f2  (/clusterfuzz/run_bot/clusterfuzz/bot/builds/lzo_libfuzzer_msan/custom/all_lzo_compress+0x4714f2)", "important": false, "type": "Line"}, {"lineNumber": 61, "content": "    #6 0x7f79679310b2  (/lib/x86_64-linux-gnu/libc.so.6+0x270b2)", "important": false, "type": "Line"}], "revision": "1"}, "last_tested_crash_stacktrace": {"lines": [{"lineNumber": 1, "content": "[Environment] MSAN_OPTIONS=exitcode=77", "important": false, "type": "Line"}, {"lineNumber": 2, "content": "+----------------------------------------Release Build Stacktrace----------------------------------------+", "important": false, "type": "Line"}, {"lineNumber": 3, "content": "Command: /clusterfuzz/run_bot/clusterfuzz/bot/builds/lzo_libfuzzer_msan/custom/all_lzo_compress -rss_limit_mb=2560 -timeout=60 -runs=100 /clusterfuzz/run_bot/clusterfuzz/bot/inputs/fuzzer-testcases/crash-611bd5151bb36a2b45736ce41a52ecf1185df66f", "important": false, "type": "Line"}, {"lineNumber": 4, "content": "Time ran: 0.040976524353027344", "important": false, "type": "Line"}, {"lineNumber": 5, "content": "", "important": false, "type": "Line"}, {"lineNumber": 6, "content": "INFO: Running with entropic power schedule (0xFF, 100).", "important": false, "type": "Line"}, {"lineNumber": 7, "content": "INFO: Seed: 1747485144", "important": false, "type": "Line"}, {"lineNumber": 8, "content": "INFO: Loaded 1 modules   (3445 inline 8-bit counters): 3445 [0x6b15c8, 0x6b233d),", "important": false, "type": "Line"}, {"lineNumber": 9, "content": "INFO: Loaded 1 PC tables (3445 PCs): 3445 [0x657a78,0x6651c8),", "important": false, "type": "Line"}, {"lineNumber": 10, "content": "/clusterfuzz/run_bot/clusterfuzz/bot/builds/lzo_libfuzzer_msan/custom/all_lzo_compress: Running 1 inputs 100 time(s) each.", "important": false, "type": "Line"}, {"lineNumber": 11, "content": "Running: /clusterfuzz/run_bot/clusterfuzz/bot/inputs/fuzzer-testcases/crash-611bd5151bb36a2b45736ce41a52ecf1185df66f", "important": false, "type": "Line"}, {"lineNumber": 12, "content": "==27681==WARNING: MemorySanitizer: use-of-uninitialized-value", "important": false, "type": "Line"}, {"lineNumber": 13, "content": "    #0 0x5648a2 in do_compress /src/lzo-2.10/src/lzo1b_sm.ch:92:21", "important": true, "type": "Line"}, {"lineNumber": 14, "content": "    #1 0x56e269 in _lzo1c_do_compress /src/lzo-2.10/src/lzo1c_cc.c:72:13", "important": true, "type": "Line"}, {"lineNumber": 15, "content": "    #2 0x564b68 in lzo1c_9_compress /src/lzo-2.10/src/compr1c.h:64:12", "important": true, "type": "Line"}, {"lineNumber": 16, "content": "    #3 0x52a115 in FuzzLzoAlgorithm /src/all_lzo_compress.cc:206:7", "important": false, "type": "Line"}, {"lineNumber": 17, "content": "    #4 0x52a115 in LLVMFuzzerTestOneInput /src/all_lzo_compress.cc:253:3", "important": false, "type": "Line"}, {"lineNumber": 18, "content": "    #5 0x4571f3 in fuzzer::Fuzzer::ExecuteCallback(unsigned char const*, unsigned long) cxa_noexception.cpp:0", "important": false, "type": "Line"}, {"lineNumber": 19, "content": "    #6 0x442b02 in fuzzer::RunOneTest(fuzzer::Fuzzer*, char const*, unsigned long) /src/llvm-project/compiler-rt/lib/fuzzer/FuzzerDriver.cpp:324:6", "important": false, "type": "Line"}, {"lineNumber": 20, "content": "    #7 0x4485ca in fuzzer::FuzzerDriver(int*, char***, int (*)(unsigned char const*, unsigned long)) cxa_noexception.cpp:0", "important": false, "type": "Line"}, {"lineNumber": 21, "content": "    #8 0x4714f2 in main /src/llvm-project/compiler-rt/lib/fuzzer/FuzzerMain.cpp:20:10", "important": false, "type": "Line"}, {"lineNumber": 22, "content": "    #9 0x7fbe91ce00b2 in __libc_start_main", "important": false, "type": "Line"}, {"lineNumber": 23, "content": "    #10 0x41fd8d in _start", "important": false, "type": "Line"}, {"lineNumber": 24, "content": "", "important": false, "type": "Line"}, {"lineNumber": 25, "content": "  Uninitialized value was created by a heap allocation", "important": false, "type": "Line"}, {"lineNumber": 26, "content": "    #0 0x5284a9 in operator new[](unsigned long) /src/llvm-project/compiler-rt/lib/msan/msan_new_delete.cpp:47:37", "important": false, "type": "Line"}, {"lineNumber": 27, "content": "    #1 0x529e20 in FuzzLzoAlgorithm /src/all_lzo_compress.cc:201:7", "important": false, "type": "Line"}, {"lineNumber": 28, "content": "    #2 0x529e20 in LLVMFuzzerTestOneInput /src/all_lzo_compress.cc:253:3", "important": false, "type": "Line"}, {"lineNumber": 29, "content": "    #3 0x4571f3 in fuzzer::Fuzzer::ExecuteCallback(unsigned char const*, unsigned long) cxa_noexception.cpp:0", "important": false, "type": "Line"}, {"lineNumber": 30, "content": "    #4 0x442b02 in fuzzer::RunOneTest(fuzzer::Fuzzer*, char const*, unsigned long) /src/llvm-project/compiler-rt/lib/fuzzer/FuzzerDriver.cpp:324:6", "important": false, "type": "Line"}, {"lineNumber": 31, "content": "    #5 0x4485ca in fuzzer::FuzzerDriver(int*, char***, int (*)(unsigned char const*, unsigned long)) cxa_noexception.cpp:0", "important": false, "type": "Line"}, {"lineNumber": 32, "content": "    #6 0x4714f2 in main /src/llvm-project/compiler-rt/lib/fuzzer/FuzzerMain.cpp:20:10", "important": false, "type": "Line"}, {"lineNumber": 33, "content": "    #7 0x7fbe91ce00b2 in __libc_start_main", "important": false, "type": "Line"}, {"lineNumber": 34, "content": "", "important": false, "type": "Line"}, {"lineNumber": 35, "content": "SUMMARY: MemorySanitizer: use-of-uninitialized-value (/clusterfuzz/run_bot/clusterfuzz/bot/builds/lzo_libfuzzer_msan/custom/all_lzo_compress+0x5648a2)", "important": false, "type": "Line"}, {"lineNumber": 36, "content": "Exiting", "important": false, "type": "Line"}, {"lineNumber": 37, "content": "", "important": false, "type": "Line"}, {"lineNumber": 38, "content": "", "important": false, "type": "Line"}, {"lineNumber": 39, "content": "+----------------------------------------Release Build Unsymbolized Stacktrace (diff)----------------------------------------+", "important": false, "type": "Line"}, {"lineNumber": 40, "content": "", "important": false, "type": "Line"}, {"lineNumber": 41, "content": "Running: /clusterfuzz/run_bot/clusterfuzz/bot/inputs/fuzzer-testcases/crash-611bd5151bb36a2b45736ce41a52ecf1185df66f", "important": false, "type": "Line"}, {"lineNumber": 42, "content": "==27681==WARNING: MemorySanitizer: use-of-uninitialized-value", "important": false, "type": "Line"}, {"lineNumber": 43, "content": "    #0 0x5648a2  (/clusterfuzz/run_bot/clusterfuzz/bot/builds/lzo_libfuzzer_msan/custom/all_lzo_compress+0x5648a2)", "important": false, "type": "Line"}, {"lineNumber": 44, "content": "    #1 0x56e269  (/clusterfuzz/run_bot/clusterfuzz/bot/builds/lzo_libfuzzer_msan/custom/all_lzo_compress+0x56e269)", "important": false, "type": "Line"}, {"lineNumber": 45, "content": "    #2 0x564b68  (/clusterfuzz/run_bot/clusterfuzz/bot/builds/lzo_libfuzzer_msan/custom/all_lzo_compress+0x564b68)", "important": false, "type": "Line"}, {"lineNumber": 46, "content": "    #3 0x52a115  (/clusterfuzz/run_bot/clusterfuzz/bot/builds/lzo_libfuzzer_msan/custom/all_lzo_compress+0x52a115)", "important": false, "type": "Line"}, {"lineNumber": 47, "content": "    #4 0x4571f3  (/clusterfuzz/run_bot/clusterfuzz/bot/builds/lzo_libfuzzer_msan/custom/all_lzo_compress+0x4571f3)", "important": false, "type": "Line"}, {"lineNumber": 48, "content": "    #5 0x442b02  (/clusterfuzz/run_bot/clusterfuzz/bot/builds/lzo_libfuzzer_msan/custom/all_lzo_compress+0x442b02)", "important": false, "type": "Line"}, {"lineNumber": 49, "content": "    #6 0x4485ca  (/clusterfuzz/run_bot/clusterfuzz/bot/builds/lzo_libfuzzer_msan/custom/all_lzo_compress+0x4485ca)", "important": false, "type": "Line"}, {"lineNumber": 50, "content": "    #7 0x4714f2  (/clusterfuzz/run_bot/clusterfuzz/bot/builds/lzo_libfuzzer_msan/custom/all_lzo_compress+0x4714f2)", "important": false, "type": "Line"}, {"lineNumber": 51, "content": "    #8 0x7fbe91ce00b2  (/lib/x86_64-linux-gnu/libc.so.6+0x270b2)", "important": false, "type": "Line"}, {"lineNumber": 52, "content": "    #9 0x41fd8d  (/clusterfuzz/run_bot/clusterfuzz/bot/builds/lzo_libfuzzer_msan/custom/all_lzo_compress+0x41fd8d)", "important": false, "type": "Line"}, {"lineNumber": 53, "content": "", "important": false, "type": "Line"}, {"lineNumber": 54, "content": "  Uninitialized value was created by a heap allocation", "important": false, "type": "Line"}, {"lineNumber": 55, "content": "    #0 0x5284a9  (/clusterfuzz/run_bot/clusterfuzz/bot/builds/lzo_libfuzzer_msan/custom/all_lzo_compress+0x5284a9)", "important": false, "type": "Line"}, {"lineNumber": 56, "content": "    #1 0x529e20  (/clusterfuzz/run_bot/clusterfuzz/bot/builds/lzo_libfuzzer_msan/custom/all_lzo_compress+0x529e20)", "important": false, "type": "Line"}, {"lineNumber": 57, "content": "    #2 0x4571f3  (/clusterfuzz/run_bot/clusterfuzz/bot/builds/lzo_libfuzzer_msan/custom/all_lzo_compress+0x4571f3)", "important": false, "type": "Line"}, {"lineNumber": 58, "content": "    #3 0x442b02  (/clusterfuzz/run_bot/clusterfuzz/bot/builds/lzo_libfuzzer_msan/custom/all_lzo_compress+0x442b02)", "important": false, "type": "Line"}, {"lineNumber": 59, "content": "    #4 0x4485ca  (/clusterfuzz/run_bot/clusterfuzz/bot/builds/lzo_libfuzzer_msan/custom/all_lzo_compress+0x4485ca)", "important": false, "type": "Line"}, {"lineNumber": 60, "content": "    #5 0x4714f2  (/clusterfuzz/run_bot/clusterfuzz/bot/builds/lzo_libfuzzer_msan/custom/all_lzo_compress+0x4714f2)", "important": false, "type": "Line"}, {"lineNumber": 61, "content": "    #6 0x7fbe91ce00b2  (/lib/x86_64-linux-gnu/libc.so.6+0x270b2)", "important": false, "type": "Line"}], "revision": null}, "security_severity": "Medium", "security_severities": [{"value": 0, "name": "Critical"}, {"value": 1, "name": "High", "default": true}, {"value": 2, "name": "Medium"}, {"value": 3, "name": "Low"}, {"value": 4, "name": "Missing"}], "stats": {"min_hour": 1, "max_hour": 1}, "suspected_cls": null, "testcase": {"absolute_path": "/clusterfuzz/run_bot/clusterfuzz/bot/inputs/fuzzer-testcases/crash-611bd5151bb36a2b45736ce41a52ecf1185df66f", "additional_metadata": "{\"build_key\": \"45be2c03-d37f-4719-807f-278474d8382f\", \"env\": {\"MSAN_OPTIONS\": {}}, \"fuzzer_binary_name\": \"all_lzo_compress\", \"fuzzing_strategies\": {\"corpus_subset\": 100}, \"last_tested_crash_revision\": null, \"last_tested_crash_time\": {\"__type__\": \"datetime\", \"day\": 30, \"hour\": 0, \"microsecond\": 368477, \"minute\": 12, \"month\": 11, \"second\": 3, \"year\": 2021}, \"last_tested_revision\": null}", "archive_filename": null, "archive_state": 0, "binary_flag": true, "bug_indices": [], "bug_information": "", "comments": "[2021-11-28 10:24:52 UTC] comput12-20211128-14:50: Fuzz task : Fuzzer libFuzzer_all_lzo_compress generated testcase crashed in 0 seconds (r1).\n[2021-11-28 10:31:39 UTC] comput5-20211128-14:49: Minimize task started.\n[2021-11-28 10:57:54 UTC] comput5-20211128-14:49: Minimize task finished.\n[2021-11-30 00:10:44 UTC] comput5-20211129-15:14: Progression task started.\n[2021-11-30 00:12:03 UTC] comput5-20211129-15:14: Progression task finished: still crashes on latest custom build.\n", "crash_address": "", "crash_revision": 1, "crash_stacktrace": "[Environment] MSAN_OPTIONS=exitcode=77\n+----------------------------------------Release Build Stacktrace----------------------------------------+\nCommand: /clusterfuzz/run_bot/clusterfuzz/bot/builds/lzo_libfuzzer_msan/custom/all_lzo_compress -rss_limit_mb=2560 -timeout=60 -runs=100 /clusterfuzz/run_bot/clusterfuzz/bot/inputs/fuzzer-testcases/b99025d320b3139eca2045c79e5318331bb36a2b45736ce41a52ecf1185df66f\nTime ran: 0.16532087326049805\n\nINFO: Running with entropic power schedule (0xFF, 100).\nINFO: Seed: 841977732\nINFO: Loaded 1 modules   (3445 inline 8-bit counters): 3445 [0x6b15c8, 0x6b233d),\nINFO: Loaded 1 PC tables (3445 PCs): 3445 [0x657a78,0x6651c8),\n/clusterfuzz/run_bot/clusterfuzz/bot/builds/lzo_libfuzzer_msan/custom/all_lzo_compress: Running 1 inputs 100 time(s) each.\nRunning: /clusterfuzz/run_bot/clusterfuzz/bot/inputs/fuzzer-testcases/b99025d320b3139eca2045c79e5318331bb36a2b45736ce41a52ecf1185df66f\n==4579==WARNING: MemorySanitizer: use-of-uninitialized-value\n    #0 0x5648a2 in do_compress /src/lzo-2.10/src/lzo1b_sm.ch:92:21\n    #1 0x56e269 in _lzo1c_do_compress /src/lzo-2.10/src/lzo1c_cc.c:72:13\n    #2 0x564b68 in lzo1c_9_compress /src/lzo-2.10/src/compr1c.h:64:12\n    #3 0x52a115 in FuzzLzoAlgorithm /src/all_lzo_compress.cc:206:7\n    #4 0x52a115 in LLVMFuzzerTestOneInput /src/all_lzo_compress.cc:253:3\n    #5 0x4571f3 in fuzzer::Fuzzer::ExecuteCallback(unsigned char const*, unsigned long) cxa_noexception.cpp:0\n    #6 0x442b02 in fuzzer::RunOneTest(fuzzer::Fuzzer*, char const*, unsigned long) /src/llvm-project/compiler-rt/lib/fuzzer/FuzzerDriver.cpp:324:6\n    #7 0x4485ca in fuzzer::FuzzerDriver(int*, char***, int (*)(unsigned char const*, unsigned long)) cxa_noexception.cpp:0\n    #8 0x4714f2 in main /src/llvm-project/compiler-rt/lib/fuzzer/FuzzerMain.cpp:20:10\n    #9 0x7f79679310b2 in __libc_start_main\n    #10 0x41fd8d in _start\n\n  Uninitialized value was created by a heap allocation\n    #0 0x5284a9 in operator new[](unsigned long) /src/llvm-project/compiler-rt/lib/msan/msan_new_delete.cpp:47:37\n    #1 0x529e20 in FuzzLzoAlgorithm /src/all_lzo_compress.cc:201:7\n    #2 0x529e20 in LLVMFuzzerTestOneInput /src/all_lzo_compress.cc:253:3\n    #3 0x4571f3 in fuzzer::Fuzzer::ExecuteCallback(unsigned char const*, unsigned long) cxa_noexception.cpp:0\n    #4 0x442b02 in fuzzer::RunOneTest(fuzzer::Fuzzer*, char const*, unsigned long) /src/llvm-project/compiler-rt/lib/fuzzer/FuzzerDriver.cpp:324:6\n    #5 0x4485ca in fuzzer::FuzzerDriver(int*, char***, int (*)(unsigned char const*, unsigned long)) cxa_noexception.cpp:0\n    #6 0x4714f2 in main /src/llvm-project/compiler-rt/lib/fuzzer/FuzzerMain.cpp:20:10\n    #7 0x7f79679310b2 in __libc_start_main\n\nSUMMARY: MemorySanitizer: use-of-uninitialized-value (/clusterfuzz/run_bot/clusterfuzz/bot/builds/lzo_libfuzzer_msan/custom/all_lzo_compress+0x5648a2)\nExiting\n\n\n+----------------------------------------Release Build Unsymbolized Stacktrace (diff)----------------------------------------+\n\nRunning: /clusterfuzz/run_bot/clusterfuzz/bot/inputs/fuzzer-testcases/b99025d320b3139eca2045c79e5318331bb36a2b45736ce41a52ecf1185df66f\n==4579==WARNING: MemorySanitizer: use-of-uninitialized-value\n    #0 0x5648a2  (/clusterfuzz/run_bot/clusterfuzz/bot/builds/lzo_libfuzzer_msan/custom/all_lzo_compress+0x5648a2)\n    #1 0x56e269  (/clusterfuzz/run_bot/clusterfuzz/bot/builds/lzo_libfuzzer_msan/custom/all_lzo_compress+0x56e269)\n    #2 0x564b68  (/clusterfuzz/run_bot/clusterfuzz/bot/builds/lzo_libfuzzer_msan/custom/all_lzo_compress+0x564b68)\n    #3 0x52a115  (/clusterfuzz/run_bot/clusterfuzz/bot/builds/lzo_libfuzzer_msan/custom/all_lzo_compress+0x52a115)\n    #4 0x4571f3  (/clusterfuzz/run_bot/clusterfuzz/bot/builds/lzo_libfuzzer_msan/custom/all_lzo_compress+0x4571f3)\n    #5 0x442b02  (/clusterfuzz/run_bot/clusterfuzz/bot/builds/lzo_libfuzzer_msan/custom/all_lzo_compress+0x442b02)\n    #6 0x4485ca  (/clusterfuzz/run_bot/clusterfuzz/bot/builds/lzo_libfuzzer_msan/custom/all_lzo_compress+0x4485ca)\n    #7 0x4714f2  (/clusterfuzz/run_bot/clusterfuzz/bot/builds/lzo_libfuzzer_msan/custom/all_lzo_compress+0x4714f2)\n    #8 0x7f79679310b2  (/lib/x86_64-linux-gnu/libc.so.6+0x270b2)\n    #9 0x41fd8d  (/clusterfuzz/run_bot/clusterfuzz/bot/builds/lzo_libfuzzer_msan/custom/all_lzo_compress+0x41fd8d)\n\n  Uninitialized value was created by a heap allocation\n    #0 0x5284a9  (/clusterfuzz/run_bot/clusterfuzz/bot/builds/lzo_libfuzzer_msan/custom/all_lzo_compress+0x5284a9)\n    #1 0x529e20  (/clusterfuzz/run_bot/clusterfuzz/bot/builds/lzo_libfuzzer_msan/custom/all_lzo_compress+0x529e20)\n    #2 0x4571f3  (/clusterfuzz/run_bot/clusterfuzz/bot/builds/lzo_libfuzzer_msan/custom/all_lzo_compress+0x4571f3)\n    #3 0x442b02  (/clusterfuzz/run_bot/clusterfuzz/bot/builds/lzo_libfuzzer_msan/custom/all_lzo_compress+0x442b02)\n    #4 0x4485ca  (/clusterfuzz/run_bot/clusterfuzz/bot/builds/lzo_libfuzzer_msan/custom/all_lzo_compress+0x4485ca)\n    #5 0x4714f2  (/clusterfuzz/run_bot/clusterfuzz/bot/builds/lzo_libfuzzer_msan/custom/all_lzo_compress+0x4714f2)\n    #6 0x7f79679310b2  (/lib/x86_64-linux-gnu/libc.so.6+0x270b2)\n", "crash_state": "do_compress\n_lzo1c_do_compress\nlzo1c_9_compress\n", "crash_type": "Use-of-uninitialized-value", "disable_ubsan": false, "duplicate_of": null, "fixed": "", "flaky_stack": false, "fuzzed_keys": "0e406323-9354-48dd-b749-ec737c742138", "fuzzer_name": "libFuzzer", "fuzzer_name_indices": ["libFuzzer_all_lzo_compress", "libFuzzer"], "gestures": [], "group_bug_information": 0, "group_id": 441, "has_bug_flag": false, "http_flag": false, "impact_beta_version": null, "impact_beta_version_indices": [], "impact_beta_version_likely": false, "impact_extended_stable_version": null, "impact_extended_stable_version_indices": [], "impact_extended_stable_version_likely": false, "impact_head_version": null, "impact_head_version_indices": [], "impact_head_version_likely": null, "impact_indices": [], "impact_stable_version": null, "impact_stable_version_indices": [], "impact_stable_version_likely": false, "impact_version_indices": [], "is_a_duplicate_flag": false, "is_impact_set_flag": false, "is_leader": true, "job_type": "lzo_libfuzzer_msan", "keywords": ["of", "do_compress", "lzo1c_9", "lzo1c_do_compress", "fuzzer", "_lzo1c_do_compress", "lib", "all", "use-of-uninitialized-value", "fuzzer_all_lzo", "_lzo1c", "libfuzzer_all_lzo_compress", "msan", "lzo_libfuzzer", "lzo1c_do", "lzo1c", "use", "libfuzzer_all", "fuzzer_all_lzo_compress", "9_compress", "do", "lzo_compress", "all_lzo", "libfuzzer", "uninitialized", "lzo", "value", "uninitialized-value", "use-of", "all_lzo_compress", "9", "libfuzzer_all_lzo", "compress", "lzo_libfuzzer_msan", "_lzo1c_do", "use-of-uninitialized", "lzo1c_9_compress", "libfuzzer_msan", "of-uninitialized", "linux", "of-uninitialized-value", "fuzzer_all"], "last_tested_crash_stacktrace": "[Environment] MSAN_OPTIONS=exitcode=77\n+----------------------------------------Release Build Stacktrace----------------------------------------+\nCommand: /clusterfuzz/run_bot/clusterfuzz/bot/builds/lzo_libfuzzer_msan/custom/all_lzo_compress -rss_limit_mb=2560 -timeout=60 -runs=100 /clusterfuzz/run_bot/clusterfuzz/bot/inputs/fuzzer-testcases/crash-611bd5151bb36a2b45736ce41a52ecf1185df66f\nTime ran: 0.040976524353027344\n\nINFO: Running with entropic power schedule (0xFF, 100).\nINFO: Seed: 1747485144\nINFO: Loaded 1 modules   (3445 inline 8-bit counters): 3445 [0x6b15c8, 0x6b233d),\nINFO: Loaded 1 PC tables (3445 PCs): 3445 [0x657a78,0x6651c8),\n/clusterfuzz/run_bot/clusterfuzz/bot/builds/lzo_libfuzzer_msan/custom/all_lzo_compress: Running 1 inputs 100 time(s) each.\nRunning: /clusterfuzz/run_bot/clusterfuzz/bot/inputs/fuzzer-testcases/crash-611bd5151bb36a2b45736ce41a52ecf1185df66f\n==27681==WARNING: MemorySanitizer: use-of-uninitialized-value\n    #0 0x5648a2 in do_compress /src/lzo-2.10/src/lzo1b_sm.ch:92:21\n    #1 0x56e269 in _lzo1c_do_compress /src/lzo-2.10/src/lzo1c_cc.c:72:13\n    #2 0x564b68 in lzo1c_9_compress /src/lzo-2.10/src/compr1c.h:64:12\n    #3 0x52a115 in FuzzLzoAlgorithm /src/all_lzo_compress.cc:206:7\n    #4 0x52a115 in LLVMFuzzerTestOneInput /src/all_lzo_compress.cc:253:3\n    #5 0x4571f3 in fuzzer::Fuzzer::ExecuteCallback(unsigned char const*, unsigned long) cxa_noexception.cpp:0\n    #6 0x442b02 in fuzzer::RunOneTest(fuzzer::Fuzzer*, char const*, unsigned long) /src/llvm-project/compiler-rt/lib/fuzzer/FuzzerDriver.cpp:324:6\n    #7 0x4485ca in fuzzer::FuzzerDriver(int*, char***, int (*)(unsigned char const*, unsigned long)) cxa_noexception.cpp:0\n    #8 0x4714f2 in main /src/llvm-project/compiler-rt/lib/fuzzer/FuzzerMain.cpp:20:10\n    #9 0x7fbe91ce00b2 in __libc_start_main\n    #10 0x41fd8d in _start\n\n  Uninitialized value was created by a heap allocation\n    #0 0x5284a9 in operator new[](unsigned long) /src/llvm-project/compiler-rt/lib/msan/msan_new_delete.cpp:47:37\n    #1 0x529e20 in FuzzLzoAlgorithm /src/all_lzo_compress.cc:201:7\n    #2 0x529e20 in LLVMFuzzerTestOneInput /src/all_lzo_compress.cc:253:3\n    #3 0x4571f3 in fuzzer::Fuzzer::ExecuteCallback(unsigned char const*, unsigned long) cxa_noexception.cpp:0\n    #4 0x442b02 in fuzzer::RunOneTest(fuzzer::Fuzzer*, char const*, unsigned long) /src/llvm-project/compiler-rt/lib/fuzzer/FuzzerDriver.cpp:324:6\n    #5 0x4485ca in fuzzer::FuzzerDriver(int*, char***, int (*)(unsigned char const*, unsigned long)) cxa_noexception.cpp:0\n    #6 0x4714f2 in main /src/llvm-project/compiler-rt/lib/fuzzer/FuzzerMain.cpp:20:10\n    #7 0x7fbe91ce00b2 in __libc_start_main\n\nSUMMARY: MemorySanitizer: use-of-uninitialized-value (/clusterfuzz/run_bot/clusterfuzz/bot/builds/lzo_libfuzzer_msan/custom/all_lzo_compress+0x5648a2)\nExiting\n\n\n+----------------------------------------Release Build Unsymbolized Stacktrace (diff)----------------------------------------+\n\nRunning: /clusterfuzz/run_bot/clusterfuzz/bot/inputs/fuzzer-testcases/crash-611bd5151bb36a2b45736ce41a52ecf1185df66f\n==27681==WARNING: MemorySanitizer: use-of-uninitialized-value\n    #0 0x5648a2  (/clusterfuzz/run_bot/clusterfuzz/bot/builds/lzo_libfuzzer_msan/custom/all_lzo_compress+0x5648a2)\n    #1 0x56e269  (/clusterfuzz/run_bot/clusterfuzz/bot/builds/lzo_libfuzzer_msan/custom/all_lzo_compress+0x56e269)\n    #2 0x564b68  (/clusterfuzz/run_bot/clusterfuzz/bot/builds/lzo_libfuzzer_msan/custom/all_lzo_compress+0x564b68)\n    #3 0x52a115  (/clusterfuzz/run_bot/clusterfuzz/bot/builds/lzo_libfuzzer_msan/custom/all_lzo_compress+0x52a115)\n    #4 0x4571f3  (/clusterfuzz/run_bot/clusterfuzz/bot/builds/lzo_libfuzzer_msan/custom/all_lzo_compress+0x4571f3)\n    #5 0x442b02  (/clusterfuzz/run_bot/clusterfuzz/bot/builds/lzo_libfuzzer_msan/custom/all_lzo_compress+0x442b02)\n    #6 0x4485ca  (/clusterfuzz/run_bot/clusterfuzz/bot/builds/lzo_libfuzzer_msan/custom/all_lzo_compress+0x4485ca)\n    #7 0x4714f2  (/clusterfuzz/run_bot/clusterfuzz/bot/builds/lzo_libfuzzer_msan/custom/all_lzo_compress+0x4714f2)\n    #8 0x7fbe91ce00b2  (/lib/x86_64-linux-gnu/libc.so.6+0x270b2)\n    #9 0x41fd8d  (/clusterfuzz/run_bot/clusterfuzz/bot/builds/lzo_libfuzzer_msan/custom/all_lzo_compress+0x41fd8d)\n\n  Uninitialized value was created by a heap allocation\n    #0 0x5284a9  (/clusterfuzz/run_bot/clusterfuzz/bot/builds/lzo_libfuzzer_msan/custom/all_lzo_compress+0x5284a9)\n    #1 0x529e20  (/clusterfuzz/run_bot/clusterfuzz/bot/builds/lzo_libfuzzer_msan/custom/all_lzo_compress+0x529e20)\n    #2 0x4571f3  (/clusterfuzz/run_bot/clusterfuzz/bot/builds/lzo_libfuzzer_msan/custom/all_lzo_compress+0x4571f3)\n    #3 0x442b02  (/clusterfuzz/run_bot/clusterfuzz/bot/builds/lzo_libfuzzer_msan/custom/all_lzo_compress+0x442b02)\n    #4 0x4485ca  (/clusterfuzz/run_bot/clusterfuzz/bot/builds/lzo_libfuzzer_msan/custom/all_lzo_compress+0x4485ca)\n    #5 0x4714f2  (/clusterfuzz/run_bot/clusterfuzz/bot/builds/lzo_libfuzzer_msan/custom/all_lzo_compress+0x4714f2)\n    #6 0x7fbe91ce00b2  (/lib/x86_64-linux-gnu/libc.so.6+0x270b2)\n", "minidump_keys": "", "minimized_arguments": "-rss_limit_mb=2560 -timeout=60", "minimized_keys": "da285268-57f8-4e21-add0-de35c4b8859f", "one_time_crasher_flag": false, "open": true, "overridden_fuzzer_name": "libFuzzer_all_lzo_compress", "platform": "linux", "platform_id": "linux", "project_name": "test-project", "queue": "jobs-linux", "redzone": 64, "regression": "NA", "security_flag": true, "security_severity": 2, "status": "Processed", "symbolized": false, "timeout_multiplier": 1.0, "timestamp": 1638095092, "triaged": false, "uploader_email": null, "window_argument": "", "id": 424}, "timestamp": 1638095092.196811, "show_blame": false, "show_impact": false, "impacts_production": false, "find_similar_issues_options": [{"type": "open", "label": "Open"}, {"type": "all", "label": "All"}], "auto_delete_timestamp": null, "auto_close_timestamp": null, "memory_tool_display_label": "Sanitizer", "memory_tool_display_value": "memory (MSAN)", "last_tested": "1:1 (No component revisions found!)", "is_admin_or_not_oss_fuzz": true, "has_issue_tracker": false, "reproduction_help_url": "", "is_local_development": true, "fuzzer_display": {"engine": "libFuzzer", "target": "all_lzo_compress", "name": "libFuzzer", "fully_qualified_name": "libFuzzer_all_lzo_compress"}}