{"id": 42900, "crash_type": "Heap-buffer-overflow READ 1", "crash_address": "0x613000006278", "crash_state": "void apply_sao_internal<unsigned short>\nthread_task_sao::work\nworker_thread\n", "crash_state_lines": ["void apply_sao_internal<unsigned short>", "thread_task_sao::work", "worker_thread"], "crash_revision": 1, "csrf_token": "D6S+cXG/eQvjQp1jhkN2Yfq5FoCaAiuUjD0oLthouNSAPb8xaAgWvNikB3AHnFnrgfWQIz/OKB4owWUbxHHo3A==", "external_user": false, "footer": "[2021-11-30 02:21:04 UTC] snode8-20211129-17:28: Fuzz task : Fuzzer libFuzzer_file-fuzzer generated testcase crashed in 1 seconds (r1).\n[2021-11-30 03:47:37 UTC] snode8-20211129-17:28: Minimize task started.\n[2021-11-30 04:12:30 UTC] snode8-20211129-17:28: Minimize task finished.\n", "formatted_reproduction_help": "", "fixed": "NO", "fixed_full": null, "issue_url": null, "is_admin": true, "metadata": {"build_key": "79155d03-4d1e-4578-ad34-979dbe80a979", "env": {"ASAN_OPTIONS": {}}, "fuzzer_binary_name": "file-fuzzer", "fuzzing_strategies": {"corpus_mutations_radamsa": 1, "corpus_subset": 100}}, "minimized_testcase_size": "499 B", "needs_refresh": false, "original_testcase_size": "625 B", "privileged_user": true, "regression": "NA", "crash_stacktrace": {"lines": [{"lineNumber": 1, "content": "[Environment] ASAN_OPTIONS=exitcode=77", "important": false, "type": "Line"}, {"lineNumber": 2, "content": "+----------------------------------------Release Build Stacktrace----------------------------------------+", "important": false, "type": "Line"}, {"lineNumber": 3, "content": "Command: /clusterfuzz/run_bot/clusterfuzz/bot/builds/libheif_libfuzzer_asan/custom/file-fuzzer -rss_limit_mb=2560 -timeout=60 -runs=100 /clusterfuzz/run_bot/clusterfuzz/bot/inputs/fuzzer-testcases/807a2609974bce30bb497cb61256c853658dcf0d97679fa3b44948ce6e5e9339", "important": false, "type": "Line"}, {"lineNumber": 4, "content": "Time ran: 0.04964113235473633", "important": false, "type": "Line"}, {"lineNumber": 5, "content": "", "important": false, "type": "Line"}, {"lineNumber": 6, "content": "INFO: Running with entropic power schedule (0xFF, 100).", "important": false, "type": "Line"}, {"lineNumber": 7, "content": "INFO: Seed: 3290016720", "important": false, "type": "Line"}, {"lineNumber": 8, "content": "INFO: Loaded 1 modules   (136015 inline 8-bit counters): 136015 [0x27ef500, 0x281084f),", "important": false, "type": "Line"}, {"lineNumber": 9, "content": "INFO: Loaded 1 PC tables (136015 PCs): 136015 [0x2810850,0x2a23d40),", "important": false, "type": "Line"}, {"lineNumber": 10, "content": "/clusterfuzz/run_bot/clusterfuzz/bot/builds/libheif_libfuzzer_asan/custom/file-fuzzer: Running 1 inputs 100 time(s) each.", "important": false, "type": "Line"}, {"lineNumber": 11, "content": "Running: /clusterfuzz/run_bot/clusterfuzz/bot/inputs/fuzzer-testcases/807a2609974bce30bb497cb61256c853658dcf0d97679fa3b44948ce6e5e9339", "important": false, "type": "Line"}, {"lineNumber": 12, "content": "=================================================================", "important": false, "type": "Line"}, {"lineNumber": 13, "content": "==32842==ERROR: AddressSanitizer: heap-buffer-overflow on address 0x613000006278 at pc 0x000001ccbfaf bp 0x7f8b79af7990 sp 0x7f8b79af7988", "important": false, "type": "Line"}, {"lineNumber": 14, "content": "READ of size 1 at 0x613000006278 thread T2", "important": false, "type": "Line"}, {"lineNumber": 15, "content": "    #0 0x1ccbfae in void apply_sao_internal&lt;unsigned short&gt;(de265_image*, int, int, slice_segment_header const*, int, int, int, unsigned short const*, int, unsigned short*, int) /src/libde265/libde265/sao.cc:252:28", "important": true, "type": "Line"}, {"lineNumber": 16, "content": "    #1 0x1cc7884 in apply_sao&lt;unsigned char&gt; /src/libde265/libde265/sao.cc:270:5", "important": false, "type": "Line"}, {"lineNumber": 17, "content": "    #2 0x1cc7884 in thread_task_sao::work() /src/libde265/libde265/sao.cc:441:9", "important": true, "type": "Line"}, {"lineNumber": 18, "content": "    #3 0x1d002fd in worker_thread(void*) /src/libde265/libde265/threads.cc:233:11", "important": true, "type": "Line"}, {"lineNumber": 19, "content": "    #4 0x7f8b7d438608 in start_thread", "important": false, "type": "Line"}, {"lineNumber": 20, "content": "    #5 0x7f8b7d35f292 in __clone", "important": false, "type": "Line"}, {"lineNumber": 21, "content": "", "important": false, "type": "Line"}, {"lineNumber": 22, "content": "Address 0x613000006278 is a wild pointer inside of access range of size 0x000000000001.", "important": false, "type": "Line"}, {"lineNumber": 23, "content": "SUMMARY: AddressSanitizer: heap-buffer-overflow (/clusterfuzz/run_bot/clusterfuzz/bot/builds/libheif_libfuzzer_asan/custom/file-fuzzer+0x1ccbfae)", "important": false, "type": "Line"}, {"lineNumber": 24, "content": "Shadow bytes around the buggy address:", "important": false, "type": "Line"}, {"lineNumber": 25, "content": "  0x0c267fff8bf0: fa fa fa fa fa fa fa fa fa fa fa fa fa fa fa fa", "important": false, "type": "Line"}, {"lineNumber": 26, "content": "  0x0c267fff8c00: fa fa fa fa fa fa fa fa fa fa fa fa fa fa fa fa", "important": false, "type": "Line"}, {"lineNumber": 27, "content": "  0x0c267fff8c10: fa fa fa fa fa fa fa fa fa fa fa fa fa fa fa fa", "important": false, "type": "Line"}, {"lineNumber": 28, "content": "  0x0c267fff8c20: fa fa fa fa fa fa fa fa fa fa fa fa fa fa fa fa", "important": false, "type": "Line"}, {"lineNumber": 29, "content": "  0x0c267fff8c30: fa fa fa fa fa fa fa fa fa fa fa fa fa fa fa fa", "important": false, "type": "Line"}, {"lineNumber": 30, "content": "=&gt;0x0c267fff8c40: fa fa fa fa fa fa fa fa fa fa fa fa fa fa fa[fa]", "important": false, "type": "Line"}, {"lineNumber": 31, "content": "  0x0c267fff8c50: fa fa fa fa fa fa fa fa fa fa fa fa fa fa fa fa", "important": false, "type": "Line"}, {"lineNumber": 32, "content": "  0x0c267fff8c60: fa fa fa fa fa fa fa fa fa fa fa fa fa fa fa fa", "important": false, "type": "Line"}, {"lineNumber": 33, "content": "  0x0c267fff8c70: fa fa fa fa fa fa fa fa fa fa fa fa fa fa fa fa", "important": false, "type": "Line"}, {"lineNumber": 34, "content": "  0x0c267fff8c80: fa fa fa fa fa fa fa fa fa fa fa fa fa fa fa fa", "important": false, "type": "Line"}, {"lineNumber": 35, "content": "  0x0c267fff8c90: fa fa fa fa fa fa fa fa fa fa fa fa fa fa fa fa", "important": false, "type": "Line"}, {"lineNumber": 36, "content": "Shadow byte legend (one shadow byte represents 8 application bytes):", "important": false, "type": "Line"}, {"lineNumber": 37, "content": "  Addressable:           00", "important": false, "type": "Line"}, {"lineNumber": 38, "content": "  Partially addressable: 01 02 03 04 05 06 07", "important": false, "type": "Line"}, {"lineNumber": 39, "content": "  Heap left redzone:       fa", "important": false, "type": "Line"}, {"lineNumber": 40, "content": "  Freed heap region:       fd", "important": false, "type": "Line"}, {"lineNumber": 41, "content": "  Stack left redzone:      f1", "important": false, "type": "Line"}, {"lineNumber": 42, "content": "  Stack mid redzone:       f2", "important": false, "type": "Line"}, {"lineNumber": 43, "content": "  Stack right redzone:     f3", "important": false, "type": "Line"}, {"lineNumber": 44, "content": "  Stack after return:      f5", "important": false, "type": "Line"}, {"lineNumber": 45, "content": "  Stack use after scope:   f8", "important": false, "type": "Line"}, {"lineNumber": 46, "content": "  Global redzone:          f9", "important": false, "type": "Line"}, {"lineNumber": 47, "content": "  Global init order:       f6", "important": false, "type": "Line"}, {"lineNumber": 48, "content": "  Poisoned by user:        f7", "important": false, "type": "Line"}, {"lineNumber": 49, "content": "  Container overflow:      fc", "important": false, "type": "Line"}, {"lineNumber": 50, "content": "  Array cookie:            ac", "important": false, "type": "Line"}, {"lineNumber": 51, "content": "  Intra object redzone:    bb", "important": false, "type": "Line"}, {"lineNumber": 52, "content": "  ASan internal:           fe", "important": false, "type": "Line"}, {"lineNumber": 53, "content": "  Left alloca redzone:     ca", "important": false, "type": "Line"}, {"lineNumber": 54, "content": "  Right alloca redzone:    cb", "important": false, "type": "Line"}, {"lineNumber": 55, "content": "Thread T2 created by T0 here:", "important": false, "type": "Line"}, {"lineNumber": 56, "content": "    #0 0x510c8c in pthread_create /src/llvm-project/compiler-rt/lib/asan/asan_interceptors.cpp:207:3", "important": false, "type": "Line"}, {"lineNumber": 57, "content": "    #1 0x1cffea1 in de265_thread_create /src/libde265/libde265/threads.cc:41:96", "important": false, "type": "Line"}, {"lineNumber": 58, "content": "    #2 0x1cffea1 in start_thread_pool(thread_pool*, int) /src/libde265/libde265/threads.cc:271:15", "important": false, "type": "Line"}, {"lineNumber": 59, "content": "    #3 0x1c78a23 in decoder_context::start_thread_pool(int) /src/libde265/libde265/decctx.cc:346:3", "important": false, "type": "Line"}, {"lineNumber": 60, "content": "    #4 0x1c74206 in de265_start_worker_threads /src/libde265/libde265/de265.cc:264:28", "important": true, "type": "Line"}, {"lineNumber": 61, "content": "    #5 0x6ba656 in libde265_new_decoder(void**) /src/libheif/libheif/heif_decoder_libde265.cc:173:3", "important": false, "type": "Line"}, {"lineNumber": 62, "content": "    #6 0x63beb9 in heif::HeifContext::decode_image_planar(unsigned int, std::__1::shared_ptr&lt;heif::HeifPixelImage&gt;&amp;, heif_colorspace, heif_decoding_options const*, bool) const /src/libheif/libheif/heif_context.cc:1086:29", "important": false, "type": "Line"}, {"lineNumber": 63, "content": "    #7 0x63a495 in heif::HeifContext::decode_image_user(unsigned int, std::__1::shared_ptr&lt;heif::HeifPixelImage&gt;&amp;, heif_colorspace, heif_chroma, heif_decoding_options const*) const /src/libheif/libheif/heif_context.cc:1014:15", "important": false, "type": "Line"}, {"lineNumber": 64, "content": "    #8 0x60c15f in heif_decode_image /src/libheif/libheif/heif.cc:917:35", "important": false, "type": "Line"}, {"lineNumber": 65, "content": "    #9 0x6c76bd in TestDecodeImage(heif_context*, heif_image_handle const*, unsigned long) /src/libheif/libheif/file_fuzzer.cc:61:9", "important": false, "type": "Line"}, {"lineNumber": 66, "content": "    #10 0x6c6f97 in LLVMFuzzerTestOneInput /src/libheif/libheif/file_fuzzer.cc:102:5", "important": false, "type": "Line"}, {"lineNumber": 67, "content": "    #11 0x4583c3 in fuzzer::Fuzzer::ExecuteCallback(unsigned char const*, unsigned long) cxa_noexception.cpp:0", "important": false, "type": "Line"}, {"lineNumber": 68, "content": "    #12 0x443cd2 in fuzzer::RunOneTest(fuzzer::Fuzzer*, char const*, unsigned long) /src/llvm-project/compiler-rt/lib/fuzzer/FuzzerDriver.cpp:324:6", "important": false, "type": "Line"}, {"lineNumber": 69, "content": "    #13 0x44979a in fuzzer::FuzzerDriver(int*, char***, int (*)(unsigned char const*, unsigned long)) cxa_noexception.cpp:0", "important": false, "type": "Line"}, {"lineNumber": 70, "content": "    #14 0x4726c2 in main /src/llvm-project/compiler-rt/lib/fuzzer/FuzzerMain.cpp:20:10", "important": false, "type": "Line"}, {"lineNumber": 71, "content": "    #15 0x7f8b7d2640b2 in __libc_start_main", "important": false, "type": "Line"}, {"lineNumber": 72, "content": "", "important": false, "type": "Line"}, {"lineNumber": 73, "content": "==32842==ABORTING", "important": false, "type": "Line"}, {"lineNumber": 74, "content": "", "important": false, "type": "Line"}, {"lineNumber": 75, "content": "", "important": false, "type": "Line"}, {"lineNumber": 76, "content": "+----------------------------------------Release Build Unsymbolized Stacktrace (diff)----------------------------------------+", "important": false, "type": "Line"}, {"lineNumber": 77, "content": "", "important": false, "type": "Line"}, {"lineNumber": 78, "content": "==32842==ERROR: AddressSanitizer: heap-buffer-overflow on address 0x613000006278 at pc 0x000001ccbfaf bp 0x7f8b79af7990 sp 0x7f8b79af7988", "important": false, "type": "Line"}, {"lineNumber": 79, "content": "READ of size 1 at 0x613000006278 thread T2", "important": false, "type": "Line"}, {"lineNumber": 80, "content": "    #0 0x1ccbfae  (/clusterfuzz/run_bot/clusterfuzz/bot/builds/libheif_libfuzzer_asan/custom/file-fuzzer+0x1ccbfae)", "important": false, "type": "Line"}, {"lineNumber": 81, "content": "    #1 0x1cc7884  (/clusterfuzz/run_bot/clusterfuzz/bot/builds/libheif_libfuzzer_asan/custom/file-fuzzer+0x1cc7884)", "important": false, "type": "Line"}, {"lineNumber": 82, "content": "    #2 0x1d002fd  (/clusterfuzz/run_bot/clusterfuzz/bot/builds/libheif_libfuzzer_asan/custom/file-fuzzer+0x1d002fd)", "important": false, "type": "Line"}, {"lineNumber": 83, "content": "    #3 0x7f8b7d438608  (/lib/x86_64-linux-gnu/libpthread.so.0+0x9608)", "important": false, "type": "Line"}, {"lineNumber": 84, "content": "    #4 0x7f8b7d35f292  (/lib/x86_64-linux-gnu/libc.so.6+0x122292)", "important": false, "type": "Line"}, {"lineNumber": 85, "content": "", "important": false, "type": "Line"}, {"lineNumber": 86, "content": "Address 0x613000006278 is a wild pointer inside of access range of size 0x000000000001.", "important": false, "type": "Line"}, {"lineNumber": 87, "content": "SUMMARY: AddressSanitizer: heap-buffer-overflow (/clusterfuzz/run_bot/clusterfuzz/bot/builds/libheif_libfuzzer_asan/custom/file-fuzzer+0x1ccbfae) ", "important": false, "type": "Line"}, {"lineNumber": 88, "content": "Shadow bytes around the buggy address:", "important": false, "type": "Line"}, {"lineNumber": 89, "content": "  0x0c267fff8bf0: fa fa fa fa fa fa fa fa fa fa fa fa fa fa fa fa", "important": false, "type": "Line"}, {"lineNumber": 90, "content": "  0x0c267fff8c00: fa fa fa fa fa fa fa fa fa fa fa fa fa fa fa fa", "important": false, "type": "Line"}, {"lineNumber": 91, "content": "  0x0c267fff8c10: fa fa fa fa fa fa fa fa fa fa fa fa fa fa fa fa", "important": false, "type": "Line"}, {"lineNumber": 92, "content": "  0x0c267fff8c20: fa fa fa fa fa fa fa fa fa fa fa fa fa fa fa fa", "important": false, "type": "Line"}, {"lineNumber": 93, "content": "  0x0c267fff8c30: fa fa fa fa fa fa fa fa fa fa fa fa fa fa fa fa", "important": false, "type": "Line"}, {"lineNumber": 94, "content": "=&gt;0x0c267fff8c40: fa fa fa fa fa fa fa fa fa fa fa fa fa fa fa[fa]", "important": false, "type": "Line"}, {"lineNumber": 95, "content": "  0x0c267fff8c50: fa fa fa fa fa fa fa fa fa fa fa fa fa fa fa fa", "important": false, "type": "Line"}, {"lineNumber": 96, "content": "  0x0c267fff8c60: fa fa fa fa fa fa fa fa fa fa fa fa fa fa fa fa", "important": false, "type": "Line"}, {"lineNumber": 97, "content": "  0x0c267fff8c70: fa fa fa fa fa fa fa fa fa fa fa fa fa fa fa fa", "important": false, "type": "Line"}, {"lineNumber": 98, "content": "  0x0c267fff8c80: fa fa fa fa fa fa fa fa fa fa fa fa fa fa fa fa", "important": false, "type": "Line"}, {"lineNumber": 99, "content": "  0x0c267fff8c90: fa fa fa fa fa fa fa fa fa fa fa fa fa fa fa fa", "important": false, "type": "Line"}, {"lineNumber": 100, "content": "Shadow byte legend (one shadow byte represents 8 application bytes):", "important": false, "type": "Line"}, {"lineNumber": 101, "content": "  Addressable:           00", "important": false, "type": "Line"}, {"lineNumber": 102, "content": "  Partially addressable: 01 02 03 04 05 06 07 ", "important": false, "type": "Line"}, {"lineNumber": 103, "content": "  Heap left redzone:       fa", "important": false, "type": "Line"}, {"lineNumber": 104, "content": "  Freed heap region:       fd", "important": false, "type": "Line"}, {"lineNumber": 105, "content": "  Stack left redzone:      f1", "important": false, "type": "Line"}, {"lineNumber": 106, "content": "  Stack mid redzone:       f2", "important": false, "type": "Line"}, {"lineNumber": 107, "content": "  Stack right redzone:     f3", "important": false, "type": "Line"}, {"lineNumber": 108, "content": "  Stack after return:      f5", "important": false, "type": "Line"}, {"lineNumber": 109, "content": "  Stack use after scope:   f8", "important": false, "type": "Line"}, {"lineNumber": 110, "content": "  Global redzone:          f9", "important": false, "type": "Line"}, {"lineNumber": 111, "content": "  Global init order:       f6", "important": false, "type": "Line"}, {"lineNumber": 112, "content": "  Poisoned by user:        f7", "important": false, "type": "Line"}, {"lineNumber": 113, "content": "  Container overflow:      fc", "important": false, "type": "Line"}, {"lineNumber": 114, "content": "  Array cookie:            ac", "important": false, "type": "Line"}, {"lineNumber": 115, "content": "  Intra object redzone:    bb", "important": false, "type": "Line"}, {"lineNumber": 116, "content": "  ASan internal:           fe", "important": false, "type": "Line"}, {"lineNumber": 117, "content": "  Left alloca redzone:     ca", "important": false, "type": "Line"}, {"lineNumber": 118, "content": "  Right alloca redzone:    cb", "important": false, "type": "Line"}, {"lineNumber": 119, "content": "Thread T2 created by T0 here:", "important": false, "type": "Line"}, {"lineNumber": 120, "content": "    #0 0x510c8c  (/clusterfuzz/run_bot/clusterfuzz/bot/builds/libheif_libfuzzer_asan/custom/file-fuzzer+0x510c8c)", "important": false, "type": "Line"}, {"lineNumber": 121, "content": "    #1 0x1cffea1  (/clusterfuzz/run_bot/clusterfuzz/bot/builds/libheif_libfuzzer_asan/custom/file-fuzzer+0x1cffea1)", "important": false, "type": "Line"}, {"lineNumber": 122, "content": "    #2 0x1c78a23  (/clusterfuzz/run_bot/clusterfuzz/bot/builds/libheif_libfuzzer_asan/custom/file-fuzzer+0x1c78a23)", "important": false, "type": "Line"}, {"lineNumber": 123, "content": "    #3 0x1c74206  (/clusterfuzz/run_bot/clusterfuzz/bot/builds/libheif_libfuzzer_asan/custom/file-fuzzer+0x1c74206)", "important": false, "type": "Line"}, {"lineNumber": 124, "content": "    #4 0x6ba656  (/clusterfuzz/run_bot/clusterfuzz/bot/builds/libheif_libfuzzer_asan/custom/file-fuzzer+0x6ba656)", "important": false, "type": "Line"}, {"lineNumber": 125, "content": "    #5 0x63beb9  (/clusterfuzz/run_bot/clusterfuzz/bot/builds/libheif_libfuzzer_asan/custom/file-fuzzer+0x63beb9)", "important": false, "type": "Line"}, {"lineNumber": 126, "content": "    #6 0x63a495  (/clusterfuzz/run_bot/clusterfuzz/bot/builds/libheif_libfuzzer_asan/custom/file-fuzzer+0x63a495)", "important": false, "type": "Line"}, {"lineNumber": 127, "content": "    #7 0x60c15f  (/clusterfuzz/run_bot/clusterfuzz/bot/builds/libheif_libfuzzer_asan/custom/file-fuzzer+0x60c15f)", "important": false, "type": "Line"}, {"lineNumber": 128, "content": "    #8 0x6c76bd  (/clusterfuzz/run_bot/clusterfuzz/bot/builds/libheif_libfuzzer_asan/custom/file-fuzzer+0x6c76bd)", "important": false, "type": "Line"}, {"lineNumber": 129, "content": "    #9 0x6c6f97  (/clusterfuzz/run_bot/clusterfuzz/bot/builds/libheif_libfuzzer_asan/custom/file-fuzzer+0x6c6f97)", "important": false, "type": "Line"}, {"lineNumber": 130, "content": "    #10 0x4583c3  (/clusterfuzz/run_bot/clusterfuzz/bot/builds/libheif_libfuzzer_asan/custom/file-fuzzer+0x4583c3)", "important": false, "type": "Line"}, {"lineNumber": 131, "content": "    #11 0x443cd2  (/clusterfuzz/run_bot/clusterfuzz/bot/builds/libheif_libfuzzer_asan/custom/file-fuzzer+0x443cd2)", "important": false, "type": "Line"}, {"lineNumber": 132, "content": "    #12 0x44979a  (/clusterfuzz/run_bot/clusterfuzz/bot/builds/libheif_libfuzzer_asan/custom/file-fuzzer+0x44979a)", "important": false, "type": "Line"}, {"lineNumber": 133, "content": "    #13 0x4726c2  (/clusterfuzz/run_bot/clusterfuzz/bot/builds/libheif_libfuzzer_asan/custom/file-fuzzer+0x4726c2)", "important": false, "type": "Line"}, {"lineNumber": 134, "content": "    #14 0x7f8b7d2640b2  (/lib/x86_64-linux-gnu/libc.so.6+0x270b2)", "important": false, "type": "Line"}], "revision": "1"}, "last_tested_crash_stacktrace": {"lines": [], "revision": null}, "security_severity": "Medium", "security_severities": [{"value": 0, "name": "Critical"}, {"value": 1, "name": "High", "default": true}, {"value": 2, "name": "Medium"}, {"value": 3, "name": "Low"}, {"value": 4, "name": "Missing"}], "stats": {"min_hour": 1, "max_hour": 1}, "suspected_cls": null, "testcase": {"absolute_path": "/clusterfuzz/run_bot/clusterfuzz/bot/inputs/fuzzer-testcases/crash-742ba2e7658dcf0d97679fa3b44948ce6e5e9339", "additional_metadata": "{\"build_key\": \"79155d03-4d1e-4578-ad34-979dbe80a979\", \"env\": {\"ASAN_OPTIONS\": {}}, \"fuzzer_binary_name\": \"file-fuzzer\", \"fuzzing_strategies\": {\"corpus_mutations_radamsa\": 1, \"corpus_subset\": 100}}", "archive_filename": null, "archive_state": 0, "binary_flag": true, "bug_indices": [], "bug_information": "", "comments": "[2021-11-30 02:21:04 UTC] snode8-20211129-17:28: Fuzz task : Fuzzer libFuzzer_file-fuzzer generated testcase crashed in 1 seconds (r1).\n[2021-11-30 03:47:37 UTC] snode8-20211129-17:28: Minimize task started.\n[2021-11-30 04:12:30 UTC] snode8-20211129-17:28: Minimize task finished.\n", "crash_address": "0x613000006278", "crash_revision": 1, "crash_stacktrace": "[Environment] ASAN_OPTIONS=exitcode=77\n+----------------------------------------Release Build Stacktrace----------------------------------------+\nCommand: /clusterfuzz/run_bot/clusterfuzz/bot/builds/libheif_libfuzzer_asan/custom/file-fuzzer -rss_limit_mb=2560 -timeout=60 -runs=100 /clusterfuzz/run_bot/clusterfuzz/bot/inputs/fuzzer-testcases/807a2609974bce30bb497cb61256c853658dcf0d97679fa3b44948ce6e5e9339\nTime ran: 0.04964113235473633\n\nINFO: Running with entropic power schedule (0xFF, 100).\nINFO: Seed: 3290016720\nINFO: Loaded 1 modules   (136015 inline 8-bit counters): 136015 [0x27ef500, 0x281084f),\nINFO: Loaded 1 PC tables (136015 PCs): 136015 [0x2810850,0x2a23d40),\n/clusterfuzz/run_bot/clusterfuzz/bot/builds/libheif_libfuzzer_asan/custom/file-fuzzer: Running 1 inputs 100 time(s) each.\nRunning: /clusterfuzz/run_bot/clusterfuzz/bot/inputs/fuzzer-testcases/807a2609974bce30bb497cb61256c853658dcf0d97679fa3b44948ce6e5e9339\n=================================================================\n==32842==ERROR: AddressSanitizer: heap-buffer-overflow on address 0x613000006278 at pc 0x000001ccbfaf bp 0x7f8b79af7990 sp 0x7f8b79af7988\nREAD of size 1 at 0x613000006278 thread T2\n    #0 0x1ccbfae in void apply_sao_internal<unsigned short>(de265_image*, int, int, slice_segment_header const*, int, int, int, unsigned short const*, int, unsigned short*, int) /src/libde265/libde265/sao.cc:252:28\n    #1 0x1cc7884 in apply_sao<unsigned char> /src/libde265/libde265/sao.cc:270:5\n    #2 0x1cc7884 in thread_task_sao::work() /src/libde265/libde265/sao.cc:441:9\n    #3 0x1d002fd in worker_thread(void*) /src/libde265/libde265/threads.cc:233:11\n    #4 0x7f8b7d438608 in start_thread\n    #5 0x7f8b7d35f292 in __clone\n\nAddress 0x613000006278 is a wild pointer inside of access range of size 0x000000000001.\nSUMMARY: AddressSanitizer: heap-buffer-overflow (/clusterfuzz/run_bot/clusterfuzz/bot/builds/libheif_libfuzzer_asan/custom/file-fuzzer+0x1ccbfae)\nShadow bytes around the buggy address:\n  0x0c267fff8bf0: fa fa fa fa fa fa fa fa fa fa fa fa fa fa fa fa\n  0x0c267fff8c00: fa fa fa fa fa fa fa fa fa fa fa fa fa fa fa fa\n  0x0c267fff8c10: fa fa fa fa fa fa fa fa fa fa fa fa fa fa fa fa\n  0x0c267fff8c20: fa fa fa fa fa fa fa fa fa fa fa fa fa fa fa fa\n  0x0c267fff8c30: fa fa fa fa fa fa fa fa fa fa fa fa fa fa fa fa\n=>0x0c267fff8c40: fa fa fa fa fa fa fa fa fa fa fa fa fa fa fa[fa]\n  0x0c267fff8c50: fa fa fa fa fa fa fa fa fa fa fa fa fa fa fa fa\n  0x0c267fff8c60: fa fa fa fa fa fa fa fa fa fa fa fa fa fa fa fa\n  0x0c267fff8c70: fa fa fa fa fa fa fa fa fa fa fa fa fa fa fa fa\n  0x0c267fff8c80: fa fa fa fa fa fa fa fa fa fa fa fa fa fa fa fa\n  0x0c267fff8c90: fa fa fa fa fa fa fa fa fa fa fa fa fa fa fa fa\nShadow byte legend (one shadow byte represents 8 application bytes):\n  Addressable:           00\n  Partially addressable: 01 02 03 04 05 06 07\n  Heap left redzone:       fa\n  Freed heap region:       fd\n  Stack left redzone:      f1\n  Stack mid redzone:       f2\n  Stack right redzone:     f3\n  Stack after return:      f5\n  Stack use after scope:   f8\n  Global redzone:          f9\n  Global init order:       f6\n  Poisoned by user:        f7\n  Container overflow:      fc\n  Array cookie:            ac\n  Intra object redzone:    bb\n  ASan internal:           fe\n  Left alloca redzone:     ca\n  Right alloca redzone:    cb\nThread T2 created by T0 here:\n    #0 0x510c8c in pthread_create /src/llvm-project/compiler-rt/lib/asan/asan_interceptors.cpp:207:3\n    #1 0x1cffea1 in de265_thread_create /src/libde265/libde265/threads.cc:41:96\n    #2 0x1cffea1 in start_thread_pool(thread_pool*, int) /src/libde265/libde265/threads.cc:271:15\n    #3 0x1c78a23 in decoder_context::start_thread_pool(int) /src/libde265/libde265/decctx.cc:346:3\n    #4 0x1c74206 in de265_start_worker_threads /src/libde265/libde265/de265.cc:264:28\n    #5 0x6ba656 in libde265_new_decoder(void**) /src/libheif/libheif/heif_decoder_libde265.cc:173:3\n    #6 0x63beb9 in heif::HeifContext::decode_image_planar(unsigned int, std::__1::shared_ptr<heif::HeifPixelImage>&, heif_colorspace, heif_decoding_options const*, bool) const /src/libheif/libheif/heif_context.cc:1086:29\n    #7 0x63a495 in heif::HeifContext::decode_image_user(unsigned int, std::__1::shared_ptr<heif::HeifPixelImage>&, heif_colorspace, heif_chroma, heif_decoding_options const*) const /src/libheif/libheif/heif_context.cc:1014:15\n    #8 0x60c15f in heif_decode_image /src/libheif/libheif/heif.cc:917:35\n    #9 0x6c76bd in TestDecodeImage(heif_context*, heif_image_handle const*, unsigned long) /src/libheif/libheif/file_fuzzer.cc:61:9\n    #10 0x6c6f97 in LLVMFuzzerTestOneInput /src/libheif/libheif/file_fuzzer.cc:102:5\n    #11 0x4583c3 in fuzzer::Fuzzer::ExecuteCallback(unsigned char const*, unsigned long) cxa_noexception.cpp:0\n    #12 0x443cd2 in fuzzer::RunOneTest(fuzzer::Fuzzer*, char const*, unsigned long) /src/llvm-project/compiler-rt/lib/fuzzer/FuzzerDriver.cpp:324:6\n    #13 0x44979a in fuzzer::FuzzerDriver(int*, char***, int (*)(unsigned char const*, unsigned long)) cxa_noexception.cpp:0\n    #14 0x4726c2 in main /src/llvm-project/compiler-rt/lib/fuzzer/FuzzerMain.cpp:20:10\n    #15 0x7f8b7d2640b2 in __libc_start_main\n\n==32842==ABORTING\n\n\n+----------------------------------------Release Build Unsymbolized Stacktrace (diff)----------------------------------------+\n\n==32842==ERROR: AddressSanitizer: heap-buffer-overflow on address 0x613000006278 at pc 0x000001ccbfaf bp 0x7f8b79af7990 sp 0x7f8b79af7988\nREAD of size 1 at 0x613000006278 thread T2\n    #0 0x1ccbfae  (/clusterfuzz/run_bot/clusterfuzz/bot/builds/libheif_libfuzzer_asan/custom/file-fuzzer+0x1ccbfae)\n    #1 0x1cc7884  (/clusterfuzz/run_bot/clusterfuzz/bot/builds/libheif_libfuzzer_asan/custom/file-fuzzer+0x1cc7884)\n    #2 0x1d002fd  (/clusterfuzz/run_bot/clusterfuzz/bot/builds/libheif_libfuzzer_asan/custom/file-fuzzer+0x1d002fd)\n    #3 0x7f8b7d438608  (/lib/x86_64-linux-gnu/libpthread.so.0+0x9608)\n    #4 0x7f8b7d35f292  (/lib/x86_64-linux-gnu/libc.so.6+0x122292)\n\nAddress 0x613000006278 is a wild pointer inside of access range of size 0x000000000001.\nSUMMARY: AddressSanitizer: heap-buffer-overflow (/clusterfuzz/run_bot/clusterfuzz/bot/builds/libheif_libfuzzer_asan/custom/file-fuzzer+0x1ccbfae) \nShadow bytes around the buggy address:\n  0x0c267fff8bf0: fa fa fa fa fa fa fa fa fa fa fa fa fa fa fa fa\n  0x0c267fff8c00: fa fa fa fa fa fa fa fa fa fa fa fa fa fa fa fa\n  0x0c267fff8c10: fa fa fa fa fa fa fa fa fa fa fa fa fa fa fa fa\n  0x0c267fff8c20: fa fa fa fa fa fa fa fa fa fa fa fa fa fa fa fa\n  0x0c267fff8c30: fa fa fa fa fa fa fa fa fa fa fa fa fa fa fa fa\n=>0x0c267fff8c40: fa fa fa fa fa fa fa fa fa fa fa fa fa fa fa[fa]\n  0x0c267fff8c50: fa fa fa fa fa fa fa fa fa fa fa fa fa fa fa fa\n  0x0c267fff8c60: fa fa fa fa fa fa fa fa fa fa fa fa fa fa fa fa\n  0x0c267fff8c70: fa fa fa fa fa fa fa fa fa fa fa fa fa fa fa fa\n  0x0c267fff8c80: fa fa fa fa fa fa fa fa fa fa fa fa fa fa fa fa\n  0x0c267fff8c90: fa fa fa fa fa fa fa fa fa fa fa fa fa fa fa fa\nShadow byte legend (one shadow byte represents 8 application bytes):\n  Addressable:           00\n  Partially addressable: 01 02 03 04 05 06 07 \n  Heap left redzone:       fa\n  Freed heap region:       fd\n  Stack left redzone:      f1\n  Stack mid redzone:       f2\n  Stack right redzone:     f3\n  Stack after return:      f5\n  Stack use after scope:   f8\n  Global redzone:          f9\n  Global init order:       f6\n  Poisoned by user:        f7\n  Container overflow:      fc\n  Array cookie:            ac\n  Intra object redzone:    bb\n  ASan internal:           fe\n  Left alloca redzone:     ca\n  Right alloca redzone:    cb\nThread T2 created by T0 here:\n    #0 0x510c8c  (/clusterfuzz/run_bot/clusterfuzz/bot/builds/libheif_libfuzzer_asan/custom/file-fuzzer+0x510c8c)\n    #1 0x1cffea1  (/clusterfuzz/run_bot/clusterfuzz/bot/builds/libheif_libfuzzer_asan/custom/file-fuzzer+0x1cffea1)\n    #2 0x1c78a23  (/clusterfuzz/run_bot/clusterfuzz/bot/builds/libheif_libfuzzer_asan/custom/file-fuzzer+0x1c78a23)\n    #3 0x1c74206  (/clusterfuzz/run_bot/clusterfuzz/bot/builds/libheif_libfuzzer_asan/custom/file-fuzzer+0x1c74206)\n    #4 0x6ba656  (/clusterfuzz/run_bot/clusterfuzz/bot/builds/libheif_libfuzzer_asan/custom/file-fuzzer+0x6ba656)\n    #5 0x63beb9  (/clusterfuzz/run_bot/clusterfuzz/bot/builds/libheif_libfuzzer_asan/custom/file-fuzzer+0x63beb9)\n    #6 0x63a495  (/clusterfuzz/run_bot/clusterfuzz/bot/builds/libheif_libfuzzer_asan/custom/file-fuzzer+0x63a495)\n    #7 0x60c15f  (/clusterfuzz/run_bot/clusterfuzz/bot/builds/libheif_libfuzzer_asan/custom/file-fuzzer+0x60c15f)\n    #8 0x6c76bd  (/clusterfuzz/run_bot/clusterfuzz/bot/builds/libheif_libfuzzer_asan/custom/file-fuzzer+0x6c76bd)\n    #9 0x6c6f97  (/clusterfuzz/run_bot/clusterfuzz/bot/builds/libheif_libfuzzer_asan/custom/file-fuzzer+0x6c6f97)\n    #10 0x4583c3  (/clusterfuzz/run_bot/clusterfuzz/bot/builds/libheif_libfuzzer_asan/custom/file-fuzzer+0x4583c3)\n    #11 0x443cd2  (/clusterfuzz/run_bot/clusterfuzz/bot/builds/libheif_libfuzzer_asan/custom/file-fuzzer+0x443cd2)\n    #12 0x44979a  (/clusterfuzz/run_bot/clusterfuzz/bot/builds/libheif_libfuzzer_asan/custom/file-fuzzer+0x44979a)\n    #13 0x4726c2  (/clusterfuzz/run_bot/clusterfuzz/bot/builds/libheif_libfuzzer_asan/custom/file-fuzzer+0x4726c2)\n    #14 0x7f8b7d2640b2  (/lib/x86_64-linux-gnu/libc.so.6+0x270b2)\n", "crash_state": "void apply_sao_internal<unsigned short>\nthread_task_sao::work\nworker_thread\n", "crash_type": "Heap-buffer-overflow\nREAD 1", "disable_ubsan": false, "duplicate_of": null, "fixed": "", "flaky_stack": false, "fuzzed_keys": "202b25b0-c607-457f-917d-faddc0776ed3", "fuzzer_name": "libFuzzer", "fuzzer_name_indices": ["libFuzzer_file-fuzzer", "libFuzzer"], "gestures": [], "group_bug_information": 0, "group_id": 45562, "has_bug_flag": false, "http_flag": false, "impact_beta_version": null, "impact_beta_version_indices": [], "impact_beta_version_likely": false, "impact_extended_stable_version": null, "impact_extended_stable_version_indices": [], "impact_extended_stable_version_likely": false, "impact_head_version": null, "impact_head_version_indices": [], "impact_head_version_likely": null, "impact_indices": [], "impact_stable_version": null, "impact_stable_version_indices": [], "impact_stable_version_likely": false, "impact_version_indices": [], "is_a_duplicate_flag": false, "is_impact_set_flag": false, "is_leader": true, "job_type": "libheif_libfuzzer_asan", "keywords": ["libfuzzer_file-fuzzer", "apply_sao_internal<unsigned short>", "libheif_libfuzzer_asan", "unsigned", "work", "void apply_sao", "thread_task_sao::work", "fuzzer_file-fuzzer", "worker_thread", "overflow", "apply_sao_internal<unsigned short", "asan", "thread", "libfuzzer_file", "unsigned short", "apply", "internal<unsigned short", "heap", "apply_sao_internal", "void apply_sao_internal", "thread_task", "void apply_sao_internal<unsigned short", "sao_internal<unsigned short>", "short", "fuzzer_file", "libheif_libfuzzer", "read", "sao::work", "libfuzzer_asan", "buffer", "fuzzer", "apply_sao_internal<unsigned", "linux", "sao", "sao_internal<unsigned", "internal<unsigned", "1", "thread_task_sao", "worker", "void", "read 1", "heap-buffer-overflow", "void apply", "file-fuzzer", "task_sao", "file", "apply_sao", "void apply_sao_internal<unsigned short>", "internal<unsigned short>", "short>", "heap-buffer", "internal", "libheif", "buffer-overflow", "libfuzzer", "sao_internal", "void apply_sao_internal<unsigned", "task", "lib", "sao_internal<unsigned short", "unsigned short>", "task_sao::work"], "last_tested_crash_stacktrace": null, "minidump_keys": "", "minimized_arguments": "-rss_limit_mb=2560 -timeout=60", "minimized_keys": "5fcc7f2e-2e87-4ddb-a2f0-68f6adfd2f1b", "one_time_crasher_flag": false, "open": true, "overridden_fuzzer_name": "libFuzzer_file-fuzzer", "platform": "linux", "platform_id": "linux", "project_name": "test-project", "queue": "jobs-linux", "redzone": 32, "regression": "NA", "security_flag": true, "security_severity": 2, "status": "Processed", "symbolized": false, "timeout_multiplier": 1.0, "timestamp": 1638238864, "triaged": false, "uploader_email": null, "window_argument": "", "id": 42900}, "timestamp": 1638238864.727202, "show_blame": false, "show_impact": false, "impacts_production": false, "find_similar_issues_options": [{"type": "open", "label": "Open"}, {"type": "all", "label": "All"}], "auto_delete_timestamp": null, "auto_close_timestamp": null, "memory_tool_display_label": "Sanitizer", "memory_tool_display_value": "address (ASAN)", "last_tested": "1:1 (No component revisions found!)", "is_admin_or_not_oss_fuzz": true, "has_issue_tracker": false, "reproduction_help_url": "", "is_local_development": true, "fuzzer_display": {"engine": "libFuzzer", "target": "file-fuzzer", "name": "libFuzzer", "fully_qualified_name": "libFuzzer_file-fuzzer"}}