{"id": 43789, "crash_type": "ASSERT", "crash_address": "", "crash_state": "cannot parse JSON: cannot parse array: cannot parse array value: cannot parse ar\nfastjson.MustParseBytes\n", "crash_state_lines": ["cannot parse JSON: cannot parse array: cannot parse array value: cannot parse ar", "fastjson.MustParseBytes"], "crash_revision": 2, "csrf_token": "D6S+cXG/eQvjQp1jhkN2Yfq5FoCaAiuUjD0oLthouNSAPb8xaAgWvNikB3AHnFnrgfWQIz/OKB4owWUbxHHo3A==", "external_user": false, "footer": "[2021-11-30 03:23:34 UTC] comput10-20211129-15:14: Fuzz task : Fuzzer libFuzzer_fuzz generated testcase crashed in 2488 seconds (r2).\n[2021-11-30 04:16:07 UTC] comput7-20211129-15:14: Minimize task started.\n[2021-11-30 04:42:33 UTC] comput7-20211129-15:14: Minimize task finished.\n", "formatted_reproduction_help": "", "fixed": "NO", "fixed_full": null, "issue_url": null, "is_admin": true, "metadata": {"build_key": "4e018995-b547-4d62-9996-927ae32ecee2", "env": {"MSAN_OPTIONS": {}}, "fuzzer_binary_name": "fuzz", "fuzzing_strategies": {"mutator_plugin_radamsa": 1, "value_profile": 1}}, "minimized_testcase_size": "602 B", "needs_refresh": false, "original_testcase_size": "780 B", "privileged_user": true, "regression": "NA", "crash_stacktrace": {"lines": [{"lineNumber": 1, "content": "[Environment] MSAN_OPTIONS=exitcode=77", "important": false, "type": "Line"}, {"lineNumber": 2, "content": "+----------------------------------------Release Build Stacktrace----------------------------------------+", "important": false, "type": "Line"}, {"lineNumber": 3, "content": "Command: /clusterfuzz/run_bot/clusterfuzz/bot/builds/fastjson_libfuzzer_msan/custom/fuzz -rss_limit_mb=2560 -timeout=60 -runs=100 /clusterfuzz/run_bot/clusterfuzz/bot/inputs/fuzzer-testcases/606514f837d81276d924e0b5250dca7f242746fc8b0225ca2ed464878464fa87", "important": false, "type": "Line"}, {"lineNumber": 4, "content": "Time ran: 0.03821086883544922", "important": false, "type": "Line"}, {"lineNumber": 5, "content": "", "important": false, "type": "Line"}, {"lineNumber": 6, "content": "INFO: Running with entropic power schedule (0xFF, 100).", "important": false, "type": "Line"}, {"lineNumber": 7, "content": "INFO: Seed: 797760647", "important": false, "type": "Line"}, {"lineNumber": 8, "content": "INFO: 3015 Extra Counters", "important": false, "type": "Line"}, {"lineNumber": 9, "content": "/clusterfuzz/run_bot/clusterfuzz/bot/builds/fastjson_libfuzzer_msan/custom/fuzz: Running 1 inputs 100 time(s) each.", "important": false, "type": "Line"}, {"lineNumber": 10, "content": "Running: /clusterfuzz/run_bot/clusterfuzz/bot/inputs/fuzzer-testcases/606514f837d81276d924e0b5250dca7f242746fc8b0225ca2ed464878464fa87", "important": false, "type": "Line"}, {"lineNumber": 11, "content": "panic: cannot parse JSON: cannot parse array: cannot parse array value: cannot parse array: cannot parse array value: cannot parse array: cannot parse array value: cannot parse array: cannot parse array value: cannot parse array: cannot parse array value: cannot parse array: cannot parse array value: cannot parse array: cannot parse array value: cannot parse array: cannot parse array value: cannot parse array: cannot parse array value: cannot parse array: cannot parse array value: cannot parse array: cannot parse array value: cannot parse array: cannot parse array value: cannot parse array: cannot parse array value: cannot parse array: cannot parse array value: cannot parse array: cannot parse array value: cannot parse array: cannot parse array value: cannot parse array: cannot parse array value: cannot parse array: cannot parse array value: cannot parse array: cannot parse array value: cannot parse array: cannot parse array value: cannot parse array: cannot parse array value: cannot parse array: cannot parse array value: cannot parse array: cannot parse array value: cannot parse array: cannot parse array value: cannot parse array: cannot parse array value: cannot parse array: cannot parse array value: cannot parse array: cannot parse array value: cannot parse array: cannot parse array value: cannot parse array: cannot parse array value: cannot parse array: cannot parse array value: cannot parse array: cannot parse array value: cannot parse array: cannot parse array value: cannot parse array: cannot parse array value: cannot parse array: cannot parse array value: cannot parse array: cannot parse array value: cannot parse array: cannot parse array value: cannot parse array: cannot parse array value: cannot parse array: cannot parse array value: cannot parse array: cannot parse array value: cannot parse array: cannot parse array value: cannot parse array: cannot parse array value: cannot parse array: cannot parse array value: cannot parse array: cannot parse array value: cannot parse array: cannot parse array value: cannot parse array: cannot parse array value: cannot parse array: cannot parse array value: cannot parse array: cannot parse array value: cannot parse array: cannot parse array value: cannot parse array: cannot parse array value: cannot parse array: cannot parse array value: cannot parse array: cannot parse array value: cannot parse array: cannot parse array value: cannot parse array: cannot parse array value: cannot parse array: cannot parse array value: cannot parse array: cannot parse array value: cannot parse array: cannot parse array value: cannot parse array: cannot parse array value: cannot parse array: cannot parse array value: cannot parse array: cannot parse array value: cannot parse array: cannot parse array value: cannot parse array: cannot parse array value: cannot parse array: cannot parse array value: cannot parse array: cannot parse array value: cannot parse array: cannot parse array value: cannot parse array: cannot parse array value: cannot parse array: cannot parse array value: cannot parse array: cannot parse array value: cannot parse array: cannot parse array value: cannot parse array: cannot parse array value: cannot parse array: cannot parse array value: cannot parse array: cannot parse array value: cannot parse array: cannot parse array value: cannot parse array: cannot parse array value: cannot parse array: cannot parse array value: cannot parse array: cannot parse array value: cannot parse array: cannot parse array value: cannot parse array: cannot parse array value: cannot parse array: cannot parse array value: cannot parse array: cannot parse array value: cannot parse array: cannot parse array value: cannot parse array: cannot parse array value: cannot parse array: cannot parse array value: cannot parse array: cannot parse array value: cannot parse array: cannot parse array value: cannot parse array: cannot parse array value: cannot parse array: cannot parse array value: cannot parse array: cannot parse array value: cannot parse array: cannot parse array value: cannot parse array: cannot parse array value: cannot parse array: cannot parse array value: cannot parse array: cannot parse array value: cannot parse array: cannot parse array value: cannot parse array: cannot parse array value: cannot parse array: cannot parse array value: cannot parse array: cannot parse array value: cannot parse array: cannot parse array value: cannot parse array: cannot parse array value: cannot parse array: cannot parse array value: cannot parse array: cannot parse array value: cannot parse array: cannot parse array value: cannot parse array: cannot parse array value: cannot parse array: cannot parse array value: cannot parse array: cannot parse array value: cannot parse array: cannot parse array value: cannot parse array: cannot parse array value: cannot parse array: cannot parse array value: cannot parse array: cannot parse array value: cannot parse array: cannot parse array value: cannot parse array: cannot parse array value: cannot parse array: cannot parse array value: cannot parse array: cannot parse array value: cannot parse array: cannot parse array value: cannot parse array: cannot parse array value: cannot parse array: cannot parse array value: cannot parse array: cannot parse array value: cannot parse array: cannot parse array value: cannot parse array: cannot parse array value: cannot parse array: cannot parse array value: cannot parse array: cannot parse array value: cannot parse array: cannot parse array value: cannot parse array: cannot parse array value: cannot parse array: cannot parse array value: cannot parse array: cannot parse array value: cannot parse array: cannot parse array value: cannot parse array: cannot parse array value: cannot parse array: cannot parse array value: cannot parse array: cannot parse array value: cannot parse array: cannot parse array value: cannot parse array: cannot parse array value: cannot parse array: cannot parse array value: cannot parse array: cannot parse array value: cannot parse array: cannot parse array value: cannot parse array: cannot parse array value: cannot parse array: cannot parse array value: cannot parse array: cannot parse array value: cannot parse array: cannot parse array value: cannot parse array: cannot parse array value: cannot parse array: cannot parse array value: cannot parse array: cannot parse array value: cannot parse array: cannot parse array value: cannot parse array: cannot parse array value: cannot parse array: cannot parse array value: cannot parse array: cannot parse array value: cannot parse array: cannot parse array value: cannot parse array: cannot parse array value: cannot parse array: cannot parse array value: cannot parse array: cannot parse array value: cannot parse array: cannot parse array value: cannot parse array: cannot parse array value: cannot parse array: cannot parse array value: cannot parse array: cannot parse array value: cannot parse array: cannot parse array value: cannot parse array: cannot parse array value: cannot parse array: cannot parse array value: cannot parse array: cannot parse array value: cannot parse array: cannot parse array value: cannot parse array: cannot parse array value: cannot parse array: cannot parse array value: cannot parse array: cannot parse array value: cannot parse array: cannot parse array value: cannot parse array: cannot parse array value: cannot parse array: cannot parse array value: cannot parse array: cannot parse array value: cannot parse array: cannot parse array value: cannot parse array: cannot parse array value: cannot parse array: cannot parse array value: cannot parse array: cannot parse array value: cannot parse array: cannot parse array value: cannot parse array: cannot parse array value: cannot parse array: cannot parse array value: cannot parse array: cannot parse array value: cannot parse array: cannot parse array value: cannot parse array: cannot parse array value: cannot parse array: cannot parse array value: cannot parse array: cannot parse array value: cannot parse array: cannot parse array value: cannot parse array: cannot parse array value: cannot parse array: cannot parse array value: cannot parse array: cannot parse array value: cannot parse array: cannot parse array value: cannot parse array: cannot parse array value: cannot parse array: cannot parse array value: cannot parse array: cannot parse array value: cannot parse array: cannot parse array value: cannot parse array: cannot parse array value: cannot parse array: cannot parse array value: cannot parse array: cannot parse array value: cannot parse array: cannot parse array value: cannot parse array: cannot parse array value: cannot parse array: cannot parse array value: cannot parse array: cannot parse array value: cannot parse array: cannot parse array value: cannot parse array: cannot parse array value: cannot parse array: cannot parse array value: cannot parse array: cannot parse array value: cannot parse array: cannot parse array value: cannot parse array: cannot parse array value: cannot parse array: cannot parse array value: cannot parse array: cannot parse array value: cannot parse array: cannot parse array value: cannot parse array: cannot parse array value: cannot parse array: cannot parse array value: cannot parse array: cannot parse array value: cannot parse array: cannot parse array value: cannot parse array: cannot parse array value: cannot parse array: cannot parse array value: cannot parse array: cannot parse array value: cannot parse array: cannot parse array value: cannot parse array: cannot parse array value: cannot parse array: cannot parse array value: cannot parse array: cannot parse array value: cannot parse array: cannot parse array value: cannot parse array: cannot parse array value: cannot parse array: cannot parse array value: cannot parse array: cannot parse array value: cannot parse array: cannot parse array value: cannot parse array: cannot parse array value: cannot parse array: cannot parse array value: cannot parse array: cannot parse array value: cannot parse array: cannot parse array value: cannot parse array: cannot parse array value: cannot parse array: cannot parse array value: cannot parse array: cannot parse array value: cannot parse array: cannot parse array value: cannot parse array: cannot parse array value: cannot parse array: cannot parse array value: cannot parse array: cannot parse array value: cannot parse array: cannot parse array value: cannot parse array: cannot parse array value: cannot parse array: cannot parse array value: cannot parse array: cannot parse array value: cannot parse array: cannot parse array value: cannot parse array: cannot parse array value: cannot parse array: cannot parse array value: cannot parse array: cannot parse array value: cannot parse array: cannot parse array value: cannot parse array: cannot parse array value: cannot parse array: cannot parse array value: cannot parse array: cannot parse array value: cannot parse array: cannot parse array value: cannot parse array: cannot parse array value: cannot parse array: cannot parse array value: cannot parse array: cannot parse array value: cannot parse array: cannot parse array value: cannot parse array: cannot parse array value: cannot parse array: cannot parse array value: cannot parse array: cannot parse array value: cannot parse array: cannot parse array value: cannot parse array: cannot parse array value: cannot parse array: cannot parse array value: cannot parse array: cannot parse array value: cannot parse array: cannot parse array value: cannot parse array: cannot parse array value: cannot parse array: cannot parse array value: cannot parse array: cannot parse array value: cannot parse array: cannot parse array value: cannot parse array: cannot parse array value: cannot parse array: cannot parse array value: cannot parse array: cannot parse array value: cannot parse array: cannot parse array value: cannot parse array: cannot parse array value: cannot parse array: cannot parse array value: cannot parse array: cannot parse array value: cannot parse array: cannot parse array value: cannot parse array: cannot parse array value: cannot parse array: cannot parse array value: cannot parse array: cannot parse array value: cannot parse array: cannot parse array value: cannot parse array: cannot parse array value: cannot parse array: cannot parse array value: cannot parse array: cannot parse array value: cannot parse array: cannot parse array value: cannot parse array: cannot parse array value: cannot parse array: cannot parse array value: cannot parse array: cannot parse array value: cannot parse array: cannot parse array value: cannot parse array: cannot parse array value: cannot parse array: cannot parse array value: cannot parse array: cannot parse array value: cannot parse array: cannot parse array value: cannot parse array: cannot parse array value: cannot parse array: cannot parse array value: cannot parse array: cannot parse array value: cannot parse array: cannot parse array value: cannot parse array: cannot parse array value: cannot parse array: cannot parse array value: cannot parse array: cannot parse array value: cannot parse array: cannot parse array value: cannot parse array: cannot parse array value: cannot parse array: cannot parse array value: cannot parse array: cannot parse array value: cannot parse array: cannot parse array value: cannot parse array: cannot parse array value: cannot parse array: cannot parse array value: cannot parse array: cannot parse array value: cannot parse array: cannot parse array value: cannot parse array: cannot parse array value: cannot parse array: cannot parse array value: cannot parse array: cannot parse array value: cannot parse array: cannot parse array value: too big depth for the nested JSON; it exceeds 300; unparsed tail: &quot;[]]]]]]]]]]]]]]]]]]]]]]]]]]]]]]]]]]]]]]]...]]]]]]]]]]]]]]]]]]]]]]]]]]]]]]]]]]]]]]]]&quot;", "important": true, "type": "Line"}, {"lineNumber": 12, "content": "", "important": false, "type": "Line"}, {"lineNumber": 13, "content": "goroutine 17 [running, locked to thread]:", "important": false, "type": "Line"}, {"lineNumber": 14, "content": "github.com/valyala/fastjson.MustParseBytes(...)", "important": true, "type": "Line"}, {"lineNumber": 15, "content": "\tgithub.com/valyala/fastjson/handy.go:167", "important": false, "type": "Line"}, {"lineNumber": 16, "content": "github.com/valyala/fastjson.Fuzz({0x715000000500, 0x25a, 0x25a})", "important": false, "type": "Line"}, {"lineNumber": 17, "content": "\tgithub.com/valyala/fastjson/fuzz.go:11 +0x15d", "important": false, "type": "Line"}, {"lineNumber": 18, "content": "main.LLVMFuzzerTestOneInput(...)", "important": false, "type": "Line"}, {"lineNumber": 19, "content": "\t./main.2225176394.go:21", "important": false, "type": "Line"}, {"lineNumber": 20, "content": "==12418== ERROR: libFuzzer: deadly signal", "important": false, "type": "Line"}, {"lineNumber": 21, "content": "    #0 0x4caec9 in __sanitizer_print_stack_trace /src/llvm-project/compiler-rt/lib/msan/msan.cpp:733:3", "important": false, "type": "Line"}, {"lineNumber": 22, "content": "    #1 0x470468 in fuzzer::PrintStackTrace() cxa_noexception.cpp:0", "important": false, "type": "Line"}, {"lineNumber": 23, "content": "    #2 0x455383 in fuzzer::Fuzzer::CrashCallback() cxa_noexception.cpp:0", "important": false, "type": "Line"}, {"lineNumber": 24, "content": "    #3 0x519a04 in SignalAction(int, void*, void*) /src/llvm-project/compiler-rt/lib/msan/msan_interceptors.cpp:1018:3", "important": false, "type": "Line"}, {"lineNumber": 25, "content": "    #4 0x7f98d22bd3bf in libpthread.so.0", "important": false, "type": "Line"}, {"lineNumber": 26, "content": "    #5 0x5850a0 in runtime.raise.abi0 runtime/sys_linux_amd64.s:164", "important": false, "type": "Line"}, {"lineNumber": 27, "content": "", "important": false, "type": "Line"}, {"lineNumber": 28, "content": "NOTE: libFuzzer has rudimentary signal handlers.", "important": false, "type": "Line"}, {"lineNumber": 29, "content": "      Combine libFuzzer with AddressSanitizer or similar for better crash reports.", "important": false, "type": "Line"}, {"lineNumber": 30, "content": "SUMMARY: libFuzzer: deadly signal", "important": false, "type": "Line"}, {"lineNumber": 31, "content": "", "important": false, "type": "Line"}, {"lineNumber": 32, "content": "", "important": false, "type": "Line"}, {"lineNumber": 33, "content": "+----------------------------------------Release Build Unsymbolized Stacktrace (diff)----------------------------------------+", "important": false, "type": "Line"}, {"lineNumber": 34, "content": "", "important": false, "type": "Line"}, {"lineNumber": 35, "content": "\t./main.2225176394.go:21", "important": false, "type": "Line"}, {"lineNumber": 36, "content": "==12418== ERROR: libFuzzer: deadly signal", "important": false, "type": "Line"}, {"lineNumber": 37, "content": "    #0 0x4caec9  (/clusterfuzz/run_bot/clusterfuzz/bot/builds/fastjson_libfuzzer_msan/custom/fuzz+0x4caec9)", "important": false, "type": "Line"}, {"lineNumber": 38, "content": "    #1 0x470468  (/clusterfuzz/run_bot/clusterfuzz/bot/builds/fastjson_libfuzzer_msan/custom/fuzz+0x470468)", "important": false, "type": "Line"}, {"lineNumber": 39, "content": "    #2 0x455383  (/clusterfuzz/run_bot/clusterfuzz/bot/builds/fastjson_libfuzzer_msan/custom/fuzz+0x455383)", "important": false, "type": "Line"}, {"lineNumber": 40, "content": "    #3 0x519a04  (/clusterfuzz/run_bot/clusterfuzz/bot/builds/fastjson_libfuzzer_msan/custom/fuzz+0x519a04)", "important": false, "type": "Line"}, {"lineNumber": 41, "content": "    #4 0x7f98d22bd3bf  (/lib/x86_64-linux-gnu/libpthread.so.0+0x153bf)", "important": false, "type": "Line"}, {"lineNumber": 42, "content": "    #5 0x5850a0  (/clusterfuzz/run_bot/clusterfuzz/bot/builds/fastjson_libfuzzer_msan/custom/fuzz+0x5850a0)", "important": false, "type": "Line"}], "revision": "2"}, "last_tested_crash_stacktrace": {"lines": [], "revision": null}, "security_severity": null, "security_severities": [{"value": 0, "name": "Critical"}, {"value": 1, "name": "High", "default": true}, {"value": 2, "name": "Medium"}, {"value": 3, "name": "Low"}, {"value": 4, "name": "Missing"}], "stats": {"min_hour": 1, "max_hour": 1}, "suspected_cls": null, "testcase": {"absolute_path": "/clusterfuzz/run_bot/clusterfuzz/bot/inputs/fuzzer-testcases/crash-7e16b905242746fc8b0225ca2ed464878464fa87", "additional_metadata": "{\"build_key\": \"4e018995-b547-4d62-9996-927ae32ecee2\", \"env\": {\"MSAN_OPTIONS\": {}}, \"fuzzer_binary_name\": \"fuzz\", \"fuzzing_strategies\": {\"mutator_plugin_radamsa\": 1, \"value_profile\": 1}}", "archive_filename": null, "archive_state": 0, "binary_flag": true, "bug_indices": [], "bug_information": "", "comments": "[2021-11-30 03:23:34 UTC] comput10-20211129-15:14: Fuzz task : Fuzzer libFuzzer_fuzz generated testcase crashed in 2488 seconds (r2).\n[2021-11-30 04:16:07 UTC] comput7-20211129-15:14: Minimize task started.\n[2021-11-30 04:42:33 UTC] comput7-20211129-15:14: Minimize task finished.\n", "crash_address": "", "crash_revision": 2, "crash_stacktrace": "[Environment] MSAN_OPTIONS=exitcode=77\n+----------------------------------------Release Build Stacktrace----------------------------------------+\nCommand: /clusterfuzz/run_bot/clusterfuzz/bot/builds/fastjson_libfuzzer_msan/custom/fuzz -rss_limit_mb=2560 -timeout=60 -runs=100 /clusterfuzz/run_bot/clusterfuzz/bot/inputs/fuzzer-testcases/606514f837d81276d924e0b5250dca7f242746fc8b0225ca2ed464878464fa87\nTime ran: 0.03821086883544922\n\nINFO: Running with entropic power schedule (0xFF, 100).\nINFO: Seed: 797760647\nINFO: 3015 Extra Counters\n/clusterfuzz/run_bot/clusterfuzz/bot/builds/fastjson_libfuzzer_msan/custom/fuzz: Running 1 inputs 100 time(s) each.\nRunning: /clusterfuzz/run_bot/clusterfuzz/bot/inputs/fuzzer-testcases/606514f837d81276d924e0b5250dca7f242746fc8b0225ca2ed464878464fa87\npanic: cannot parse JSON: cannot parse array: cannot parse array value: cannot parse array: cannot parse array value: cannot parse array: cannot parse array value: cannot parse array: cannot parse array value: cannot parse array: cannot parse array value: cannot parse array: cannot parse array value: cannot parse array: cannot parse array value: cannot parse array: cannot parse array value: cannot parse array: cannot parse array value: cannot parse array: cannot parse array value: cannot parse array: cannot parse array value: cannot parse array: cannot parse array value: cannot parse array: cannot parse array value: cannot parse array: cannot parse array value: cannot parse array: cannot parse array value: cannot parse array: cannot parse array value: cannot parse array: cannot parse array value: cannot parse array: cannot parse array value: cannot parse array: cannot parse array value: cannot parse array: cannot parse array value: cannot parse array: cannot parse array value: cannot parse array: cannot parse array value: cannot parse array: cannot parse array value: cannot parse array: cannot parse array value: cannot parse array: cannot parse array value: cannot parse array: cannot parse array value: cannot parse array: cannot parse array value: cannot parse array: cannot parse array value: cannot parse array: cannot parse array value: cannot parse array: cannot parse array value: cannot parse array: cannot parse array value: cannot parse array: cannot parse array value: cannot parse array: cannot parse array value: cannot parse array: cannot parse array value: cannot parse array: cannot parse array value: cannot parse array: cannot parse array value: cannot parse array: cannot parse array value: cannot parse array: cannot parse array value: cannot parse array: cannot parse array value: cannot parse array: cannot parse array value: cannot parse array: cannot parse array value: cannot parse array: cannot parse array value: cannot parse array: cannot parse array value: cannot parse array: cannot parse array value: cannot parse array: cannot parse array value: cannot parse array: cannot parse array value: cannot parse array: cannot parse array value: cannot parse array: cannot parse array value: cannot parse array: cannot parse array value: cannot parse array: cannot parse array value: cannot parse array: cannot parse array value: cannot parse array: cannot parse array value: cannot parse array: cannot parse array value: cannot parse array: cannot parse array value: cannot parse array: cannot parse array value: cannot parse array: cannot parse array value: cannot parse array: cannot parse array value: cannot parse array: cannot parse array value: cannot parse array: cannot parse array value: cannot parse array: cannot parse array value: cannot parse array: cannot parse array value: cannot parse array: cannot parse array value: cannot parse array: cannot parse array value: cannot parse array: cannot parse array value: cannot parse array: cannot parse array value: cannot parse array: cannot parse array value: cannot parse array: cannot parse array value: cannot parse array: cannot parse array value: cannot parse array: cannot parse array value: cannot parse array: cannot parse array value: cannot parse array: cannot parse array value: cannot parse array: cannot parse array value: cannot parse array: cannot parse array value: cannot parse array: cannot parse array value: cannot parse array: cannot parse array value: cannot parse array: cannot parse array value: cannot parse array: cannot parse array value: cannot parse array: cannot parse array value: cannot parse array: cannot parse array value: cannot parse array: cannot parse array value: cannot parse array: cannot parse array value: cannot parse array: cannot parse array value: cannot parse array: cannot parse array value: cannot parse array: cannot parse array value: cannot parse array: cannot parse array value: cannot parse array: cannot parse array value: cannot parse array: cannot parse array value: cannot parse array: cannot parse array value: cannot parse array: cannot parse array value: cannot parse array: cannot parse array value: cannot parse array: cannot parse array value: cannot parse array: cannot parse array value: cannot parse array: cannot parse array value: cannot parse array: cannot parse array value: cannot parse array: cannot parse array value: cannot parse array: cannot parse array value: cannot parse array: cannot parse array value: cannot parse array: cannot parse array value: cannot parse array: cannot parse array value: cannot parse array: cannot parse array value: cannot parse array: cannot parse array value: cannot parse array: cannot parse array value: cannot parse array: cannot parse array value: cannot parse array: cannot parse array value: cannot parse array: cannot parse array value: cannot parse array: cannot parse array value: cannot parse array: cannot parse array value: cannot parse array: cannot parse array value: cannot parse array: cannot parse array value: cannot parse array: cannot parse array value: cannot parse array: cannot parse array value: cannot parse array: cannot parse array value: cannot parse array: cannot parse array value: cannot parse array: cannot parse array value: cannot parse array: cannot parse array value: cannot parse array: cannot parse array value: cannot parse array: cannot parse array value: cannot parse array: cannot parse array value: cannot parse array: cannot parse array value: cannot parse array: cannot parse array value: cannot parse array: cannot parse array value: cannot parse array: cannot parse array value: cannot parse array: cannot parse array value: cannot parse array: cannot parse array value: cannot parse array: cannot parse array value: cannot parse array: cannot parse array value: cannot parse array: cannot parse array value: cannot parse array: cannot parse array value: cannot parse array: cannot parse array value: cannot parse array: cannot parse array value: cannot parse array: cannot parse array value: cannot parse array: cannot parse array value: cannot parse array: cannot parse array value: cannot parse array: cannot parse array value: cannot parse array: cannot parse array value: cannot parse array: cannot parse array value: cannot parse array: cannot parse array value: cannot parse array: cannot parse array value: cannot parse array: cannot parse array value: cannot parse array: cannot parse array value: cannot parse array: cannot parse array value: cannot parse array: cannot parse array value: cannot parse array: cannot parse array value: cannot parse array: cannot parse array value: cannot parse array: cannot parse array value: cannot parse array: cannot parse array value: cannot parse array: cannot parse array value: cannot parse array: cannot parse array value: cannot parse array: cannot parse array value: cannot parse array: cannot parse array value: cannot parse array: cannot parse array value: cannot parse array: cannot parse array value: cannot parse array: cannot parse array value: cannot parse array: cannot parse array value: cannot parse array: cannot parse array value: cannot parse array: cannot parse array value: cannot parse array: cannot parse array value: cannot parse array: cannot parse array value: cannot parse array: cannot parse array value: cannot parse array: cannot parse array value: cannot parse array: cannot parse array value: cannot parse array: cannot parse array value: cannot parse array: cannot parse array value: cannot parse array: cannot parse array value: cannot parse array: cannot parse array value: cannot parse array: cannot parse array value: cannot parse array: cannot parse array value: cannot parse array: cannot parse array value: cannot parse array: cannot parse array value: cannot parse array: cannot parse array value: cannot parse array: cannot parse array value: cannot parse array: cannot parse array value: cannot parse array: cannot parse array value: cannot parse array: cannot parse array value: cannot parse array: cannot parse array value: cannot parse array: cannot parse array value: cannot parse array: cannot parse array value: cannot parse array: cannot parse array value: cannot parse array: cannot parse array value: cannot parse array: cannot parse array value: cannot parse array: cannot parse array value: cannot parse array: cannot parse array value: cannot parse array: cannot parse array value: cannot parse array: cannot parse array value: cannot parse array: cannot parse array value: cannot parse array: cannot parse array value: cannot parse array: cannot parse array value: cannot parse array: cannot parse array value: cannot parse array: cannot parse array value: cannot parse array: cannot parse array value: cannot parse array: cannot parse array value: cannot parse array: cannot parse array value: cannot parse array: cannot parse array value: cannot parse array: cannot parse array value: cannot parse array: cannot parse array value: cannot parse array: cannot parse array value: cannot parse array: cannot parse array value: cannot parse array: cannot parse array value: cannot parse array: cannot parse array value: cannot parse array: cannot parse array value: cannot parse array: cannot parse array value: cannot parse array: cannot parse array value: cannot parse array: cannot parse array value: cannot parse array: cannot parse array value: cannot parse array: cannot parse array value: cannot parse array: cannot parse array value: cannot parse array: cannot parse array value: cannot parse array: cannot parse array value: cannot parse array: cannot parse array value: cannot parse array: cannot parse array value: cannot parse array: cannot parse array value: cannot parse array: cannot parse array value: cannot parse array: cannot parse array value: cannot parse array: cannot parse array value: cannot parse array: cannot parse array value: cannot parse array: cannot parse array value: cannot parse array: cannot parse array value: cannot parse array: cannot parse array value: cannot parse array: cannot parse array value: cannot parse array: cannot parse array value: cannot parse array: cannot parse array value: cannot parse array: cannot parse array value: cannot parse array: cannot parse array value: cannot parse array: cannot parse array value: cannot parse array: cannot parse array value: cannot parse array: cannot parse array value: cannot parse array: cannot parse array value: cannot parse array: cannot parse array value: cannot parse array: cannot parse array value: cannot parse array: cannot parse array value: cannot parse array: cannot parse array value: cannot parse array: cannot parse array value: cannot parse array: cannot parse array value: cannot parse array: cannot parse array value: cannot parse array: cannot parse array value: cannot parse array: cannot parse array value: cannot parse array: cannot parse array value: cannot parse array: cannot parse array value: cannot parse array: cannot parse array value: cannot parse array: cannot parse array value: cannot parse array: cannot parse array value: cannot parse array: cannot parse array value: cannot parse array: cannot parse array value: cannot parse array: cannot parse array value: cannot parse array: cannot parse array value: cannot parse array: cannot parse array value: cannot parse array: cannot parse array value: cannot parse array: cannot parse array value: cannot parse array: cannot parse array value: cannot parse array: cannot parse array value: cannot parse array: cannot parse array value: cannot parse array: cannot parse array value: cannot parse array: cannot parse array value: cannot parse array: cannot parse array value: cannot parse array: cannot parse array value: cannot parse array: cannot parse array value: cannot parse array: cannot parse array value: cannot parse array: cannot parse array value: cannot parse array: cannot parse array value: cannot parse array: cannot parse array value: cannot parse array: cannot parse array value: cannot parse array: cannot parse array value: cannot parse array: cannot parse array value: cannot parse array: cannot parse array value: cannot parse array: cannot parse array value: cannot parse array: cannot parse array value: cannot parse array: cannot parse array value: cannot parse array: cannot parse array value: cannot parse array: cannot parse array value: cannot parse array: cannot parse array value: cannot parse array: cannot parse array value: cannot parse array: cannot parse array value: cannot parse array: cannot parse array value: cannot parse array: cannot parse array value: cannot parse array: cannot parse array value: cannot parse array: cannot parse array value: cannot parse array: cannot parse array value: cannot parse array: cannot parse array value: cannot parse array: cannot parse array value: cannot parse array: cannot parse array value: cannot parse array: cannot parse array value: cannot parse array: cannot parse array value: cannot parse array: cannot parse array value: cannot parse array: cannot parse array value: cannot parse array: cannot parse array value: cannot parse array: cannot parse array value: cannot parse array: cannot parse array value: cannot parse array: cannot parse array value: cannot parse array: cannot parse array value: cannot parse array: cannot parse array value: cannot parse array: cannot parse array value: cannot parse array: cannot parse array value: cannot parse array: cannot parse array value: cannot parse array: cannot parse array value: cannot parse array: cannot parse array value: cannot parse array: cannot parse array value: cannot parse array: cannot parse array value: cannot parse array: cannot parse array value: cannot parse array: cannot parse array value: cannot parse array: cannot parse array value: too big depth for the nested JSON; it exceeds 300; unparsed tail: \"[]]]]]]]]]]]]]]]]]]]]]]]]]]]]]]]]]]]]]]]...]]]]]]]]]]]]]]]]]]]]]]]]]]]]]]]]]]]]]]]]\"\n\ngoroutine 17 [running, locked to thread]:\ngithub.com/valyala/fastjson.MustParseBytes(...)\n\tgithub.com/valyala/fastjson/handy.go:167\ngithub.com/valyala/fastjson.Fuzz({0x715000000500, 0x25a, 0x25a})\n\tgithub.com/valyala/fastjson/fuzz.go:11 +0x15d\nmain.LLVMFuzzerTestOneInput(...)\n\t./main.2225176394.go:21\n==12418== ERROR: libFuzzer: deadly signal\n    #0 0x4caec9 in __sanitizer_print_stack_trace /src/llvm-project/compiler-rt/lib/msan/msan.cpp:733:3\n    #1 0x470468 in fuzzer::PrintStackTrace() cxa_noexception.cpp:0\n    #2 0x455383 in fuzzer::Fuzzer::CrashCallback() cxa_noexception.cpp:0\n    #3 0x519a04 in SignalAction(int, void*, void*) /src/llvm-project/compiler-rt/lib/msan/msan_interceptors.cpp:1018:3\n    #4 0x7f98d22bd3bf in libpthread.so.0\n    #5 0x5850a0 in runtime.raise.abi0 runtime/sys_linux_amd64.s:164\n\nNOTE: libFuzzer has rudimentary signal handlers.\n      Combine libFuzzer with AddressSanitizer or similar for better crash reports.\nSUMMARY: libFuzzer: deadly signal\n\n\n+----------------------------------------Release Build Unsymbolized Stacktrace (diff)----------------------------------------+\n\n\t./main.2225176394.go:21\n==12418== ERROR: libFuzzer: deadly signal\n    #0 0x4caec9  (/clusterfuzz/run_bot/clusterfuzz/bot/builds/fastjson_libfuzzer_msan/custom/fuzz+0x4caec9)\n    #1 0x470468  (/clusterfuzz/run_bot/clusterfuzz/bot/builds/fastjson_libfuzzer_msan/custom/fuzz+0x470468)\n    #2 0x455383  (/clusterfuzz/run_bot/clusterfuzz/bot/builds/fastjson_libfuzzer_msan/custom/fuzz+0x455383)\n    #3 0x519a04  (/clusterfuzz/run_bot/clusterfuzz/bot/builds/fastjson_libfuzzer_msan/custom/fuzz+0x519a04)\n    #4 0x7f98d22bd3bf  (/lib/x86_64-linux-gnu/libpthread.so.0+0x153bf)\n    #5 0x5850a0  (/clusterfuzz/run_bot/clusterfuzz/bot/builds/fastjson_libfuzzer_msan/custom/fuzz+0x5850a0)\n", "crash_state": "cannot parse JSON: cannot parse array: cannot parse array value: cannot parse ar\nfastjson.MustParseBytes\n", "crash_type": "ASSERT", "disable_ubsan": false, "duplicate_of": null, "fixed": "", "flaky_stack": false, "fuzzed_keys": "1b48b060-dd2a-4ee0-b7ff-52d986ace3a0", "fuzzer_name": "libFuzzer", "fuzzer_name_indices": ["libFuzzer_fuzz", "libFuzzer"], "gestures": [], "group_bug_information": 0, "group_id": 0, "has_bug_flag": false, "http_flag": false, "impact_beta_version": null, "impact_beta_version_indices": [], "impact_beta_version_likely": false, "impact_extended_stable_version": null, "impact_extended_stable_version_indices": [], "impact_extended_stable_version_likely": false, "impact_head_version": null, "impact_head_version_indices": [], "impact_head_version_likely": null, "impact_indices": [], "impact_stable_version": null, "impact_stable_version_indices": [], "impact_stable_version_likely": false, "impact_version_indices": [], "is_a_duplicate_flag": false, "is_impact_set_flag": false, "is_leader": true, "job_type": "fastjson_libfuzzer_msan", "keywords": ["cannot parse json: cannot parse array", "cannot parse array: cannot", "cannot parse json: cannot parse array: cannot parse", "json: cannot parse array: cannot parse", "cannot", "cannot parse json: cannot parse array: cannot", "parse array value", "parse json: cannot", "array: cannot parse array", "parse array", "value: cannot", "parse ar", "parse json: cannot parse array: cannot parse array value: cannot", "parse json: cannot parse array: cannot", "parse json: cannot parse array: cannot parse", "json: cannot parse array: cannot", "libfuzzer_fuzz", "parse array: cannot parse array", "array: cannot parse array value", "cannot parse array value", "fuzzer", "parse array: cannot parse array value", "cannot parse array: cannot parse array value", "parse json: cannot parse array: cannot parse array", "ar", "array: cannot parse array value: cannot parse ar", "array value", "cannot parse json: cannot parse array: cannot parse array value: cannot parse ar", "value: cannot parse ar", "json: cannot parse array: cannot parse array", "cannot parse array value: cannot", "cannot parse json: cannot parse array: cannot parse array", "must", "parse array: cannot parse", "parse json", "parse json: cannot parse", "cannot parse", "cannot parse json: cannot parse array: cannot parse array value", "array: cannot parse array value: cannot parse", "parse", "value", "parse array value: cannot", "fastjson.mustparsebytes", "cannot parse json", "json", "json: cannot parse array: cannot parse array value", "parse array value: cannot parse", "fastjson.must", "mustparse", "mustparsebytes", "fastjson_libfuzzer_msan", "array value: cannot parse", "parse array: cannot parse array value: cannot parse", "fuzzer_fuzz", "array: cannot parse", "parse json: cannot parse array: cannot parse array value", "cannot parse array", "cannot parse array: cannot parse array value: cannot parse ar", "cannot parse ar", "parsebytes", "parse array: cannot parse array value: cannot", "parse array: cannot", "fastjson.mustparse", "json: cannot parse array", "json: cannot", "array: cannot parse array value: cannot", "linux", "array value: cannot parse ar", "cannot parse array: cannot parse", "value: cannot parse", "array", "fastjson", "array: cannot", "cannot parse array value: cannot parse ar", "parse array value: cannot parse ar", "cannot parse array: cannot parse array value: cannot parse", "parse array: cannot parse array value: cannot parse ar", "cannot parse array value: cannot parse", "lib", "assert", "json: cannot parse", "array value: cannot", "parse json: cannot parse array", "libfuzzer_msan", "json: cannot parse array: cannot parse array value: cannot", "libfuzzer", "fuzz", "fastjson_libfuzzer", "json: cannot parse array: cannot parse array value: cannot parse", "cannot parse array: cannot parse array", "msan", "cannot parse json: cannot parse", "cannot parse json: cannot", "cannot parse array: cannot parse array value: cannot", "bytes"], "last_tested_crash_stacktrace": null, "minidump_keys": "", "minimized_arguments": "-rss_limit_mb=2560 -timeout=60", "minimized_keys": "9d1d8960-5289-47f6-b9f0-2bba0fe3956b", "one_time_crasher_flag": false, "open": true, "overridden_fuzzer_name": "libFuzzer_fuzz", "platform": "linux", "platform_id": "linux", "project_name": "test-project", "queue": "jobs-linux", "redzone": 16, "regression": "NA", "security_flag": false, "security_severity": null, "status": "Processed", "symbolized": false, "timeout_multiplier": 1.0, "timestamp": 1638242614, "triaged": false, "uploader_email": null, "window_argument": "", "id": 43789}, "timestamp": 1638242614.369808, "show_blame": false, "show_impact": false, "impacts_production": false, "find_similar_issues_options": [{"type": "open", "label": "Open"}, {"type": "all", "label": "All"}], "auto_delete_timestamp": null, "auto_close_timestamp": null, "memory_tool_display_label": "Sanitizer", "memory_tool_display_value": "memory (MSAN)", "last_tested": "2:2 (No component revisions found!)", "is_admin_or_not_oss_fuzz": true, "has_issue_tracker": false, "reproduction_help_url": "", "is_local_development": true, "fuzzer_display": {"engine": "libFuzzer", "target": "fuzz", "name": "libFuzzer", "fully_qualified_name": "libFuzzer_fuzz"}}