{"id": 47334, "crash_type": "Heap-buffer-overflow READ {*}", "crash_address": "0x602000000180", "crash_state": "srtp_stream_init_keys\nsrtp_stream_init\nsrtp_add_stream\n", "crash_state_lines": ["srtp_stream_init_keys", "srtp_stream_init", "srtp_add_stream"], "crash_revision": 1, "csrf_token": "D6S+cXG/eQvjQp1jhkN2Yfq5FoCaAiuUjD0oLthouNSAPb8xaAgWvNikB3AHnFnrgfWQIz/OKB4owWUbxHHo3A==", "external_user": false, "footer": "[2021-11-30 05:18:22 UTC] comput19-20211129-15:14: Fuzz task : Fuzzer libFuzzer_srtp-fuzzer generated testcase crashed in 0 seconds (r1).\n[2021-11-30 05:20:47 UTC] snode10-20211129-17:27: Minimize task started.\n[2021-11-30 05:46:50 UTC] snode10-20211129-17:27: Minimize task finished.\n", "formatted_reproduction_help": "", "fixed": "NO", "fixed_full": null, "issue_url": null, "is_admin": true, "metadata": {"build_key": "04981f06-44c5-499f-a026-d363800f9004", "env": {"ASAN_OPTIONS": {}}, "fuzzer_binary_name": "srtp-fuzzer", "fuzzing_strategies": {"corpus_subset": 50, "value_profile": 1}}, "minimized_testcase_size": "85 B", "needs_refresh": false, "original_testcase_size": "99 B", "privileged_user": true, "regression": "NA", "crash_stacktrace": {"lines": [{"lineNumber": 1, "content": "[Environment] ASAN_OPTIONS=exitcode=77", "important": false, "type": "Line"}, {"lineNumber": 2, "content": "+----------------------------------------Release Build Stacktrace----------------------------------------+", "important": false, "type": "Line"}, {"lineNumber": 3, "content": "Command: /clusterfuzz/run_bot/clusterfuzz/bot/builds/libsrtp_libfuzzer_asan/custom/srtp-fuzzer -rss_limit_mb=2560 -timeout=60 -runs=100 /clusterfuzz/run_bot/clusterfuzz/bot/inputs/fuzzer-testcases/241338409e8b6f67c2aa85a230eb5f0c3c4a82585110a0e4773a275495c560d0", "important": false, "type": "Line"}, {"lineNumber": 4, "content": "Time ran: 0.025443077087402344", "important": false, "type": "Line"}, {"lineNumber": 5, "content": "", "important": false, "type": "Line"}, {"lineNumber": 6, "content": "INFO: Running with entropic power schedule (0xFF, 100).", "important": false, "type": "Line"}, {"lineNumber": 7, "content": "INFO: Seed: 360279315", "important": false, "type": "Line"}, {"lineNumber": 8, "content": "INFO: Loaded 1 modules   (2260 inline 8-bit counters): 2260 [0x636ca0, 0x637574),", "important": false, "type": "Line"}, {"lineNumber": 9, "content": "INFO: Loaded 1 PC tables (2260 PCs): 2260 [0x637578,0x6402b8),", "important": false, "type": "Line"}, {"lineNumber": 10, "content": "/clusterfuzz/run_bot/clusterfuzz/bot/builds/libsrtp_libfuzzer_asan/custom/srtp-fuzzer: Running 1 inputs 100 time(s) each.", "important": false, "type": "Line"}, {"lineNumber": 11, "content": "Running: /clusterfuzz/run_bot/clusterfuzz/bot/inputs/fuzzer-testcases/241338409e8b6f67c2aa85a230eb5f0c3c4a82585110a0e4773a275495c560d0", "important": false, "type": "Line"}, {"lineNumber": 12, "content": "=================================================================", "important": false, "type": "Line"}, {"lineNumber": 13, "content": "==24931==ERROR: AddressSanitizer: heap-buffer-overflow on address 0x602000000180 at pc 0x0000005250f7 bp 0x7ffcb45fde30 sp 0x7ffcb45fd5f8", "important": false, "type": "Line"}, {"lineNumber": 14, "content": "READ of size 30 at 0x602000000180 thread T0", "important": false, "type": "Line"}, {"lineNumber": 15, "content": "    #0 0x5250f6 in __asan_memcpy /src/llvm-project/compiler-rt/lib/asan/asan_interceptors_memintrinsics.cpp:22:3", "important": false, "type": "Line"}, {"lineNumber": 16, "content": "    #1 0x56639b in srtp_stream_init_keys /src/libsrtp/srtp/srtp.c:965:5", "important": true, "type": "Line"}, {"lineNumber": 17, "content": "    #2 0x568115 in srtp_stream_init_all_master_keys /src/libsrtp/srtp/srtp.c:867:18", "important": true, "type": "Line"}, {"lineNumber": 18, "content": "    #3 0x568115 in srtp_stream_init /src/libsrtp/srtp/srtp.c:1309:11", "important": true, "type": "Line"}, {"lineNumber": 19, "content": "    #4 0x56f5de in srtp_add_stream /src/libsrtp/srtp/srtp.c:2877:14", "important": true, "type": "Line"}, {"lineNumber": 20, "content": "    #5 0x56faba in srtp_create /src/libsrtp/srtp/srtp.c:2950:16", "important": false, "type": "Line"}, {"lineNumber": 21, "content": "    #6 0x55fd9d in LLVMFuzzerTestOneInput /src/libsrtp/fuzzer/fuzzer.c:828:9", "important": false, "type": "Line"}, {"lineNumber": 22, "content": "    #7 0x456b73 in fuzzer::Fuzzer::ExecuteCallback(unsigned char const*, unsigned long) cxa_noexception.cpp:0", "important": false, "type": "Line"}, {"lineNumber": 23, "content": "    #8 0x442482 in fuzzer::RunOneTest(fuzzer::Fuzzer*, char const*, unsigned long) /src/llvm-project/compiler-rt/lib/fuzzer/FuzzerDriver.cpp:324:6", "important": false, "type": "Line"}, {"lineNumber": 24, "content": "    #9 0x447f4a in fuzzer::FuzzerDriver(int*, char***, int (*)(unsigned char const*, unsigned long)) cxa_noexception.cpp:0", "important": false, "type": "Line"}, {"lineNumber": 25, "content": "    #10 0x470e72 in main /src/llvm-project/compiler-rt/lib/fuzzer/FuzzerMain.cpp:20:10", "important": false, "type": "Line"}, {"lineNumber": 26, "content": "    #11 0x7f84d3d410b2 in __libc_start_main", "important": false, "type": "Line"}, {"lineNumber": 27, "content": "    #12 0x41f70d in _start", "important": false, "type": "Line"}, {"lineNumber": 28, "content": "", "important": false, "type": "Line"}, {"lineNumber": 29, "content": "0x602000000180 is located 0 bytes to the right of 16-byte region [0x602000000170,0x602000000180)", "important": false, "type": "Line"}, {"lineNumber": 30, "content": "allocated by thread T0 here:", "important": false, "type": "Line"}, {"lineNumber": 31, "content": "    #0 0x525d3d in __interceptor_malloc /src/llvm-project/compiler-rt/lib/asan/asan_malloc_linux.cpp:129:3", "important": false, "type": "Line"}, {"lineNumber": 32, "content": "    #1 0x561b81 in fuzz_alloc /src/libsrtp/fuzzer/fuzzer.c:107:15", "important": false, "type": "Line"}, {"lineNumber": 33, "content": "    #2 0x561b81 in fuzz_alloc_succeed /src/libsrtp/fuzzer/fuzzer.c:126:17", "important": false, "type": "Line"}, {"lineNumber": 34, "content": "    #3 0x561b81 in extract_key /src/libsrtp/fuzzer/fuzzer.c:302:11", "important": false, "type": "Line"}, {"lineNumber": 35, "content": "    #4 0x561b81 in extract_policy /src/libsrtp/fuzzer/fuzzer.c:451:23", "important": false, "type": "Line"}, {"lineNumber": 36, "content": "    #5 0x55f969 in extract_policies /src/libsrtp/fuzzer/fuzzer.c:494:17", "important": false, "type": "Line"}, {"lineNumber": 37, "content": "    #6 0x55f969 in LLVMFuzzerTestOneInput /src/libsrtp/fuzzer/fuzzer.c:819:25", "important": false, "type": "Line"}, {"lineNumber": 38, "content": "    #7 0x456b73 in fuzzer::Fuzzer::ExecuteCallback(unsigned char const*, unsigned long) cxa_noexception.cpp:0", "important": false, "type": "Line"}, {"lineNumber": 39, "content": "    #8 0x442482 in fuzzer::RunOneTest(fuzzer::Fuzzer*, char const*, unsigned long) /src/llvm-project/compiler-rt/lib/fuzzer/FuzzerDriver.cpp:324:6", "important": false, "type": "Line"}, {"lineNumber": 40, "content": "    #9 0x447f4a in fuzzer::FuzzerDriver(int*, char***, int (*)(unsigned char const*, unsigned long)) cxa_noexception.cpp:0", "important": false, "type": "Line"}, {"lineNumber": 41, "content": "    #10 0x470e72 in main /src/llvm-project/compiler-rt/lib/fuzzer/FuzzerMain.cpp:20:10", "important": false, "type": "Line"}, {"lineNumber": 42, "content": "    #11 0x7f84d3d410b2 in __libc_start_main", "important": false, "type": "Line"}, {"lineNumber": 43, "content": "", "important": false, "type": "Line"}, {"lineNumber": 44, "content": "SUMMARY: AddressSanitizer: heap-buffer-overflow (/clusterfuzz/run_bot/clusterfuzz/bot/builds/libsrtp_libfuzzer_asan/custom/srtp-fuzzer+0x5250f6)", "important": false, "type": "Line"}, {"lineNumber": 45, "content": "Shadow bytes around the buggy address:", "important": false, "type": "Line"}, {"lineNumber": 46, "content": "  0x0c047fff7fe0: 00 00 00 00 00 00 00 00 00 00 00 00 00 00 00 00", "important": false, "type": "Line"}, {"lineNumber": 47, "content": "  0x0c047fff7ff0: 00 00 00 00 00 00 00 00 00 00 00 00 00 00 00 00", "important": false, "type": "Line"}, {"lineNumber": 48, "content": "  0x0c047fff8000: fa fa 00 00 fa fa 00 00 fa fa 00 00 fa fa 00 00", "important": false, "type": "Line"}, {"lineNumber": 49, "content": "  0x0c047fff8010: fa fa 00 00 fa fa 00 00 fa fa 00 00 fa fa 00 00", "important": false, "type": "Line"}, {"lineNumber": 50, "content": "  0x0c047fff8020: fa fa 00 fa fa fa 00 fa fa fa 00 fa fa fa 00 00", "important": false, "type": "Line"}, {"lineNumber": 51, "content": "=&gt;0x0c047fff8030:[fa]fa 00 00 fa fa 00 00 fa fa fa fa fa fa fa fa", "important": false, "type": "Line"}, {"lineNumber": 52, "content": "  0x0c047fff8040: fa fa fa fa fa fa fa fa fa fa fa fa fa fa fa fa", "important": false, "type": "Line"}, {"lineNumber": 53, "content": "  0x0c047fff8050: fa fa fa fa fa fa fa fa fa fa fa fa fa fa fa fa", "important": false, "type": "Line"}, {"lineNumber": 54, "content": "  0x0c047fff8060: fa fa fa fa fa fa fa fa fa fa fa fa fa fa fa fa", "important": false, "type": "Line"}, {"lineNumber": 55, "content": "  0x0c047fff8070: fa fa fa fa fa fa fa fa fa fa fa fa fa fa fa fa", "important": false, "type": "Line"}, {"lineNumber": 56, "content": "  0x0c047fff8080: fa fa fa fa fa fa fa fa fa fa fa fa fa fa fa fa", "important": false, "type": "Line"}, {"lineNumber": 57, "content": "Shadow byte legend (one shadow byte represents 8 application bytes):", "important": false, "type": "Line"}, {"lineNumber": 58, "content": "  Addressable:           00", "important": false, "type": "Line"}, {"lineNumber": 59, "content": "  Partially addressable: 01 02 03 04 05 06 07", "important": false, "type": "Line"}, {"lineNumber": 60, "content": "  Heap left redzone:       fa", "important": false, "type": "Line"}, {"lineNumber": 61, "content": "  Freed heap region:       fd", "important": false, "type": "Line"}, {"lineNumber": 62, "content": "  Stack left redzone:      f1", "important": false, "type": "Line"}, {"lineNumber": 63, "content": "  Stack mid redzone:       f2", "important": false, "type": "Line"}, {"lineNumber": 64, "content": "  Stack right redzone:     f3", "important": false, "type": "Line"}, {"lineNumber": 65, "content": "  Stack after return:      f5", "important": false, "type": "Line"}, {"lineNumber": 66, "content": "  Stack use after scope:   f8", "important": false, "type": "Line"}, {"lineNumber": 67, "content": "  Global redzone:          f9", "important": false, "type": "Line"}, {"lineNumber": 68, "content": "  Global init order:       f6", "important": false, "type": "Line"}, {"lineNumber": 69, "content": "  Poisoned by user:        f7", "important": false, "type": "Line"}, {"lineNumber": 70, "content": "  Container overflow:      fc", "important": false, "type": "Line"}, {"lineNumber": 71, "content": "  Array cookie:            ac", "important": false, "type": "Line"}, {"lineNumber": 72, "content": "  Intra object redzone:    bb", "important": false, "type": "Line"}, {"lineNumber": 73, "content": "  ASan internal:           fe", "important": false, "type": "Line"}, {"lineNumber": 74, "content": "  Left alloca redzone:     ca", "important": false, "type": "Line"}, {"lineNumber": 75, "content": "  Right alloca redzone:    cb", "important": false, "type": "Line"}, {"lineNumber": 76, "content": "==24931==ABORTING", "important": false, "type": "Line"}, {"lineNumber": 77, "content": "", "important": false, "type": "Line"}, {"lineNumber": 78, "content": "", "important": false, "type": "Line"}, {"lineNumber": 79, "content": "+----------------------------------------Release Build Unsymbolized Stacktrace (diff)----------------------------------------+", "important": false, "type": "Line"}, {"lineNumber": 80, "content": "", "important": false, "type": "Line"}, {"lineNumber": 81, "content": "==24931==ERROR: AddressSanitizer: heap-buffer-overflow on address 0x602000000180 at pc 0x0000005250f7 bp 0x7ffcb45fde30 sp 0x7ffcb45fd5f8", "important": false, "type": "Line"}, {"lineNumber": 82, "content": "READ of size 30 at 0x602000000180 thread T0", "important": false, "type": "Line"}, {"lineNumber": 83, "content": "    #0 0x5250f6  (/clusterfuzz/run_bot/clusterfuzz/bot/builds/libsrtp_libfuzzer_asan/custom/srtp-fuzzer+0x5250f6)", "important": false, "type": "Line"}, {"lineNumber": 84, "content": "    #1 0x56639b  (/clusterfuzz/run_bot/clusterfuzz/bot/builds/libsrtp_libfuzzer_asan/custom/srtp-fuzzer+0x56639b)", "important": false, "type": "Line"}, {"lineNumber": 85, "content": "    #2 0x568115  (/clusterfuzz/run_bot/clusterfuzz/bot/builds/libsrtp_libfuzzer_asan/custom/srtp-fuzzer+0x568115)", "important": false, "type": "Line"}, {"lineNumber": 86, "content": "    #3 0x56f5de  (/clusterfuzz/run_bot/clusterfuzz/bot/builds/libsrtp_libfuzzer_asan/custom/srtp-fuzzer+0x56f5de)", "important": false, "type": "Line"}, {"lineNumber": 87, "content": "    #4 0x56faba  (/clusterfuzz/run_bot/clusterfuzz/bot/builds/libsrtp_libfuzzer_asan/custom/srtp-fuzzer+0x56faba)", "important": false, "type": "Line"}, {"lineNumber": 88, "content": "    #5 0x55fd9d  (/clusterfuzz/run_bot/clusterfuzz/bot/builds/libsrtp_libfuzzer_asan/custom/srtp-fuzzer+0x55fd9d)", "important": false, "type": "Line"}, {"lineNumber": 89, "content": "    #6 0x456b73  (/clusterfuzz/run_bot/clusterfuzz/bot/builds/libsrtp_libfuzzer_asan/custom/srtp-fuzzer+0x456b73)", "important": false, "type": "Line"}, {"lineNumber": 90, "content": "    #7 0x442482  (/clusterfuzz/run_bot/clusterfuzz/bot/builds/libsrtp_libfuzzer_asan/custom/srtp-fuzzer+0x442482)", "important": false, "type": "Line"}, {"lineNumber": 91, "content": "    #8 0x447f4a  (/clusterfuzz/run_bot/clusterfuzz/bot/builds/libsrtp_libfuzzer_asan/custom/srtp-fuzzer+0x447f4a)", "important": false, "type": "Line"}, {"lineNumber": 92, "content": "    #9 0x470e72  (/clusterfuzz/run_bot/clusterfuzz/bot/builds/libsrtp_libfuzzer_asan/custom/srtp-fuzzer+0x470e72)", "important": false, "type": "Line"}, {"lineNumber": 93, "content": "    #10 0x7f84d3d410b2  (/lib/x86_64-linux-gnu/libc.so.6+0x270b2)", "important": false, "type": "Line"}, {"lineNumber": 94, "content": "    #11 0x41f70d  (/clusterfuzz/run_bot/clusterfuzz/bot/builds/libsrtp_libfuzzer_asan/custom/srtp-fuzzer+0x41f70d)", "important": false, "type": "Line"}, {"lineNumber": 95, "content": "", "important": false, "type": "Line"}, {"lineNumber": 96, "content": "0x602000000180 is located 0 bytes to the right of 16-byte region [0x602000000170,0x602000000180)", "important": false, "type": "Line"}, {"lineNumber": 97, "content": "allocated by thread T0 here:", "important": false, "type": "Line"}, {"lineNumber": 98, "content": "    #0 0x525d3d  (/clusterfuzz/run_bot/clusterfuzz/bot/builds/libsrtp_libfuzzer_asan/custom/srtp-fuzzer+0x525d3d)", "important": false, "type": "Line"}, {"lineNumber": 99, "content": "    #1 0x561b81  (/clusterfuzz/run_bot/clusterfuzz/bot/builds/libsrtp_libfuzzer_asan/custom/srtp-fuzzer+0x561b81)", "important": false, "type": "Line"}, {"lineNumber": 100, "content": "    #2 0x55f969  (/clusterfuzz/run_bot/clusterfuzz/bot/builds/libsrtp_libfuzzer_asan/custom/srtp-fuzzer+0x55f969)", "important": false, "type": "Line"}, {"lineNumber": 101, "content": "    #3 0x456b73  (/clusterfuzz/run_bot/clusterfuzz/bot/builds/libsrtp_libfuzzer_asan/custom/srtp-fuzzer+0x456b73)", "important": false, "type": "Line"}, {"lineNumber": 102, "content": "    #4 0x442482  (/clusterfuzz/run_bot/clusterfuzz/bot/builds/libsrtp_libfuzzer_asan/custom/srtp-fuzzer+0x442482)", "important": false, "type": "Line"}, {"lineNumber": 103, "content": "    #5 0x447f4a  (/clusterfuzz/run_bot/clusterfuzz/bot/builds/libsrtp_libfuzzer_asan/custom/srtp-fuzzer+0x447f4a)", "important": false, "type": "Line"}, {"lineNumber": 104, "content": "    #6 0x470e72  (/clusterfuzz/run_bot/clusterfuzz/bot/builds/libsrtp_libfuzzer_asan/custom/srtp-fuzzer+0x470e72)", "important": false, "type": "Line"}, {"lineNumber": 105, "content": "    #7 0x7f84d3d410b2  (/lib/x86_64-linux-gnu/libc.so.6+0x270b2)", "important": false, "type": "Line"}], "revision": "1"}, "last_tested_crash_stacktrace": {"lines": [], "revision": null}, "security_severity": "Medium", "security_severities": [{"value": 0, "name": "Critical"}, {"value": 1, "name": "High", "default": true}, {"value": 2, "name": "Medium"}, {"value": 3, "name": "Low"}, {"value": 4, "name": "Missing"}], "stats": {"min_hour": 1, "max_hour": 1}, "suspected_cls": null, "testcase": {"absolute_path": "/clusterfuzz/run_bot/clusterfuzz/bot/inputs/fuzzer-testcases/crash-b40035ce3c4a82585110a0e4773a275495c560d0", "additional_metadata": "{\"build_key\": \"04981f06-44c5-499f-a026-d363800f9004\", \"env\": {\"ASAN_OPTIONS\": {}}, \"fuzzer_binary_name\": \"srtp-fuzzer\", \"fuzzing_strategies\": {\"corpus_subset\": 50, \"value_profile\": 1}}", "archive_filename": null, "archive_state": 0, "binary_flag": true, "bug_indices": [], "bug_information": "", "comments": "[2021-11-30 05:18:22 UTC] comput19-20211129-15:14: Fuzz task : Fuzzer libFuzzer_srtp-fuzzer generated testcase crashed in 0 seconds (r1).\n[2021-11-30 05:20:47 UTC] snode10-20211129-17:27: Minimize task started.\n[2021-11-30 05:46:50 UTC] snode10-20211129-17:27: Minimize task finished.\n", "crash_address": "0x602000000180", "crash_revision": 1, "crash_stacktrace": "[Environment] ASAN_OPTIONS=exitcode=77\n+----------------------------------------Release Build Stacktrace----------------------------------------+\nCommand: /clusterfuzz/run_bot/clusterfuzz/bot/builds/libsrtp_libfuzzer_asan/custom/srtp-fuzzer -rss_limit_mb=2560 -timeout=60 -runs=100 /clusterfuzz/run_bot/clusterfuzz/bot/inputs/fuzzer-testcases/241338409e8b6f67c2aa85a230eb5f0c3c4a82585110a0e4773a275495c560d0\nTime ran: 0.025443077087402344\n\nINFO: Running with entropic power schedule (0xFF, 100).\nINFO: Seed: 360279315\nINFO: Loaded 1 modules   (2260 inline 8-bit counters): 2260 [0x636ca0, 0x637574),\nINFO: Loaded 1 PC tables (2260 PCs): 2260 [0x637578,0x6402b8),\n/clusterfuzz/run_bot/clusterfuzz/bot/builds/libsrtp_libfuzzer_asan/custom/srtp-fuzzer: Running 1 inputs 100 time(s) each.\nRunning: /clusterfuzz/run_bot/clusterfuzz/bot/inputs/fuzzer-testcases/241338409e8b6f67c2aa85a230eb5f0c3c4a82585110a0e4773a275495c560d0\n=================================================================\n==24931==ERROR: AddressSanitizer: heap-buffer-overflow on address 0x602000000180 at pc 0x0000005250f7 bp 0x7ffcb45fde30 sp 0x7ffcb45fd5f8\nREAD of size 30 at 0x602000000180 thread T0\n    #0 0x5250f6 in __asan_memcpy /src/llvm-project/compiler-rt/lib/asan/asan_interceptors_memintrinsics.cpp:22:3\n    #1 0x56639b in srtp_stream_init_keys /src/libsrtp/srtp/srtp.c:965:5\n    #2 0x568115 in srtp_stream_init_all_master_keys /src/libsrtp/srtp/srtp.c:867:18\n    #3 0x568115 in srtp_stream_init /src/libsrtp/srtp/srtp.c:1309:11\n    #4 0x56f5de in srtp_add_stream /src/libsrtp/srtp/srtp.c:2877:14\n    #5 0x56faba in srtp_create /src/libsrtp/srtp/srtp.c:2950:16\n    #6 0x55fd9d in LLVMFuzzerTestOneInput /src/libsrtp/fuzzer/fuzzer.c:828:9\n    #7 0x456b73 in fuzzer::Fuzzer::ExecuteCallback(unsigned char const*, unsigned long) cxa_noexception.cpp:0\n    #8 0x442482 in fuzzer::RunOneTest(fuzzer::Fuzzer*, char const*, unsigned long) /src/llvm-project/compiler-rt/lib/fuzzer/FuzzerDriver.cpp:324:6\n    #9 0x447f4a in fuzzer::FuzzerDriver(int*, char***, int (*)(unsigned char const*, unsigned long)) cxa_noexception.cpp:0\n    #10 0x470e72 in main /src/llvm-project/compiler-rt/lib/fuzzer/FuzzerMain.cpp:20:10\n    #11 0x7f84d3d410b2 in __libc_start_main\n    #12 0x41f70d in _start\n\n0x602000000180 is located 0 bytes to the right of 16-byte region [0x602000000170,0x602000000180)\nallocated by thread T0 here:\n    #0 0x525d3d in __interceptor_malloc /src/llvm-project/compiler-rt/lib/asan/asan_malloc_linux.cpp:129:3\n    #1 0x561b81 in fuzz_alloc /src/libsrtp/fuzzer/fuzzer.c:107:15\n    #2 0x561b81 in fuzz_alloc_succeed /src/libsrtp/fuzzer/fuzzer.c:126:17\n    #3 0x561b81 in extract_key /src/libsrtp/fuzzer/fuzzer.c:302:11\n    #4 0x561b81 in extract_policy /src/libsrtp/fuzzer/fuzzer.c:451:23\n    #5 0x55f969 in extract_policies /src/libsrtp/fuzzer/fuzzer.c:494:17\n    #6 0x55f969 in LLVMFuzzerTestOneInput /src/libsrtp/fuzzer/fuzzer.c:819:25\n    #7 0x456b73 in fuzzer::Fuzzer::ExecuteCallback(unsigned char const*, unsigned long) cxa_noexception.cpp:0\n    #8 0x442482 in fuzzer::RunOneTest(fuzzer::Fuzzer*, char const*, unsigned long) /src/llvm-project/compiler-rt/lib/fuzzer/FuzzerDriver.cpp:324:6\n    #9 0x447f4a in fuzzer::FuzzerDriver(int*, char***, int (*)(unsigned char const*, unsigned long)) cxa_noexception.cpp:0\n    #10 0x470e72 in main /src/llvm-project/compiler-rt/lib/fuzzer/FuzzerMain.cpp:20:10\n    #11 0x7f84d3d410b2 in __libc_start_main\n\nSUMMARY: AddressSanitizer: heap-buffer-overflow (/clusterfuzz/run_bot/clusterfuzz/bot/builds/libsrtp_libfuzzer_asan/custom/srtp-fuzzer+0x5250f6)\nShadow bytes around the buggy address:\n  0x0c047fff7fe0: 00 00 00 00 00 00 00 00 00 00 00 00 00 00 00 00\n  0x0c047fff7ff0: 00 00 00 00 00 00 00 00 00 00 00 00 00 00 00 00\n  0x0c047fff8000: fa fa 00 00 fa fa 00 00 fa fa 00 00 fa fa 00 00\n  0x0c047fff8010: fa fa 00 00 fa fa 00 00 fa fa 00 00 fa fa 00 00\n  0x0c047fff8020: fa fa 00 fa fa fa 00 fa fa fa 00 fa fa fa 00 00\n=>0x0c047fff8030:[fa]fa 00 00 fa fa 00 00 fa fa fa fa fa fa fa fa\n  0x0c047fff8040: fa fa fa fa fa fa fa fa fa fa fa fa fa fa fa fa\n  0x0c047fff8050: fa fa fa fa fa fa fa fa fa fa fa fa fa fa fa fa\n  0x0c047fff8060: fa fa fa fa fa fa fa fa fa fa fa fa fa fa fa fa\n  0x0c047fff8070: fa fa fa fa fa fa fa fa fa fa fa fa fa fa fa fa\n  0x0c047fff8080: fa fa fa fa fa fa fa fa fa fa fa fa fa fa fa fa\nShadow byte legend (one shadow byte represents 8 application bytes):\n  Addressable:           00\n  Partially addressable: 01 02 03 04 05 06 07\n  Heap left redzone:       fa\n  Freed heap region:       fd\n  Stack left redzone:      f1\n  Stack mid redzone:       f2\n  Stack right redzone:     f3\n  Stack after return:      f5\n  Stack use after scope:   f8\n  Global redzone:          f9\n  Global init order:       f6\n  Poisoned by user:        f7\n  Container overflow:      fc\n  Array cookie:            ac\n  Intra object redzone:    bb\n  ASan internal:           fe\n  Left alloca redzone:     ca\n  Right alloca redzone:    cb\n==24931==ABORTING\n\n\n+----------------------------------------Release Build Unsymbolized Stacktrace (diff)----------------------------------------+\n\n==24931==ERROR: AddressSanitizer: heap-buffer-overflow on address 0x602000000180 at pc 0x0000005250f7 bp 0x7ffcb45fde30 sp 0x7ffcb45fd5f8\nREAD of size 30 at 0x602000000180 thread T0\n    #0 0x5250f6  (/clusterfuzz/run_bot/clusterfuzz/bot/builds/libsrtp_libfuzzer_asan/custom/srtp-fuzzer+0x5250f6)\n    #1 0x56639b  (/clusterfuzz/run_bot/clusterfuzz/bot/builds/libsrtp_libfuzzer_asan/custom/srtp-fuzzer+0x56639b)\n    #2 0x568115  (/clusterfuzz/run_bot/clusterfuzz/bot/builds/libsrtp_libfuzzer_asan/custom/srtp-fuzzer+0x568115)\n    #3 0x56f5de  (/clusterfuzz/run_bot/clusterfuzz/bot/builds/libsrtp_libfuzzer_asan/custom/srtp-fuzzer+0x56f5de)\n    #4 0x56faba  (/clusterfuzz/run_bot/clusterfuzz/bot/builds/libsrtp_libfuzzer_asan/custom/srtp-fuzzer+0x56faba)\n    #5 0x55fd9d  (/clusterfuzz/run_bot/clusterfuzz/bot/builds/libsrtp_libfuzzer_asan/custom/srtp-fuzzer+0x55fd9d)\n    #6 0x456b73  (/clusterfuzz/run_bot/clusterfuzz/bot/builds/libsrtp_libfuzzer_asan/custom/srtp-fuzzer+0x456b73)\n    #7 0x442482  (/clusterfuzz/run_bot/clusterfuzz/bot/builds/libsrtp_libfuzzer_asan/custom/srtp-fuzzer+0x442482)\n    #8 0x447f4a  (/clusterfuzz/run_bot/clusterfuzz/bot/builds/libsrtp_libfuzzer_asan/custom/srtp-fuzzer+0x447f4a)\n    #9 0x470e72  (/clusterfuzz/run_bot/clusterfuzz/bot/builds/libsrtp_libfuzzer_asan/custom/srtp-fuzzer+0x470e72)\n    #10 0x7f84d3d410b2  (/lib/x86_64-linux-gnu/libc.so.6+0x270b2)\n    #11 0x41f70d  (/clusterfuzz/run_bot/clusterfuzz/bot/builds/libsrtp_libfuzzer_asan/custom/srtp-fuzzer+0x41f70d)\n\n0x602000000180 is located 0 bytes to the right of 16-byte region [0x602000000170,0x602000000180)\nallocated by thread T0 here:\n    #0 0x525d3d  (/clusterfuzz/run_bot/clusterfuzz/bot/builds/libsrtp_libfuzzer_asan/custom/srtp-fuzzer+0x525d3d)\n    #1 0x561b81  (/clusterfuzz/run_bot/clusterfuzz/bot/builds/libsrtp_libfuzzer_asan/custom/srtp-fuzzer+0x561b81)\n    #2 0x55f969  (/clusterfuzz/run_bot/clusterfuzz/bot/builds/libsrtp_libfuzzer_asan/custom/srtp-fuzzer+0x55f969)\n    #3 0x456b73  (/clusterfuzz/run_bot/clusterfuzz/bot/builds/libsrtp_libfuzzer_asan/custom/srtp-fuzzer+0x456b73)\n    #4 0x442482  (/clusterfuzz/run_bot/clusterfuzz/bot/builds/libsrtp_libfuzzer_asan/custom/srtp-fuzzer+0x442482)\n    #5 0x447f4a  (/clusterfuzz/run_bot/clusterfuzz/bot/builds/libsrtp_libfuzzer_asan/custom/srtp-fuzzer+0x447f4a)\n    #6 0x470e72  (/clusterfuzz/run_bot/clusterfuzz/bot/builds/libsrtp_libfuzzer_asan/custom/srtp-fuzzer+0x470e72)\n    #7 0x7f84d3d410b2  (/lib/x86_64-linux-gnu/libc.so.6+0x270b2)\n", "crash_state": "srtp_stream_init_keys\nsrtp_stream_init\nsrtp_add_stream\n", "crash_type": "Heap-buffer-overflow\nREAD {*}", "disable_ubsan": false, "duplicate_of": null, "fixed": "", "flaky_stack": false, "fuzzed_keys": "1546ef15-4107-4938-b04b-7091537c566a", "fuzzer_name": "libFuzzer", "fuzzer_name_indices": ["libFuzzer_srtp-fuzzer", "libFuzzer"], "gestures": [], "group_bug_information": 0, "group_id": 0, "has_bug_flag": false, "http_flag": false, "impact_beta_version": null, "impact_beta_version_indices": [], "impact_beta_version_likely": false, "impact_extended_stable_version": null, "impact_extended_stable_version_indices": [], "impact_extended_stable_version_likely": false, "impact_head_version": null, "impact_head_version_indices": [], "impact_head_version_likely": null, "impact_indices": [], "impact_stable_version": null, "impact_stable_version_indices": [], "impact_stable_version_likely": false, "impact_version_indices": [], "is_a_duplicate_flag": false, "is_impact_set_flag": false, "is_leader": true, "job_type": "libsrtp_libfuzzer_asan", "keywords": ["read {*}", "stream_init_keys", "stream_init", "overflow", "srtp-fuzzer", "asan", "add", "libfuzzer_srtp-fuzzer", "stream", "libsrtp", "add_stream", "keys", "heap", "srtp_add", "read", "libfuzzer_asan", "buffer", "fuzzer", "fuzzer_srtp", "srtp_stream", "linux", "init", "heap-buffer-overflow", "srtp", "srtp_stream_init", "heap-buffer", "libsrtp_libfuzzer_asan", "init_keys", "fuzzer_srtp-fuzzer", "libfuzzer", "libfuzzer_srtp", "libsrtp_libfuzzer", "srtp_stream_init_keys", "srtp_add_stream", "buffer-overflow", "lib"], "last_tested_crash_stacktrace": null, "minidump_keys": "", "minimized_arguments": "-rss_limit_mb=2560 -timeout=60", "minimized_keys": "5328ac5f-dc0a-4575-aede-1a2a457285c9", "one_time_crasher_flag": false, "open": true, "overridden_fuzzer_name": "libFuzzer_srtp-fuzzer", "platform": "linux", "platform_id": "linux", "project_name": "test-project", "queue": "jobs-linux", "redzone": 16, "regression": "NA", "security_flag": true, "security_severity": 2, "status": "Processed", "symbolized": false, "timeout_multiplier": 1.0, "timestamp": 1638249502, "triaged": false, "uploader_email": null, "window_argument": "", "id": 47334}, "timestamp": 1638249502.269962, "show_blame": false, "show_impact": false, "impacts_production": false, "find_similar_issues_options": [{"type": "open", "label": "Open"}, {"type": "all", "label": "All"}], "auto_delete_timestamp": null, "auto_close_timestamp": null, "memory_tool_display_label": "Sanitizer", "memory_tool_display_value": "address (ASAN)", "last_tested": "1:1 (No component revisions found!)", "is_admin_or_not_oss_fuzz": true, "has_issue_tracker": false, "reproduction_help_url": "", "is_local_development": true, "fuzzer_display": {"engine": "libFuzzer", "target": "srtp-fuzzer", "name": "libFuzzer", "fully_qualified_name": "libFuzzer_srtp-fuzzer"}}