{"id": 47335, "crash_type": "Slice bounds out of range", "crash_address": "", "crash_state": "layers.SCTPChunkType.Decode\ngopacket.(*lazyPacket).decodeNextLayer\ngopacket.(*lazyPacket).Layers\n", "crash_state_lines": ["layers.SCTPChunkType.Decode", "gopacket.(*lazyPacket).decodeNextLayer", "gopacket.(*lazyPacket).Layers"], "crash_revision": 2, "csrf_token": "D6S+cXG/eQvjQp1jhkN2Yfq5FoCaAiuUjD0oLthouNSAPb8xaAgWvNikB3AHnFnrgfWQIz/OKB4owWUbxHHo3A==", "external_user": false, "footer": "[2021-11-30 05:20:02 UTC] comput17-20211129-15:14: Fuzz task : Fuzzer afl_fuzz_layers generated testcase crashed in 17 seconds (r2).\n[2021-11-30 05:22:33 UTC] snode10-20211129-17:27: Minimize task started.\n[2021-11-30 05:23:51 UTC] snode10-20211129-17:27: Minimize task errored out: Engine does not support minimization.\n", "formatted_reproduction_help": "", "fixed": "NO", "fixed_full": null, "issue_url": null, "is_admin": true, "metadata": {"build_key": "cd0d3353-fc62-43e4-aefc-d4804b27cbbb", "fuzzer_binary_name": "fuzz_layers", "fuzzing_strategies": {"corpus_subset": 100}}, "minimized_testcase_size": "17 B", "needs_refresh": false, "original_testcase_size": "17 B", "privileged_user": true, "regression": "NA", "crash_stacktrace": {"lines": [{"lineNumber": 1, "content": "[Environment] MSAN_OPTIONS=allocator_release_to_os_interval_ms=500:exit_code=86:halt_on_error=1:handle_abort=2:handle_segv=2:handle_sigbus=2:handle_sigfpe=2:handle_sigill=2:print_stats=1:print_summary=1:symbolize=0:use_sigaltstack=1", "important": false, "type": "Line"}, {"lineNumber": 2, "content": "+----------------------------------------Release Build Stacktrace----------------------------------------+", "important": false, "type": "Line"}, {"lineNumber": 3, "content": "panic: runtime error: slice bounds out of range [:4] with capacity 2", "important": false, "type": "Line"}, {"lineNumber": 4, "content": "", "important": false, "type": "Line"}, {"lineNumber": 5, "content": "goroutine 17 [running, locked to thread]:", "important": false, "type": "Line"}, {"lineNumber": 6, "content": "github.com/google/gopacket/layers.decodeSCTPChunk({0x7f8fb4352013, 0xc000042000, 0xc0003a2c40})", "important": false, "type": "Line"}, {"lineNumber": 7, "content": "\tgithub.com/google/gopacket/layers/sctp.go:116 +0x2f2", "important": false, "type": "Line"}, {"lineNumber": 8, "content": "github.com/google/gopacket/layers.decodeSCTPData({0x7f8fb4352013, 0xc0003b3b80, 0xc0000bbca0}, {0x6b2d90, 0xc0003b3b80})", "important": false, "type": "Line"}, {"lineNumber": 9, "content": "\tgithub.com/google/gopacket/layers/sctp.go:293 +0x8f", "important": false, "type": "Line"}, {"lineNumber": 10, "content": "github.com/google/gopacket.DecodeFunc.Decode(0x0, {0x7f8fb4352013, 0xc0003b3b80, 0x160}, {0x6b2d90, 0xc0003b3b80})", "important": false, "type": "Line"}, {"lineNumber": 11, "content": "\tgithub.com/google/gopacket/decode.go:87 +0x4d", "important": false, "type": "Line"}, {"lineNumber": 12, "content": "github.com/google/gopacket/layers.SCTPChunkType.Decode(...)", "important": true, "type": "Line"}, {"lineNumber": 13, "content": "\tgithub.com/google/gopacket/layers/enums_generated.go:179", "important": false, "type": "Line"}, {"lineNumber": 14, "content": "github.com/google/gopacket/layers.decodeWithSCTPChunkTypePrefix({0x7f8fb4352013, 0x4ad8ce, 0x5ec740}, {0x6b2d90, 0xc0003b3b80})", "important": false, "type": "Line"}, {"lineNumber": 15, "content": "\tgithub.com/google/gopacket/layers/sctp.go:50 +0x67", "important": false, "type": "Line"}, {"lineNumber": 16, "content": "github.com/google/gopacket.DecodeFunc.Decode(0xc0003a2c40, {0x7f8fb4352013, 0xc0000bbd28, 0x4af8e7}, {0x6b2d90, 0xc0003b3b80})", "important": false, "type": "Line"}, {"lineNumber": 17, "content": "\tgithub.com/google/gopacket/decode.go:87 +0x4d", "important": false, "type": "Line"}, {"lineNumber": 18, "content": "github.com/google/gopacket.(*lazyPacket).decodeNextLayer(0xc0003b3b80)", "important": true, "type": "Line"}, {"lineNumber": 19, "content": "\tgithub.com/google/gopacket/packet.go:527 +0x18b", "important": false, "type": "Line"}, {"lineNumber": 20, "content": "github.com/google/gopacket.(*lazyPacket).Layers(0xc0003b3b80)", "important": true, "type": "Line"}, {"lineNumber": 21, "content": "\tgithub.com/google/gopacket/packet.go:564 +0x3e", "important": false, "type": "Line"}, {"lineNumber": 22, "content": "github.com/google/gopacket/layers.FuzzLayer({0x7f8fb4352004, 0x11, 0x11})", "important": false, "type": "Line"}, {"lineNumber": 23, "content": "\tgithub.com/google/gopacket/layers/fuzz_layer.go:32 +0x15e", "important": false, "type": "Line"}, {"lineNumber": 24, "content": "main.LLVMFuzzerTestOneInput(...)", "important": false, "type": "Line"}, {"lineNumber": 25, "content": "\t./main.1603277226.go:21", "important": false, "type": "Line"}], "revision": "2"}, "last_tested_crash_stacktrace": {"lines": [], "revision": null}, "security_severity": null, "security_severities": [{"value": 0, "name": "Critical"}, {"value": 1, "name": "High", "default": true}, {"value": 2, "name": "Medium"}, {"value": 3, "name": "Low"}, {"value": 4, "name": "Missing"}], "stats": {"min_hour": 1, "max_hour": 1}, "suspected_cls": null, "testcase": {"absolute_path": "/clusterfuzz/run_bot/clusterfuzz/bot/inputs/fuzzer-testcases/crash", "additional_metadata": "{\"build_key\": \"cd0d3353-fc62-43e4-aefc-d4804b27cbbb\", \"fuzzer_binary_name\": \"fuzz_layers\", \"fuzzing_strategies\": {\"corpus_subset\": 100}}", "archive_filename": null, "archive_state": 0, "binary_flag": true, "bug_indices": [], "bug_information": "", "comments": "[2021-11-30 05:20:02 UTC] comput17-20211129-15:14: Fuzz task : Fuzzer afl_fuzz_layers generated testcase crashed in 17 seconds (r2).\n[2021-11-30 05:22:33 UTC] snode10-20211129-17:27: Minimize task started.\n[2021-11-30 05:23:51 UTC] snode10-20211129-17:27: Minimize task errored out: Engine does not support minimization.\n", "crash_address": "", "crash_revision": 2, "crash_stacktrace": "[Environment] MSAN_OPTIONS=allocator_release_to_os_interval_ms=500:exit_code=86:halt_on_error=1:handle_abort=2:handle_segv=2:handle_sigbus=2:handle_sigfpe=2:handle_sigill=2:print_stats=1:print_summary=1:symbolize=0:use_sigaltstack=1\n+----------------------------------------Release Build Stacktrace----------------------------------------+\npanic: runtime error: slice bounds out of range [:4] with capacity 2\n\ngoroutine 17 [running, locked to thread]:\ngithub.com/google/gopacket/layers.decodeSCTPChunk({0x7f8fb4352013, 0xc000042000, 0xc0003a2c40})\n\tgithub.com/google/gopacket/layers/sctp.go:116 +0x2f2\ngithub.com/google/gopacket/layers.decodeSCTPData({0x7f8fb4352013, 0xc0003b3b80, 0xc0000bbca0}, {0x6b2d90, 0xc0003b3b80})\n\tgithub.com/google/gopacket/layers/sctp.go:293 +0x8f\ngithub.com/google/gopacket.DecodeFunc.Decode(0x0, {0x7f8fb4352013, 0xc0003b3b80, 0x160}, {0x6b2d90, 0xc0003b3b80})\n\tgithub.com/google/gopacket/decode.go:87 +0x4d\ngithub.com/google/gopacket/layers.SCTPChunkType.Decode(...)\n\tgithub.com/google/gopacket/layers/enums_generated.go:179\ngithub.com/google/gopacket/layers.decodeWithSCTPChunkTypePrefix({0x7f8fb4352013, 0x4ad8ce, 0x5ec740}, {0x6b2d90, 0xc0003b3b80})\n\tgithub.com/google/gopacket/layers/sctp.go:50 +0x67\ngithub.com/google/gopacket.DecodeFunc.Decode(0xc0003a2c40, {0x7f8fb4352013, 0xc0000bbd28, 0x4af8e7}, {0x6b2d90, 0xc0003b3b80})\n\tgithub.com/google/gopacket/decode.go:87 +0x4d\ngithub.com/google/gopacket.(*lazyPacket).decodeNextLayer(0xc0003b3b80)\n\tgithub.com/google/gopacket/packet.go:527 +0x18b\ngithub.com/google/gopacket.(*lazyPacket).Layers(0xc0003b3b80)\n\tgithub.com/google/gopacket/packet.go:564 +0x3e\ngithub.com/google/gopacket/layers.FuzzLayer({0x7f8fb4352004, 0x11, 0x11})\n\tgithub.com/google/gopacket/layers/fuzz_layer.go:32 +0x15e\nmain.LLVMFuzzerTestOneInput(...)\n\t./main.1603277226.go:21\n", "crash_state": "layers.SCTPChunkType.Decode\ngopacket.(*lazyPacket).decodeNextLayer\ngopacket.(*lazyPacket).Layers\n", "crash_type": "Slice bounds out of range", "disable_ubsan": false, "duplicate_of": null, "fixed": "", "flaky_stack": false, "fuzzed_keys": "f20d9a61-73e3-4c6f-b28a-60a72408a732", "fuzzer_name": "afl", "fuzzer_name_indices": ["afl", "afl_fuzz_layers"], "gestures": [], "group_bug_information": 0, "group_id": 0, "has_bug_flag": false, "http_flag": false, "impact_beta_version": null, "impact_beta_version_indices": [], "impact_beta_version_likely": null, "impact_extended_stable_version": null, "impact_extended_stable_version_indices": [], "impact_extended_stable_version_likely": null, "impact_head_version": null, "impact_head_version_indices": [], "impact_head_version_likely": null, "impact_indices": [], "impact_stable_version": null, "impact_stable_version_indices": [], "impact_stable_version_likely": null, "impact_version_indices": [], "is_a_duplicate_flag": false, "is_impact_set_flag": null, "is_leader": true, "job_type": "gopacket_afl_msan", "keywords": ["bounds out of", "fuzz_layers", "lazypacket).decodenext", "layers", "sctpchunk", "chunk", "slice bounds out of range", "slice bounds out of", "gopacket.(*lazypacket).layers", "packet", "decodenext", "next", "layers.sctpchunk", "decodenextlayer", "bounds", "slice bounds out", "slice bounds", "chunktype", "chunktype.decode", "gopacket.(*lazypacket).decode", "packet).decode", "bounds out", "slice", "of range", "out", "decode", "sctp", "range", "gopacket_afl", "gopacket.(*lazypacket).decodenext", "type.decode", "packet).decodenextlayer", "nextlayer", "gopacket.(*lazy", "gopacket.(*lazypacket).decodenextlayer", "lazy", "linux", "layers.sctp", "gopacket", "afl_fuzz_layers", "sctpchunktype", "gopacket.(*lazypacket", "lazypacket", "type", "packet).decodenext", "lazypacket).layers", "afl_fuzz", "layer", "bounds out of range", "packet).layers", "afl_msan", "lazypacket).decodenextlayer", "fuzz", "out of range", "out of", "afl", "gopacket_afl_msan", "lazypacket).decode", "msan", "of", "layers.sctpchunktype", "layers.sctpchunktype.decode", "sctpchunktype.decode"], "last_tested_crash_stacktrace": null, "minidump_keys": "", "minimized_arguments": "", "minimized_keys": "f20d9a61-73e3-4c6f-b28a-60a72408a732", "one_time_crasher_flag": false, "open": true, "overridden_fuzzer_name": "afl_fuzz_layers", "platform": "linux", "platform_id": "linux", "project_name": "test-project", "queue": "jobs-linux", "redzone": 128, "regression": "NA", "security_flag": false, "security_severity": null, "status": "Processed", "symbolized": false, "timeout_multiplier": 1.0, "timestamp": 1638249602, "triaged": false, "uploader_email": null, "window_argument": "", "id": 47335}, "timestamp": 1638249602.11981, "show_blame": false, "show_impact": false, "impacts_production": false, "find_similar_issues_options": [{"type": "open", "label": "Open"}, {"type": "all", "label": "All"}], "auto_delete_timestamp": null, "auto_close_timestamp": null, "memory_tool_display_label": "Sanitizer", "memory_tool_display_value": "memory (MSAN)", "last_tested": "2:2 (No component revisions found!)", "is_admin_or_not_oss_fuzz": true, "has_issue_tracker": false, "reproduction_help_url": "", "is_local_development": true, "fuzzer_display": {"engine": "afl", "target": "fuzz_layers", "name": "afl", "fully_qualified_name": "afl_fuzz_layers"}}