{"id": 50877, "crash_type": "Use-of-uninitialized-value", "crash_address": "", "crash_state": "vlc_getopt_long\nconfig_LoadCmdLine\nlibvlc_InternalInit\n", "crash_state_lines": ["vlc_getopt_long", "config_LoadCmdLine", "libvlc_InternalInit"], "crash_revision": 1, "csrf_token": "D6S+cXG/eQvjQp1jhkN2Yfq5FoCaAiuUjD0oLthouNSAPb8xaAgWvNikB3AHnFnrgfWQIz/OKB4owWUbxHHo3A==", "external_user": false, "footer": "[2021-11-30 07:09:06 UTC] snode9-20211129-17:28: Fuzz task : Fuzzer honggfuzz_vlc-demux-dec-libfuzzer generated testcase crashed in 1 seconds (r1).\n[2021-11-30 07:11:35 UTC] snode9-20211129-17:28: Minimize task started.\n[2021-11-30 07:12:56 UTC] snode9-20211129-17:28: Minimize task errored out: Engine does not support minimization.\n", "formatted_reproduction_help": "", "fixed": "NO", "fixed_full": null, "issue_url": null, "is_admin": true, "metadata": {"build_key": "fa67d24f-233f-464a-ade5-6a82e5a7cf15", "fuzzer_binary_name": "vlc-demux-dec-libfuzzer"}, "minimized_testcase_size": "14 B", "needs_refresh": false, "original_testcase_size": "14 B", "privileged_user": true, "regression": "NA", "crash_stacktrace": {"lines": [{"lineNumber": 1, "content": "[Environment] MSAN_OPTIONS=allocator_release_to_os_interval_ms=500:halt_on_error=1:handle_abort=2:handle_segv=2:handle_sigbus=2:handle_sigfpe=2:handle_sigill=2:print_stats=1:print_summary=1:symbolize=0:use_sigaltstack=1", "important": false, "type": "Line"}, {"lineNumber": 2, "content": "+----------------------------------------Release Build Stacktrace----------------------------------------+", "important": false, "type": "Line"}, {"lineNumber": 3, "content": "==84805==WARNING: MemorySanitizer: use-of-uninitialized-value", "important": false, "type": "Line"}, {"lineNumber": 4, "content": "    #0 0xb1996c in vlc_getopt_long /src/vlc/src/config/getopt.c:258:9", "important": true, "type": "Line"}, {"lineNumber": 5, "content": "    #1 0xb124f3 in config_LoadCmdLine /src/vlc/src/config/cmdline.c:186:22", "important": true, "type": "Line"}, {"lineNumber": 6, "content": "    #2 0xafb1bb in libvlc_InternalInit /src/vlc/src/libvlc.c:149:9", "important": true, "type": "Line"}, {"lineNumber": 7, "content": "    #3 0x4b1122 in libvlc_new /src/vlc/lib/core.c:56:9", "important": false, "type": "Line"}, {"lineNumber": 8, "content": "    #4 0x4af411 in libvlc_create /src/vlc/test/src/input/common.c:70:30", "important": false, "type": "Line"}, {"lineNumber": 9, "content": "    #5 0x4a0ab9 in LLVMFuzzerInitialize /src/vlc/test/vlc-demux-libfuzzer.c:47:11", "important": false, "type": "Line"}, {"lineNumber": 10, "content": "    #6 0x4a1095 in main", "important": false, "type": "Line"}, {"lineNumber": 11, "content": "    #7 0x7ffff7a770b2 in __libc_start_main", "important": false, "type": "Line"}, {"lineNumber": 12, "content": "    #8 0x41e9fd in _start", "important": false, "type": "Line"}, {"lineNumber": 13, "content": "", "important": false, "type": "Line"}, {"lineNumber": 14, "content": "  Uninitialized value was stored to memory at", "important": false, "type": "Line"}, {"lineNumber": 15, "content": "    #0 0xb12150 in config_LoadCmdLine /src/vlc/src/config/cmdline.c:144:42", "important": true, "type": "Line"}, {"lineNumber": 16, "content": "    #1 0xafb1bb in libvlc_InternalInit /src/vlc/src/libvlc.c:149:9", "important": true, "type": "Line"}, {"lineNumber": 17, "content": "    #2 0x4b1122 in libvlc_new /src/vlc/lib/core.c:56:9", "important": false, "type": "Line"}, {"lineNumber": 18, "content": "    #3 0x4af411 in libvlc_create /src/vlc/test/src/input/common.c:70:30", "important": false, "type": "Line"}, {"lineNumber": 19, "content": "    #4 0x4a0ab9 in LLVMFuzzerInitialize /src/vlc/test/vlc-demux-libfuzzer.c:47:11", "important": false, "type": "Line"}, {"lineNumber": 20, "content": "    #5 0x4a1095 in main", "important": false, "type": "Line"}, {"lineNumber": 21, "content": "", "important": false, "type": "Line"}, {"lineNumber": 22, "content": "  Uninitialized value was created by an allocation of &#x27;psz_name76&#x27; in the stack frame of function &#x27;config_LoadCmdLine&#x27;", "important": true, "type": "Line"}, {"lineNumber": 23, "content": "    #0 0xb10e90 in config_LoadCmdLine /src/vlc/src/config/cmdline.c:59", "important": true, "type": "Line"}, {"lineNumber": 24, "content": "", "important": false, "type": "Line"}, {"lineNumber": 25, "content": "SUMMARY: MemorySanitizer: use-of-uninitialized-value (/clusterfuzz/run_bot/clusterfuzz/bot/builds/vlc_honggfuzz_msan/custom/vlc-demux-dec-libfuzzer+0xb1996c)", "important": false, "type": "Line"}, {"lineNumber": 26, "content": "Unique heap origins: 133", "important": false, "type": "Line"}, {"lineNumber": 27, "content": "Stack depot allocated bytes: 1900544", "important": false, "type": "Line"}, {"lineNumber": 28, "content": "Unique origin histories: 17", "important": false, "type": "Line"}, {"lineNumber": 29, "content": "History depot allocated bytes: 196608", "important": false, "type": "Line"}, {"lineNumber": 30, "content": "Exiting", "important": false, "type": "Line"}, {"lineNumber": 31, "content": "", "important": false, "type": "Line"}, {"lineNumber": 32, "content": "", "important": false, "type": "Line"}, {"lineNumber": 33, "content": "+----------------------------------------Release Build Unsymbolized Stacktrace (diff)----------------------------------------+", "important": false, "type": "Line"}, {"lineNumber": 34, "content": "", "important": false, "type": "Line"}, {"lineNumber": 35, "content": "==84805==WARNING: MemorySanitizer: use-of-uninitialized-value", "important": false, "type": "Line"}, {"lineNumber": 36, "content": "    #0 0xb1996c  (/clusterfuzz/run_bot/clusterfuzz/bot/builds/vlc_honggfuzz_msan/custom/vlc-demux-dec-libfuzzer+0xb1996c)", "important": false, "type": "Line"}, {"lineNumber": 37, "content": "    #1 0xb124f3  (/clusterfuzz/run_bot/clusterfuzz/bot/builds/vlc_honggfuzz_msan/custom/vlc-demux-dec-libfuzzer+0xb124f3)", "important": false, "type": "Line"}, {"lineNumber": 38, "content": "    #2 0xafb1bb  (/clusterfuzz/run_bot/clusterfuzz/bot/builds/vlc_honggfuzz_msan/custom/vlc-demux-dec-libfuzzer+0xafb1bb)", "important": false, "type": "Line"}, {"lineNumber": 39, "content": "    #3 0x4b1122  (/clusterfuzz/run_bot/clusterfuzz/bot/builds/vlc_honggfuzz_msan/custom/vlc-demux-dec-libfuzzer+0x4b1122)", "important": false, "type": "Line"}, {"lineNumber": 40, "content": "    #4 0x4af411  (/clusterfuzz/run_bot/clusterfuzz/bot/builds/vlc_honggfuzz_msan/custom/vlc-demux-dec-libfuzzer+0x4af411)", "important": false, "type": "Line"}, {"lineNumber": 41, "content": "    #5 0x4a0ab9  (/clusterfuzz/run_bot/clusterfuzz/bot/builds/vlc_honggfuzz_msan/custom/vlc-demux-dec-libfuzzer+0x4a0ab9)", "important": false, "type": "Line"}, {"lineNumber": 42, "content": "    #6 0x4a1095  (/clusterfuzz/run_bot/clusterfuzz/bot/builds/vlc_honggfuzz_msan/custom/vlc-demux-dec-libfuzzer+0x4a1095)", "important": false, "type": "Line"}, {"lineNumber": 43, "content": "    #7 0x7ffff7a770b2  (/lib/x86_64-linux-gnu/libc.so.6+0x270b2)", "important": false, "type": "Line"}, {"lineNumber": 44, "content": "    #8 0x41e9fd  (/clusterfuzz/run_bot/clusterfuzz/bot/builds/vlc_honggfuzz_msan/custom/vlc-demux-dec-libfuzzer+0x41e9fd)", "important": false, "type": "Line"}, {"lineNumber": 45, "content": "", "important": false, "type": "Line"}, {"lineNumber": 46, "content": "  Uninitialized value was stored to memory at", "important": false, "type": "Line"}, {"lineNumber": 47, "content": "    #0 0xb12150  (/clusterfuzz/run_bot/clusterfuzz/bot/builds/vlc_honggfuzz_msan/custom/vlc-demux-dec-libfuzzer+0xb12150)", "important": false, "type": "Line"}, {"lineNumber": 48, "content": "    #1 0xafb1bb  (/clusterfuzz/run_bot/clusterfuzz/bot/builds/vlc_honggfuzz_msan/custom/vlc-demux-dec-libfuzzer+0xafb1bb)", "important": false, "type": "Line"}, {"lineNumber": 49, "content": "    #2 0x4b1122  (/clusterfuzz/run_bot/clusterfuzz/bot/builds/vlc_honggfuzz_msan/custom/vlc-demux-dec-libfuzzer+0x4b1122)", "important": false, "type": "Line"}, {"lineNumber": 50, "content": "    #3 0x4af411  (/clusterfuzz/run_bot/clusterfuzz/bot/builds/vlc_honggfuzz_msan/custom/vlc-demux-dec-libfuzzer+0x4af411)", "important": false, "type": "Line"}, {"lineNumber": 51, "content": "    #4 0x4a0ab9  (/clusterfuzz/run_bot/clusterfuzz/bot/builds/vlc_honggfuzz_msan/custom/vlc-demux-dec-libfuzzer+0x4a0ab9)", "important": false, "type": "Line"}, {"lineNumber": 52, "content": "    #5 0x4a1095  (/clusterfuzz/run_bot/clusterfuzz/bot/builds/vlc_honggfuzz_msan/custom/vlc-demux-dec-libfuzzer+0x4a1095)", "important": false, "type": "Line"}, {"lineNumber": 53, "content": "", "important": false, "type": "Line"}, {"lineNumber": 54, "content": "  Uninitialized value was created by an allocation of &#x27;psz_name76&#x27; in the stack frame of function &#x27;config_LoadCmdLine&#x27;", "important": true, "type": "Line"}, {"lineNumber": 55, "content": "    #0 0xb10e90  (/clusterfuzz/run_bot/clusterfuzz/bot/builds/vlc_honggfuzz_msan/custom/vlc-demux-dec-libfuzzer+0xb10e90)", "important": false, "type": "Line"}], "revision": "1"}, "last_tested_crash_stacktrace": {"lines": [], "revision": null}, "security_severity": "Medium", "security_severities": [{"value": 0, "name": "Critical"}, {"value": 1, "name": "High", "default": true}, {"value": 2, "name": "Medium"}, {"value": 3, "name": "Low"}, {"value": 4, "name": "Missing"}], "stats": {"min_hour": 1, "max_hour": 1}, "suspected_cls": null, "testcase": {"absolute_path": "/clusterfuzz/run_bot/clusterfuzz/bot/inputs/fuzzer-testcases/SIGABRT.PC.7ffff7a9618b.STACK.1832cbe5f6.CODE.-6.ADDR.0.INSTR.[UNKNOWN].fuzz", "additional_metadata": "{\"build_key\": \"fa67d24f-233f-464a-ade5-6a82e5a7cf15\", \"fuzzer_binary_name\": \"vlc-demux-dec-libfuzzer\"}", "archive_filename": null, "archive_state": 0, "binary_flag": true, "bug_indices": [], "bug_information": "", "comments": "[2021-11-30 07:09:06 UTC] snode9-20211129-17:28: Fuzz task : Fuzzer honggfuzz_vlc-demux-dec-libfuzzer generated testcase crashed in 1 seconds (r1).\n[2021-11-30 07:11:35 UTC] snode9-20211129-17:28: Minimize task started.\n[2021-11-30 07:12:56 UTC] snode9-20211129-17:28: Minimize task errored out: Engine does not support minimization.\n", "crash_address": "", "crash_revision": 1, "crash_stacktrace": "[Environment] MSAN_OPTIONS=allocator_release_to_os_interval_ms=500:halt_on_error=1:handle_abort=2:handle_segv=2:handle_sigbus=2:handle_sigfpe=2:handle_sigill=2:print_stats=1:print_summary=1:symbolize=0:use_sigaltstack=1\n+----------------------------------------Release Build Stacktrace----------------------------------------+\n==84805==WARNING: MemorySanitizer: use-of-uninitialized-value\n    #0 0xb1996c in vlc_getopt_long /src/vlc/src/config/getopt.c:258:9\n    #1 0xb124f3 in config_LoadCmdLine /src/vlc/src/config/cmdline.c:186:22\n    #2 0xafb1bb in libvlc_InternalInit /src/vlc/src/libvlc.c:149:9\n    #3 0x4b1122 in libvlc_new /src/vlc/lib/core.c:56:9\n    #4 0x4af411 in libvlc_create /src/vlc/test/src/input/common.c:70:30\n    #5 0x4a0ab9 in LLVMFuzzerInitialize /src/vlc/test/vlc-demux-libfuzzer.c:47:11\n    #6 0x4a1095 in main\n    #7 0x7ffff7a770b2 in __libc_start_main\n    #8 0x41e9fd in _start\n\n  Uninitialized value was stored to memory at\n    #0 0xb12150 in config_LoadCmdLine /src/vlc/src/config/cmdline.c:144:42\n    #1 0xafb1bb in libvlc_InternalInit /src/vlc/src/libvlc.c:149:9\n    #2 0x4b1122 in libvlc_new /src/vlc/lib/core.c:56:9\n    #3 0x4af411 in libvlc_create /src/vlc/test/src/input/common.c:70:30\n    #4 0x4a0ab9 in LLVMFuzzerInitialize /src/vlc/test/vlc-demux-libfuzzer.c:47:11\n    #5 0x4a1095 in main\n\n  Uninitialized value was created by an allocation of 'psz_name76' in the stack frame of function 'config_LoadCmdLine'\n    #0 0xb10e90 in config_LoadCmdLine /src/vlc/src/config/cmdline.c:59\n\nSUMMARY: MemorySanitizer: use-of-uninitialized-value (/clusterfuzz/run_bot/clusterfuzz/bot/builds/vlc_honggfuzz_msan/custom/vlc-demux-dec-libfuzzer+0xb1996c)\nUnique heap origins: 133\nStack depot allocated bytes: 1900544\nUnique origin histories: 17\nHistory depot allocated bytes: 196608\nExiting\n\n\n+----------------------------------------Release Build Unsymbolized Stacktrace (diff)----------------------------------------+\n\n==84805==WARNING: MemorySanitizer: use-of-uninitialized-value\n    #0 0xb1996c  (/clusterfuzz/run_bot/clusterfuzz/bot/builds/vlc_honggfuzz_msan/custom/vlc-demux-dec-libfuzzer+0xb1996c)\n    #1 0xb124f3  (/clusterfuzz/run_bot/clusterfuzz/bot/builds/vlc_honggfuzz_msan/custom/vlc-demux-dec-libfuzzer+0xb124f3)\n    #2 0xafb1bb  (/clusterfuzz/run_bot/clusterfuzz/bot/builds/vlc_honggfuzz_msan/custom/vlc-demux-dec-libfuzzer+0xafb1bb)\n    #3 0x4b1122  (/clusterfuzz/run_bot/clusterfuzz/bot/builds/vlc_honggfuzz_msan/custom/vlc-demux-dec-libfuzzer+0x4b1122)\n    #4 0x4af411  (/clusterfuzz/run_bot/clusterfuzz/bot/builds/vlc_honggfuzz_msan/custom/vlc-demux-dec-libfuzzer+0x4af411)\n    #5 0x4a0ab9  (/clusterfuzz/run_bot/clusterfuzz/bot/builds/vlc_honggfuzz_msan/custom/vlc-demux-dec-libfuzzer+0x4a0ab9)\n    #6 0x4a1095  (/clusterfuzz/run_bot/clusterfuzz/bot/builds/vlc_honggfuzz_msan/custom/vlc-demux-dec-libfuzzer+0x4a1095)\n    #7 0x7ffff7a770b2  (/lib/x86_64-linux-gnu/libc.so.6+0x270b2)\n    #8 0x41e9fd  (/clusterfuzz/run_bot/clusterfuzz/bot/builds/vlc_honggfuzz_msan/custom/vlc-demux-dec-libfuzzer+0x41e9fd)\n\n  Uninitialized value was stored to memory at\n    #0 0xb12150  (/clusterfuzz/run_bot/clusterfuzz/bot/builds/vlc_honggfuzz_msan/custom/vlc-demux-dec-libfuzzer+0xb12150)\n    #1 0xafb1bb  (/clusterfuzz/run_bot/clusterfuzz/bot/builds/vlc_honggfuzz_msan/custom/vlc-demux-dec-libfuzzer+0xafb1bb)\n    #2 0x4b1122  (/clusterfuzz/run_bot/clusterfuzz/bot/builds/vlc_honggfuzz_msan/custom/vlc-demux-dec-libfuzzer+0x4b1122)\n    #3 0x4af411  (/clusterfuzz/run_bot/clusterfuzz/bot/builds/vlc_honggfuzz_msan/custom/vlc-demux-dec-libfuzzer+0x4af411)\n    #4 0x4a0ab9  (/clusterfuzz/run_bot/clusterfuzz/bot/builds/vlc_honggfuzz_msan/custom/vlc-demux-dec-libfuzzer+0x4a0ab9)\n    #5 0x4a1095  (/clusterfuzz/run_bot/clusterfuzz/bot/builds/vlc_honggfuzz_msan/custom/vlc-demux-dec-libfuzzer+0x4a1095)\n\n  Uninitialized value was created by an allocation of 'psz_name76' in the stack frame of function 'config_LoadCmdLine'\n    #0 0xb10e90  (/clusterfuzz/run_bot/clusterfuzz/bot/builds/vlc_honggfuzz_msan/custom/vlc-demux-dec-libfuzzer+0xb10e90)\n", "crash_state": "vlc_getopt_long\nconfig_LoadCmdLine\nlibvlc_InternalInit\n", "crash_type": "Use-of-uninitialized-value", "disable_ubsan": false, "duplicate_of": null, "fixed": "", "flaky_stack": false, "fuzzed_keys": "bbc96226-64e7-44cf-a2bb-094220aee16b", "fuzzer_name": "honggfuzz", "fuzzer_name_indices": ["honggfuzz_vlc-demux-dec-libfuzzer", "honggfuzz"], "gestures": [], "group_bug_information": 0, "group_id": 0, "has_bug_flag": false, "http_flag": false, "impact_beta_version": null, "impact_beta_version_indices": [], "impact_beta_version_likely": null, "impact_extended_stable_version": null, "impact_extended_stable_version_indices": [], "impact_extended_stable_version_likely": null, "impact_head_version": null, "impact_head_version_indices": [], "impact_head_version_likely": null, "impact_indices": [], "impact_stable_version": null, "impact_stable_version_indices": [], "impact_stable_version_likely": null, "impact_version_indices": [], "is_a_duplicate_flag": false, "is_impact_set_flag": null, "is_leader": true, "job_type": "vlc_honggfuzz_msan", "keywords": ["getopt", "config_load", "getopt_long", "dec-libfuzzer", "vlc", "vlc-demux-dec", "honggfuzz_msan", "loadcmd", "vlc_getopt", "dec", "honggfuzz_vlc-demux-dec-libfuzzer", "vlc-demux-dec-libfuzzer", "vlc-demux", "honggfuzz", "config", "cmdline", "use-of-uninitialized", "vlc_honggfuzz", "load", "libvlc_internal", "internalinit", "use-of-uninitialized-value", "loadcmdline", "config_loadcmd", "vlc_getopt_long", "honggfuzz_vlc-demux-dec", "libvlc_internalinit", "linux", "uninitialized-value", "honggfuzz_vlc", "init", "demux-dec-libfuzzer", "line", "libvlc", "of-uninitialized-value", "demux-dec", "cmd", "use", "vlc_honggfuzz_msan", "honggfuzz_vlc-demux", "internal", "uninitialized", "long", "libfuzzer", "value", "msan", "config_loadcmdline", "of-uninitialized", "of", "demux", "use-of"], "last_tested_crash_stacktrace": null, "minidump_keys": "", "minimized_arguments": "", "minimized_keys": "bbc96226-64e7-44cf-a2bb-094220aee16b", "one_time_crasher_flag": false, "open": true, "overridden_fuzzer_name": "honggfuzz_vlc-demux-dec-libfuzzer", "platform": "linux", "platform_id": "linux", "project_name": "test-project", "queue": "jobs-linux", "redzone": 256, "regression": "NA", "security_flag": true, "security_severity": 2, "status": "Processed", "symbolized": false, "timeout_multiplier": 1.0, "timestamp": 1638256146, "triaged": false, "uploader_email": null, "window_argument": "", "id": 50877}, "timestamp": 1638256146.861261, "show_blame": false, "show_impact": false, "impacts_production": false, "find_similar_issues_options": [{"type": "open", "label": "Open"}, {"type": "all", "label": "All"}], "auto_delete_timestamp": null, "auto_close_timestamp": null, "memory_tool_display_label": "Sanitizer", "memory_tool_display_value": "memory (MSAN)", "last_tested": "1:1 (No component revisions found!)", "is_admin_or_not_oss_fuzz": true, "has_issue_tracker": false, "reproduction_help_url": "", "is_local_development": true, "fuzzer_display": {"engine": "honggfuzz", "target": "vlc-demux-dec-libfuzzer", "name": "honggfuzz", "fully_qualified_name": "honggfuzz_vlc-demux-dec-libfuzzer"}}