{"id": 6097, "crash_type": "Slice bounds out of range", "crash_address": "", "crash_state": "NULL", "crash_state_lines": ["NULL"], "crash_revision": 1, "csrf_token": "D6S+cXG/eQvjQp1jhkN2Yfq5FoCaAiuUjD0oLthouNSAPb8xaAgWvNikB3AHnFnrgfWQIz/OKB4owWUbxHHo3A==", "external_user": false, "footer": "[2021-11-28 13:25:37 UTC] comput3-20211128-16:39: Fuzz task : Fuzzer libFuzzer_fuzz_layers generated testcase crashed in 3 seconds (r1).\n[2021-11-28 13:27:38 UTC] comput7-20211128-16:36: Minimize task started.\n[2021-11-30 00:11:08 UTC] comput17-20211129-15:14: Progression task started.\n[2021-11-30 00:12:25 UTC] comput17-20211129-15:14: Progression task finished: still crashes on latest custom build.\n", "formatted_reproduction_help": "", "fixed": "NO", "fixed_full": null, "issue_url": null, "is_admin": true, "metadata": {"build_key": "9438a010-d2ef-4fe1-82ef-dfb1cf698017", "env": {"MSAN_OPTIONS": {}}, "fuzzer_binary_name": "fuzz_layers", "fuzzing_strategies": {"fork": 48, "value_profile": 1}, "last_tested_crash_revision": null, "last_tested_crash_time": 1638231145, "last_tested_revision": null}, "minimized_testcase_size": "3 B", "needs_refresh": false, "original_testcase_size": "3 B", "privileged_user": true, "regression": "NA", "crash_stacktrace": {"lines": [{"lineNumber": 1, "content": "[Environment] MSAN_OPTIONS=allocator_release_to_os_interval_ms=500:exitcode=77:halt_on_error=1:handle_abort=2:handle_segv=2:handle_sigbus=2:handle_sigfpe=2:handle_sigill=2:print_stats=1:print_summary=1:symbolize=0:use_sigaltstack=1", "important": false, "type": "Line"}, {"lineNumber": 2, "content": "+----------------------------------------Release Build Stacktrace----------------------------------------+", "important": false, "type": "Line"}, {"lineNumber": 3, "content": "INFO: Running with entropic power schedule (0xFF, 100).", "important": false, "type": "Line"}, {"lineNumber": 4, "content": "INFO: Seed: 1109676790", "important": false, "type": "Line"}, {"lineNumber": 5, "content": "INFO: 9512 Extra Counters", "important": false, "type": "Line"}, {"lineNumber": 6, "content": "INFO: -fork=48: fuzzing in separate process(s)", "important": false, "type": "Line"}, {"lineNumber": 7, "content": "INFO: -fork=48: 1 seed inputs, starting to fuzz in /clusterfuzz/run_bot/clusterfuzz/bot_tmpdir/libFuzzerTemp.FuzzWithFork33352.dir", "important": false, "type": "Line"}, {"lineNumber": 8, "content": "#187: cov: 267 ft: 267 corp: 1 exec/s 0 oom/timeout/crash: 0/0/0 time: 2s job: 6 dft_time: 0", "important": false, "type": "Line"}, {"lineNumber": 9, "content": "INFO: log from the inner process:", "important": false, "type": "Line"}, {"lineNumber": 10, "content": "INFO: Running with entropic power schedule (0xFF, 100).", "important": false, "type": "Line"}, {"lineNumber": 11, "content": "INFO: Seed: 1109936890", "important": false, "type": "Line"}, {"lineNumber": 12, "content": "INFO: 9512 Extra Counters", "important": false, "type": "Line"}, {"lineNumber": 13, "content": "INFO:        0 files found in /clusterfuzz/run_bot/clusterfuzz/bot_tmpdir/libFuzzerTemp.FuzzWithFork33352.dir/C6", "important": false, "type": "Line"}, {"lineNumber": 14, "content": "INFO: -max_len is not provided; libFuzzer will not generate inputs larger than 4096 bytes", "important": false, "type": "Line"}, {"lineNumber": 15, "content": "INFO: seed corpus: files: 1 min: 1b max: 1b total: 1b rss: 49Mb", "important": false, "type": "Line"}, {"lineNumber": 16, "content": "#2\tINITED ft: 5 corp: 1/1b exec/s: 0 rss: 49Mb", "important": false, "type": "Line"}, {"lineNumber": 17, "content": "#5\tNEW    ft: 6 corp: 2/3b lim: 4 exec/s: 0 rss: 49Mb L: 2/2 MS: 3 ChangeBit-ShuffleBytes-CopyPart-", "important": false, "type": "Line"}, {"lineNumber": 18, "content": "#18\tNEW    ft: 178 corp: 3/7b lim: 4 exec/s: 0 rss: 49Mb L: 4/4 MS: 3 CrossOver-ShuffleBytes-CopyPart-", "important": false, "type": "Line"}, {"lineNumber": 19, "content": "#21\tNEW    ft: 237 corp: 4/11b lim: 4 exec/s: 0 rss: 49Mb L: 4/4 MS: 3 ChangeBinInt-CMP-CopyPart- DE: &quot;\\000\\000&quot;-", "important": false, "type": "Line"}, {"lineNumber": 20, "content": "#32\tNEW    ft: 247 corp: 5/15b lim: 4 exec/s: 0 rss: 49Mb L: 4/4 MS: 1 ChangeBit-", "important": false, "type": "Line"}, {"lineNumber": 21, "content": "#34\tNEW    ft: 253 corp: 6/19b lim: 4 exec/s: 0 rss: 49Mb L: 4/4 MS: 2 PersAutoDict-ChangeByte- DE: &quot;\\000\\000&quot;-", "important": false, "type": "Line"}, {"lineNumber": 22, "content": "#46\tNEW    ft: 254 corp: 7/23b lim: 4 exec/s: 0 rss: 49Mb L: 4/4 MS: 2 CopyPart-ChangeBinInt-", "important": false, "type": "Line"}, {"lineNumber": 23, "content": "#48\tNEW    ft: 449 corp: 8/27b lim: 4 exec/s: 0 rss: 49Mb L: 4/4 MS: 2 ShuffleBytes-ChangeByte-", "important": false, "type": "Line"}, {"lineNumber": 24, "content": "#49\tNEW    ft: 451 corp: 9/31b lim: 4 exec/s: 0 rss: 49Mb L: 4/4 MS: 1 ChangeASCIIInt-", "important": false, "type": "Line"}, {"lineNumber": 25, "content": "#50\tNEW    ft: 453 corp: 10/34b lim: 4 exec/s: 0 rss: 49Mb L: 3/4 MS: 1 InsertByte-", "important": false, "type": "Line"}, {"lineNumber": 26, "content": "#53\tNEW    ft: 456 corp: 11/37b lim: 4 exec/s: 0 rss: 49Mb L: 3/4 MS: 3 ChangeByte-CopyPart-CrossOver-", "important": false, "type": "Line"}, {"lineNumber": 27, "content": "#59\tNEW    ft: 457 corp: 12/41b lim: 4 exec/s: 0 rss: 49Mb L: 4/4 MS: 1 ShuffleBytes-", "important": false, "type": "Line"}, {"lineNumber": 28, "content": "#70\tREDUCE ft: 457 corp: 12/40b lim: 4 exec/s: 0 rss: 49Mb L: 3/4 MS: 1 EraseBytes-", "important": false, "type": "Line"}, {"lineNumber": 29, "content": "#81\tREDUCE ft: 460 corp: 13/43b lim: 4 exec/s: 0 rss: 49Mb L: 3/4 MS: 1 ChangeBinInt-", "important": false, "type": "Line"}, {"lineNumber": 30, "content": "#100\tNEW    ft: 461 corp: 14/47b lim: 4 exec/s: 0 rss: 49Mb L: 4/4 MS: 4 ChangeBit-CopyPart-ChangeByte-ChangeBinInt-", "important": false, "type": "Line"}, {"lineNumber": 31, "content": "#101\tNEW    ft: 483 corp: 15/51b lim: 4 exec/s: 0 rss: 49Mb L: 4/4 MS: 1 ChangeByte-", "important": false, "type": "Line"}, {"lineNumber": 32, "content": "#104\tNEW    ft: 498 corp: 16/55b lim: 4 exec/s: 0 rss: 49Mb L: 4/4 MS: 3 CopyPart-ShuffleBytes-ChangeBinInt-", "important": false, "type": "Line"}, {"lineNumber": 33, "content": "panic: runtime error: slice bounds out of range [:4] with capacity 0", "important": false, "type": "Line"}, {"lineNumber": 34, "content": "", "important": false, "type": "Line"}, {"lineNumber": 35, "content": "goroutine 17 [running, locked to thread]:", "important": false, "type": "Line"}, {"lineNumber": 36, "content": "github.com/google/gopacket/layers.decodeIPSecESP({0x27f4270, 0x5334ae, 0x46df00}, {0x758ce8, 0xc0000d3760})", "important": false, "type": "Line"}, {"lineNumber": 37, "content": "\tgithub.com/google/gopacket/layers/ipsec.go:71 +0x16c", "important": false, "type": "Line"}, {"lineNumber": 38, "content": "github.com/google/gopacket.DecodeFunc.Decode(0xc0000d3760, {0x27f4270, 0x10000, 0x0}, {0x758ce8, 0xc0000d3760})", "important": false, "type": "Line"}, {"lineNumber": 39, "content": "\tgithub.com/google/gopacket/decode.go:87 +0x4d", "important": false, "type": "Line"}, {"lineNumber": 40, "content": "github.com/google/gopacket.LayerType.Decode(0x33, {0x27f4270, 0x0, 0x0}, {0x758ce8, 0xc0000d3760})", "important": false, "type": "Line"}, {"lineNumber": 41, "content": "\tgithub.com/google/gopacket/layertype.go:95 +0x12d", "important": false, "type": "Line"}, {"lineNumber": 42, "content": "github.com/google/gopacket.(*eagerPacket).initialDecode(0xc0000d3760, {0x754000, 0x8588f8})", "important": false, "type": "Line"}, {"lineNumber": 43, "content": "\tgithub.com/google/gopacket/packet.go:453 +0x90", "important": false, "type": "Line"}, {"lineNumber": 44, "content": "github.com/google/gopacket.NewPacket({0x7010000001c0, 0x0, 0x0}, {0x754000, 0x8588f8}, {0x0, 0x0, 0x0, 0x0})", "important": false, "type": "Line"}, {"lineNumber": 45, "content": "\tgithub.com/google/gopacket/packet.go:682 +0x29f", "important": false, "type": "Line"}, {"lineNumber": 46, "content": "github.com/google/gopacket/layers.FuzzLayer({0x7010000001c0, 0x3, 0x3})", "important": false, "type": "Line"}, {"lineNumber": 47, "content": "\tgithub.com/google/gopacket/layers/fuzz_layer.go:31 +0x14b", "important": false, "type": "Line"}, {"lineNumber": 48, "content": "main.LLVMFuzzerTestOneInput(...)", "important": false, "type": "Line"}, {"lineNumber": 49, "content": "\t./main.948843791.go:21", "important": false, "type": "Line"}, {"lineNumber": 50, "content": "MemorySanitizer:DEADLYSIGNAL", "important": false, "type": "Line"}, {"lineNumber": 51, "content": "==33473==ERROR: MemorySanitizer: ABRT on unknown address 0x03e8000082c1 (pc 0x000000587981 bp 0x00c0000b9a80 sp 0x00c0000b9a68 T33473)", "important": false, "type": "Line"}, {"lineNumber": 52, "content": "    #0 0x587981 in runtime.raise.abi0 runtime/sys_linux_amd64.s:165", "important": false, "type": "Line"}, {"lineNumber": 53, "content": "", "important": false, "type": "Line"}, {"lineNumber": 54, "content": "MemorySanitizer can not provide additional info.", "important": false, "type": "Line"}, {"lineNumber": 55, "content": "SUMMARY: MemorySanitizer: ABRT (/clusterfuzz/run_bot/clusterfuzz/bot/builds/gopacket_libfuzzer_msan/custom/fuzz_layers+0x587981)", "important": false, "type": "Line"}, {"lineNumber": 56, "content": "==33473==ABORTING", "important": false, "type": "Line"}, {"lineNumber": 57, "content": "MS: 3 ChangeBit-ChangeASCIIInt-CrossOver-; base unit: 89f0403865a685eab3831c406205bbfe40f946d4", "important": false, "type": "Line"}, {"lineNumber": 58, "content": "0x0,0x33,0x24,", "important": false, "type": "Line"}, {"lineNumber": 59, "content": "\\0003$", "important": false, "type": "Line"}, {"lineNumber": 60, "content": "artifact_prefix=&#x27;/clusterfuzz/run_bot/clusterfuzz/bot/inputs/fuzzer-testcases/&#x27;; Test unit written to /clusterfuzz/run_bot/clusterfuzz/bot/inputs/fuzzer-testcases/crash-9a0cb4f15c19e3c313fd1a0f568b74e57e4b57cf", "important": false, "type": "Line"}, {"lineNumber": 61, "content": "Base64: ADMk", "important": false, "type": "Line"}, {"lineNumber": 62, "content": "stat::number_of_executed_units: 187", "important": false, "type": "Line"}, {"lineNumber": 63, "content": "stat::average_exec_per_sec:     0", "important": false, "type": "Line"}, {"lineNumber": 64, "content": "stat::new_units_added:          16", "important": false, "type": "Line"}, {"lineNumber": 65, "content": "stat::slowest_unit_time_sec:    0", "important": false, "type": "Line"}, {"lineNumber": 66, "content": "stat::peak_rss_mb:              49", "important": false, "type": "Line"}, {"lineNumber": 67, "content": "INFO: exiting: 77 time: 3s", "important": false, "type": "Line"}, {"lineNumber": 68, "content": "", "important": false, "type": "Line"}, {"lineNumber": 69, "content": "", "important": false, "type": "Line"}, {"lineNumber": 70, "content": "+----------------------------------------Release Build Unsymbolized Stacktrace (diff)----------------------------------------+", "important": false, "type": "Line"}, {"lineNumber": 71, "content": "", "important": false, "type": "Line"}, {"lineNumber": 72, "content": "MemorySanitizer:DEADLYSIGNAL", "important": false, "type": "Line"}, {"lineNumber": 73, "content": "==33473==ERROR: MemorySanitizer: ABRT on unknown address 0x03e8000082c1 (pc 0x000000587981 bp 0x00c0000b9a80 sp 0x00c0000b9a68 T33473)", "important": false, "type": "Line"}, {"lineNumber": 74, "content": "    #0 0x587981  (/clusterfuzz/run_bot/clusterfuzz/bot/builds/gopacket_libfuzzer_msan/custom/fuzz_layers+0x587981)", "important": false, "type": "Line"}, {"lineNumber": 75, "content": "", "important": false, "type": "Line"}, {"lineNumber": 76, "content": "MemorySanitizer can not provide additional info.", "important": false, "type": "Line"}], "revision": "1"}, "last_tested_crash_stacktrace": {"lines": [{"lineNumber": 1, "content": "[Environment] MSAN_OPTIONS=exitcode=77", "important": false, "type": "Line"}, {"lineNumber": 2, "content": "+----------------------------------------Release Build Stacktrace----------------------------------------+", "important": false, "type": "Line"}, {"lineNumber": 3, "content": "Command: /clusterfuzz/run_bot/clusterfuzz/bot/builds/gopacket_libfuzzer_msan/custom/fuzz_layers -rss_limit_mb=2560 -timeout=60 -runs=100 /clusterfuzz/run_bot/clusterfuzz/bot/inputs/fuzzer-testcases/crash-9a0cb4f15c19e3c313fd1a0f568b74e57e4b57cf", "important": false, "type": "Line"}, {"lineNumber": 4, "content": "Time ran: 0.029541492462158203", "important": false, "type": "Line"}, {"lineNumber": 5, "content": "", "important": false, "type": "Line"}, {"lineNumber": 6, "content": "INFO: Running with entropic power schedule (0xFF, 100).", "important": false, "type": "Line"}, {"lineNumber": 7, "content": "INFO: Seed: 1769331376", "important": false, "type": "Line"}, {"lineNumber": 8, "content": "INFO: 9512 Extra Counters", "important": false, "type": "Line"}, {"lineNumber": 9, "content": "/clusterfuzz/run_bot/clusterfuzz/bot/builds/gopacket_libfuzzer_msan/custom/fuzz_layers: Running 1 inputs 100 time(s) each.", "important": false, "type": "Line"}, {"lineNumber": 10, "content": "Running: /clusterfuzz/run_bot/clusterfuzz/bot/inputs/fuzzer-testcases/crash-9a0cb4f15c19e3c313fd1a0f568b74e57e4b57cf", "important": false, "type": "Line"}, {"lineNumber": 11, "content": "panic: runtime error: slice bounds out of range [:4] with capacity 0", "important": false, "type": "Line"}, {"lineNumber": 12, "content": "", "important": false, "type": "Line"}, {"lineNumber": 13, "content": "goroutine 17 [running, locked to thread]:", "important": false, "type": "Line"}, {"lineNumber": 14, "content": "github.com/google/gopacket/layers.decodeIPSecESP({0x27f4270, 0x5334ae, 0x46df00}, {0x758ce8, 0xc000180160})", "important": false, "type": "Line"}, {"lineNumber": 15, "content": "\tgithub.com/google/gopacket/layers/ipsec.go:71 +0x16c", "important": false, "type": "Line"}, {"lineNumber": 16, "content": "github.com/google/gopacket.DecodeFunc.Decode(0xc000180160, {0x27f4270, 0x0, 0x0}, {0x758ce8, 0xc000180160})", "important": false, "type": "Line"}, {"lineNumber": 17, "content": "\tgithub.com/google/gopacket/decode.go:87 +0x4d", "important": false, "type": "Line"}, {"lineNumber": 18, "content": "github.com/google/gopacket.LayerType.Decode(0x33, {0x27f4270, 0x0, 0x0}, {0x758ce8, 0xc000180160})", "important": false, "type": "Line"}, {"lineNumber": 19, "content": "\tgithub.com/google/gopacket/layertype.go:95 +0x12d", "important": false, "type": "Line"}, {"lineNumber": 20, "content": "github.com/google/gopacket.(*eagerPacket).initialDecode(0xc000180160, {0x754000, 0x8588f8})", "important": false, "type": "Line"}, {"lineNumber": 21, "content": "\tgithub.com/google/gopacket/packet.go:453 +0x90", "important": false, "type": "Line"}, {"lineNumber": 22, "content": "github.com/google/gopacket.NewPacket({0x701000000050, 0x0, 0x0}, {0x754000, 0x8588f8}, {0x0, 0x0, 0x0, 0x0})", "important": false, "type": "Line"}, {"lineNumber": 23, "content": "\tgithub.com/google/gopacket/packet.go:682 +0x29f", "important": false, "type": "Line"}, {"lineNumber": 24, "content": "github.com/google/gopacket/layers.FuzzLayer({0x701000000050, 0x3, 0x3})", "important": false, "type": "Line"}, {"lineNumber": 25, "content": "\tgithub.com/google/gopacket/layers/fuzz_layer.go:31 +0x14b", "important": false, "type": "Line"}, {"lineNumber": 26, "content": "main.LLVMFuzzerTestOneInput(...)", "important": false, "type": "Line"}, {"lineNumber": 27, "content": "\t./main.948843791.go:21", "important": false, "type": "Line"}, {"lineNumber": 28, "content": "==11811== ERROR: libFuzzer: deadly signal", "important": false, "type": "Line"}, {"lineNumber": 29, "content": "    #0 0x4caec9 in __sanitizer_print_stack_trace /src/llvm-project/compiler-rt/lib/msan/msan.cpp:733:3", "important": false, "type": "Line"}, {"lineNumber": 30, "content": "    #1 0x470468 in fuzzer::PrintStackTrace() cxa_noexception.cpp:0", "important": false, "type": "Line"}, {"lineNumber": 31, "content": "    #2 0x455383 in fuzzer::Fuzzer::CrashCallback() cxa_noexception.cpp:0", "important": false, "type": "Line"}, {"lineNumber": 32, "content": "    #3 0x519a04 in SignalAction(int, void*, void*) /src/llvm-project/compiler-rt/lib/msan/msan_interceptors.cpp:1018:3", "important": false, "type": "Line"}, {"lineNumber": 33, "content": "    #4 0x7f94c51143bf in libpthread.so.0", "important": false, "type": "Line"}, {"lineNumber": 34, "content": "    #5 0x587980 in runtime.raise.abi0 runtime/sys_linux_amd64.s:164", "important": false, "type": "Line"}, {"lineNumber": 35, "content": "", "important": false, "type": "Line"}, {"lineNumber": 36, "content": "NOTE: libFuzzer has rudimentary signal handlers.", "important": false, "type": "Line"}, {"lineNumber": 37, "content": "      Combine libFuzzer with AddressSanitizer or similar for better crash reports.", "important": false, "type": "Line"}, {"lineNumber": 38, "content": "SUMMARY: libFuzzer: deadly signal", "important": false, "type": "Line"}, {"lineNumber": 39, "content": "", "important": false, "type": "Line"}, {"lineNumber": 40, "content": "", "important": false, "type": "Line"}, {"lineNumber": 41, "content": "+----------------------------------------Release Build Unsymbolized Stacktrace (diff)----------------------------------------+", "important": false, "type": "Line"}, {"lineNumber": 42, "content": "", "important": false, "type": "Line"}, {"lineNumber": 43, "content": "\t./main.948843791.go:21", "important": false, "type": "Line"}, {"lineNumber": 44, "content": "==11811== ERROR: libFuzzer: deadly signal", "important": false, "type": "Line"}, {"lineNumber": 45, "content": "    #0 0x4caec9  (/clusterfuzz/run_bot/clusterfuzz/bot/builds/gopacket_libfuzzer_msan/custom/fuzz_layers+0x4caec9)", "important": false, "type": "Line"}, {"lineNumber": 46, "content": "    #1 0x470468  (/clusterfuzz/run_bot/clusterfuzz/bot/builds/gopacket_libfuzzer_msan/custom/fuzz_layers+0x470468)", "important": false, "type": "Line"}, {"lineNumber": 47, "content": "    #2 0x455383  (/clusterfuzz/run_bot/clusterfuzz/bot/builds/gopacket_libfuzzer_msan/custom/fuzz_layers+0x455383)", "important": false, "type": "Line"}, {"lineNumber": 48, "content": "    #3 0x519a04  (/clusterfuzz/run_bot/clusterfuzz/bot/builds/gopacket_libfuzzer_msan/custom/fuzz_layers+0x519a04)", "important": false, "type": "Line"}, {"lineNumber": 49, "content": "    #4 0x7f94c51143bf  (/lib/x86_64-linux-gnu/libpthread.so.0+0x153bf)", "important": false, "type": "Line"}, {"lineNumber": 50, "content": "    #5 0x587980  (/clusterfuzz/run_bot/clusterfuzz/bot/builds/gopacket_libfuzzer_msan/custom/fuzz_layers+0x587980)", "important": false, "type": "Line"}], "revision": null}, "security_severity": null, "security_severities": [{"value": 0, "name": "Critical"}, {"value": 1, "name": "High", "default": true}, {"value": 2, "name": "Medium"}, {"value": 3, "name": "Low"}, {"value": 4, "name": "Missing"}], "stats": {"min_hour": 1, "max_hour": 1}, "suspected_cls": null, "testcase": {"absolute_path": "/clusterfuzz/run_bot/clusterfuzz/bot/inputs/fuzzer-testcases/crash-9a0cb4f15c19e3c313fd1a0f568b74e57e4b57cf", "additional_metadata": "{\"build_key\": \"9438a010-d2ef-4fe1-82ef-dfb1cf698017\", \"env\": {\"MSAN_OPTIONS\": {}}, \"fuzzer_binary_name\": \"fuzz_layers\", \"fuzzing_strategies\": {\"fork\": 48, \"value_profile\": 1}, \"last_tested_crash_revision\": null, \"last_tested_crash_time\": {\"__type__\": \"datetime\", \"day\": 30, \"hour\": 0, \"microsecond\": 227715, \"minute\": 12, \"month\": 11, \"second\": 25, \"year\": 2021}, \"last_tested_revision\": null}", "archive_filename": null, "archive_state": 0, "binary_flag": true, "bug_indices": [], "bug_information": "", "comments": "[2021-11-28 13:25:37 UTC] comput3-20211128-16:39: Fuzz task : Fuzzer libFuzzer_fuzz_layers generated testcase crashed in 3 seconds (r1).\n[2021-11-28 13:27:38 UTC] comput7-20211128-16:36: Minimize task started.\n[2021-11-30 00:11:08 UTC] comput17-20211129-15:14: Progression task started.\n[2021-11-30 00:12:25 UTC] comput17-20211129-15:14: Progression task finished: still crashes on latest custom build.\n", "crash_address": "", "crash_revision": 1, "crash_stacktrace": "[Environment] MSAN_OPTIONS=allocator_release_to_os_interval_ms=500:exitcode=77:halt_on_error=1:handle_abort=2:handle_segv=2:handle_sigbus=2:handle_sigfpe=2:handle_sigill=2:print_stats=1:print_summary=1:symbolize=0:use_sigaltstack=1\n+----------------------------------------Release Build Stacktrace----------------------------------------+\nINFO: Running with entropic power schedule (0xFF, 100).\nINFO: Seed: 1109676790\nINFO: 9512 Extra Counters\nINFO: -fork=48: fuzzing in separate process(s)\nINFO: -fork=48: 1 seed inputs, starting to fuzz in /clusterfuzz/run_bot/clusterfuzz/bot_tmpdir/libFuzzerTemp.FuzzWithFork33352.dir\n#187: cov: 267 ft: 267 corp: 1 exec/s 0 oom/timeout/crash: 0/0/0 time: 2s job: 6 dft_time: 0\nINFO: log from the inner process:\nINFO: Running with entropic power schedule (0xFF, 100).\nINFO: Seed: 1109936890\nINFO: 9512 Extra Counters\nINFO:        0 files found in /clusterfuzz/run_bot/clusterfuzz/bot_tmpdir/libFuzzerTemp.FuzzWithFork33352.dir/C6\nINFO: -max_len is not provided; libFuzzer will not generate inputs larger than 4096 bytes\nINFO: seed corpus: files: 1 min: 1b max: 1b total: 1b rss: 49Mb\n#2\tINITED ft: 5 corp: 1/1b exec/s: 0 rss: 49Mb\n#5\tNEW    ft: 6 corp: 2/3b lim: 4 exec/s: 0 rss: 49Mb L: 2/2 MS: 3 ChangeBit-ShuffleBytes-CopyPart-\n#18\tNEW    ft: 178 corp: 3/7b lim: 4 exec/s: 0 rss: 49Mb L: 4/4 MS: 3 CrossOver-ShuffleBytes-CopyPart-\n#21\tNEW    ft: 237 corp: 4/11b lim: 4 exec/s: 0 rss: 49Mb L: 4/4 MS: 3 ChangeBinInt-CMP-CopyPart- DE: \"\\000\\000\"-\n#32\tNEW    ft: 247 corp: 5/15b lim: 4 exec/s: 0 rss: 49Mb L: 4/4 MS: 1 ChangeBit-\n#34\tNEW    ft: 253 corp: 6/19b lim: 4 exec/s: 0 rss: 49Mb L: 4/4 MS: 2 PersAutoDict-ChangeByte- DE: \"\\000\\000\"-\n#46\tNEW    ft: 254 corp: 7/23b lim: 4 exec/s: 0 rss: 49Mb L: 4/4 MS: 2 CopyPart-ChangeBinInt-\n#48\tNEW    ft: 449 corp: 8/27b lim: 4 exec/s: 0 rss: 49Mb L: 4/4 MS: 2 ShuffleBytes-ChangeByte-\n#49\tNEW    ft: 451 corp: 9/31b lim: 4 exec/s: 0 rss: 49Mb L: 4/4 MS: 1 ChangeASCIIInt-\n#50\tNEW    ft: 453 corp: 10/34b lim: 4 exec/s: 0 rss: 49Mb L: 3/4 MS: 1 InsertByte-\n#53\tNEW    ft: 456 corp: 11/37b lim: 4 exec/s: 0 rss: 49Mb L: 3/4 MS: 3 ChangeByte-CopyPart-CrossOver-\n#59\tNEW    ft: 457 corp: 12/41b lim: 4 exec/s: 0 rss: 49Mb L: 4/4 MS: 1 ShuffleBytes-\n#70\tREDUCE ft: 457 corp: 12/40b lim: 4 exec/s: 0 rss: 49Mb L: 3/4 MS: 1 EraseBytes-\n#81\tREDUCE ft: 460 corp: 13/43b lim: 4 exec/s: 0 rss: 49Mb L: 3/4 MS: 1 ChangeBinInt-\n#100\tNEW    ft: 461 corp: 14/47b lim: 4 exec/s: 0 rss: 49Mb L: 4/4 MS: 4 ChangeBit-CopyPart-ChangeByte-ChangeBinInt-\n#101\tNEW    ft: 483 corp: 15/51b lim: 4 exec/s: 0 rss: 49Mb L: 4/4 MS: 1 ChangeByte-\n#104\tNEW    ft: 498 corp: 16/55b lim: 4 exec/s: 0 rss: 49Mb L: 4/4 MS: 3 CopyPart-ShuffleBytes-ChangeBinInt-\npanic: runtime error: slice bounds out of range [:4] with capacity 0\n\ngoroutine 17 [running, locked to thread]:\ngithub.com/google/gopacket/layers.decodeIPSecESP({0x27f4270, 0x5334ae, 0x46df00}, {0x758ce8, 0xc0000d3760})\n\tgithub.com/google/gopacket/layers/ipsec.go:71 +0x16c\ngithub.com/google/gopacket.DecodeFunc.Decode(0xc0000d3760, {0x27f4270, 0x10000, 0x0}, {0x758ce8, 0xc0000d3760})\n\tgithub.com/google/gopacket/decode.go:87 +0x4d\ngithub.com/google/gopacket.LayerType.Decode(0x33, {0x27f4270, 0x0, 0x0}, {0x758ce8, 0xc0000d3760})\n\tgithub.com/google/gopacket/layertype.go:95 +0x12d\ngithub.com/google/gopacket.(*eagerPacket).initialDecode(0xc0000d3760, {0x754000, 0x8588f8})\n\tgithub.com/google/gopacket/packet.go:453 +0x90\ngithub.com/google/gopacket.NewPacket({0x7010000001c0, 0x0, 0x0}, {0x754000, 0x8588f8}, {0x0, 0x0, 0x0, 0x0})\n\tgithub.com/google/gopacket/packet.go:682 +0x29f\ngithub.com/google/gopacket/layers.FuzzLayer({0x7010000001c0, 0x3, 0x3})\n\tgithub.com/google/gopacket/layers/fuzz_layer.go:31 +0x14b\nmain.LLVMFuzzerTestOneInput(...)\n\t./main.948843791.go:21\nMemorySanitizer:DEADLYSIGNAL\n==33473==ERROR: MemorySanitizer: ABRT on unknown address 0x03e8000082c1 (pc 0x000000587981 bp 0x00c0000b9a80 sp 0x00c0000b9a68 T33473)\n    #0 0x587981 in runtime.raise.abi0 runtime/sys_linux_amd64.s:165\n\nMemorySanitizer can not provide additional info.\nSUMMARY: MemorySanitizer: ABRT (/clusterfuzz/run_bot/clusterfuzz/bot/builds/gopacket_libfuzzer_msan/custom/fuzz_layers+0x587981)\n==33473==ABORTING\nMS: 3 ChangeBit-ChangeASCIIInt-CrossOver-; base unit: 89f0403865a685eab3831c406205bbfe40f946d4\n0x0,0x33,0x24,\n\\0003$\nartifact_prefix='/clusterfuzz/run_bot/clusterfuzz/bot/inputs/fuzzer-testcases/'; Test unit written to /clusterfuzz/run_bot/clusterfuzz/bot/inputs/fuzzer-testcases/crash-9a0cb4f15c19e3c313fd1a0f568b74e57e4b57cf\nBase64: ADMk\nstat::number_of_executed_units: 187\nstat::average_exec_per_sec:     0\nstat::new_units_added:          16\nstat::slowest_unit_time_sec:    0\nstat::peak_rss_mb:              49\nINFO: exiting: 77 time: 3s\n\n\n+----------------------------------------Release Build Unsymbolized Stacktrace (diff)----------------------------------------+\n\nMemorySanitizer:DEADLYSIGNAL\n==33473==ERROR: MemorySanitizer: ABRT on unknown address 0x03e8000082c1 (pc 0x000000587981 bp 0x00c0000b9a80 sp 0x00c0000b9a68 T33473)\n    #0 0x587981  (/clusterfuzz/run_bot/clusterfuzz/bot/builds/gopacket_libfuzzer_msan/custom/fuzz_layers+0x587981)\n\nMemorySanitizer can not provide additional info.", "crash_state": "NULL", "crash_type": "Slice bounds out of range", "disable_ubsan": false, "duplicate_of": null, "fixed": "", "flaky_stack": false, "fuzzed_keys": "51f624e4-c1f2-4830-a7aa-90eabd5eacdf", "fuzzer_name": "libFuzzer", "fuzzer_name_indices": ["libFuzzer", "libFuzzer_fuzz_layers"], "gestures": [], "group_bug_information": 0, "group_id": 0, "has_bug_flag": false, "http_flag": false, "impact_beta_version": null, "impact_beta_version_indices": [], "impact_beta_version_likely": null, "impact_extended_stable_version": null, "impact_extended_stable_version_indices": [], "impact_extended_stable_version_likely": null, "impact_head_version": null, "impact_head_version_indices": [], "impact_head_version_likely": null, "impact_indices": [], "impact_stable_version": null, "impact_stable_version_indices": [], "impact_stable_version_likely": null, "impact_version_indices": [], "is_a_duplicate_flag": false, "is_impact_set_flag": null, "is_leader": true, "job_type": "gopacket_libfuzzer_msan", "keywords": ["linux", "lib", "out", "bounds", "slice bounds", "bounds out of", "of", "slice bounds out of range", "fuzzer_fuzz", "msan", "gopacket_libfuzzer", "null", "out of", "libfuzzer_fuzz_layers", "fuzzer", "slice bounds out of", "libfuzzer_msan", "libfuzzer", "slice", "out of range", "layers", "of range", "fuzz", "gopacket", "fuzz_layers", "libfuzzer_fuzz", "gopacket_libfuzzer_msan", "bounds out of range", "range", "bounds out", "fuzzer_fuzz_layers", "slice bounds out"], "last_tested_crash_stacktrace": "[Environment] MSAN_OPTIONS=exitcode=77\n+----------------------------------------Release Build Stacktrace----------------------------------------+\nCommand: /clusterfuzz/run_bot/clusterfuzz/bot/builds/gopacket_libfuzzer_msan/custom/fuzz_layers -rss_limit_mb=2560 -timeout=60 -runs=100 /clusterfuzz/run_bot/clusterfuzz/bot/inputs/fuzzer-testcases/crash-9a0cb4f15c19e3c313fd1a0f568b74e57e4b57cf\nTime ran: 0.029541492462158203\n\nINFO: Running with entropic power schedule (0xFF, 100).\nINFO: Seed: 1769331376\nINFO: 9512 Extra Counters\n/clusterfuzz/run_bot/clusterfuzz/bot/builds/gopacket_libfuzzer_msan/custom/fuzz_layers: Running 1 inputs 100 time(s) each.\nRunning: /clusterfuzz/run_bot/clusterfuzz/bot/inputs/fuzzer-testcases/crash-9a0cb4f15c19e3c313fd1a0f568b74e57e4b57cf\npanic: runtime error: slice bounds out of range [:4] with capacity 0\n\ngoroutine 17 [running, locked to thread]:\ngithub.com/google/gopacket/layers.decodeIPSecESP({0x27f4270, 0x5334ae, 0x46df00}, {0x758ce8, 0xc000180160})\n\tgithub.com/google/gopacket/layers/ipsec.go:71 +0x16c\ngithub.com/google/gopacket.DecodeFunc.Decode(0xc000180160, {0x27f4270, 0x0, 0x0}, {0x758ce8, 0xc000180160})\n\tgithub.com/google/gopacket/decode.go:87 +0x4d\ngithub.com/google/gopacket.LayerType.Decode(0x33, {0x27f4270, 0x0, 0x0}, {0x758ce8, 0xc000180160})\n\tgithub.com/google/gopacket/layertype.go:95 +0x12d\ngithub.com/google/gopacket.(*eagerPacket).initialDecode(0xc000180160, {0x754000, 0x8588f8})\n\tgithub.com/google/gopacket/packet.go:453 +0x90\ngithub.com/google/gopacket.NewPacket({0x701000000050, 0x0, 0x0}, {0x754000, 0x8588f8}, {0x0, 0x0, 0x0, 0x0})\n\tgithub.com/google/gopacket/packet.go:682 +0x29f\ngithub.com/google/gopacket/layers.FuzzLayer({0x701000000050, 0x3, 0x3})\n\tgithub.com/google/gopacket/layers/fuzz_layer.go:31 +0x14b\nmain.LLVMFuzzerTestOneInput(...)\n\t./main.948843791.go:21\n==11811== ERROR: libFuzzer: deadly signal\n    #0 0x4caec9 in __sanitizer_print_stack_trace /src/llvm-project/compiler-rt/lib/msan/msan.cpp:733:3\n    #1 0x470468 in fuzzer::PrintStackTrace() cxa_noexception.cpp:0\n    #2 0x455383 in fuzzer::Fuzzer::CrashCallback() cxa_noexception.cpp:0\n    #3 0x519a04 in SignalAction(int, void*, void*) /src/llvm-project/compiler-rt/lib/msan/msan_interceptors.cpp:1018:3\n    #4 0x7f94c51143bf in libpthread.so.0\n    #5 0x587980 in runtime.raise.abi0 runtime/sys_linux_amd64.s:164\n\nNOTE: libFuzzer has rudimentary signal handlers.\n      Combine libFuzzer with AddressSanitizer or similar for better crash reports.\nSUMMARY: libFuzzer: deadly signal\n\n\n+----------------------------------------Release Build Unsymbolized Stacktrace (diff)----------------------------------------+\n\n\t./main.948843791.go:21\n==11811== ERROR: libFuzzer: deadly signal\n    #0 0x4caec9  (/clusterfuzz/run_bot/clusterfuzz/bot/builds/gopacket_libfuzzer_msan/custom/fuzz_layers+0x4caec9)\n    #1 0x470468  (/clusterfuzz/run_bot/clusterfuzz/bot/builds/gopacket_libfuzzer_msan/custom/fuzz_layers+0x470468)\n    #2 0x455383  (/clusterfuzz/run_bot/clusterfuzz/bot/builds/gopacket_libfuzzer_msan/custom/fuzz_layers+0x455383)\n    #3 0x519a04  (/clusterfuzz/run_bot/clusterfuzz/bot/builds/gopacket_libfuzzer_msan/custom/fuzz_layers+0x519a04)\n    #4 0x7f94c51143bf  (/lib/x86_64-linux-gnu/libpthread.so.0+0x153bf)\n    #5 0x587980  (/clusterfuzz/run_bot/clusterfuzz/bot/builds/gopacket_libfuzzer_msan/custom/fuzz_layers+0x587980)\n", "minidump_keys": "", "minimized_arguments": "-rss_limit_mb=2560 -timeout=60", "minimized_keys": "6e662906-f802-41fe-99dd-1ce5402ee2c0", "one_time_crasher_flag": false, "open": true, "overridden_fuzzer_name": "libFuzzer_fuzz_layers", "platform": "linux", "platform_id": "linux", "project_name": "test-project", "queue": "jobs-linux", "redzone": 32, "regression": "NA", "security_flag": false, "security_severity": null, "status": "Processed", "symbolized": false, "timeout_multiplier": 1.0, "timestamp": 1638105937, "triaged": false, "uploader_email": null, "window_argument": "", "id": 6097}, "timestamp": 1638105937.771134, "show_blame": false, "show_impact": false, "impacts_production": false, "find_similar_issues_options": [{"type": "open", "label": "Open"}, {"type": "all", "label": "All"}], "auto_delete_timestamp": null, "auto_close_timestamp": null, "memory_tool_display_label": "Sanitizer", "memory_tool_display_value": "memory (MSAN)", "last_tested": "1:1 (No component revisions found!)", "is_admin_or_not_oss_fuzz": true, "has_issue_tracker": false, "reproduction_help_url": "", "is_local_development": true, "fuzzer_display": {"engine": "libFuzzer", "target": "fuzz_layers", "name": "libFuzzer", "fully_qualified_name": "libFuzzer_fuzz_layers"}}