{"id": 6099, "crash_type": "Use-of-uninitialized-value", "crash_address": "", "crash_state": "print_hash_info\nprocess_elf_file\nprocess_dwflmod\n", "crash_state_lines": ["print_hash_info", "process_elf_file", "process_dwflmod"], "crash_revision": 1, "csrf_token": "D6S+cXG/eQvjQp1jhkN2Yfq5FoCaAiuUjD0oLthouNSAPb8xaAgWvNikB3AHnFnrgfWQIz/OKB4owWUbxHHo3A==", "external_user": false, "footer": "[2021-11-28 13:25:40 UTC] comput8-20211128-16:36: Fuzz task : Fuzzer libFuzzer_testfuzz generated testcase crashed in 0 seconds (r1).\n[2021-11-28 13:26:38 UTC] comput7-20211128-16:38: Minimize task started.\n[2021-11-28 13:28:24 UTC] comput7-20211128-16:38: Minimize task errored out: LibFuzzer minimization failed.\n[2021-11-30 00:09:11 UTC] comput17-20211129-15:14: Progression task started.\n[2021-11-30 00:10:28 UTC] comput17-20211129-15:14: Progression task finished: still crashes on latest custom build.\n", "formatted_reproduction_help": "", "fixed": "NO", "fixed_full": null, "issue_url": null, "is_admin": true, "metadata": {"build_key": "4ac50ac6-703d-40ac-b3be-84019ec91163", "env": {"MSAN_OPTIONS": {}}, "fuzzer_binary_name": "testfuzz", "fuzzing_strategies": {"corpus_subset": 125, "random_max_len": 1}, "last_tested_crash_revision": null, "last_tested_crash_time": 1638231028, "last_tested_revision": null}, "minimized_testcase_size": "7 KB", "needs_refresh": false, "original_testcase_size": "7 KB", "privileged_user": true, "regression": "NA", "crash_stacktrace": {"lines": [{"lineNumber": 1, "content": "[Environment] MSAN_OPTIONS=exitcode=77", "important": false, "type": "Line"}, {"lineNumber": 2, "content": "+----------------------------------------Release Build Stacktrace----------------------------------------+", "important": false, "type": "Line"}, {"lineNumber": 3, "content": "Command: /clusterfuzz/run_bot/clusterfuzz/bot/builds/elfutils_libfuzzer_msan/custom/testfuzz -rss_limit_mb=2560 -timeout=60 -runs=100 /clusterfuzz/run_bot/clusterfuzz/bot/inputs/fuzzer-testcases/crash-fac5168f85ca626b41eeb9491bb26c4eb74d0b7c", "important": false, "type": "Line"}, {"lineNumber": 4, "content": "Time ran: 0.04308462142944336", "important": false, "type": "Line"}, {"lineNumber": 5, "content": "", "important": false, "type": "Line"}, {"lineNumber": 6, "content": "INFO: Running with entropic power schedule (0xFF, 100).", "important": false, "type": "Line"}, {"lineNumber": 7, "content": "INFO: Seed: 1253849341", "important": false, "type": "Line"}, {"lineNumber": 8, "content": "INFO: Loaded 1 modules   (22553 inline 8-bit counters): 22553 [0x8a1db1, 0x8a75ca),", "important": false, "type": "Line"}, {"lineNumber": 9, "content": "INFO: Loaded 1 PC tables (22553 PCs): 22553 [0x8a75d0,0x8ff760),", "important": false, "type": "Line"}, {"lineNumber": 10, "content": "/clusterfuzz/run_bot/clusterfuzz/bot/builds/elfutils_libfuzzer_msan/custom/testfuzz: Running 1 inputs 100 time(s) each.", "important": false, "type": "Line"}, {"lineNumber": 11, "content": "Running: /clusterfuzz/run_bot/clusterfuzz/bot/inputs/fuzzer-testcases/crash-fac5168f85ca626b41eeb9491bb26c4eb74d0b7c", "important": false, "type": "Line"}, {"lineNumber": 12, "content": "/clusterfuzz/run_bot/clusterfuzz/bot/builds/elfutils_libfuzzer_msan/custom/testfuzz: cannot generate Elf descriptor: ELF version not set", "important": false, "type": "Line"}, {"lineNumber": 13, "content": "==2772==WARNING: MemorySanitizer: use-of-uninitialized-value", "important": false, "type": "Line"}, {"lineNumber": 14, "content": "    #0 0x740039 in print_hash_info /src/elfutils/src/libreadelf.c:2888:7", "important": true, "type": "Line"}, {"lineNumber": 15, "content": "    #1 0x72f5b5 in handle_gnu_hash /src/elfutils/src/libreadelf.c:3151:3", "important": false, "type": "Line"}, {"lineNumber": 16, "content": "    #2 0x72f5b5 in handle_hash /src/elfutils/src/libreadelf.c:3201:6", "important": false, "type": "Line"}, {"lineNumber": 17, "content": "    #3 0x72f5b5 in process_elf_file /src/elfutils/src/libreadelf.c:703:5", "important": true, "type": "Line"}, {"lineNumber": 18, "content": "    #4 0x71a428 in process_dwflmod /src/elfutils/src/libreadelf.c:450:3", "important": true, "type": "Line"}, {"lineNumber": 19, "content": "    #5 0x613010 in dwfl_getmodules /src/elfutils/libdwfl/dwfl_getmodules.c:86:16", "important": false, "type": "Line"}, {"lineNumber": 20, "content": "    #6 0x719d3b in process_file /src/elfutils/src/libreadelf.c:589:7", "important": false, "type": "Line"}, {"lineNumber": 21, "content": "    #7 0x52acb1 in LLVMFuzzerTestOneInput /src/elfutils/fuzz/fuzz.cc:94:5", "important": false, "type": "Line"}, {"lineNumber": 22, "content": "    #8 0x457ce3 in fuzzer::Fuzzer::ExecuteCallback(unsigned char const*, unsigned long) cxa_noexception.cpp:0", "important": false, "type": "Line"}, {"lineNumber": 23, "content": "    #9 0x4435f2 in fuzzer::RunOneTest(fuzzer::Fuzzer*, char const*, unsigned long) /src/llvm-project/compiler-rt/lib/fuzzer/FuzzerDriver.cpp:324:6", "important": false, "type": "Line"}, {"lineNumber": 24, "content": "    #10 0x4490ba in fuzzer::FuzzerDriver(int*, char***, int (*)(unsigned char const*, unsigned long)) cxa_noexception.cpp:0", "important": false, "type": "Line"}, {"lineNumber": 25, "content": "    #11 0x471fe2 in main /src/llvm-project/compiler-rt/lib/fuzzer/FuzzerMain.cpp:20:10", "important": false, "type": "Line"}, {"lineNumber": 26, "content": "    #12 0x7f0bd21800b2 in __libc_start_main", "important": false, "type": "Line"}, {"lineNumber": 27, "content": "    #13 0x42087d in _start", "important": false, "type": "Line"}, {"lineNumber": 28, "content": "", "important": false, "type": "Line"}, {"lineNumber": 29, "content": "  Uninitialized value was created by an allocation of &#x27;res&#x27; in the stack frame of function &#x27;xasprintf&#x27;", "important": false, "type": "Line"}, {"lineNumber": 30, "content": "    #0 0x7e2860 in xasprintf /src/elfutils/lib/xasprintf.c:42", "important": false, "type": "Line"}, {"lineNumber": 31, "content": "", "important": false, "type": "Line"}, {"lineNumber": 32, "content": "SUMMARY: MemorySanitizer: use-of-uninitialized-value (/clusterfuzz/run_bot/clusterfuzz/bot/builds/elfutils_libfuzzer_msan/custom/testfuzz+0x740039)", "important": false, "type": "Line"}, {"lineNumber": 33, "content": "Unique heap origins: 33", "important": false, "type": "Line"}, {"lineNumber": 34, "content": "Stack depot allocated bytes: 1900544", "important": false, "type": "Line"}, {"lineNumber": 35, "content": "Unique origin histories: 7", "important": false, "type": "Line"}, {"lineNumber": 36, "content": "History depot allocated bytes: 196608", "important": false, "type": "Line"}, {"lineNumber": 37, "content": "Exiting", "important": false, "type": "Line"}, {"lineNumber": 38, "content": "", "important": false, "type": "Line"}, {"lineNumber": 39, "content": "", "important": false, "type": "Line"}, {"lineNumber": 40, "content": "+----------------------------------------Release Build Unsymbolized Stacktrace (diff)----------------------------------------+", "important": false, "type": "Line"}, {"lineNumber": 41, "content": "", "important": false, "type": "Line"}, {"lineNumber": 42, "content": "/clusterfuzz/run_bot/clusterfuzz/bot/builds/elfutils_libfuzzer_msan/custom/testfuzz: cannot generate Elf descriptor: ELF version not set", "important": false, "type": "Line"}, {"lineNumber": 43, "content": "==2772==WARNING: MemorySanitizer: use-of-uninitialized-value", "important": false, "type": "Line"}, {"lineNumber": 44, "content": "    #0 0x740039  (/clusterfuzz/run_bot/clusterfuzz/bot/builds/elfutils_libfuzzer_msan/custom/testfuzz+0x740039)", "important": false, "type": "Line"}, {"lineNumber": 45, "content": "    #1 0x72f5b5  (/clusterfuzz/run_bot/clusterfuzz/bot/builds/elfutils_libfuzzer_msan/custom/testfuzz+0x72f5b5)", "important": false, "type": "Line"}, {"lineNumber": 46, "content": "    #2 0x71a428  (/clusterfuzz/run_bot/clusterfuzz/bot/builds/elfutils_libfuzzer_msan/custom/testfuzz+0x71a428)", "important": false, "type": "Line"}, {"lineNumber": 47, "content": "    #3 0x613010  (/clusterfuzz/run_bot/clusterfuzz/bot/builds/elfutils_libfuzzer_msan/custom/testfuzz+0x613010)", "important": false, "type": "Line"}, {"lineNumber": 48, "content": "    #4 0x719d3b  (/clusterfuzz/run_bot/clusterfuzz/bot/builds/elfutils_libfuzzer_msan/custom/testfuzz+0x719d3b)", "important": false, "type": "Line"}, {"lineNumber": 49, "content": "    #5 0x52acb1  (/clusterfuzz/run_bot/clusterfuzz/bot/builds/elfutils_libfuzzer_msan/custom/testfuzz+0x52acb1)", "important": false, "type": "Line"}, {"lineNumber": 50, "content": "    #6 0x457ce3  (/clusterfuzz/run_bot/clusterfuzz/bot/builds/elfutils_libfuzzer_msan/custom/testfuzz+0x457ce3)", "important": false, "type": "Line"}, {"lineNumber": 51, "content": "    #7 0x4435f2  (/clusterfuzz/run_bot/clusterfuzz/bot/builds/elfutils_libfuzzer_msan/custom/testfuzz+0x4435f2)", "important": false, "type": "Line"}, {"lineNumber": 52, "content": "    #8 0x4490ba  (/clusterfuzz/run_bot/clusterfuzz/bot/builds/elfutils_libfuzzer_msan/custom/testfuzz+0x4490ba)", "important": false, "type": "Line"}, {"lineNumber": 53, "content": "    #9 0x471fe2  (/clusterfuzz/run_bot/clusterfuzz/bot/builds/elfutils_libfuzzer_msan/custom/testfuzz+0x471fe2)", "important": false, "type": "Line"}, {"lineNumber": 54, "content": "    #10 0x7f0bd21800b2  (/lib/x86_64-linux-gnu/libc.so.6+0x270b2)", "important": false, "type": "Line"}, {"lineNumber": 55, "content": "    #11 0x42087d  (/clusterfuzz/run_bot/clusterfuzz/bot/builds/elfutils_libfuzzer_msan/custom/testfuzz+0x42087d)", "important": false, "type": "Line"}, {"lineNumber": 56, "content": "", "important": false, "type": "Line"}, {"lineNumber": 57, "content": "  Uninitialized value was created by an allocation of &#x27;res&#x27; in the stack frame of function &#x27;xasprintf&#x27;", "important": false, "type": "Line"}, {"lineNumber": 58, "content": "    #0 0x7e2860  (/clusterfuzz/run_bot/clusterfuzz/bot/builds/elfutils_libfuzzer_msan/custom/testfuzz+0x7e2860)", "important": false, "type": "Line"}], "revision": "1"}, "last_tested_crash_stacktrace": {"lines": [{"lineNumber": 1, "content": "[Environment] MSAN_OPTIONS=exitcode=77", "important": false, "type": "Line"}, {"lineNumber": 2, "content": "+----------------------------------------Release Build Stacktrace----------------------------------------+", "important": false, "type": "Line"}, {"lineNumber": 3, "content": "Command: /clusterfuzz/run_bot/clusterfuzz/bot/builds/elfutils_libfuzzer_msan/custom/testfuzz -rss_limit_mb=2560 -timeout=60 -runs=100 /clusterfuzz/run_bot/clusterfuzz/bot/inputs/fuzzer-testcases/crash-fac5168f85ca626b41eeb9491bb26c4eb74d0b7c", "important": false, "type": "Line"}, {"lineNumber": 4, "content": "Time ran: 0.03875374794006348", "important": false, "type": "Line"}, {"lineNumber": 5, "content": "", "important": false, "type": "Line"}, {"lineNumber": 6, "content": "INFO: Running with entropic power schedule (0xFF, 100).", "important": false, "type": "Line"}, {"lineNumber": 7, "content": "INFO: Seed: 1652500041", "important": false, "type": "Line"}, {"lineNumber": 8, "content": "INFO: Loaded 1 modules   (22553 inline 8-bit counters): 22553 [0x8a1db1, 0x8a75ca),", "important": false, "type": "Line"}, {"lineNumber": 9, "content": "INFO: Loaded 1 PC tables (22553 PCs): 22553 [0x8a75d0,0x8ff760),", "important": false, "type": "Line"}, {"lineNumber": 10, "content": "/clusterfuzz/run_bot/clusterfuzz/bot/builds/elfutils_libfuzzer_msan/custom/testfuzz: Running 1 inputs 100 time(s) each.", "important": false, "type": "Line"}, {"lineNumber": 11, "content": "Running: /clusterfuzz/run_bot/clusterfuzz/bot/inputs/fuzzer-testcases/crash-fac5168f85ca626b41eeb9491bb26c4eb74d0b7c", "important": false, "type": "Line"}, {"lineNumber": 12, "content": "/clusterfuzz/run_bot/clusterfuzz/bot/builds/elfutils_libfuzzer_msan/custom/testfuzz: cannot generate Elf descriptor: ELF version not set", "important": false, "type": "Line"}, {"lineNumber": 13, "content": "==173954==WARNING: MemorySanitizer: use-of-uninitialized-value", "important": false, "type": "Line"}, {"lineNumber": 14, "content": "    #0 0x740039 in print_hash_info /src/elfutils/src/libreadelf.c:2888:7", "important": true, "type": "Line"}, {"lineNumber": 15, "content": "    #1 0x72f5b5 in handle_gnu_hash /src/elfutils/src/libreadelf.c:3151:3", "important": false, "type": "Line"}, {"lineNumber": 16, "content": "    #2 0x72f5b5 in handle_hash /src/elfutils/src/libreadelf.c:3201:6", "important": false, "type": "Line"}, {"lineNumber": 17, "content": "    #3 0x72f5b5 in process_elf_file /src/elfutils/src/libreadelf.c:703:5", "important": true, "type": "Line"}, {"lineNumber": 18, "content": "    #4 0x71a428 in process_dwflmod /src/elfutils/src/libreadelf.c:450:3", "important": true, "type": "Line"}, {"lineNumber": 19, "content": "    #5 0x613010 in dwfl_getmodules /src/elfutils/libdwfl/dwfl_getmodules.c:86:16", "important": false, "type": "Line"}, {"lineNumber": 20, "content": "    #6 0x719d3b in process_file /src/elfutils/src/libreadelf.c:589:7", "important": false, "type": "Line"}, {"lineNumber": 21, "content": "    #7 0x52acb1 in LLVMFuzzerTestOneInput /src/elfutils/fuzz/fuzz.cc:94:5", "important": false, "type": "Line"}, {"lineNumber": 22, "content": "    #8 0x457ce3 in fuzzer::Fuzzer::ExecuteCallback(unsigned char const*, unsigned long) cxa_noexception.cpp:0", "important": false, "type": "Line"}, {"lineNumber": 23, "content": "    #9 0x4435f2 in fuzzer::RunOneTest(fuzzer::Fuzzer*, char const*, unsigned long) /src/llvm-project/compiler-rt/lib/fuzzer/FuzzerDriver.cpp:324:6", "important": false, "type": "Line"}, {"lineNumber": 24, "content": "    #10 0x4490ba in fuzzer::FuzzerDriver(int*, char***, int (*)(unsigned char const*, unsigned long)) cxa_noexception.cpp:0", "important": false, "type": "Line"}, {"lineNumber": 25, "content": "    #11 0x471fe2 in main /src/llvm-project/compiler-rt/lib/fuzzer/FuzzerMain.cpp:20:10", "important": false, "type": "Line"}, {"lineNumber": 26, "content": "    #12 0x7f44ff0540b2 in __libc_start_main", "important": false, "type": "Line"}, {"lineNumber": 27, "content": "    #13 0x42087d in _start", "important": false, "type": "Line"}, {"lineNumber": 28, "content": "", "important": false, "type": "Line"}, {"lineNumber": 29, "content": "  Uninitialized value was created by an allocation of &#x27;res&#x27; in the stack frame of function &#x27;xasprintf&#x27;", "important": false, "type": "Line"}, {"lineNumber": 30, "content": "    #0 0x7e2860 in xasprintf /src/elfutils/lib/xasprintf.c:42", "important": false, "type": "Line"}, {"lineNumber": 31, "content": "", "important": false, "type": "Line"}, {"lineNumber": 32, "content": "SUMMARY: MemorySanitizer: use-of-uninitialized-value (/clusterfuzz/run_bot/clusterfuzz/bot/builds/elfutils_libfuzzer_msan/custom/testfuzz+0x740039)", "important": false, "type": "Line"}, {"lineNumber": 33, "content": "Exiting", "important": false, "type": "Line"}, {"lineNumber": 34, "content": "", "important": false, "type": "Line"}, {"lineNumber": 35, "content": "", "important": false, "type": "Line"}, {"lineNumber": 36, "content": "+----------------------------------------Release Build Unsymbolized Stacktrace (diff)----------------------------------------+", "important": false, "type": "Line"}, {"lineNumber": 37, "content": "", "important": false, "type": "Line"}, {"lineNumber": 38, "content": "/clusterfuzz/run_bot/clusterfuzz/bot/builds/elfutils_libfuzzer_msan/custom/testfuzz: cannot generate Elf descriptor: ELF version not set", "important": false, "type": "Line"}, {"lineNumber": 39, "content": "==173954==WARNING: MemorySanitizer: use-of-uninitialized-value", "important": false, "type": "Line"}, {"lineNumber": 40, "content": "    #0 0x740039  (/clusterfuzz/run_bot/clusterfuzz/bot/builds/elfutils_libfuzzer_msan/custom/testfuzz+0x740039)", "important": false, "type": "Line"}, {"lineNumber": 41, "content": "    #1 0x72f5b5  (/clusterfuzz/run_bot/clusterfuzz/bot/builds/elfutils_libfuzzer_msan/custom/testfuzz+0x72f5b5)", "important": false, "type": "Line"}, {"lineNumber": 42, "content": "    #2 0x71a428  (/clusterfuzz/run_bot/clusterfuzz/bot/builds/elfutils_libfuzzer_msan/custom/testfuzz+0x71a428)", "important": false, "type": "Line"}, {"lineNumber": 43, "content": "    #3 0x613010  (/clusterfuzz/run_bot/clusterfuzz/bot/builds/elfutils_libfuzzer_msan/custom/testfuzz+0x613010)", "important": false, "type": "Line"}, {"lineNumber": 44, "content": "    #4 0x719d3b  (/clusterfuzz/run_bot/clusterfuzz/bot/builds/elfutils_libfuzzer_msan/custom/testfuzz+0x719d3b)", "important": false, "type": "Line"}, {"lineNumber": 45, "content": "    #5 0x52acb1  (/clusterfuzz/run_bot/clusterfuzz/bot/builds/elfutils_libfuzzer_msan/custom/testfuzz+0x52acb1)", "important": false, "type": "Line"}, {"lineNumber": 46, "content": "    #6 0x457ce3  (/clusterfuzz/run_bot/clusterfuzz/bot/builds/elfutils_libfuzzer_msan/custom/testfuzz+0x457ce3)", "important": false, "type": "Line"}, {"lineNumber": 47, "content": "    #7 0x4435f2  (/clusterfuzz/run_bot/clusterfuzz/bot/builds/elfutils_libfuzzer_msan/custom/testfuzz+0x4435f2)", "important": false, "type": "Line"}, {"lineNumber": 48, "content": "    #8 0x4490ba  (/clusterfuzz/run_bot/clusterfuzz/bot/builds/elfutils_libfuzzer_msan/custom/testfuzz+0x4490ba)", "important": false, "type": "Line"}, {"lineNumber": 49, "content": "    #9 0x471fe2  (/clusterfuzz/run_bot/clusterfuzz/bot/builds/elfutils_libfuzzer_msan/custom/testfuzz+0x471fe2)", "important": false, "type": "Line"}, {"lineNumber": 50, "content": "    #10 0x7f44ff0540b2  (/lib/x86_64-linux-gnu/libc.so.6+0x270b2)", "important": false, "type": "Line"}, {"lineNumber": 51, "content": "    #11 0x42087d  (/clusterfuzz/run_bot/clusterfuzz/bot/builds/elfutils_libfuzzer_msan/custom/testfuzz+0x42087d)", "important": false, "type": "Line"}, {"lineNumber": 52, "content": "", "important": false, "type": "Line"}, {"lineNumber": 53, "content": "  Uninitialized value was created by an allocation of &#x27;res&#x27; in the stack frame of function &#x27;xasprintf&#x27;", "important": false, "type": "Line"}, {"lineNumber": 54, "content": "    #0 0x7e2860  (/clusterfuzz/run_bot/clusterfuzz/bot/builds/elfutils_libfuzzer_msan/custom/testfuzz+0x7e2860)", "important": false, "type": "Line"}], "revision": null}, "security_severity": "Medium", "security_severities": [{"value": 0, "name": "Critical"}, {"value": 1, "name": "High", "default": true}, {"value": 2, "name": "Medium"}, {"value": 3, "name": "Low"}, {"value": 4, "name": "Missing"}], "stats": {"min_hour": 1, "max_hour": 1}, "suspected_cls": null, "testcase": {"absolute_path": "/clusterfuzz/run_bot/clusterfuzz/bot/inputs/fuzzer-testcases/crash-fac5168f85ca626b41eeb9491bb26c4eb74d0b7c", "additional_metadata": "{\"build_key\": \"4ac50ac6-703d-40ac-b3be-84019ec91163\", \"env\": {\"MSAN_OPTIONS\": {}}, \"fuzzer_binary_name\": \"testfuzz\", \"fuzzing_strategies\": {\"corpus_subset\": 125, \"random_max_len\": 1}, \"last_tested_crash_revision\": null, \"last_tested_crash_time\": {\"__type__\": \"datetime\", \"day\": 30, \"hour\": 0, \"microsecond\": 161972, \"minute\": 10, \"month\": 11, \"second\": 28, \"year\": 2021}, \"last_tested_revision\": null}", "archive_filename": null, "archive_state": 0, "binary_flag": true, "bug_indices": [], "bug_information": "", "comments": "[2021-11-28 13:25:40 UTC] comput8-20211128-16:36: Fuzz task : Fuzzer libFuzzer_testfuzz generated testcase crashed in 0 seconds (r1).\n[2021-11-28 13:26:38 UTC] comput7-20211128-16:38: Minimize task started.\n[2021-11-28 13:28:24 UTC] comput7-20211128-16:38: Minimize task errored out: LibFuzzer minimization failed.\n[2021-11-30 00:09:11 UTC] comput17-20211129-15:14: Progression task started.\n[2021-11-30 00:10:28 UTC] comput17-20211129-15:14: Progression task finished: still crashes on latest custom build.\n", "crash_address": "", "crash_revision": 1, "crash_stacktrace": "[Environment] MSAN_OPTIONS=exitcode=77\n+----------------------------------------Release Build Stacktrace----------------------------------------+\nCommand: /clusterfuzz/run_bot/clusterfuzz/bot/builds/elfutils_libfuzzer_msan/custom/testfuzz -rss_limit_mb=2560 -timeout=60 -runs=100 /clusterfuzz/run_bot/clusterfuzz/bot/inputs/fuzzer-testcases/crash-fac5168f85ca626b41eeb9491bb26c4eb74d0b7c\nTime ran: 0.04308462142944336\n\nINFO: Running with entropic power schedule (0xFF, 100).\nINFO: Seed: 1253849341\nINFO: Loaded 1 modules   (22553 inline 8-bit counters): 22553 [0x8a1db1, 0x8a75ca),\nINFO: Loaded 1 PC tables (22553 PCs): 22553 [0x8a75d0,0x8ff760),\n/clusterfuzz/run_bot/clusterfuzz/bot/builds/elfutils_libfuzzer_msan/custom/testfuzz: Running 1 inputs 100 time(s) each.\nRunning: /clusterfuzz/run_bot/clusterfuzz/bot/inputs/fuzzer-testcases/crash-fac5168f85ca626b41eeb9491bb26c4eb74d0b7c\n/clusterfuzz/run_bot/clusterfuzz/bot/builds/elfutils_libfuzzer_msan/custom/testfuzz: cannot generate Elf descriptor: ELF version not set\n==2772==WARNING: MemorySanitizer: use-of-uninitialized-value\n    #0 0x740039 in print_hash_info /src/elfutils/src/libreadelf.c:2888:7\n    #1 0x72f5b5 in handle_gnu_hash /src/elfutils/src/libreadelf.c:3151:3\n    #2 0x72f5b5 in handle_hash /src/elfutils/src/libreadelf.c:3201:6\n    #3 0x72f5b5 in process_elf_file /src/elfutils/src/libreadelf.c:703:5\n    #4 0x71a428 in process_dwflmod /src/elfutils/src/libreadelf.c:450:3\n    #5 0x613010 in dwfl_getmodules /src/elfutils/libdwfl/dwfl_getmodules.c:86:16\n    #6 0x719d3b in process_file /src/elfutils/src/libreadelf.c:589:7\n    #7 0x52acb1 in LLVMFuzzerTestOneInput /src/elfutils/fuzz/fuzz.cc:94:5\n    #8 0x457ce3 in fuzzer::Fuzzer::ExecuteCallback(unsigned char const*, unsigned long) cxa_noexception.cpp:0\n    #9 0x4435f2 in fuzzer::RunOneTest(fuzzer::Fuzzer*, char const*, unsigned long) /src/llvm-project/compiler-rt/lib/fuzzer/FuzzerDriver.cpp:324:6\n    #10 0x4490ba in fuzzer::FuzzerDriver(int*, char***, int (*)(unsigned char const*, unsigned long)) cxa_noexception.cpp:0\n    #11 0x471fe2 in main /src/llvm-project/compiler-rt/lib/fuzzer/FuzzerMain.cpp:20:10\n    #12 0x7f0bd21800b2 in __libc_start_main\n    #13 0x42087d in _start\n\n  Uninitialized value was created by an allocation of 'res' in the stack frame of function 'xasprintf'\n    #0 0x7e2860 in xasprintf /src/elfutils/lib/xasprintf.c:42\n\nSUMMARY: MemorySanitizer: use-of-uninitialized-value (/clusterfuzz/run_bot/clusterfuzz/bot/builds/elfutils_libfuzzer_msan/custom/testfuzz+0x740039)\nUnique heap origins: 33\nStack depot allocated bytes: 1900544\nUnique origin histories: 7\nHistory depot allocated bytes: 196608\nExiting\n\n\n+----------------------------------------Release Build Unsymbolized Stacktrace (diff)----------------------------------------+\n\n/clusterfuzz/run_bot/clusterfuzz/bot/builds/elfutils_libfuzzer_msan/custom/testfuzz: cannot generate Elf descriptor: ELF version not set\n==2772==WARNING: MemorySanitizer: use-of-uninitialized-value\n    #0 0x740039  (/clusterfuzz/run_bot/clusterfuzz/bot/builds/elfutils_libfuzzer_msan/custom/testfuzz+0x740039)\n    #1 0x72f5b5  (/clusterfuzz/run_bot/clusterfuzz/bot/builds/elfutils_libfuzzer_msan/custom/testfuzz+0x72f5b5)\n    #2 0x71a428  (/clusterfuzz/run_bot/clusterfuzz/bot/builds/elfutils_libfuzzer_msan/custom/testfuzz+0x71a428)\n    #3 0x613010  (/clusterfuzz/run_bot/clusterfuzz/bot/builds/elfutils_libfuzzer_msan/custom/testfuzz+0x613010)\n    #4 0x719d3b  (/clusterfuzz/run_bot/clusterfuzz/bot/builds/elfutils_libfuzzer_msan/custom/testfuzz+0x719d3b)\n    #5 0x52acb1  (/clusterfuzz/run_bot/clusterfuzz/bot/builds/elfutils_libfuzzer_msan/custom/testfuzz+0x52acb1)\n    #6 0x457ce3  (/clusterfuzz/run_bot/clusterfuzz/bot/builds/elfutils_libfuzzer_msan/custom/testfuzz+0x457ce3)\n    #7 0x4435f2  (/clusterfuzz/run_bot/clusterfuzz/bot/builds/elfutils_libfuzzer_msan/custom/testfuzz+0x4435f2)\n    #8 0x4490ba  (/clusterfuzz/run_bot/clusterfuzz/bot/builds/elfutils_libfuzzer_msan/custom/testfuzz+0x4490ba)\n    #9 0x471fe2  (/clusterfuzz/run_bot/clusterfuzz/bot/builds/elfutils_libfuzzer_msan/custom/testfuzz+0x471fe2)\n    #10 0x7f0bd21800b2  (/lib/x86_64-linux-gnu/libc.so.6+0x270b2)\n    #11 0x42087d  (/clusterfuzz/run_bot/clusterfuzz/bot/builds/elfutils_libfuzzer_msan/custom/testfuzz+0x42087d)\n\n  Uninitialized value was created by an allocation of 'res' in the stack frame of function 'xasprintf'\n    #0 0x7e2860  (/clusterfuzz/run_bot/clusterfuzz/bot/builds/elfutils_libfuzzer_msan/custom/testfuzz+0x7e2860)\n", "crash_state": "print_hash_info\nprocess_elf_file\nprocess_dwflmod\n", "crash_type": "Use-of-uninitialized-value", "disable_ubsan": false, "duplicate_of": null, "fixed": "", "flaky_stack": false, "fuzzed_keys": "03cf7f64-6d45-43b3-84cf-b8c66a5c8a73", "fuzzer_name": "libFuzzer", "fuzzer_name_indices": ["libFuzzer", "libFuzzer_testfuzz"], "gestures": [], "group_bug_information": 0, "group_id": 0, "has_bug_flag": false, "http_flag": false, "impact_beta_version": null, "impact_beta_version_indices": [], "impact_beta_version_likely": null, "impact_extended_stable_version": null, "impact_extended_stable_version_indices": [], "impact_extended_stable_version_likely": null, "impact_head_version": null, "impact_head_version_indices": [], "impact_head_version_likely": null, "impact_indices": [], "impact_stable_version": null, "impact_stable_version_indices": [], "impact_stable_version_likely": null, "impact_version_indices": [], "is_a_duplicate_flag": false, "is_impact_set_flag": null, "is_leader": true, "job_type": "elfutils_libfuzzer_msan", "keywords": ["info", "libfuzzer_testfuzz", "process", "hash_info", "testfuzz", "print", "libfuzzer_msan", "dwflmod", "hash", "msan", "use", "process_elf_file", "use-of-uninitialized", "elf", "process_dwflmod", "use-of", "elfutils_libfuzzer", "value", "fuzzer_testfuzz", "of", "lib", "of-uninitialized", "of-uninitialized-value", "elfutils_libfuzzer_msan", "elf_file", "print_hash", "fuzzer", "process_elf", "file", "print_hash_info", "elfutils", "uninitialized-value", "use-of-uninitialized-value", "linux", "libfuzzer", "uninitialized"], "last_tested_crash_stacktrace": "[Environment] MSAN_OPTIONS=exitcode=77\n+----------------------------------------Release Build Stacktrace----------------------------------------+\nCommand: /clusterfuzz/run_bot/clusterfuzz/bot/builds/elfutils_libfuzzer_msan/custom/testfuzz -rss_limit_mb=2560 -timeout=60 -runs=100 /clusterfuzz/run_bot/clusterfuzz/bot/inputs/fuzzer-testcases/crash-fac5168f85ca626b41eeb9491bb26c4eb74d0b7c\nTime ran: 0.03875374794006348\n\nINFO: Running with entropic power schedule (0xFF, 100).\nINFO: Seed: 1652500041\nINFO: Loaded 1 modules   (22553 inline 8-bit counters): 22553 [0x8a1db1, 0x8a75ca),\nINFO: Loaded 1 PC tables (22553 PCs): 22553 [0x8a75d0,0x8ff760),\n/clusterfuzz/run_bot/clusterfuzz/bot/builds/elfutils_libfuzzer_msan/custom/testfuzz: Running 1 inputs 100 time(s) each.\nRunning: /clusterfuzz/run_bot/clusterfuzz/bot/inputs/fuzzer-testcases/crash-fac5168f85ca626b41eeb9491bb26c4eb74d0b7c\n/clusterfuzz/run_bot/clusterfuzz/bot/builds/elfutils_libfuzzer_msan/custom/testfuzz: cannot generate Elf descriptor: ELF version not set\n==173954==WARNING: MemorySanitizer: use-of-uninitialized-value\n    #0 0x740039 in print_hash_info /src/elfutils/src/libreadelf.c:2888:7\n    #1 0x72f5b5 in handle_gnu_hash /src/elfutils/src/libreadelf.c:3151:3\n    #2 0x72f5b5 in handle_hash /src/elfutils/src/libreadelf.c:3201:6\n    #3 0x72f5b5 in process_elf_file /src/elfutils/src/libreadelf.c:703:5\n    #4 0x71a428 in process_dwflmod /src/elfutils/src/libreadelf.c:450:3\n    #5 0x613010 in dwfl_getmodules /src/elfutils/libdwfl/dwfl_getmodules.c:86:16\n    #6 0x719d3b in process_file /src/elfutils/src/libreadelf.c:589:7\n    #7 0x52acb1 in LLVMFuzzerTestOneInput /src/elfutils/fuzz/fuzz.cc:94:5\n    #8 0x457ce3 in fuzzer::Fuzzer::ExecuteCallback(unsigned char const*, unsigned long) cxa_noexception.cpp:0\n    #9 0x4435f2 in fuzzer::RunOneTest(fuzzer::Fuzzer*, char const*, unsigned long) /src/llvm-project/compiler-rt/lib/fuzzer/FuzzerDriver.cpp:324:6\n    #10 0x4490ba in fuzzer::FuzzerDriver(int*, char***, int (*)(unsigned char const*, unsigned long)) cxa_noexception.cpp:0\n    #11 0x471fe2 in main /src/llvm-project/compiler-rt/lib/fuzzer/FuzzerMain.cpp:20:10\n    #12 0x7f44ff0540b2 in __libc_start_main\n    #13 0x42087d in _start\n\n  Uninitialized value was created by an allocation of 'res' in the stack frame of function 'xasprintf'\n    #0 0x7e2860 in xasprintf /src/elfutils/lib/xasprintf.c:42\n\nSUMMARY: MemorySanitizer: use-of-uninitialized-value (/clusterfuzz/run_bot/clusterfuzz/bot/builds/elfutils_libfuzzer_msan/custom/testfuzz+0x740039)\nExiting\n\n\n+----------------------------------------Release Build Unsymbolized Stacktrace (diff)----------------------------------------+\n\n/clusterfuzz/run_bot/clusterfuzz/bot/builds/elfutils_libfuzzer_msan/custom/testfuzz: cannot generate Elf descriptor: ELF version not set\n==173954==WARNING: MemorySanitizer: use-of-uninitialized-value\n    #0 0x740039  (/clusterfuzz/run_bot/clusterfuzz/bot/builds/elfutils_libfuzzer_msan/custom/testfuzz+0x740039)\n    #1 0x72f5b5  (/clusterfuzz/run_bot/clusterfuzz/bot/builds/elfutils_libfuzzer_msan/custom/testfuzz+0x72f5b5)\n    #2 0x71a428  (/clusterfuzz/run_bot/clusterfuzz/bot/builds/elfutils_libfuzzer_msan/custom/testfuzz+0x71a428)\n    #3 0x613010  (/clusterfuzz/run_bot/clusterfuzz/bot/builds/elfutils_libfuzzer_msan/custom/testfuzz+0x613010)\n    #4 0x719d3b  (/clusterfuzz/run_bot/clusterfuzz/bot/builds/elfutils_libfuzzer_msan/custom/testfuzz+0x719d3b)\n    #5 0x52acb1  (/clusterfuzz/run_bot/clusterfuzz/bot/builds/elfutils_libfuzzer_msan/custom/testfuzz+0x52acb1)\n    #6 0x457ce3  (/clusterfuzz/run_bot/clusterfuzz/bot/builds/elfutils_libfuzzer_msan/custom/testfuzz+0x457ce3)\n    #7 0x4435f2  (/clusterfuzz/run_bot/clusterfuzz/bot/builds/elfutils_libfuzzer_msan/custom/testfuzz+0x4435f2)\n    #8 0x4490ba  (/clusterfuzz/run_bot/clusterfuzz/bot/builds/elfutils_libfuzzer_msan/custom/testfuzz+0x4490ba)\n    #9 0x471fe2  (/clusterfuzz/run_bot/clusterfuzz/bot/builds/elfutils_libfuzzer_msan/custom/testfuzz+0x471fe2)\n    #10 0x7f44ff0540b2  (/lib/x86_64-linux-gnu/libc.so.6+0x270b2)\n    #11 0x42087d  (/clusterfuzz/run_bot/clusterfuzz/bot/builds/elfutils_libfuzzer_msan/custom/testfuzz+0x42087d)\n\n  Uninitialized value was created by an allocation of 'res' in the stack frame of function 'xasprintf'\n    #0 0x7e2860  (/clusterfuzz/run_bot/clusterfuzz/bot/builds/elfutils_libfuzzer_msan/custom/testfuzz+0x7e2860)\n", "minidump_keys": "", "minimized_arguments": "-rss_limit_mb=2560 -timeout=60", "minimized_keys": "03cf7f64-6d45-43b3-84cf-b8c66a5c8a73", "one_time_crasher_flag": false, "open": true, "overridden_fuzzer_name": "libFuzzer_testfuzz", "platform": "linux", "platform_id": "linux", "project_name": "test-project", "queue": "jobs-linux", "redzone": 16, "regression": "NA", "security_flag": true, "security_severity": 2, "status": "Processed", "symbolized": false, "timeout_multiplier": 1.0, "timestamp": 1638105940, "triaged": false, "uploader_email": null, "window_argument": "", "id": 6099}, "timestamp": 1638105940.337981, "show_blame": false, "show_impact": false, "impacts_production": false, "find_similar_issues_options": [{"type": "open", "label": "Open"}, {"type": "all", "label": "All"}], "auto_delete_timestamp": null, "auto_close_timestamp": null, "memory_tool_display_label": "Sanitizer", "memory_tool_display_value": "memory (MSAN)", "last_tested": "1:1 (No component revisions found!)", "is_admin_or_not_oss_fuzz": true, "has_issue_tracker": false, "reproduction_help_url": "", "is_local_development": true, "fuzzer_display": {"engine": "libFuzzer", "target": "testfuzz", "name": "libFuzzer", "fully_qualified_name": "libFuzzer_testfuzz"}}