{"id": 6103, "crash_type": "Use-of-uninitialized-value", "crash_address": "", "crash_state": "coap_split_uri_sub\ncoap_split_uri\n", "crash_state_lines": ["coap_split_uri_sub", "coap_split_uri"], "crash_revision": 1, "csrf_token": "D6S+cXG/eQvjQp1jhkN2Yfq5FoCaAiuUjD0oLthouNSAPb8xaAgWvNikB3AHnFnrgfWQIz/OKB4owWUbxHHo3A==", "external_user": false, "footer": "[2021-11-28 13:25:49 UTC] comput3-20211128-16:38: Fuzz task : Fuzzer libFuzzer_split_uri_fuzzer generated testcase crashed in 0 seconds (r1).\n[2021-11-28 13:29:14 UTC] snode8-20211128-16:45: Minimize task started.\n[2021-11-28 13:30:39 UTC] snode8-20211128-16:45: Minimize task finished.\n[2021-11-30 00:10:25 UTC] snode3-20211129-17:27: Progression task started.\n[2021-11-30 00:11:42 UTC] snode3-20211129-17:27: Progression task finished: still crashes on latest custom build.\n", "formatted_reproduction_help": "", "fixed": "NO", "fixed_full": null, "issue_url": null, "is_admin": true, "metadata": {"build_key": "b26df75e-3c3f-4d43-ba51-5a19b4e37338", "env": {"MSAN_OPTIONS": {}}, "fuzzer_binary_name": "split_uri_fuzzer", "fuzzing_strategies": {"value_profile": 1}, "last_tested_crash_revision": null, "last_tested_crash_time": 1638231102, "last_tested_revision": null}, "minimized_testcase_size": "0 B", "needs_refresh": false, "original_testcase_size": "0 B", "privileged_user": true, "regression": "NA", "crash_stacktrace": {"lines": [{"lineNumber": 1, "content": "[Environment] MSAN_OPTIONS=exitcode=77", "important": false, "type": "Line"}, {"lineNumber": 2, "content": "+----------------------------------------Release Build Stacktrace----------------------------------------+", "important": false, "type": "Line"}, {"lineNumber": 3, "content": "Command: /clusterfuzz/run_bot/clusterfuzz/bot/builds/libcoap_libfuzzer_msan/custom/split_uri_fuzzer -rss_limit_mb=2560 -timeout=60 -runs=100 /clusterfuzz/run_bot/clusterfuzz/bot/inputs/fuzzer-testcases/adeb392d774bb40c6ad6b2172adfec2f5e6b4b0d3255bfef95601890afd80709", "important": false, "type": "Line"}, {"lineNumber": 4, "content": "Time ran: 0.058319091796875", "important": false, "type": "Line"}, {"lineNumber": 5, "content": "", "important": false, "type": "Line"}, {"lineNumber": 6, "content": "INFO: Running with entropic power schedule (0xFF, 100).", "important": false, "type": "Line"}, {"lineNumber": 7, "content": "INFO: Seed: 1417315311", "important": false, "type": "Line"}, {"lineNumber": 8, "content": "INFO: Loaded 1 modules   (5266 inline 8-bit counters): 5266 [0x6457c8, 0x646c5a),", "important": false, "type": "Line"}, {"lineNumber": 9, "content": "INFO: Loaded 1 PC tables (5266 PCs): 5266 [0x646c60,0x65b580),", "important": false, "type": "Line"}, {"lineNumber": 10, "content": "/clusterfuzz/run_bot/clusterfuzz/bot/builds/libcoap_libfuzzer_msan/custom/split_uri_fuzzer: Running 1 inputs 100 time(s) each.", "important": false, "type": "Line"}, {"lineNumber": 11, "content": "Running: /clusterfuzz/run_bot/clusterfuzz/bot/inputs/fuzzer-testcases/adeb392d774bb40c6ad6b2172adfec2f5e6b4b0d3255bfef95601890afd80709", "important": false, "type": "Line"}, {"lineNumber": 12, "content": "==24074==WARNING: MemorySanitizer: use-of-uninitialized-value", "important": false, "type": "Line"}, {"lineNumber": 13, "content": "    #0 0x4a5c34 in coap_split_uri_sub /src/libcoap/src/uri.c:72:7", "important": true, "type": "Line"}, {"lineNumber": 14, "content": "    #1 0x4a3752 in coap_split_uri /src/libcoap/src/uri.c:242:10", "important": true, "type": "Line"}, {"lineNumber": 15, "content": "    #2 0x4a36c0 in LLVMFuzzerTestOneInput", "important": false, "type": "Line"}, {"lineNumber": 16, "content": "    #3 0x58c633 in fuzzer::Fuzzer::ExecuteCallback(unsigned char const*, unsigned long) cxa_noexception.cpp:0", "important": false, "type": "Line"}, {"lineNumber": 17, "content": "    #4 0x577f42 in fuzzer::RunOneTest(fuzzer::Fuzzer*, char const*, unsigned long) /src/llvm-project/compiler-rt/lib/fuzzer/FuzzerDriver.cpp:324:6", "important": false, "type": "Line"}, {"lineNumber": 18, "content": "    #5 0x57da0a in fuzzer::FuzzerDriver(int*, char***, int (*)(unsigned char const*, unsigned long)) cxa_noexception.cpp:0", "important": false, "type": "Line"}, {"lineNumber": 19, "content": "    #6 0x5a6932 in main /src/llvm-project/compiler-rt/lib/fuzzer/FuzzerMain.cpp:20:10", "important": false, "type": "Line"}, {"lineNumber": 20, "content": "    #7 0x7f02f2ec60b2 in __libc_start_main", "important": false, "type": "Line"}, {"lineNumber": 21, "content": "    #8 0x41f52d in _start", "important": false, "type": "Line"}, {"lineNumber": 22, "content": "", "important": false, "type": "Line"}, {"lineNumber": 23, "content": "  Uninitialized value was created by a heap allocation", "important": false, "type": "Line"}, {"lineNumber": 24, "content": "    #0 0x45030d in __interceptor_malloc /src/llvm-project/compiler-rt/lib/msan/msan_interceptors.cpp:912:3", "important": false, "type": "Line"}, {"lineNumber": 25, "content": "    #1 0x56df77 in operator new(unsigned long) cxa_noexception.cpp:0", "important": false, "type": "Line"}, {"lineNumber": 26, "content": "    #2 0x577f42 in fuzzer::RunOneTest(fuzzer::Fuzzer*, char const*, unsigned long) /src/llvm-project/compiler-rt/lib/fuzzer/FuzzerDriver.cpp:324:6", "important": false, "type": "Line"}, {"lineNumber": 27, "content": "    #3 0x57da0a in fuzzer::FuzzerDriver(int*, char***, int (*)(unsigned char const*, unsigned long)) cxa_noexception.cpp:0", "important": false, "type": "Line"}, {"lineNumber": 28, "content": "    #4 0x5a6932 in main /src/llvm-project/compiler-rt/lib/fuzzer/FuzzerMain.cpp:20:10", "important": false, "type": "Line"}, {"lineNumber": 29, "content": "    #5 0x7f02f2ec60b2 in __libc_start_main", "important": false, "type": "Line"}, {"lineNumber": 30, "content": "", "important": false, "type": "Line"}, {"lineNumber": 31, "content": "SUMMARY: MemorySanitizer: use-of-uninitialized-value (/clusterfuzz/run_bot/clusterfuzz/bot/builds/libcoap_libfuzzer_msan/custom/split_uri_fuzzer+0x4a5c34)", "important": false, "type": "Line"}, {"lineNumber": 32, "content": "Exiting", "important": false, "type": "Line"}, {"lineNumber": 33, "content": "", "important": false, "type": "Line"}, {"lineNumber": 34, "content": "", "important": false, "type": "Line"}, {"lineNumber": 35, "content": "+----------------------------------------Release Build Unsymbolized Stacktrace (diff)----------------------------------------+", "important": false, "type": "Line"}, {"lineNumber": 36, "content": "", "important": false, "type": "Line"}, {"lineNumber": 37, "content": "Running: /clusterfuzz/run_bot/clusterfuzz/bot/inputs/fuzzer-testcases/adeb392d774bb40c6ad6b2172adfec2f5e6b4b0d3255bfef95601890afd80709", "important": false, "type": "Line"}, {"lineNumber": 38, "content": "==24074==WARNING: MemorySanitizer: use-of-uninitialized-value", "important": false, "type": "Line"}, {"lineNumber": 39, "content": "    #0 0x4a5c34  (/clusterfuzz/run_bot/clusterfuzz/bot/builds/libcoap_libfuzzer_msan/custom/split_uri_fuzzer+0x4a5c34)", "important": false, "type": "Line"}, {"lineNumber": 40, "content": "    #1 0x4a3752  (/clusterfuzz/run_bot/clusterfuzz/bot/builds/libcoap_libfuzzer_msan/custom/split_uri_fuzzer+0x4a3752)", "important": false, "type": "Line"}, {"lineNumber": 41, "content": "    #2 0x4a36c0  (/clusterfuzz/run_bot/clusterfuzz/bot/builds/libcoap_libfuzzer_msan/custom/split_uri_fuzzer+0x4a36c0)", "important": false, "type": "Line"}, {"lineNumber": 42, "content": "    #3 0x58c633  (/clusterfuzz/run_bot/clusterfuzz/bot/builds/libcoap_libfuzzer_msan/custom/split_uri_fuzzer+0x58c633)", "important": false, "type": "Line"}, {"lineNumber": 43, "content": "    #4 0x577f42  (/clusterfuzz/run_bot/clusterfuzz/bot/builds/libcoap_libfuzzer_msan/custom/split_uri_fuzzer+0x577f42)", "important": false, "type": "Line"}, {"lineNumber": 44, "content": "    #5 0x57da0a  (/clusterfuzz/run_bot/clusterfuzz/bot/builds/libcoap_libfuzzer_msan/custom/split_uri_fuzzer+0x57da0a)", "important": false, "type": "Line"}, {"lineNumber": 45, "content": "    #6 0x5a6932  (/clusterfuzz/run_bot/clusterfuzz/bot/builds/libcoap_libfuzzer_msan/custom/split_uri_fuzzer+0x5a6932)", "important": false, "type": "Line"}, {"lineNumber": 46, "content": "    #7 0x7f02f2ec60b2  (/lib/x86_64-linux-gnu/libc.so.6+0x270b2)", "important": false, "type": "Line"}, {"lineNumber": 47, "content": "    #8 0x41f52d  (/clusterfuzz/run_bot/clusterfuzz/bot/builds/libcoap_libfuzzer_msan/custom/split_uri_fuzzer+0x41f52d)", "important": false, "type": "Line"}, {"lineNumber": 48, "content": "", "important": false, "type": "Line"}, {"lineNumber": 49, "content": "  Uninitialized value was created by a heap allocation", "important": false, "type": "Line"}, {"lineNumber": 50, "content": "    #0 0x45030d  (/clusterfuzz/run_bot/clusterfuzz/bot/builds/libcoap_libfuzzer_msan/custom/split_uri_fuzzer+0x45030d)", "important": false, "type": "Line"}, {"lineNumber": 51, "content": "    #1 0x56df77  (/clusterfuzz/run_bot/clusterfuzz/bot/builds/libcoap_libfuzzer_msan/custom/split_uri_fuzzer+0x56df77)", "important": false, "type": "Line"}, {"lineNumber": 52, "content": "    #2 0x577f42  (/clusterfuzz/run_bot/clusterfuzz/bot/builds/libcoap_libfuzzer_msan/custom/split_uri_fuzzer+0x577f42)", "important": false, "type": "Line"}, {"lineNumber": 53, "content": "    #3 0x57da0a  (/clusterfuzz/run_bot/clusterfuzz/bot/builds/libcoap_libfuzzer_msan/custom/split_uri_fuzzer+0x57da0a)", "important": false, "type": "Line"}, {"lineNumber": 54, "content": "    #4 0x5a6932  (/clusterfuzz/run_bot/clusterfuzz/bot/builds/libcoap_libfuzzer_msan/custom/split_uri_fuzzer+0x5a6932)", "important": false, "type": "Line"}, {"lineNumber": 55, "content": "    #5 0x7f02f2ec60b2  (/lib/x86_64-linux-gnu/libc.so.6+0x270b2)", "important": false, "type": "Line"}], "revision": "1"}, "last_tested_crash_stacktrace": {"lines": [{"lineNumber": 1, "content": "[Environment] MSAN_OPTIONS=exitcode=77", "important": false, "type": "Line"}, {"lineNumber": 2, "content": "+----------------------------------------Release Build Stacktrace----------------------------------------+", "important": false, "type": "Line"}, {"lineNumber": 3, "content": "Command: /clusterfuzz/run_bot/clusterfuzz/bot/builds/libcoap_libfuzzer_msan/custom/split_uri_fuzzer -rss_limit_mb=2560 -timeout=60 -runs=100 /clusterfuzz/run_bot/clusterfuzz/bot/inputs/fuzzer-testcases/crash-da39a3ee5e6b4b0d3255bfef95601890afd80709", "important": false, "type": "Line"}, {"lineNumber": 4, "content": "Time ran: 0.04691028594970703", "important": false, "type": "Line"}, {"lineNumber": 5, "content": "", "important": false, "type": "Line"}, {"lineNumber": 6, "content": "INFO: Running with entropic power schedule (0xFF, 100).", "important": false, "type": "Line"}, {"lineNumber": 7, "content": "INFO: Seed: 1726648307", "important": false, "type": "Line"}, {"lineNumber": 8, "content": "INFO: Loaded 1 modules   (5266 inline 8-bit counters): 5266 [0x6457c8, 0x646c5a),", "important": false, "type": "Line"}, {"lineNumber": 9, "content": "INFO: Loaded 1 PC tables (5266 PCs): 5266 [0x646c60,0x65b580),", "important": false, "type": "Line"}, {"lineNumber": 10, "content": "/clusterfuzz/run_bot/clusterfuzz/bot/builds/libcoap_libfuzzer_msan/custom/split_uri_fuzzer: Running 1 inputs 100 time(s) each.", "important": false, "type": "Line"}, {"lineNumber": 11, "content": "Running: /clusterfuzz/run_bot/clusterfuzz/bot/inputs/fuzzer-testcases/crash-da39a3ee5e6b4b0d3255bfef95601890afd80709", "important": false, "type": "Line"}, {"lineNumber": 12, "content": "==18486==WARNING: MemorySanitizer: use-of-uninitialized-value", "important": false, "type": "Line"}, {"lineNumber": 13, "content": "    #0 0x4a5c34 in coap_split_uri_sub /src/libcoap/src/uri.c:72:7", "important": true, "type": "Line"}, {"lineNumber": 14, "content": "    #1 0x4a3752 in coap_split_uri /src/libcoap/src/uri.c:242:10", "important": true, "type": "Line"}, {"lineNumber": 15, "content": "    #2 0x4a36c0 in LLVMFuzzerTestOneInput", "important": false, "type": "Line"}, {"lineNumber": 16, "content": "    #3 0x58c633 in fuzzer::Fuzzer::ExecuteCallback(unsigned char const*, unsigned long) cxa_noexception.cpp:0", "important": false, "type": "Line"}, {"lineNumber": 17, "content": "    #4 0x577f42 in fuzzer::RunOneTest(fuzzer::Fuzzer*, char const*, unsigned long) /src/llvm-project/compiler-rt/lib/fuzzer/FuzzerDriver.cpp:324:6", "important": false, "type": "Line"}, {"lineNumber": 18, "content": "    #5 0x57da0a in fuzzer::FuzzerDriver(int*, char***, int (*)(unsigned char const*, unsigned long)) cxa_noexception.cpp:0", "important": false, "type": "Line"}, {"lineNumber": 19, "content": "    #6 0x5a6932 in main /src/llvm-project/compiler-rt/lib/fuzzer/FuzzerMain.cpp:20:10", "important": false, "type": "Line"}, {"lineNumber": 20, "content": "    #7 0x7f865857a0b2 in __libc_start_main", "important": false, "type": "Line"}, {"lineNumber": 21, "content": "    #8 0x41f52d in _start", "important": false, "type": "Line"}, {"lineNumber": 22, "content": "", "important": false, "type": "Line"}, {"lineNumber": 23, "content": "  Uninitialized value was created by a heap allocation", "important": false, "type": "Line"}, {"lineNumber": 24, "content": "    #0 0x45030d in __interceptor_malloc /src/llvm-project/compiler-rt/lib/msan/msan_interceptors.cpp:912:3", "important": false, "type": "Line"}, {"lineNumber": 25, "content": "    #1 0x56df77 in operator new(unsigned long) cxa_noexception.cpp:0", "important": false, "type": "Line"}, {"lineNumber": 26, "content": "    #2 0x577f42 in fuzzer::RunOneTest(fuzzer::Fuzzer*, char const*, unsigned long) /src/llvm-project/compiler-rt/lib/fuzzer/FuzzerDriver.cpp:324:6", "important": false, "type": "Line"}, {"lineNumber": 27, "content": "    #3 0x57da0a in fuzzer::FuzzerDriver(int*, char***, int (*)(unsigned char const*, unsigned long)) cxa_noexception.cpp:0", "important": false, "type": "Line"}, {"lineNumber": 28, "content": "    #4 0x5a6932 in main /src/llvm-project/compiler-rt/lib/fuzzer/FuzzerMain.cpp:20:10", "important": false, "type": "Line"}, {"lineNumber": 29, "content": "    #5 0x7f865857a0b2 in __libc_start_main", "important": false, "type": "Line"}, {"lineNumber": 30, "content": "", "important": false, "type": "Line"}, {"lineNumber": 31, "content": "SUMMARY: MemorySanitizer: use-of-uninitialized-value (/clusterfuzz/run_bot/clusterfuzz/bot/builds/libcoap_libfuzzer_msan/custom/split_uri_fuzzer+0x4a5c34)", "important": false, "type": "Line"}, {"lineNumber": 32, "content": "Exiting", "important": false, "type": "Line"}, {"lineNumber": 33, "content": "", "important": false, "type": "Line"}, {"lineNumber": 34, "content": "", "important": false, "type": "Line"}, {"lineNumber": 35, "content": "+----------------------------------------Release Build Unsymbolized Stacktrace (diff)----------------------------------------+", "important": false, "type": "Line"}, {"lineNumber": 36, "content": "", "important": false, "type": "Line"}, {"lineNumber": 37, "content": "Running: /clusterfuzz/run_bot/clusterfuzz/bot/inputs/fuzzer-testcases/crash-da39a3ee5e6b4b0d3255bfef95601890afd80709", "important": false, "type": "Line"}, {"lineNumber": 38, "content": "==18486==WARNING: MemorySanitizer: use-of-uninitialized-value", "important": false, "type": "Line"}, {"lineNumber": 39, "content": "    #0 0x4a5c34  (/clusterfuzz/run_bot/clusterfuzz/bot/builds/libcoap_libfuzzer_msan/custom/split_uri_fuzzer+0x4a5c34)", "important": false, "type": "Line"}, {"lineNumber": 40, "content": "    #1 0x4a3752  (/clusterfuzz/run_bot/clusterfuzz/bot/builds/libcoap_libfuzzer_msan/custom/split_uri_fuzzer+0x4a3752)", "important": false, "type": "Line"}, {"lineNumber": 41, "content": "    #2 0x4a36c0  (/clusterfuzz/run_bot/clusterfuzz/bot/builds/libcoap_libfuzzer_msan/custom/split_uri_fuzzer+0x4a36c0)", "important": false, "type": "Line"}, {"lineNumber": 42, "content": "    #3 0x58c633  (/clusterfuzz/run_bot/clusterfuzz/bot/builds/libcoap_libfuzzer_msan/custom/split_uri_fuzzer+0x58c633)", "important": false, "type": "Line"}, {"lineNumber": 43, "content": "    #4 0x577f42  (/clusterfuzz/run_bot/clusterfuzz/bot/builds/libcoap_libfuzzer_msan/custom/split_uri_fuzzer+0x577f42)", "important": false, "type": "Line"}, {"lineNumber": 44, "content": "    #5 0x57da0a  (/clusterfuzz/run_bot/clusterfuzz/bot/builds/libcoap_libfuzzer_msan/custom/split_uri_fuzzer+0x57da0a)", "important": false, "type": "Line"}, {"lineNumber": 45, "content": "    #6 0x5a6932  (/clusterfuzz/run_bot/clusterfuzz/bot/builds/libcoap_libfuzzer_msan/custom/split_uri_fuzzer+0x5a6932)", "important": false, "type": "Line"}, {"lineNumber": 46, "content": "    #7 0x7f865857a0b2  (/lib/x86_64-linux-gnu/libc.so.6+0x270b2)", "important": false, "type": "Line"}, {"lineNumber": 47, "content": "    #8 0x41f52d  (/clusterfuzz/run_bot/clusterfuzz/bot/builds/libcoap_libfuzzer_msan/custom/split_uri_fuzzer+0x41f52d)", "important": false, "type": "Line"}, {"lineNumber": 48, "content": "", "important": false, "type": "Line"}, {"lineNumber": 49, "content": "  Uninitialized value was created by a heap allocation", "important": false, "type": "Line"}, {"lineNumber": 50, "content": "    #0 0x45030d  (/clusterfuzz/run_bot/clusterfuzz/bot/builds/libcoap_libfuzzer_msan/custom/split_uri_fuzzer+0x45030d)", "important": false, "type": "Line"}, {"lineNumber": 51, "content": "    #1 0x56df77  (/clusterfuzz/run_bot/clusterfuzz/bot/builds/libcoap_libfuzzer_msan/custom/split_uri_fuzzer+0x56df77)", "important": false, "type": "Line"}, {"lineNumber": 52, "content": "    #2 0x577f42  (/clusterfuzz/run_bot/clusterfuzz/bot/builds/libcoap_libfuzzer_msan/custom/split_uri_fuzzer+0x577f42)", "important": false, "type": "Line"}, {"lineNumber": 53, "content": "    #3 0x57da0a  (/clusterfuzz/run_bot/clusterfuzz/bot/builds/libcoap_libfuzzer_msan/custom/split_uri_fuzzer+0x57da0a)", "important": false, "type": "Line"}, {"lineNumber": 54, "content": "    #4 0x5a6932  (/clusterfuzz/run_bot/clusterfuzz/bot/builds/libcoap_libfuzzer_msan/custom/split_uri_fuzzer+0x5a6932)", "important": false, "type": "Line"}, {"lineNumber": 55, "content": "    #5 0x7f865857a0b2  (/lib/x86_64-linux-gnu/libc.so.6+0x270b2)", "important": false, "type": "Line"}], "revision": null}, "security_severity": "Medium", "security_severities": [{"value": 0, "name": "Critical"}, {"value": 1, "name": "High", "default": true}, {"value": 2, "name": "Medium"}, {"value": 3, "name": "Low"}, {"value": 4, "name": "Missing"}], "stats": {"min_hour": 1, "max_hour": 1}, "suspected_cls": null, "testcase": {"absolute_path": "/clusterfuzz/run_bot/clusterfuzz/bot/inputs/fuzzer-testcases/crash-da39a3ee5e6b4b0d3255bfef95601890afd80709", "additional_metadata": "{\"build_key\": \"b26df75e-3c3f-4d43-ba51-5a19b4e37338\", \"env\": {\"MSAN_OPTIONS\": {}}, \"fuzzer_binary_name\": \"split_uri_fuzzer\", \"fuzzing_strategies\": {\"value_profile\": 1}, \"last_tested_crash_revision\": null, \"last_tested_crash_time\": {\"__type__\": \"datetime\", \"day\": 30, \"hour\": 0, \"microsecond\": 509066, \"minute\": 11, \"month\": 11, \"second\": 42, \"year\": 2021}, \"last_tested_revision\": null}", "archive_filename": null, "archive_state": 0, "binary_flag": false, "bug_indices": [], "bug_information": "", "comments": "[2021-11-28 13:25:49 UTC] comput3-20211128-16:38: Fuzz task : Fuzzer libFuzzer_split_uri_fuzzer generated testcase crashed in 0 seconds (r1).\n[2021-11-28 13:29:14 UTC] snode8-20211128-16:45: Minimize task started.\n[2021-11-28 13:30:39 UTC] snode8-20211128-16:45: Minimize task finished.\n[2021-11-30 00:10:25 UTC] snode3-20211129-17:27: Progression task started.\n[2021-11-30 00:11:42 UTC] snode3-20211129-17:27: Progression task finished: still crashes on latest custom build.\n", "crash_address": "", "crash_revision": 1, "crash_stacktrace": "[Environment] MSAN_OPTIONS=exitcode=77\n+----------------------------------------Release Build Stacktrace----------------------------------------+\nCommand: /clusterfuzz/run_bot/clusterfuzz/bot/builds/libcoap_libfuzzer_msan/custom/split_uri_fuzzer -rss_limit_mb=2560 -timeout=60 -runs=100 /clusterfuzz/run_bot/clusterfuzz/bot/inputs/fuzzer-testcases/adeb392d774bb40c6ad6b2172adfec2f5e6b4b0d3255bfef95601890afd80709\nTime ran: 0.058319091796875\n\nINFO: Running with entropic power schedule (0xFF, 100).\nINFO: Seed: 1417315311\nINFO: Loaded 1 modules   (5266 inline 8-bit counters): 5266 [0x6457c8, 0x646c5a),\nINFO: Loaded 1 PC tables (5266 PCs): 5266 [0x646c60,0x65b580),\n/clusterfuzz/run_bot/clusterfuzz/bot/builds/libcoap_libfuzzer_msan/custom/split_uri_fuzzer: Running 1 inputs 100 time(s) each.\nRunning: /clusterfuzz/run_bot/clusterfuzz/bot/inputs/fuzzer-testcases/adeb392d774bb40c6ad6b2172adfec2f5e6b4b0d3255bfef95601890afd80709\n==24074==WARNING: MemorySanitizer: use-of-uninitialized-value\n    #0 0x4a5c34 in coap_split_uri_sub /src/libcoap/src/uri.c:72:7\n    #1 0x4a3752 in coap_split_uri /src/libcoap/src/uri.c:242:10\n    #2 0x4a36c0 in LLVMFuzzerTestOneInput\n    #3 0x58c633 in fuzzer::Fuzzer::ExecuteCallback(unsigned char const*, unsigned long) cxa_noexception.cpp:0\n    #4 0x577f42 in fuzzer::RunOneTest(fuzzer::Fuzzer*, char const*, unsigned long) /src/llvm-project/compiler-rt/lib/fuzzer/FuzzerDriver.cpp:324:6\n    #5 0x57da0a in fuzzer::FuzzerDriver(int*, char***, int (*)(unsigned char const*, unsigned long)) cxa_noexception.cpp:0\n    #6 0x5a6932 in main /src/llvm-project/compiler-rt/lib/fuzzer/FuzzerMain.cpp:20:10\n    #7 0x7f02f2ec60b2 in __libc_start_main\n    #8 0x41f52d in _start\n\n  Uninitialized value was created by a heap allocation\n    #0 0x45030d in __interceptor_malloc /src/llvm-project/compiler-rt/lib/msan/msan_interceptors.cpp:912:3\n    #1 0x56df77 in operator new(unsigned long) cxa_noexception.cpp:0\n    #2 0x577f42 in fuzzer::RunOneTest(fuzzer::Fuzzer*, char const*, unsigned long) /src/llvm-project/compiler-rt/lib/fuzzer/FuzzerDriver.cpp:324:6\n    #3 0x57da0a in fuzzer::FuzzerDriver(int*, char***, int (*)(unsigned char const*, unsigned long)) cxa_noexception.cpp:0\n    #4 0x5a6932 in main /src/llvm-project/compiler-rt/lib/fuzzer/FuzzerMain.cpp:20:10\n    #5 0x7f02f2ec60b2 in __libc_start_main\n\nSUMMARY: MemorySanitizer: use-of-uninitialized-value (/clusterfuzz/run_bot/clusterfuzz/bot/builds/libcoap_libfuzzer_msan/custom/split_uri_fuzzer+0x4a5c34)\nExiting\n\n\n+----------------------------------------Release Build Unsymbolized Stacktrace (diff)----------------------------------------+\n\nRunning: /clusterfuzz/run_bot/clusterfuzz/bot/inputs/fuzzer-testcases/adeb392d774bb40c6ad6b2172adfec2f5e6b4b0d3255bfef95601890afd80709\n==24074==WARNING: MemorySanitizer: use-of-uninitialized-value\n    #0 0x4a5c34  (/clusterfuzz/run_bot/clusterfuzz/bot/builds/libcoap_libfuzzer_msan/custom/split_uri_fuzzer+0x4a5c34)\n    #1 0x4a3752  (/clusterfuzz/run_bot/clusterfuzz/bot/builds/libcoap_libfuzzer_msan/custom/split_uri_fuzzer+0x4a3752)\n    #2 0x4a36c0  (/clusterfuzz/run_bot/clusterfuzz/bot/builds/libcoap_libfuzzer_msan/custom/split_uri_fuzzer+0x4a36c0)\n    #3 0x58c633  (/clusterfuzz/run_bot/clusterfuzz/bot/builds/libcoap_libfuzzer_msan/custom/split_uri_fuzzer+0x58c633)\n    #4 0x577f42  (/clusterfuzz/run_bot/clusterfuzz/bot/builds/libcoap_libfuzzer_msan/custom/split_uri_fuzzer+0x577f42)\n    #5 0x57da0a  (/clusterfuzz/run_bot/clusterfuzz/bot/builds/libcoap_libfuzzer_msan/custom/split_uri_fuzzer+0x57da0a)\n    #6 0x5a6932  (/clusterfuzz/run_bot/clusterfuzz/bot/builds/libcoap_libfuzzer_msan/custom/split_uri_fuzzer+0x5a6932)\n    #7 0x7f02f2ec60b2  (/lib/x86_64-linux-gnu/libc.so.6+0x270b2)\n    #8 0x41f52d  (/clusterfuzz/run_bot/clusterfuzz/bot/builds/libcoap_libfuzzer_msan/custom/split_uri_fuzzer+0x41f52d)\n\n  Uninitialized value was created by a heap allocation\n    #0 0x45030d  (/clusterfuzz/run_bot/clusterfuzz/bot/builds/libcoap_libfuzzer_msan/custom/split_uri_fuzzer+0x45030d)\n    #1 0x56df77  (/clusterfuzz/run_bot/clusterfuzz/bot/builds/libcoap_libfuzzer_msan/custom/split_uri_fuzzer+0x56df77)\n    #2 0x577f42  (/clusterfuzz/run_bot/clusterfuzz/bot/builds/libcoap_libfuzzer_msan/custom/split_uri_fuzzer+0x577f42)\n    #3 0x57da0a  (/clusterfuzz/run_bot/clusterfuzz/bot/builds/libcoap_libfuzzer_msan/custom/split_uri_fuzzer+0x57da0a)\n    #4 0x5a6932  (/clusterfuzz/run_bot/clusterfuzz/bot/builds/libcoap_libfuzzer_msan/custom/split_uri_fuzzer+0x5a6932)\n    #5 0x7f02f2ec60b2  (/lib/x86_64-linux-gnu/libc.so.6+0x270b2)\n", "crash_state": "coap_split_uri_sub\ncoap_split_uri\n", "crash_type": "Use-of-uninitialized-value", "disable_ubsan": false, "duplicate_of": null, "fixed": "", "flaky_stack": false, "fuzzed_keys": "d8a47b16-f406-45e9-8823-06647e51a4a6", "fuzzer_name": "libFuzzer", "fuzzer_name_indices": ["libFuzzer", "libFuzzer_split_uri_fuzzer"], "gestures": [], "group_bug_information": 0, "group_id": 8406, "has_bug_flag": false, "http_flag": false, "impact_beta_version": null, "impact_beta_version_indices": [], "impact_beta_version_likely": false, "impact_extended_stable_version": null, "impact_extended_stable_version_indices": [], "impact_extended_stable_version_likely": false, "impact_head_version": null, "impact_head_version_indices": [], "impact_head_version_likely": null, "impact_indices": [], "impact_stable_version": null, "impact_stable_version_indices": [], "impact_stable_version_likely": false, "impact_version_indices": [], "is_a_duplicate_flag": false, "is_impact_set_flag": false, "is_leader": true, "job_type": "libcoap_libfuzzer_msan", "keywords": ["sub", "libcoap", "split_uri_sub", "split_uri_fuzzer", "fuzzer_split_uri", "libfuzzer_msan", "coap_split", "linux", "use", "coap_split_uri_sub", "of-uninitialized", "libfuzzer_split_uri", "lib", "msan", "split_uri", "coap_split_uri", "uninitialized-value", "libfuzzer_split", "uri_fuzzer", "use-of-uninitialized", "fuzzer_split", "of-uninitialized-value", "use-of", "of", "libcoap_libfuzzer_msan", "uri", "fuzzer_split_uri_fuzzer", "fuzzer", "use-of-uninitialized-value", "libfuzzer_split_uri_fuzzer", "coap", "split", "uri_sub", "libfuzzer", "libcoap_libfuzzer", "uninitialized", "value"], "last_tested_crash_stacktrace": "[Environment] MSAN_OPTIONS=exitcode=77\n+----------------------------------------Release Build Stacktrace----------------------------------------+\nCommand: /clusterfuzz/run_bot/clusterfuzz/bot/builds/libcoap_libfuzzer_msan/custom/split_uri_fuzzer -rss_limit_mb=2560 -timeout=60 -runs=100 /clusterfuzz/run_bot/clusterfuzz/bot/inputs/fuzzer-testcases/crash-da39a3ee5e6b4b0d3255bfef95601890afd80709\nTime ran: 0.04691028594970703\n\nINFO: Running with entropic power schedule (0xFF, 100).\nINFO: Seed: 1726648307\nINFO: Loaded 1 modules   (5266 inline 8-bit counters): 5266 [0x6457c8, 0x646c5a),\nINFO: Loaded 1 PC tables (5266 PCs): 5266 [0x646c60,0x65b580),\n/clusterfuzz/run_bot/clusterfuzz/bot/builds/libcoap_libfuzzer_msan/custom/split_uri_fuzzer: Running 1 inputs 100 time(s) each.\nRunning: /clusterfuzz/run_bot/clusterfuzz/bot/inputs/fuzzer-testcases/crash-da39a3ee5e6b4b0d3255bfef95601890afd80709\n==18486==WARNING: MemorySanitizer: use-of-uninitialized-value\n    #0 0x4a5c34 in coap_split_uri_sub /src/libcoap/src/uri.c:72:7\n    #1 0x4a3752 in coap_split_uri /src/libcoap/src/uri.c:242:10\n    #2 0x4a36c0 in LLVMFuzzerTestOneInput\n    #3 0x58c633 in fuzzer::Fuzzer::ExecuteCallback(unsigned char const*, unsigned long) cxa_noexception.cpp:0\n    #4 0x577f42 in fuzzer::RunOneTest(fuzzer::Fuzzer*, char const*, unsigned long) /src/llvm-project/compiler-rt/lib/fuzzer/FuzzerDriver.cpp:324:6\n    #5 0x57da0a in fuzzer::FuzzerDriver(int*, char***, int (*)(unsigned char const*, unsigned long)) cxa_noexception.cpp:0\n    #6 0x5a6932 in main /src/llvm-project/compiler-rt/lib/fuzzer/FuzzerMain.cpp:20:10\n    #7 0x7f865857a0b2 in __libc_start_main\n    #8 0x41f52d in _start\n\n  Uninitialized value was created by a heap allocation\n    #0 0x45030d in __interceptor_malloc /src/llvm-project/compiler-rt/lib/msan/msan_interceptors.cpp:912:3\n    #1 0x56df77 in operator new(unsigned long) cxa_noexception.cpp:0\n    #2 0x577f42 in fuzzer::RunOneTest(fuzzer::Fuzzer*, char const*, unsigned long) /src/llvm-project/compiler-rt/lib/fuzzer/FuzzerDriver.cpp:324:6\n    #3 0x57da0a in fuzzer::FuzzerDriver(int*, char***, int (*)(unsigned char const*, unsigned long)) cxa_noexception.cpp:0\n    #4 0x5a6932 in main /src/llvm-project/compiler-rt/lib/fuzzer/FuzzerMain.cpp:20:10\n    #5 0x7f865857a0b2 in __libc_start_main\n\nSUMMARY: MemorySanitizer: use-of-uninitialized-value (/clusterfuzz/run_bot/clusterfuzz/bot/builds/libcoap_libfuzzer_msan/custom/split_uri_fuzzer+0x4a5c34)\nExiting\n\n\n+----------------------------------------Release Build Unsymbolized Stacktrace (diff)----------------------------------------+\n\nRunning: /clusterfuzz/run_bot/clusterfuzz/bot/inputs/fuzzer-testcases/crash-da39a3ee5e6b4b0d3255bfef95601890afd80709\n==18486==WARNING: MemorySanitizer: use-of-uninitialized-value\n    #0 0x4a5c34  (/clusterfuzz/run_bot/clusterfuzz/bot/builds/libcoap_libfuzzer_msan/custom/split_uri_fuzzer+0x4a5c34)\n    #1 0x4a3752  (/clusterfuzz/run_bot/clusterfuzz/bot/builds/libcoap_libfuzzer_msan/custom/split_uri_fuzzer+0x4a3752)\n    #2 0x4a36c0  (/clusterfuzz/run_bot/clusterfuzz/bot/builds/libcoap_libfuzzer_msan/custom/split_uri_fuzzer+0x4a36c0)\n    #3 0x58c633  (/clusterfuzz/run_bot/clusterfuzz/bot/builds/libcoap_libfuzzer_msan/custom/split_uri_fuzzer+0x58c633)\n    #4 0x577f42  (/clusterfuzz/run_bot/clusterfuzz/bot/builds/libcoap_libfuzzer_msan/custom/split_uri_fuzzer+0x577f42)\n    #5 0x57da0a  (/clusterfuzz/run_bot/clusterfuzz/bot/builds/libcoap_libfuzzer_msan/custom/split_uri_fuzzer+0x57da0a)\n    #6 0x5a6932  (/clusterfuzz/run_bot/clusterfuzz/bot/builds/libcoap_libfuzzer_msan/custom/split_uri_fuzzer+0x5a6932)\n    #7 0x7f865857a0b2  (/lib/x86_64-linux-gnu/libc.so.6+0x270b2)\n    #8 0x41f52d  (/clusterfuzz/run_bot/clusterfuzz/bot/builds/libcoap_libfuzzer_msan/custom/split_uri_fuzzer+0x41f52d)\n\n  Uninitialized value was created by a heap allocation\n    #0 0x45030d  (/clusterfuzz/run_bot/clusterfuzz/bot/builds/libcoap_libfuzzer_msan/custom/split_uri_fuzzer+0x45030d)\n    #1 0x56df77  (/clusterfuzz/run_bot/clusterfuzz/bot/builds/libcoap_libfuzzer_msan/custom/split_uri_fuzzer+0x56df77)\n    #2 0x577f42  (/clusterfuzz/run_bot/clusterfuzz/bot/builds/libcoap_libfuzzer_msan/custom/split_uri_fuzzer+0x577f42)\n    #3 0x57da0a  (/clusterfuzz/run_bot/clusterfuzz/bot/builds/libcoap_libfuzzer_msan/custom/split_uri_fuzzer+0x57da0a)\n    #4 0x5a6932  (/clusterfuzz/run_bot/clusterfuzz/bot/builds/libcoap_libfuzzer_msan/custom/split_uri_fuzzer+0x5a6932)\n    #5 0x7f865857a0b2  (/lib/x86_64-linux-gnu/libc.so.6+0x270b2)\n", "minidump_keys": "", "minimized_arguments": "-rss_limit_mb=2560 -timeout=60", "minimized_keys": "034803d2-4e5d-4009-bd8a-e803262d5018", "one_time_crasher_flag": false, "open": true, "overridden_fuzzer_name": "libFuzzer_split_uri_fuzzer", "platform": "linux", "platform_id": "linux", "project_name": "test-project", "queue": "jobs-linux", "redzone": 32, "regression": "NA", "security_flag": true, "security_severity": 2, "status": "Processed", "symbolized": false, "timeout_multiplier": 1.0, "timestamp": 1638105949, "triaged": false, "uploader_email": null, "window_argument": "", "id": 6103}, "timestamp": 1638105949.557941, "show_blame": false, "show_impact": false, "impacts_production": false, "find_similar_issues_options": [{"type": "open", "label": "Open"}, {"type": "all", "label": "All"}], "auto_delete_timestamp": null, "auto_close_timestamp": null, "memory_tool_display_label": "Sanitizer", "memory_tool_display_value": "memory (MSAN)", "last_tested": "1:1 (No component revisions found!)", "is_admin_or_not_oss_fuzz": true, "has_issue_tracker": false, "reproduction_help_url": "", "is_local_development": true, "fuzzer_display": {"engine": "libFuzzer", "target": "split_uri_fuzzer", "name": "libFuzzer", "fully_qualified_name": "libFuzzer_split_uri_fuzzer"}}