{"id": 6106, "crash_type": "Heap-use-after-free READ 4", "crash_address": "0x602000000030", "crash_state": "do_stuff_fuzzer.cpp\ndo_stuff_fuzzer.cpp\n", "crash_state_lines": ["do_stuff_fuzzer.cpp", "do_stuff_fuzzer.cpp"], "crash_revision": 1, "csrf_token": "D6S+cXG/eQvjQp1jhkN2Yfq5FoCaAiuUjD0oLthouNSAPb8xaAgWvNikB3AHnFnrgfWQIz/OKB4owWUbxHHo3A==", "external_user": false, "footer": "[2021-11-28 13:26:54 UTC] snode5-20211128-16:42: Fuzz task : Fuzzer honggfuzz_do_stuff_fuzzer generated testcase crashed in 1 seconds (r1).\n[2021-11-28 13:27:57 UTC] comput12-20211128-16:39: Minimize task started.\n[2021-11-28 13:29:13 UTC] comput12-20211128-16:39: Minimize task errored out: Engine does not support minimization.\n[2021-11-30 00:10:09 UTC] comput7-20211129-15:14: Progression task started.\n[2021-11-30 00:11:25 UTC] comput7-20211129-15:14: Progression task finished: still crashes on latest custom build.\n", "formatted_reproduction_help": "", "fixed": "NO", "fixed_full": null, "issue_url": null, "is_admin": true, "metadata": {"build_key": "7e718121-df7e-4b2d-a09a-a0bafaf2f627", "fuzzer_binary_name": "do_stuff_fuzzer", "last_tested_crash_revision": null, "last_tested_crash_time": 1638231085, "last_tested_revision": null}, "minimized_testcase_size": "4 B", "needs_refresh": false, "original_testcase_size": "4 B", "privileged_user": true, "regression": "NA", "crash_stacktrace": {"lines": [{"lineNumber": 1, "content": "[Environment] ASAN_OPTIONS=alloc_dealloc_mismatch=0:allocator_may_return_null=1:allocator_release_to_os_interval_ms=500:allow_user_segv_handler=0:check_malloc_usable_size=0:detect_leaks=1:detect_odr_violation=0:detect_stack_use_after_return=1:fast_unwind_on_fatal=0:handle_abort=2:handle_segv=2:handle_sigbus=2:handle_sigfpe=2:handle_sigill=2:max_uar_stack_size_log=16:print_scariness=1:print_summary=1:print_suppressions=0:quarantine_size_mb=64:redzone=16:strict_memcmp=1:symbolize=0:use_sigaltstack=1", "important": false, "type": "Line"}, {"lineNumber": 2, "content": "+----------------------------------------Release Build Stacktrace----------------------------------------+", "important": false, "type": "Line"}, {"lineNumber": 3, "content": "=================================================================", "important": false, "type": "Line"}, {"lineNumber": 4, "content": "==4631==ERROR: AddressSanitizer: heap-use-after-free on address 0x602000000030 at pc 0x0000004d7eb1 bp 0x7fffffffce10 sp 0x7fffffffce08", "important": false, "type": "Line"}, {"lineNumber": 5, "content": "READ of size 4 at 0x602000000030 thread T0", "important": false, "type": "Line"}, {"lineNumber": 6, "content": "SCARINESS: 45 (4-byte-read-heap-use-after-free)", "important": false, "type": "Line"}, {"lineNumber": 7, "content": "    #0 0x4d7eb0 in LLVMFuzzerTestOneInput /src/cifuzz-example/do_stuff_fuzzer.cpp:16:12", "important": true, "type": "Line"}, {"lineNumber": 8, "content": "    #1 0x4d8f14 in main", "important": false, "type": "Line"}, {"lineNumber": 9, "content": "    #2 0x7ffff7c5b0b2 in __libc_start_main", "important": false, "type": "Line"}, {"lineNumber": 10, "content": "    #3 0x41d64d in _start", "important": false, "type": "Line"}, {"lineNumber": 11, "content": "", "important": false, "type": "Line"}, {"lineNumber": 12, "content": "0x602000000030 is located 0 bytes inside of 4-byte region [0x602000000030,0x602000000034)", "important": false, "type": "Line"}, {"lineNumber": 13, "content": "freed by thread T0 here:", "important": false, "type": "Line"}, {"lineNumber": 14, "content": "    #0 0x49e662 in free /src/llvm-project/compiler-rt/lib/asan/asan_malloc_linux.cpp:111:3", "important": false, "type": "Line"}, {"lineNumber": 15, "content": "    #1 0x4d7d7c in LLVMFuzzerTestOneInput /src/cifuzz-example/do_stuff_fuzzer.cpp:15:5", "important": true, "type": "Line"}, {"lineNumber": 16, "content": "    #2 0x4d8f14 in main", "important": false, "type": "Line"}, {"lineNumber": 17, "content": "", "important": false, "type": "Line"}, {"lineNumber": 18, "content": "previously allocated by thread T0 here:", "important": false, "type": "Line"}, {"lineNumber": 19, "content": "    #0 0x49e8cd in __interceptor_malloc /src/llvm-project/compiler-rt/lib/asan/asan_malloc_linux.cpp:129:3", "important": false, "type": "Line"}, {"lineNumber": 20, "content": "    #1 0x4d7d71 in LLVMFuzzerTestOneInput /src/cifuzz-example/do_stuff_fuzzer.cpp:14:21", "important": true, "type": "Line"}, {"lineNumber": 21, "content": "    #2 0x4d8f14 in main", "important": false, "type": "Line"}, {"lineNumber": 22, "content": "", "important": false, "type": "Line"}, {"lineNumber": 23, "content": "SUMMARY: AddressSanitizer: heap-use-after-free (/clusterfuzz/run_bot/clusterfuzz/bot/builds/cifuzz-example_honggfuzz_asan/custom/do_stuff_fuzzer+0x4d7eb0)", "important": false, "type": "Line"}, {"lineNumber": 24, "content": "Shadow bytes around the buggy address:", "important": false, "type": "Line"}, {"lineNumber": 25, "content": "  0x0c047fff7fb0: 00 00 00 00 00 00 00 00 00 00 00 00 00 00 00 00", "important": false, "type": "Line"}, {"lineNumber": 26, "content": "  0x0c047fff7fc0: 00 00 00 00 00 00 00 00 00 00 00 00 00 00 00 00", "important": false, "type": "Line"}, {"lineNumber": 27, "content": "  0x0c047fff7fd0: 00 00 00 00 00 00 00 00 00 00 00 00 00 00 00 00", "important": false, "type": "Line"}, {"lineNumber": 28, "content": "  0x0c047fff7fe0: 00 00 00 00 00 00 00 00 00 00 00 00 00 00 00 00", "important": false, "type": "Line"}, {"lineNumber": 29, "content": "  0x0c047fff7ff0: 00 00 00 00 00 00 00 00 00 00 00 00 00 00 00 00", "important": false, "type": "Line"}, {"lineNumber": 30, "content": "=&gt;0x0c047fff8000: fa fa 04 fa fa fa[fd]fa fa fa fa fa fa fa fa fa", "important": false, "type": "Line"}, {"lineNumber": 31, "content": "  0x0c047fff8010: fa fa fa fa fa fa fa fa fa fa fa fa fa fa fa fa", "important": false, "type": "Line"}, {"lineNumber": 32, "content": "  0x0c047fff8020: fa fa fa fa fa fa fa fa fa fa fa fa fa fa fa fa", "important": false, "type": "Line"}, {"lineNumber": 33, "content": "  0x0c047fff8030: fa fa fa fa fa fa fa fa fa fa fa fa fa fa fa fa", "important": false, "type": "Line"}, {"lineNumber": 34, "content": "  0x0c047fff8040: fa fa fa fa fa fa fa fa fa fa fa fa fa fa fa fa", "important": false, "type": "Line"}, {"lineNumber": 35, "content": "  0x0c047fff8050: fa fa fa fa fa fa fa fa fa fa fa fa fa fa fa fa", "important": false, "type": "Line"}, {"lineNumber": 36, "content": "Shadow byte legend (one shadow byte represents 8 application bytes):", "important": false, "type": "Line"}, {"lineNumber": 37, "content": "  Addressable:           00", "important": false, "type": "Line"}, {"lineNumber": 38, "content": "  Partially addressable: 01 02 03 04 05 06 07", "important": false, "type": "Line"}, {"lineNumber": 39, "content": "  Heap left redzone:       fa", "important": false, "type": "Line"}, {"lineNumber": 40, "content": "  Freed heap region:       fd", "important": false, "type": "Line"}, {"lineNumber": 41, "content": "  Stack left redzone:      f1", "important": false, "type": "Line"}, {"lineNumber": 42, "content": "  Stack mid redzone:       f2", "important": false, "type": "Line"}, {"lineNumber": 43, "content": "  Stack right redzone:     f3", "important": false, "type": "Line"}, {"lineNumber": 44, "content": "  Stack after return:      f5", "important": false, "type": "Line"}, {"lineNumber": 45, "content": "  Stack use after scope:   f8", "important": false, "type": "Line"}, {"lineNumber": 46, "content": "  Global redzone:          f9", "important": false, "type": "Line"}, {"lineNumber": 47, "content": "  Global init order:       f6", "important": false, "type": "Line"}, {"lineNumber": 48, "content": "  Poisoned by user:        f7", "important": false, "type": "Line"}, {"lineNumber": 49, "content": "  Container overflow:      fc", "important": false, "type": "Line"}, {"lineNumber": 50, "content": "  Array cookie:            ac", "important": false, "type": "Line"}, {"lineNumber": 51, "content": "  Intra object redzone:    bb", "important": false, "type": "Line"}, {"lineNumber": 52, "content": "  ASan internal:           fe", "important": false, "type": "Line"}, {"lineNumber": 53, "content": "  Left alloca redzone:     ca", "important": false, "type": "Line"}, {"lineNumber": 54, "content": "  Right alloca redzone:    cb", "important": false, "type": "Line"}, {"lineNumber": 55, "content": "==4631==ABORTING", "important": false, "type": "Line"}, {"lineNumber": 56, "content": "", "important": false, "type": "Line"}, {"lineNumber": 57, "content": "", "important": false, "type": "Line"}, {"lineNumber": 58, "content": "+----------------------------------------Release Build Unsymbolized Stacktrace (diff)----------------------------------------+", "important": false, "type": "Line"}, {"lineNumber": 59, "content": "", "important": false, "type": "Line"}, {"lineNumber": 60, "content": "READ of size 4 at 0x602000000030 thread T0", "important": false, "type": "Line"}, {"lineNumber": 61, "content": "SCARINESS: 45 (4-byte-read-heap-use-after-free)", "important": false, "type": "Line"}, {"lineNumber": 62, "content": "    #0 0x4d7eb0  (/clusterfuzz/run_bot/clusterfuzz/bot/builds/cifuzz-example_honggfuzz_asan/custom/do_stuff_fuzzer+0x4d7eb0)", "important": false, "type": "Line"}, {"lineNumber": 63, "content": "    #1 0x4d8f14  (/clusterfuzz/run_bot/clusterfuzz/bot/builds/cifuzz-example_honggfuzz_asan/custom/do_stuff_fuzzer+0x4d8f14)", "important": false, "type": "Line"}, {"lineNumber": 64, "content": "    #2 0x7ffff7c5b0b2  (/lib/x86_64-linux-gnu/libc.so.6+0x270b2)", "important": false, "type": "Line"}, {"lineNumber": 65, "content": "    #3 0x41d64d  (/clusterfuzz/run_bot/clusterfuzz/bot/builds/cifuzz-example_honggfuzz_asan/custom/do_stuff_fuzzer+0x41d64d)", "important": false, "type": "Line"}, {"lineNumber": 66, "content": "", "important": false, "type": "Line"}, {"lineNumber": 67, "content": "0x602000000030 is located 0 bytes inside of 4-byte region [0x602000000030,0x602000000034)", "important": false, "type": "Line"}, {"lineNumber": 68, "content": "freed by thread T0 here:", "important": false, "type": "Line"}, {"lineNumber": 69, "content": "    #0 0x49e662  (/clusterfuzz/run_bot/clusterfuzz/bot/builds/cifuzz-example_honggfuzz_asan/custom/do_stuff_fuzzer+0x49e662)", "important": false, "type": "Line"}, {"lineNumber": 70, "content": "    #1 0x4d7d7c  (/clusterfuzz/run_bot/clusterfuzz/bot/builds/cifuzz-example_honggfuzz_asan/custom/do_stuff_fuzzer+0x4d7d7c)", "important": false, "type": "Line"}, {"lineNumber": 71, "content": "    #2 0x4d8f14  (/clusterfuzz/run_bot/clusterfuzz/bot/builds/cifuzz-example_honggfuzz_asan/custom/do_stuff_fuzzer+0x4d8f14)", "important": false, "type": "Line"}, {"lineNumber": 72, "content": "", "important": false, "type": "Line"}, {"lineNumber": 73, "content": "previously allocated by thread T0 here:", "important": false, "type": "Line"}, {"lineNumber": 74, "content": "    #0 0x49e8cd  (/clusterfuzz/run_bot/clusterfuzz/bot/builds/cifuzz-example_honggfuzz_asan/custom/do_stuff_fuzzer+0x49e8cd)", "important": false, "type": "Line"}, {"lineNumber": 75, "content": "    #1 0x4d7d71  (/clusterfuzz/run_bot/clusterfuzz/bot/builds/cifuzz-example_honggfuzz_asan/custom/do_stuff_fuzzer+0x4d7d71)", "important": false, "type": "Line"}, {"lineNumber": 76, "content": "    #2 0x4d8f14  (/clusterfuzz/run_bot/clusterfuzz/bot/builds/cifuzz-example_honggfuzz_asan/custom/do_stuff_fuzzer+0x4d8f14)", "important": false, "type": "Line"}], "revision": "1"}, "last_tested_crash_stacktrace": {"lines": [{"lineNumber": 1, "content": "[Environment] ASAN_OPTIONS=alloc_dealloc_mismatch=0:allocator_may_return_null=1:allocator_release_to_os_interval_ms=500:allow_user_segv_handler=0:check_malloc_usable_size=0:detect_leaks=1:detect_odr_violation=0:detect_stack_use_after_return=1:fast_unwind_on_fatal=0:handle_abort=2:handle_segv=2:handle_sigbus=2:handle_sigfpe=2:handle_sigill=2:max_uar_stack_size_log=16:print_scariness=1:print_summary=1:print_suppressions=0:quarantine_size_mb=64:redzone=16:strict_memcmp=1:symbolize=0:use_sigaltstack=1", "important": false, "type": "Line"}, {"lineNumber": 2, "content": "+----------------------------------------Release Build Stacktrace----------------------------------------+", "important": false, "type": "Line"}, {"lineNumber": 3, "content": "Command: /clusterfuzz/run_bot/clusterfuzz/bot/builds/cifuzz-example_honggfuzz_asan/custom/do_stuff_fuzzer", "important": false, "type": "Line"}, {"lineNumber": 4, "content": "Time ran: 0.004395961761474609", "important": false, "type": "Line"}, {"lineNumber": 5, "content": "", "important": false, "type": "Line"}, {"lineNumber": 6, "content": "Accepting input from &#x27;[STDIN]&#x27;", "important": false, "type": "Line"}, {"lineNumber": 7, "content": "Usage for fuzzing: honggfuzz -P [flags] -- /clusterfuzz/run_bot/clusterfuzz/bot/builds/cifuzz-example_honggfuzz_asan/custom/do_stuff_fuzzer", "important": false, "type": "Line"}, {"lineNumber": 8, "content": "=================================================================", "important": false, "type": "Line"}, {"lineNumber": 9, "content": "==6384==ERROR: AddressSanitizer: heap-use-after-free on address 0x602000000030 at pc 0x0000004d7eb1 bp 0x7fffc4f7a670 sp 0x7fffc4f7a668", "important": false, "type": "Line"}, {"lineNumber": 10, "content": "READ of size 4 at 0x602000000030 thread T0", "important": false, "type": "Line"}, {"lineNumber": 11, "content": "SCARINESS: 45 (4-byte-read-heap-use-after-free)", "important": false, "type": "Line"}, {"lineNumber": 12, "content": "    #0 0x4d7eb0 in LLVMFuzzerTestOneInput /src/cifuzz-example/do_stuff_fuzzer.cpp:16:12", "important": true, "type": "Line"}, {"lineNumber": 13, "content": "    #1 0x4d8e7b in main", "important": false, "type": "Line"}, {"lineNumber": 14, "content": "    #2 0x7fa6f17300b2 in __libc_start_main", "important": false, "type": "Line"}, {"lineNumber": 15, "content": "    #3 0x41d64d in _start", "important": false, "type": "Line"}, {"lineNumber": 16, "content": "", "important": false, "type": "Line"}, {"lineNumber": 17, "content": "0x602000000030 is located 0 bytes inside of 4-byte region [0x602000000030,0x602000000034)", "important": false, "type": "Line"}, {"lineNumber": 18, "content": "freed by thread T0 here:", "important": false, "type": "Line"}, {"lineNumber": 19, "content": "    #0 0x49e662 in free /src/llvm-project/compiler-rt/lib/asan/asan_malloc_linux.cpp:111:3", "important": false, "type": "Line"}, {"lineNumber": 20, "content": "    #1 0x4d7d7c in LLVMFuzzerTestOneInput /src/cifuzz-example/do_stuff_fuzzer.cpp:15:5", "important": true, "type": "Line"}, {"lineNumber": 21, "content": "    #2 0x4d8e7b in main", "important": false, "type": "Line"}, {"lineNumber": 22, "content": "", "important": false, "type": "Line"}, {"lineNumber": 23, "content": "previously allocated by thread T0 here:", "important": false, "type": "Line"}, {"lineNumber": 24, "content": "    #0 0x49e8cd in __interceptor_malloc /src/llvm-project/compiler-rt/lib/asan/asan_malloc_linux.cpp:129:3", "important": false, "type": "Line"}, {"lineNumber": 25, "content": "    #1 0x4d7d71 in LLVMFuzzerTestOneInput /src/cifuzz-example/do_stuff_fuzzer.cpp:14:21", "important": true, "type": "Line"}, {"lineNumber": 26, "content": "    #2 0x4d8e7b in main", "important": false, "type": "Line"}, {"lineNumber": 27, "content": "", "important": false, "type": "Line"}, {"lineNumber": 28, "content": "SUMMARY: AddressSanitizer: heap-use-after-free (/clusterfuzz/run_bot/clusterfuzz/bot/builds/cifuzz-example_honggfuzz_asan/custom/do_stuff_fuzzer+0x4d7eb0)", "important": false, "type": "Line"}, {"lineNumber": 29, "content": "Shadow bytes around the buggy address:", "important": false, "type": "Line"}, {"lineNumber": 30, "content": "  0x0c047fff7fb0: 00 00 00 00 00 00 00 00 00 00 00 00 00 00 00 00", "important": false, "type": "Line"}, {"lineNumber": 31, "content": "  0x0c047fff7fc0: 00 00 00 00 00 00 00 00 00 00 00 00 00 00 00 00", "important": false, "type": "Line"}, {"lineNumber": 32, "content": "  0x0c047fff7fd0: 00 00 00 00 00 00 00 00 00 00 00 00 00 00 00 00", "important": false, "type": "Line"}, {"lineNumber": 33, "content": "  0x0c047fff7fe0: 00 00 00 00 00 00 00 00 00 00 00 00 00 00 00 00", "important": false, "type": "Line"}, {"lineNumber": 34, "content": "  0x0c047fff7ff0: 00 00 00 00 00 00 00 00 00 00 00 00 00 00 00 00", "important": false, "type": "Line"}, {"lineNumber": 35, "content": "=&gt;0x0c047fff8000: fa fa 04 fa fa fa[fd]fa fa fa fa fa fa fa fa fa", "important": false, "type": "Line"}, {"lineNumber": 36, "content": "  0x0c047fff8010: fa fa fa fa fa fa fa fa fa fa fa fa fa fa fa fa", "important": false, "type": "Line"}, {"lineNumber": 37, "content": "  0x0c047fff8020: fa fa fa fa fa fa fa fa fa fa fa fa fa fa fa fa", "important": false, "type": "Line"}, {"lineNumber": 38, "content": "  0x0c047fff8030: fa fa fa fa fa fa fa fa fa fa fa fa fa fa fa fa", "important": false, "type": "Line"}, {"lineNumber": 39, "content": "  0x0c047fff8040: fa fa fa fa fa fa fa fa fa fa fa fa fa fa fa fa", "important": false, "type": "Line"}, {"lineNumber": 40, "content": "  0x0c047fff8050: fa fa fa fa fa fa fa fa fa fa fa fa fa fa fa fa", "important": false, "type": "Line"}, {"lineNumber": 41, "content": "Shadow byte legend (one shadow byte represents 8 application bytes):", "important": false, "type": "Line"}, {"lineNumber": 42, "content": "  Addressable:           00", "important": false, "type": "Line"}, {"lineNumber": 43, "content": "  Partially addressable: 01 02 03 04 05 06 07", "important": false, "type": "Line"}, {"lineNumber": 44, "content": "  Heap left redzone:       fa", "important": false, "type": "Line"}, {"lineNumber": 45, "content": "  Freed heap region:       fd", "important": false, "type": "Line"}, {"lineNumber": 46, "content": "  Stack left redzone:      f1", "important": false, "type": "Line"}, {"lineNumber": 47, "content": "  Stack mid redzone:       f2", "important": false, "type": "Line"}, {"lineNumber": 48, "content": "  Stack right redzone:     f3", "important": false, "type": "Line"}, {"lineNumber": 49, "content": "  Stack after return:      f5", "important": false, "type": "Line"}, {"lineNumber": 50, "content": "  Stack use after scope:   f8", "important": false, "type": "Line"}, {"lineNumber": 51, "content": "  Global redzone:          f9", "important": false, "type": "Line"}, {"lineNumber": 52, "content": "  Global init order:       f6", "important": false, "type": "Line"}, {"lineNumber": 53, "content": "  Poisoned by user:        f7", "important": false, "type": "Line"}, {"lineNumber": 54, "content": "  Container overflow:      fc", "important": false, "type": "Line"}, {"lineNumber": 55, "content": "  Array cookie:            ac", "important": false, "type": "Line"}, {"lineNumber": 56, "content": "  Intra object redzone:    bb", "important": false, "type": "Line"}, {"lineNumber": 57, "content": "  ASan internal:           fe", "important": false, "type": "Line"}, {"lineNumber": 58, "content": "  Left alloca redzone:     ca", "important": false, "type": "Line"}, {"lineNumber": 59, "content": "  Right alloca redzone:    cb", "important": false, "type": "Line"}, {"lineNumber": 60, "content": "==6384==ABORTING", "important": false, "type": "Line"}, {"lineNumber": 61, "content": "", "important": false, "type": "Line"}, {"lineNumber": 62, "content": "", "important": false, "type": "Line"}, {"lineNumber": 63, "content": "+----------------------------------------Release Build Unsymbolized Stacktrace (diff)----------------------------------------+", "important": false, "type": "Line"}, {"lineNumber": 64, "content": "", "important": false, "type": "Line"}, {"lineNumber": 65, "content": "READ of size 4 at 0x602000000030 thread T0", "important": false, "type": "Line"}, {"lineNumber": 66, "content": "SCARINESS: 45 (4-byte-read-heap-use-after-free)", "important": false, "type": "Line"}, {"lineNumber": 67, "content": "    #0 0x4d7eb0  (/clusterfuzz/run_bot/clusterfuzz/bot/builds/cifuzz-example_honggfuzz_asan/custom/do_stuff_fuzzer+0x4d7eb0)", "important": false, "type": "Line"}, {"lineNumber": 68, "content": "    #1 0x4d8e7b  (/clusterfuzz/run_bot/clusterfuzz/bot/builds/cifuzz-example_honggfuzz_asan/custom/do_stuff_fuzzer+0x4d8e7b)", "important": false, "type": "Line"}, {"lineNumber": 69, "content": "    #2 0x7fa6f17300b2  (/lib/x86_64-linux-gnu/libc.so.6+0x270b2)", "important": false, "type": "Line"}, {"lineNumber": 70, "content": "    #3 0x41d64d  (/clusterfuzz/run_bot/clusterfuzz/bot/builds/cifuzz-example_honggfuzz_asan/custom/do_stuff_fuzzer+0x41d64d)", "important": false, "type": "Line"}, {"lineNumber": 71, "content": "", "important": false, "type": "Line"}, {"lineNumber": 72, "content": "0x602000000030 is located 0 bytes inside of 4-byte region [0x602000000030,0x602000000034)", "important": false, "type": "Line"}, {"lineNumber": 73, "content": "freed by thread T0 here:", "important": false, "type": "Line"}, {"lineNumber": 74, "content": "    #0 0x49e662  (/clusterfuzz/run_bot/clusterfuzz/bot/builds/cifuzz-example_honggfuzz_asan/custom/do_stuff_fuzzer+0x49e662)", "important": false, "type": "Line"}, {"lineNumber": 75, "content": "    #1 0x4d7d7c  (/clusterfuzz/run_bot/clusterfuzz/bot/builds/cifuzz-example_honggfuzz_asan/custom/do_stuff_fuzzer+0x4d7d7c)", "important": false, "type": "Line"}, {"lineNumber": 76, "content": "    #2 0x4d8e7b  (/clusterfuzz/run_bot/clusterfuzz/bot/builds/cifuzz-example_honggfuzz_asan/custom/do_stuff_fuzzer+0x4d8e7b)", "important": false, "type": "Line"}, {"lineNumber": 77, "content": "", "important": false, "type": "Line"}, {"lineNumber": 78, "content": "previously allocated by thread T0 here:", "important": false, "type": "Line"}, {"lineNumber": 79, "content": "    #0 0x49e8cd  (/clusterfuzz/run_bot/clusterfuzz/bot/builds/cifuzz-example_honggfuzz_asan/custom/do_stuff_fuzzer+0x49e8cd)", "important": false, "type": "Line"}, {"lineNumber": 80, "content": "    #1 0x4d7d71  (/clusterfuzz/run_bot/clusterfuzz/bot/builds/cifuzz-example_honggfuzz_asan/custom/do_stuff_fuzzer+0x4d7d71)", "important": false, "type": "Line"}, {"lineNumber": 81, "content": "    #2 0x4d8e7b  (/clusterfuzz/run_bot/clusterfuzz/bot/builds/cifuzz-example_honggfuzz_asan/custom/do_stuff_fuzzer+0x4d8e7b)", "important": false, "type": "Line"}], "revision": null}, "security_severity": "High", "security_severities": [{"value": 0, "name": "Critical"}, {"value": 1, "name": "High", "default": true}, {"value": 2, "name": "Medium"}, {"value": 3, "name": "Low"}, {"value": 4, "name": "Missing"}], "stats": {"min_hour": 1, "max_hour": 1}, "suspected_cls": null, "testcase": {"absolute_path": "/clusterfuzz/run_bot/clusterfuzz/bot/inputs/fuzzer-testcases/SIGABRT.PC.4d7eb1.STACK.1413b0c14.CODE.-6.ADDR.0.INSTR.[UNKNOWN].fuzz", "additional_metadata": "{\"build_key\": \"7e718121-df7e-4b2d-a09a-a0bafaf2f627\", \"fuzzer_binary_name\": \"do_stuff_fuzzer\", \"last_tested_crash_revision\": null, \"last_tested_crash_time\": {\"__type__\": \"datetime\", \"day\": 30, \"hour\": 0, \"microsecond\": 635832, \"minute\": 11, \"month\": 11, \"second\": 25, \"year\": 2021}, \"last_tested_revision\": null}", "archive_filename": null, "archive_state": 0, "binary_flag": true, "bug_indices": [], "bug_information": "", "comments": "[2021-11-28 13:26:54 UTC] snode5-20211128-16:42: Fuzz task : Fuzzer honggfuzz_do_stuff_fuzzer generated testcase crashed in 1 seconds (r1).\n[2021-11-28 13:27:57 UTC] comput12-20211128-16:39: Minimize task started.\n[2021-11-28 13:29:13 UTC] comput12-20211128-16:39: Minimize task errored out: Engine does not support minimization.\n[2021-11-30 00:10:09 UTC] comput7-20211129-15:14: Progression task started.\n[2021-11-30 00:11:25 UTC] comput7-20211129-15:14: Progression task finished: still crashes on latest custom build.\n", "crash_address": "0x602000000030", "crash_revision": 1, "crash_stacktrace": "[Environment] ASAN_OPTIONS=alloc_dealloc_mismatch=0:allocator_may_return_null=1:allocator_release_to_os_interval_ms=500:allow_user_segv_handler=0:check_malloc_usable_size=0:detect_leaks=1:detect_odr_violation=0:detect_stack_use_after_return=1:fast_unwind_on_fatal=0:handle_abort=2:handle_segv=2:handle_sigbus=2:handle_sigfpe=2:handle_sigill=2:max_uar_stack_size_log=16:print_scariness=1:print_summary=1:print_suppressions=0:quarantine_size_mb=64:redzone=16:strict_memcmp=1:symbolize=0:use_sigaltstack=1\n+----------------------------------------Release Build Stacktrace----------------------------------------+\n=================================================================\n==4631==ERROR: AddressSanitizer: heap-use-after-free on address 0x602000000030 at pc 0x0000004d7eb1 bp 0x7fffffffce10 sp 0x7fffffffce08\nREAD of size 4 at 0x602000000030 thread T0\nSCARINESS: 45 (4-byte-read-heap-use-after-free)\n    #0 0x4d7eb0 in LLVMFuzzerTestOneInput /src/cifuzz-example/do_stuff_fuzzer.cpp:16:12\n    #1 0x4d8f14 in main\n    #2 0x7ffff7c5b0b2 in __libc_start_main\n    #3 0x41d64d in _start\n\n0x602000000030 is located 0 bytes inside of 4-byte region [0x602000000030,0x602000000034)\nfreed by thread T0 here:\n    #0 0x49e662 in free /src/llvm-project/compiler-rt/lib/asan/asan_malloc_linux.cpp:111:3\n    #1 0x4d7d7c in LLVMFuzzerTestOneInput /src/cifuzz-example/do_stuff_fuzzer.cpp:15:5\n    #2 0x4d8f14 in main\n\npreviously allocated by thread T0 here:\n    #0 0x49e8cd in __interceptor_malloc /src/llvm-project/compiler-rt/lib/asan/asan_malloc_linux.cpp:129:3\n    #1 0x4d7d71 in LLVMFuzzerTestOneInput /src/cifuzz-example/do_stuff_fuzzer.cpp:14:21\n    #2 0x4d8f14 in main\n\nSUMMARY: AddressSanitizer: heap-use-after-free (/clusterfuzz/run_bot/clusterfuzz/bot/builds/cifuzz-example_honggfuzz_asan/custom/do_stuff_fuzzer+0x4d7eb0)\nShadow bytes around the buggy address:\n  0x0c047fff7fb0: 00 00 00 00 00 00 00 00 00 00 00 00 00 00 00 00\n  0x0c047fff7fc0: 00 00 00 00 00 00 00 00 00 00 00 00 00 00 00 00\n  0x0c047fff7fd0: 00 00 00 00 00 00 00 00 00 00 00 00 00 00 00 00\n  0x0c047fff7fe0: 00 00 00 00 00 00 00 00 00 00 00 00 00 00 00 00\n  0x0c047fff7ff0: 00 00 00 00 00 00 00 00 00 00 00 00 00 00 00 00\n=>0x0c047fff8000: fa fa 04 fa fa fa[fd]fa fa fa fa fa fa fa fa fa\n  0x0c047fff8010: fa fa fa fa fa fa fa fa fa fa fa fa fa fa fa fa\n  0x0c047fff8020: fa fa fa fa fa fa fa fa fa fa fa fa fa fa fa fa\n  0x0c047fff8030: fa fa fa fa fa fa fa fa fa fa fa fa fa fa fa fa\n  0x0c047fff8040: fa fa fa fa fa fa fa fa fa fa fa fa fa fa fa fa\n  0x0c047fff8050: fa fa fa fa fa fa fa fa fa fa fa fa fa fa fa fa\nShadow byte legend (one shadow byte represents 8 application bytes):\n  Addressable:           00\n  Partially addressable: 01 02 03 04 05 06 07\n  Heap left redzone:       fa\n  Freed heap region:       fd\n  Stack left redzone:      f1\n  Stack mid redzone:       f2\n  Stack right redzone:     f3\n  Stack after return:      f5\n  Stack use after scope:   f8\n  Global redzone:          f9\n  Global init order:       f6\n  Poisoned by user:        f7\n  Container overflow:      fc\n  Array cookie:            ac\n  Intra object redzone:    bb\n  ASan internal:           fe\n  Left alloca redzone:     ca\n  Right alloca redzone:    cb\n==4631==ABORTING\n\n\n+----------------------------------------Release Build Unsymbolized Stacktrace (diff)----------------------------------------+\n\nREAD of size 4 at 0x602000000030 thread T0\nSCARINESS: 45 (4-byte-read-heap-use-after-free)\n    #0 0x4d7eb0  (/clusterfuzz/run_bot/clusterfuzz/bot/builds/cifuzz-example_honggfuzz_asan/custom/do_stuff_fuzzer+0x4d7eb0)\n    #1 0x4d8f14  (/clusterfuzz/run_bot/clusterfuzz/bot/builds/cifuzz-example_honggfuzz_asan/custom/do_stuff_fuzzer+0x4d8f14)\n    #2 0x7ffff7c5b0b2  (/lib/x86_64-linux-gnu/libc.so.6+0x270b2)\n    #3 0x41d64d  (/clusterfuzz/run_bot/clusterfuzz/bot/builds/cifuzz-example_honggfuzz_asan/custom/do_stuff_fuzzer+0x41d64d)\n\n0x602000000030 is located 0 bytes inside of 4-byte region [0x602000000030,0x602000000034)\nfreed by thread T0 here:\n    #0 0x49e662  (/clusterfuzz/run_bot/clusterfuzz/bot/builds/cifuzz-example_honggfuzz_asan/custom/do_stuff_fuzzer+0x49e662)\n    #1 0x4d7d7c  (/clusterfuzz/run_bot/clusterfuzz/bot/builds/cifuzz-example_honggfuzz_asan/custom/do_stuff_fuzzer+0x4d7d7c)\n    #2 0x4d8f14  (/clusterfuzz/run_bot/clusterfuzz/bot/builds/cifuzz-example_honggfuzz_asan/custom/do_stuff_fuzzer+0x4d8f14)\n\npreviously allocated by thread T0 here:\n    #0 0x49e8cd  (/clusterfuzz/run_bot/clusterfuzz/bot/builds/cifuzz-example_honggfuzz_asan/custom/do_stuff_fuzzer+0x49e8cd)\n    #1 0x4d7d71  (/clusterfuzz/run_bot/clusterfuzz/bot/builds/cifuzz-example_honggfuzz_asan/custom/do_stuff_fuzzer+0x4d7d71)\n    #2 0x4d8f14  (/clusterfuzz/run_bot/clusterfuzz/bot/builds/cifuzz-example_honggfuzz_asan/custom/do_stuff_fuzzer+0x4d8f14)\n", "crash_state": "do_stuff_fuzzer.cpp\ndo_stuff_fuzzer.cpp\n", "crash_type": "Heap-use-after-free\nREAD 4", "disable_ubsan": false, "duplicate_of": null, "fixed": "", "flaky_stack": false, "fuzzed_keys": "4c8038f9-c4b1-427c-9c4d-0568064daea9", "fuzzer_name": "honggfuzz", "fuzzer_name_indices": ["honggfuzz_do_stuff_fuzzer", "honggfuzz"], "gestures": [], "group_bug_information": 0, "group_id": 10211, "has_bug_flag": false, "http_flag": false, "impact_beta_version": null, "impact_beta_version_indices": [], "impact_beta_version_likely": null, "impact_extended_stable_version": null, "impact_extended_stable_version_indices": [], "impact_extended_stable_version_likely": null, "impact_head_version": null, "impact_head_version_indices": [], "impact_head_version_likely": null, "impact_indices": [], "impact_stable_version": null, "impact_stable_version_indices": [], "impact_stable_version_likely": null, "impact_version_indices": [], "is_a_duplicate_flag": false, "is_impact_set_flag": null, "is_leader": true, "job_type": "cifuzz-example_honggfuzz_asan", "keywords": ["cpp", "heap-use-after-free", "cifuzz-example", "stuff", "after-free", "linux", "fuzzer.cpp", "do_stuff_fuzzer.cpp", "fuzzer", "read", "honggfuzz_do_stuff_fuzzer", "heap-use-after", "heap-use", "cifuzz-example_honggfuzz", "use-after", "after", "do_stuff_fuzzer", "free", "example_honggfuzz_asan", "use", "do", "example_honggfuzz", "use-after-free", "4", "read 4", "honggfuzz_do", "cifuzz-example_honggfuzz_asan", "asan", "do_stuff", "stuff_fuzzer.cpp", "stuff_fuzzer", "honggfuzz_asan", "honggfuzz", "example", "cifuzz", "honggfuzz_do_stuff", "heap"], "last_tested_crash_stacktrace": "[Environment] ASAN_OPTIONS=alloc_dealloc_mismatch=0:allocator_may_return_null=1:allocator_release_to_os_interval_ms=500:allow_user_segv_handler=0:check_malloc_usable_size=0:detect_leaks=1:detect_odr_violation=0:detect_stack_use_after_return=1:fast_unwind_on_fatal=0:handle_abort=2:handle_segv=2:handle_sigbus=2:handle_sigfpe=2:handle_sigill=2:max_uar_stack_size_log=16:print_scariness=1:print_summary=1:print_suppressions=0:quarantine_size_mb=64:redzone=16:strict_memcmp=1:symbolize=0:use_sigaltstack=1\n+----------------------------------------Release Build Stacktrace----------------------------------------+\nCommand: /clusterfuzz/run_bot/clusterfuzz/bot/builds/cifuzz-example_honggfuzz_asan/custom/do_stuff_fuzzer\nTime ran: 0.004395961761474609\n\nAccepting input from '[STDIN]'\nUsage for fuzzing: honggfuzz -P [flags] -- /clusterfuzz/run_bot/clusterfuzz/bot/builds/cifuzz-example_honggfuzz_asan/custom/do_stuff_fuzzer\n=================================================================\n==6384==ERROR: AddressSanitizer: heap-use-after-free on address 0x602000000030 at pc 0x0000004d7eb1 bp 0x7fffc4f7a670 sp 0x7fffc4f7a668\nREAD of size 4 at 0x602000000030 thread T0\nSCARINESS: 45 (4-byte-read-heap-use-after-free)\n    #0 0x4d7eb0 in LLVMFuzzerTestOneInput /src/cifuzz-example/do_stuff_fuzzer.cpp:16:12\n    #1 0x4d8e7b in main\n    #2 0x7fa6f17300b2 in __libc_start_main\n    #3 0x41d64d in _start\n\n0x602000000030 is located 0 bytes inside of 4-byte region [0x602000000030,0x602000000034)\nfreed by thread T0 here:\n    #0 0x49e662 in free /src/llvm-project/compiler-rt/lib/asan/asan_malloc_linux.cpp:111:3\n    #1 0x4d7d7c in LLVMFuzzerTestOneInput /src/cifuzz-example/do_stuff_fuzzer.cpp:15:5\n    #2 0x4d8e7b in main\n\npreviously allocated by thread T0 here:\n    #0 0x49e8cd in __interceptor_malloc /src/llvm-project/compiler-rt/lib/asan/asan_malloc_linux.cpp:129:3\n    #1 0x4d7d71 in LLVMFuzzerTestOneInput /src/cifuzz-example/do_stuff_fuzzer.cpp:14:21\n    #2 0x4d8e7b in main\n\nSUMMARY: AddressSanitizer: heap-use-after-free (/clusterfuzz/run_bot/clusterfuzz/bot/builds/cifuzz-example_honggfuzz_asan/custom/do_stuff_fuzzer+0x4d7eb0)\nShadow bytes around the buggy address:\n  0x0c047fff7fb0: 00 00 00 00 00 00 00 00 00 00 00 00 00 00 00 00\n  0x0c047fff7fc0: 00 00 00 00 00 00 00 00 00 00 00 00 00 00 00 00\n  0x0c047fff7fd0: 00 00 00 00 00 00 00 00 00 00 00 00 00 00 00 00\n  0x0c047fff7fe0: 00 00 00 00 00 00 00 00 00 00 00 00 00 00 00 00\n  0x0c047fff7ff0: 00 00 00 00 00 00 00 00 00 00 00 00 00 00 00 00\n=>0x0c047fff8000: fa fa 04 fa fa fa[fd]fa fa fa fa fa fa fa fa fa\n  0x0c047fff8010: fa fa fa fa fa fa fa fa fa fa fa fa fa fa fa fa\n  0x0c047fff8020: fa fa fa fa fa fa fa fa fa fa fa fa fa fa fa fa\n  0x0c047fff8030: fa fa fa fa fa fa fa fa fa fa fa fa fa fa fa fa\n  0x0c047fff8040: fa fa fa fa fa fa fa fa fa fa fa fa fa fa fa fa\n  0x0c047fff8050: fa fa fa fa fa fa fa fa fa fa fa fa fa fa fa fa\nShadow byte legend (one shadow byte represents 8 application bytes):\n  Addressable:           00\n  Partially addressable: 01 02 03 04 05 06 07\n  Heap left redzone:       fa\n  Freed heap region:       fd\n  Stack left redzone:      f1\n  Stack mid redzone:       f2\n  Stack right redzone:     f3\n  Stack after return:      f5\n  Stack use after scope:   f8\n  Global redzone:          f9\n  Global init order:       f6\n  Poisoned by user:        f7\n  Container overflow:      fc\n  Array cookie:            ac\n  Intra object redzone:    bb\n  ASan internal:           fe\n  Left alloca redzone:     ca\n  Right alloca redzone:    cb\n==6384==ABORTING\n\n\n+----------------------------------------Release Build Unsymbolized Stacktrace (diff)----------------------------------------+\n\nREAD of size 4 at 0x602000000030 thread T0\nSCARINESS: 45 (4-byte-read-heap-use-after-free)\n    #0 0x4d7eb0  (/clusterfuzz/run_bot/clusterfuzz/bot/builds/cifuzz-example_honggfuzz_asan/custom/do_stuff_fuzzer+0x4d7eb0)\n    #1 0x4d8e7b  (/clusterfuzz/run_bot/clusterfuzz/bot/builds/cifuzz-example_honggfuzz_asan/custom/do_stuff_fuzzer+0x4d8e7b)\n    #2 0x7fa6f17300b2  (/lib/x86_64-linux-gnu/libc.so.6+0x270b2)\n    #3 0x41d64d  (/clusterfuzz/run_bot/clusterfuzz/bot/builds/cifuzz-example_honggfuzz_asan/custom/do_stuff_fuzzer+0x41d64d)\n\n0x602000000030 is located 0 bytes inside of 4-byte region [0x602000000030,0x602000000034)\nfreed by thread T0 here:\n    #0 0x49e662  (/clusterfuzz/run_bot/clusterfuzz/bot/builds/cifuzz-example_honggfuzz_asan/custom/do_stuff_fuzzer+0x49e662)\n    #1 0x4d7d7c  (/clusterfuzz/run_bot/clusterfuzz/bot/builds/cifuzz-example_honggfuzz_asan/custom/do_stuff_fuzzer+0x4d7d7c)\n    #2 0x4d8e7b  (/clusterfuzz/run_bot/clusterfuzz/bot/builds/cifuzz-example_honggfuzz_asan/custom/do_stuff_fuzzer+0x4d8e7b)\n\npreviously allocated by thread T0 here:\n    #0 0x49e8cd  (/clusterfuzz/run_bot/clusterfuzz/bot/builds/cifuzz-example_honggfuzz_asan/custom/do_stuff_fuzzer+0x49e8cd)\n    #1 0x4d7d71  (/clusterfuzz/run_bot/clusterfuzz/bot/builds/cifuzz-example_honggfuzz_asan/custom/do_stuff_fuzzer+0x4d7d71)\n    #2 0x4d8e7b  (/clusterfuzz/run_bot/clusterfuzz/bot/builds/cifuzz-example_honggfuzz_asan/custom/do_stuff_fuzzer+0x4d8e7b)\n", "minidump_keys": "", "minimized_arguments": "", "minimized_keys": "4c8038f9-c4b1-427c-9c4d-0568064daea9", "one_time_crasher_flag": false, "open": true, "overridden_fuzzer_name": "honggfuzz_do_stuff_fuzzer", "platform": "linux", "platform_id": "linux", "project_name": "test-project", "queue": "jobs-linux", "redzone": 16, "regression": "NA", "security_flag": true, "security_severity": 1, "status": "Processed", "symbolized": false, "timeout_multiplier": 1.0, "timestamp": 1638106014, "triaged": false, "uploader_email": null, "window_argument": "", "id": 6106}, "timestamp": 1638106014.73662, "show_blame": false, "show_impact": false, "impacts_production": false, "find_similar_issues_options": [{"type": "open", "label": "Open"}, {"type": "all", "label": "All"}], "auto_delete_timestamp": null, "auto_close_timestamp": null, "memory_tool_display_label": "Sanitizer", "memory_tool_display_value": "address (ASAN)", "last_tested": "1:1 (No component revisions found!)", "is_admin_or_not_oss_fuzz": true, "has_issue_tracker": false, "reproduction_help_url": "", "is_local_development": true, "fuzzer_display": {"engine": "honggfuzz", "target": "do_stuff_fuzzer", "name": "honggfuzz", "fully_qualified_name": "honggfuzz_do_stuff_fuzzer"}}