{"id": 6109, "crash_type": "Abrt", "crash_address": "0x03e800000dce", "crash_state": "__cxxabiv1::failed_throw\njazzer::JVM::FindClass\njazzer::FuzzTargetRunner::FuzzTargetRunner\n", "crash_state_lines": ["__cxxabiv1::failed_throw", "jazzer::JVM::FindClass", "jazzer::FuzzTargetRunner::FuzzTargetRunner"], "crash_revision": 1, "csrf_token": "D6S+cXG/eQvjQp1jhkN2Yfq5FoCaAiuUjD0oLthouNSAPb8xaAgWvNikB3AHnFnrgfWQIz/OKB4owWUbxHHo3A==", "external_user": false, "footer": "[2021-11-28 13:25:58 UTC] comput7-20211128-16:38: Fuzz task : Fuzzer libFuzzer_ExampleFuzzerNative generated testcase crashed in 0 seconds (r1).\n[2021-11-28 13:27:07 UTC] snode3-20211128-16:38: Minimize task started.\n[2021-11-28 13:29:16 UTC] snode3-20211128-16:38: Minimize task errored out: LibFuzzer minimization failed.\n[2021-11-30 00:10:33 UTC] comput19-20211129-15:14: Progression task started.\n[2021-11-30 00:11:52 UTC] comput19-20211129-15:14: Progression task finished: still crashes on latest custom build.\n", "formatted_reproduction_help": "", "fixed": "NO", "fixed_full": null, "issue_url": null, "is_admin": true, "metadata": {"build_key": "0d816cbf-73c5-4c8e-a945-2a02b5b99db0", "env": {"ASAN_OPTIONS": {}}, "fuzzer_binary_name": "ExampleFuzzerNative", "last_tested_crash_revision": null, "last_tested_crash_time": 1638231112, "last_tested_revision": null}, "minimized_testcase_size": "0 B", "needs_refresh": false, "original_testcase_size": "0 B", "privileged_user": true, "regression": "NA", "crash_stacktrace": {"lines": [{"lineNumber": 1, "content": "+----------------------------------------Release Build Stacktrace----------------------------------------+", "important": false, "type": "Line"}, {"lineNumber": 2, "content": "Command: /clusterfuzz/run_bot/clusterfuzz/bot/builds/java-example_libfuzzer_asan/custom/ExampleFuzzerNative -rss_limit_mb=2560 -timeout=60 -runs=100 /clusterfuzz/run_bot/clusterfuzz/bot/inputs/fuzzer-testcases/tmp7e80wyi4", "important": false, "type": "Line"}, {"lineNumber": 3, "content": "Time ran: 12.326366662979126", "important": false, "type": "Line"}, {"lineNumber": 4, "content": "", "important": false, "type": "Line"}, {"lineNumber": 5, "content": "WARN: Jazzer is not compatible with LeakSanitizer yet. Leaks are not reported.", "important": false, "type": "Line"}, {"lineNumber": 6, "content": "INFO: Loaded 8 hooks from com.code_intelligence.jazzer.sanitizers.Deserialization", "important": false, "type": "Line"}, {"lineNumber": 7, "content": "INFO: Loaded 1 hooks from com.code_intelligence.jazzer.sanitizers.ReflectiveCall", "important": false, "type": "Line"}, {"lineNumber": 8, "content": "INFO: Loaded 3 hooks from com.code_intelligence.jazzer.sanitizers.ExpressionLanguageInjection", "important": false, "type": "Line"}, {"lineNumber": 9, "content": "INFO: Instrumented ExampleFuzzerNative (took 628 ms, size +134%)", "important": false, "type": "Line"}, {"lineNumber": 10, "content": "Exception in thread &quot;main&quot; java.lang.UnsupportedClassVersionError: ExampleFuzzerNative has been compiled by a more recent version of the Java Runtime (class file version 59.0), this version of the Java Runtime only recognizes class file versions up to 52.0", "important": false, "type": "Line"}, {"lineNumber": 11, "content": "\tat java.lang.ClassLoader.defineClass1(Native Method)", "important": false, "type": "Line"}, {"lineNumber": 12, "content": "\tat java.lang.ClassLoader.defineClass(ClassLoader.java:756)", "important": false, "type": "Line"}, {"lineNumber": 13, "content": "\tat java.security.SecureClassLoader.defineClass(SecureClassLoader.java:142)", "important": false, "type": "Line"}, {"lineNumber": 14, "content": "\tat java.net.URLClassLoader.defineClass(URLClassLoader.java:468)", "important": false, "type": "Line"}, {"lineNumber": 15, "content": "\tat java.net.URLClassLoader.access$100(URLClassLoader.java:74)", "important": false, "type": "Line"}, {"lineNumber": 16, "content": "\tat java.net.URLClassLoader$1.run(URLClassLoader.java:369)", "important": false, "type": "Line"}, {"lineNumber": 17, "content": "\tat java.net.URLClassLoader$1.run(URLClassLoader.java:363)", "important": false, "type": "Line"}, {"lineNumber": 18, "content": "\tat java.security.AccessController.doPrivileged(Native Method)", "important": false, "type": "Line"}, {"lineNumber": 19, "content": "\tat java.net.URLClassLoader.findClass(URLClassLoader.java:362)", "important": false, "type": "Line"}, {"lineNumber": 20, "content": "\tat java.lang.ClassLoader.loadClass(ClassLoader.java:418)", "important": false, "type": "Line"}, {"lineNumber": 21, "content": "\tat sun.misc.Launcher$AppClassLoader.loadClass(Launcher.java:352)", "important": false, "type": "Line"}, {"lineNumber": 22, "content": "\tat java.lang.ClassLoader.loadClass(ClassLoader.java:351)", "important": false, "type": "Line"}, {"lineNumber": 23, "content": "libc++abi: terminating with uncaught exception of type std::runtime_error: Could not find class ExampleFuzzerNative", "important": false, "type": "Line"}, {"lineNumber": 24, "content": "AddressSanitizer:DEADLYSIGNAL", "important": false, "type": "Line"}, {"lineNumber": 25, "content": "=================================================================", "important": false, "type": "Line"}, {"lineNumber": 26, "content": "==3534==ERROR: AddressSanitizer: ABRT on unknown address 0x03e800000dce (pc 0x7fccda8b218b bp 0x7fff37b7d920 sp 0x7fff37b7d110 T0)", "important": false, "type": "Line"}, {"lineNumber": 27, "content": "SCARINESS: 10 (signal)", "important": false, "type": "Line"}, {"lineNumber": 28, "content": "    #0 0x7fccda8b218b in raise (/lib/x86_64-linux-gnu/libc.so.6+0x4618b)", "important": false, "type": "Line"}, {"lineNumber": 29, "content": "    #1 0x7fccda891858 in abort (/lib/x86_64-linux-gnu/libc.so.6+0x25858)", "important": false, "type": "Line"}, {"lineNumber": 30, "content": "    #2 0x483e45 in abort_message abort_message.cpp", "important": false, "type": "Line"}, {"lineNumber": 31, "content": "    #3 0x46d40e in demangling_terminate_handler() cxa_default_handlers.cpp", "important": false, "type": "Line"}, {"lineNumber": 32, "content": "    #4 0x46d2d2 in std::__terminate(void (*)()) cxa_handlers.cpp", "important": false, "type": "Line"}, {"lineNumber": 33, "content": "    #5 0x485b85 in __cxxabiv1::failed_throw(__cxxabiv1::__cxa_exception*) cxa_exception.cpp", "important": true, "type": "Line"}, {"lineNumber": 34, "content": "    #6 0x485b1f in __cxa_throw (/clusterfuzz/run_bot/clusterfuzz/bot/builds/java-example_libfuzzer_asan/custom/jazzer_driver_with_sanitizer+0x485b1f)", "important": false, "type": "Line"}, {"lineNumber": 35, "content": "    #7 0x39aea4 in jazzer::JVM::FindClass(std::__1::basic_string&lt;char, std::__1::char_traits&lt;char&gt;, std::__1::allocator&lt;char&gt; &gt;) const (/clusterfuzz/run_bot/clusterfuzz/bot/builds/java-example_libfuzzer_asan/custom/jazzer_driver_with_sanitizer+0x39aea4)", "important": true, "type": "Line"}, {"lineNumber": 36, "content": "    #8 0x395684 in jazzer::FuzzTargetRunner::FuzzTargetRunner(jazzer::JVM&amp;, std::__1::vector&lt;std::__1::basic_string&lt;char, std::__1::char_traits&lt;char&gt;, std::__1::allocator&lt;char&gt; &gt;, std::__1::allocator&lt;std::__1::basic_string&lt;char, std::__1::char_traits&lt;char&gt;, std::__1::allocator&lt;char&gt; &gt; &gt; &gt; const&amp;) (/clusterfuzz/run_bot/clusterfuzz/bot/builds/java-example_libfuzzer_asan/custom/jazzer_driver_with_sanitizer+0x395684)", "important": true, "type": "Line"}, {"lineNumber": 37, "content": "    #9 0x390efe in jazzer::LibfuzzerDriver::LibfuzzerDriver(int*, char***) (/clusterfuzz/run_bot/clusterfuzz/bot/builds/java-example_libfuzzer_asan/custom/jazzer_driver_with_sanitizer+0x390efe)", "important": false, "type": "Line"}, {"lineNumber": 38, "content": "    #10 0x38f8f0 in LLVMFuzzerInitialize (/clusterfuzz/run_bot/clusterfuzz/bot/builds/java-example_libfuzzer_asan/custom/jazzer_driver_with_sanitizer+0x38f8f0)", "important": false, "type": "Line"}, {"lineNumber": 39, "content": "    #11 0x3e64c6 in fuzzer::FuzzerDriver(int*, char***, int (*)(unsigned char const*, unsigned long)) /proc/self/cwd/external/jazzer_libfuzzer/FuzzerDriver.cpp:645:5", "important": false, "type": "Line"}, {"lineNumber": 40, "content": "    #12 0x3fd8a0 in main /proc/self/cwd/external/jazzer_libfuzzer/FuzzerMain.cpp:20:10", "important": false, "type": "Line"}, {"lineNumber": 41, "content": "    #13 0x7fccda8930b2 in __libc_start_main (/lib/x86_64-linux-gnu/libc.so.6+0x270b2)", "important": false, "type": "Line"}, {"lineNumber": 42, "content": "    #14 0x2e154d in _start (/clusterfuzz/run_bot/clusterfuzz/bot/builds/java-example_libfuzzer_asan/custom/jazzer_driver_with_sanitizer+0x2e154d)", "important": false, "type": "Line"}, {"lineNumber": 43, "content": "", "important": false, "type": "Line"}, {"lineNumber": 44, "content": "AddressSanitizer can not provide additional info.", "important": false, "type": "Line"}, {"lineNumber": 45, "content": "SUMMARY: AddressSanitizer: ABRT (/lib/x86_64-linux-gnu/libc.so.6+0x4618b) in raise", "important": false, "type": "Line"}, {"lineNumber": 46, "content": "==3534==ABORTING", "important": false, "type": "Line"}], "revision": "1"}, "last_tested_crash_stacktrace": {"lines": [{"lineNumber": 1, "content": "[Environment] ASAN_OPTIONS=exitcode=77", "important": false, "type": "Line"}, {"lineNumber": 2, "content": "+----------------------------------------Release Build Stacktrace----------------------------------------+", "important": false, "type": "Line"}, {"lineNumber": 3, "content": "Command: /clusterfuzz/run_bot/clusterfuzz/bot/builds/java-example_libfuzzer_asan/custom/ExampleFuzzerNative -rss_limit_mb=2560 -timeout=60 -runs=100 /clusterfuzz/run_bot/clusterfuzz/bot/inputs/fuzzer-testcases/tmp7e80wyi4", "important": false, "type": "Line"}, {"lineNumber": 4, "content": "Time ran: 0.5666728019714355", "important": false, "type": "Line"}, {"lineNumber": 5, "content": "", "important": false, "type": "Line"}, {"lineNumber": 6, "content": "WARN: Jazzer is not compatible with LeakSanitizer yet. Leaks are not reported.", "important": false, "type": "Line"}, {"lineNumber": 7, "content": "INFO: Loaded 8 hooks from com.code_intelligence.jazzer.sanitizers.Deserialization", "important": false, "type": "Line"}, {"lineNumber": 8, "content": "INFO: Loaded 1 hooks from com.code_intelligence.jazzer.sanitizers.ReflectiveCall", "important": false, "type": "Line"}, {"lineNumber": 9, "content": "INFO: Loaded 3 hooks from com.code_intelligence.jazzer.sanitizers.ExpressionLanguageInjection", "important": false, "type": "Line"}, {"lineNumber": 10, "content": "INFO: Instrumented ExampleFuzzerNative (took 79 ms, size +134%)", "important": false, "type": "Line"}, {"lineNumber": 11, "content": "Exception in thread &quot;main&quot; java.lang.UnsupportedClassVersionError: ExampleFuzzerNative has been compiled by a more recent version of the Java Runtime (class file version 59.0), this version of the Java Runtime only recognizes class file versions up to 52.0", "important": false, "type": "Line"}, {"lineNumber": 12, "content": "\tat java.lang.ClassLoader.defineClass1(Native Method)", "important": false, "type": "Line"}, {"lineNumber": 13, "content": "\tat java.lang.ClassLoader.defineClass(ClassLoader.java:756)", "important": false, "type": "Line"}, {"lineNumber": 14, "content": "\tat java.security.SecureClassLoader.defineClass(SecureClassLoader.java:142)", "important": false, "type": "Line"}, {"lineNumber": 15, "content": "\tat java.net.URLClassLoader.defineClass(URLClassLoader.java:468)", "important": false, "type": "Line"}, {"lineNumber": 16, "content": "\tat java.net.URLClassLoader.access$100(URLClassLoader.java:74)", "important": false, "type": "Line"}, {"lineNumber": 17, "content": "\tat java.net.URLClassLoader$1.run(URLClassLoader.java:369)", "important": false, "type": "Line"}, {"lineNumber": 18, "content": "\tat java.net.URLClassLoader$1.run(URLClassLoader.java:363)", "important": false, "type": "Line"}, {"lineNumber": 19, "content": "\tat java.security.AccessController.doPrivileged(Native Method)", "important": false, "type": "Line"}, {"lineNumber": 20, "content": "\tat java.net.URLClassLoader.findClass(URLClassLoader.java:362)", "important": false, "type": "Line"}, {"lineNumber": 21, "content": "\tat java.lang.ClassLoader.loadClass(ClassLoader.java:418)", "important": false, "type": "Line"}, {"lineNumber": 22, "content": "\tat sun.misc.Launcher$AppClassLoader.loadClass(Launcher.java:352)", "important": false, "type": "Line"}, {"lineNumber": 23, "content": "\tat java.lang.ClassLoader.loadClass(ClassLoader.java:351)", "important": false, "type": "Line"}, {"lineNumber": 24, "content": "libc++abi: terminating with uncaught exception of type std::runtime_error: Could not find class ExampleFuzzerNative", "important": false, "type": "Line"}, {"lineNumber": 25, "content": "AddressSanitizer:DEADLYSIGNAL", "important": false, "type": "Line"}, {"lineNumber": 26, "content": "=================================================================", "important": false, "type": "Line"}, {"lineNumber": 27, "content": "==130874==ERROR: AddressSanitizer: ABRT on unknown address 0x03e80001ff3a (pc 0x7fa216a1318b bp 0x7ffcac36a140 sp 0x7ffcac369930 T0)", "important": false, "type": "Line"}, {"lineNumber": 28, "content": "    #0 0x7fa216a1318b in raise (/lib/x86_64-linux-gnu/libc.so.6+0x4618b)", "important": false, "type": "Line"}, {"lineNumber": 29, "content": "    #1 0x7fa2169f2858 in abort (/lib/x86_64-linux-gnu/libc.so.6+0x25858)", "important": false, "type": "Line"}, {"lineNumber": 30, "content": "    #2 0x483e45 in abort_message abort_message.cpp", "important": false, "type": "Line"}, {"lineNumber": 31, "content": "    #3 0x46d40e in demangling_terminate_handler() cxa_default_handlers.cpp", "important": false, "type": "Line"}, {"lineNumber": 32, "content": "    #4 0x46d2d2 in std::__terminate(void (*)()) cxa_handlers.cpp", "important": false, "type": "Line"}, {"lineNumber": 33, "content": "    #5 0x485b85 in __cxxabiv1::failed_throw(__cxxabiv1::__cxa_exception*) cxa_exception.cpp", "important": true, "type": "Line"}, {"lineNumber": 34, "content": "    #6 0x485b1f in __cxa_throw (/clusterfuzz/run_bot/clusterfuzz/bot/builds/java-example_libfuzzer_asan/custom/jazzer_driver_with_sanitizer+0x485b1f)", "important": false, "type": "Line"}, {"lineNumber": 35, "content": "    #7 0x39aea4 in jazzer::JVM::FindClass(std::__1::basic_string&lt;char, std::__1::char_traits&lt;char&gt;, std::__1::allocator&lt;char&gt; &gt;) const (/clusterfuzz/run_bot/clusterfuzz/bot/builds/java-example_libfuzzer_asan/custom/jazzer_driver_with_sanitizer+0x39aea4)", "important": true, "type": "Line"}, {"lineNumber": 36, "content": "    #8 0x395684 in jazzer::FuzzTargetRunner::FuzzTargetRunner(jazzer::JVM&amp;, std::__1::vector&lt;std::__1::basic_string&lt;char, std::__1::char_traits&lt;char&gt;, std::__1::allocator&lt;char&gt; &gt;, std::__1::allocator&lt;std::__1::basic_string&lt;char, std::__1::char_traits&lt;char&gt;, std::__1::allocator&lt;char&gt; &gt; &gt; &gt; const&amp;) (/clusterfuzz/run_bot/clusterfuzz/bot/builds/java-example_libfuzzer_asan/custom/jazzer_driver_with_sanitizer+0x395684)", "important": true, "type": "Line"}, {"lineNumber": 37, "content": "    #9 0x390efe in jazzer::LibfuzzerDriver::LibfuzzerDriver(int*, char***) (/clusterfuzz/run_bot/clusterfuzz/bot/builds/java-example_libfuzzer_asan/custom/jazzer_driver_with_sanitizer+0x390efe)", "important": false, "type": "Line"}, {"lineNumber": 38, "content": "    #10 0x38f8f0 in LLVMFuzzerInitialize (/clusterfuzz/run_bot/clusterfuzz/bot/builds/java-example_libfuzzer_asan/custom/jazzer_driver_with_sanitizer+0x38f8f0)", "important": false, "type": "Line"}, {"lineNumber": 39, "content": "    #11 0x3e64c6 in fuzzer::FuzzerDriver(int*, char***, int (*)(unsigned char const*, unsigned long)) /proc/self/cwd/external/jazzer_libfuzzer/FuzzerDriver.cpp:645:5", "important": false, "type": "Line"}, {"lineNumber": 40, "content": "    #12 0x3fd8a0 in main /proc/self/cwd/external/jazzer_libfuzzer/FuzzerMain.cpp:20:10", "important": false, "type": "Line"}, {"lineNumber": 41, "content": "    #13 0x7fa2169f40b2 in __libc_start_main (/lib/x86_64-linux-gnu/libc.so.6+0x270b2)", "important": false, "type": "Line"}, {"lineNumber": 42, "content": "    #14 0x2e154d in _start (/clusterfuzz/run_bot/clusterfuzz/bot/builds/java-example_libfuzzer_asan/custom/jazzer_driver_with_sanitizer+0x2e154d)", "important": false, "type": "Line"}, {"lineNumber": 43, "content": "", "important": false, "type": "Line"}, {"lineNumber": 44, "content": "AddressSanitizer can not provide additional info.", "important": false, "type": "Line"}, {"lineNumber": 45, "content": "SUMMARY: AddressSanitizer: ABRT (/lib/x86_64-linux-gnu/libc.so.6+0x4618b) in raise", "important": false, "type": "Line"}, {"lineNumber": 46, "content": "==130874==ABORTING", "important": false, "type": "Line"}], "revision": null}, "security_severity": null, "security_severities": [{"value": 0, "name": "Critical"}, {"value": 1, "name": "High", "default": true}, {"value": 2, "name": "Medium"}, {"value": 3, "name": "Low"}, {"value": 4, "name": "Missing"}], "stats": {"min_hour": 1, "max_hour": 1}, "suspected_cls": null, "testcase": {"absolute_path": "/clusterfuzz/run_bot/clusterfuzz/bot/inputs/fuzzer-testcases/tmp7e80wyi4", "additional_metadata": "{\"build_key\": \"0d816cbf-73c5-4c8e-a945-2a02b5b99db0\", \"env\": {\"ASAN_OPTIONS\": {}}, \"fuzzer_binary_name\": \"ExampleFuzzerNative\", \"last_tested_crash_revision\": null, \"last_tested_crash_time\": {\"__type__\": \"datetime\", \"day\": 30, \"hour\": 0, \"microsecond\": 213031, \"minute\": 11, \"month\": 11, \"second\": 52, \"year\": 2021}, \"last_tested_revision\": null}", "archive_filename": null, "archive_state": 0, "binary_flag": false, "bug_indices": [], "bug_information": "", "comments": "[2021-11-28 13:25:58 UTC] comput7-20211128-16:38: Fuzz task : Fuzzer libFuzzer_ExampleFuzzerNative generated testcase crashed in 0 seconds (r1).\n[2021-11-28 13:27:07 UTC] snode3-20211128-16:38: Minimize task started.\n[2021-11-28 13:29:16 UTC] snode3-20211128-16:38: Minimize task errored out: LibFuzzer minimization failed.\n[2021-11-30 00:10:33 UTC] comput19-20211129-15:14: Progression task started.\n[2021-11-30 00:11:52 UTC] comput19-20211129-15:14: Progression task finished: still crashes on latest custom build.\n", "crash_address": "0x03e800000dce", "crash_revision": 1, "crash_stacktrace": "+----------------------------------------Release Build Stacktrace----------------------------------------+\nCommand: /clusterfuzz/run_bot/clusterfuzz/bot/builds/java-example_libfuzzer_asan/custom/ExampleFuzzerNative -rss_limit_mb=2560 -timeout=60 -runs=100 /clusterfuzz/run_bot/clusterfuzz/bot/inputs/fuzzer-testcases/tmp7e80wyi4\nTime ran: 12.326366662979126\n\nWARN: Jazzer is not compatible with LeakSanitizer yet. Leaks are not reported.\nINFO: Loaded 8 hooks from com.code_intelligence.jazzer.sanitizers.Deserialization\nINFO: Loaded 1 hooks from com.code_intelligence.jazzer.sanitizers.ReflectiveCall\nINFO: Loaded 3 hooks from com.code_intelligence.jazzer.sanitizers.ExpressionLanguageInjection\nINFO: Instrumented ExampleFuzzerNative (took 628 ms, size +134%)\nException in thread \"main\" java.lang.UnsupportedClassVersionError: ExampleFuzzerNative has been compiled by a more recent version of the Java Runtime (class file version 59.0), this version of the Java Runtime only recognizes class file versions up to 52.0\n\tat java.lang.ClassLoader.defineClass1(Native Method)\n\tat java.lang.ClassLoader.defineClass(ClassLoader.java:756)\n\tat java.security.SecureClassLoader.defineClass(SecureClassLoader.java:142)\n\tat java.net.URLClassLoader.defineClass(URLClassLoader.java:468)\n\tat java.net.URLClassLoader.access$100(URLClassLoader.java:74)\n\tat java.net.URLClassLoader$1.run(URLClassLoader.java:369)\n\tat java.net.URLClassLoader$1.run(URLClassLoader.java:363)\n\tat java.security.AccessController.doPrivileged(Native Method)\n\tat java.net.URLClassLoader.findClass(URLClassLoader.java:362)\n\tat java.lang.ClassLoader.loadClass(ClassLoader.java:418)\n\tat sun.misc.Launcher$AppClassLoader.loadClass(Launcher.java:352)\n\tat java.lang.ClassLoader.loadClass(ClassLoader.java:351)\nlibc++abi: terminating with uncaught exception of type std::runtime_error: Could not find class ExampleFuzzerNative\nAddressSanitizer:DEADLYSIGNAL\n=================================================================\n==3534==ERROR: AddressSanitizer: ABRT on unknown address 0x03e800000dce (pc 0x7fccda8b218b bp 0x7fff37b7d920 sp 0x7fff37b7d110 T0)\nSCARINESS: 10 (signal)\n    #0 0x7fccda8b218b in raise (/lib/x86_64-linux-gnu/libc.so.6+0x4618b)\n    #1 0x7fccda891858 in abort (/lib/x86_64-linux-gnu/libc.so.6+0x25858)\n    #2 0x483e45 in abort_message abort_message.cpp\n    #3 0x46d40e in demangling_terminate_handler() cxa_default_handlers.cpp\n    #4 0x46d2d2 in std::__terminate(void (*)()) cxa_handlers.cpp\n    #5 0x485b85 in __cxxabiv1::failed_throw(__cxxabiv1::__cxa_exception*) cxa_exception.cpp\n    #6 0x485b1f in __cxa_throw (/clusterfuzz/run_bot/clusterfuzz/bot/builds/java-example_libfuzzer_asan/custom/jazzer_driver_with_sanitizer+0x485b1f)\n    #7 0x39aea4 in jazzer::JVM::FindClass(std::__1::basic_string<char, std::__1::char_traits<char>, std::__1::allocator<char> >) const (/clusterfuzz/run_bot/clusterfuzz/bot/builds/java-example_libfuzzer_asan/custom/jazzer_driver_with_sanitizer+0x39aea4)\n    #8 0x395684 in jazzer::FuzzTargetRunner::FuzzTargetRunner(jazzer::JVM&, std::__1::vector<std::__1::basic_string<char, std::__1::char_traits<char>, std::__1::allocator<char> >, std::__1::allocator<std::__1::basic_string<char, std::__1::char_traits<char>, std::__1::allocator<char> > > > const&) (/clusterfuzz/run_bot/clusterfuzz/bot/builds/java-example_libfuzzer_asan/custom/jazzer_driver_with_sanitizer+0x395684)\n    #9 0x390efe in jazzer::LibfuzzerDriver::LibfuzzerDriver(int*, char***) (/clusterfuzz/run_bot/clusterfuzz/bot/builds/java-example_libfuzzer_asan/custom/jazzer_driver_with_sanitizer+0x390efe)\n    #10 0x38f8f0 in LLVMFuzzerInitialize (/clusterfuzz/run_bot/clusterfuzz/bot/builds/java-example_libfuzzer_asan/custom/jazzer_driver_with_sanitizer+0x38f8f0)\n    #11 0x3e64c6 in fuzzer::FuzzerDriver(int*, char***, int (*)(unsigned char const*, unsigned long)) /proc/self/cwd/external/jazzer_libfuzzer/FuzzerDriver.cpp:645:5\n    #12 0x3fd8a0 in main /proc/self/cwd/external/jazzer_libfuzzer/FuzzerMain.cpp:20:10\n    #13 0x7fccda8930b2 in __libc_start_main (/lib/x86_64-linux-gnu/libc.so.6+0x270b2)\n    #14 0x2e154d in _start (/clusterfuzz/run_bot/clusterfuzz/bot/builds/java-example_libfuzzer_asan/custom/jazzer_driver_with_sanitizer+0x2e154d)\n\nAddressSanitizer can not provide additional info.\nSUMMARY: AddressSanitizer: ABRT (/lib/x86_64-linux-gnu/libc.so.6+0x4618b) in raise\n==3534==ABORTING\n", "crash_state": "__cxxabiv1::failed_throw\njazzer::JVM::FindClass\njazzer::FuzzTargetRunner::FuzzTargetRunner\n", "crash_type": "Abrt", "disable_ubsan": false, "duplicate_of": null, "fixed": "", "flaky_stack": false, "fuzzed_keys": "f055c373-f75f-4ead-990f-145f617c92e5", "fuzzer_name": "libFuzzer", "fuzzer_name_indices": ["libFuzzer_ExampleFuzzerNative", "libFuzzer"], "gestures": [], "group_bug_information": 0, "group_id": 0, "has_bug_flag": false, "http_flag": false, "impact_beta_version": null, "impact_beta_version_indices": [], "impact_beta_version_likely": null, "impact_extended_stable_version": null, "impact_extended_stable_version_indices": [], "impact_extended_stable_version_likely": null, "impact_head_version": null, "impact_head_version_indices": [], "impact_head_version_likely": null, "impact_indices": [], "impact_stable_version": null, "impact_stable_version_indices": [], "impact_stable_version_likely": null, "impact_version_indices": [], "is_a_duplicate_flag": false, "is_impact_set_flag": null, "is_leader": true, "job_type": "java-example_libfuzzer_asan", "keywords": ["jvm::findclass", "throw", "jvm", "jazzer::fuzztargetrunner::fuzztarget", "fuzztargetrunner::fuzz", "linux", "runner::fuzztargetrunner", "examplefuzzer", "libfuzzer_examplefuzzer", "jazzer::jvm::find", "libfuzzer", "runner", "targetrunner::fuzztarget", "examplefuzzernative", "cxxabiv1::failed_throw", "jazzer::jvm", "cxxabiv1", "runner::fuzz", "__cxxabiv1::failed", "libfuzzer_examplefuzzernative", "targetrunner", "runner::fuzztarget", "jazzer::jvm::findclass", "fuzztargetrunner::fuzztarget", "fuzzer_examplefuzzernative", "failed_throw", "failed", "fuzzer_example", "jazzer::fuzztargetrunner", "java-example_libfuzzer_asan", "libfuzzer_example", "__cxxabiv1", "abrt", "targetrunner::fuzztargetrunner", "cxxabiv1::failed", "fuzzer_examplefuzzer", "example_libfuzzer_asan", "example", "libfuzzer_asan", "java", "__cxxabiv1::failed_throw", "class", "find", "jazzer", "fuzztargetrunner", "targetrunner::fuzz", "fuzzer", "jazzer::fuzztargetrunner::fuzztargetrunner", "lib", "findclass", "java-example_libfuzzer", "asan", "example_libfuzzer", "native", "jazzer::fuzztarget", "target", "jvm::find", "fuzztargetrunner::fuzztargetrunner", "jazzer::fuzztargetrunner::fuzz", "fuzzernative", "fuzz", "fuzztarget", "java-example", "jazzer::fuzz"], "last_tested_crash_stacktrace": "[Environment] ASAN_OPTIONS=exitcode=77\n+----------------------------------------Release Build Stacktrace----------------------------------------+\nCommand: /clusterfuzz/run_bot/clusterfuzz/bot/builds/java-example_libfuzzer_asan/custom/ExampleFuzzerNative -rss_limit_mb=2560 -timeout=60 -runs=100 /clusterfuzz/run_bot/clusterfuzz/bot/inputs/fuzzer-testcases/tmp7e80wyi4\nTime ran: 0.5666728019714355\n\nWARN: Jazzer is not compatible with LeakSanitizer yet. Leaks are not reported.\nINFO: Loaded 8 hooks from com.code_intelligence.jazzer.sanitizers.Deserialization\nINFO: Loaded 1 hooks from com.code_intelligence.jazzer.sanitizers.ReflectiveCall\nINFO: Loaded 3 hooks from com.code_intelligence.jazzer.sanitizers.ExpressionLanguageInjection\nINFO: Instrumented ExampleFuzzerNative (took 79 ms, size +134%)\nException in thread \"main\" java.lang.UnsupportedClassVersionError: ExampleFuzzerNative has been compiled by a more recent version of the Java Runtime (class file version 59.0), this version of the Java Runtime only recognizes class file versions up to 52.0\n\tat java.lang.ClassLoader.defineClass1(Native Method)\n\tat java.lang.ClassLoader.defineClass(ClassLoader.java:756)\n\tat java.security.SecureClassLoader.defineClass(SecureClassLoader.java:142)\n\tat java.net.URLClassLoader.defineClass(URLClassLoader.java:468)\n\tat java.net.URLClassLoader.access$100(URLClassLoader.java:74)\n\tat java.net.URLClassLoader$1.run(URLClassLoader.java:369)\n\tat java.net.URLClassLoader$1.run(URLClassLoader.java:363)\n\tat java.security.AccessController.doPrivileged(Native Method)\n\tat java.net.URLClassLoader.findClass(URLClassLoader.java:362)\n\tat java.lang.ClassLoader.loadClass(ClassLoader.java:418)\n\tat sun.misc.Launcher$AppClassLoader.loadClass(Launcher.java:352)\n\tat java.lang.ClassLoader.loadClass(ClassLoader.java:351)\nlibc++abi: terminating with uncaught exception of type std::runtime_error: Could not find class ExampleFuzzerNative\nAddressSanitizer:DEADLYSIGNAL\n=================================================================\n==130874==ERROR: AddressSanitizer: ABRT on unknown address 0x03e80001ff3a (pc 0x7fa216a1318b bp 0x7ffcac36a140 sp 0x7ffcac369930 T0)\n    #0 0x7fa216a1318b in raise (/lib/x86_64-linux-gnu/libc.so.6+0x4618b)\n    #1 0x7fa2169f2858 in abort (/lib/x86_64-linux-gnu/libc.so.6+0x25858)\n    #2 0x483e45 in abort_message abort_message.cpp\n    #3 0x46d40e in demangling_terminate_handler() cxa_default_handlers.cpp\n    #4 0x46d2d2 in std::__terminate(void (*)()) cxa_handlers.cpp\n    #5 0x485b85 in __cxxabiv1::failed_throw(__cxxabiv1::__cxa_exception*) cxa_exception.cpp\n    #6 0x485b1f in __cxa_throw (/clusterfuzz/run_bot/clusterfuzz/bot/builds/java-example_libfuzzer_asan/custom/jazzer_driver_with_sanitizer+0x485b1f)\n    #7 0x39aea4 in jazzer::JVM::FindClass(std::__1::basic_string<char, std::__1::char_traits<char>, std::__1::allocator<char> >) const (/clusterfuzz/run_bot/clusterfuzz/bot/builds/java-example_libfuzzer_asan/custom/jazzer_driver_with_sanitizer+0x39aea4)\n    #8 0x395684 in jazzer::FuzzTargetRunner::FuzzTargetRunner(jazzer::JVM&, std::__1::vector<std::__1::basic_string<char, std::__1::char_traits<char>, std::__1::allocator<char> >, std::__1::allocator<std::__1::basic_string<char, std::__1::char_traits<char>, std::__1::allocator<char> > > > const&) (/clusterfuzz/run_bot/clusterfuzz/bot/builds/java-example_libfuzzer_asan/custom/jazzer_driver_with_sanitizer+0x395684)\n    #9 0x390efe in jazzer::LibfuzzerDriver::LibfuzzerDriver(int*, char***) (/clusterfuzz/run_bot/clusterfuzz/bot/builds/java-example_libfuzzer_asan/custom/jazzer_driver_with_sanitizer+0x390efe)\n    #10 0x38f8f0 in LLVMFuzzerInitialize (/clusterfuzz/run_bot/clusterfuzz/bot/builds/java-example_libfuzzer_asan/custom/jazzer_driver_with_sanitizer+0x38f8f0)\n    #11 0x3e64c6 in fuzzer::FuzzerDriver(int*, char***, int (*)(unsigned char const*, unsigned long)) /proc/self/cwd/external/jazzer_libfuzzer/FuzzerDriver.cpp:645:5\n    #12 0x3fd8a0 in main /proc/self/cwd/external/jazzer_libfuzzer/FuzzerMain.cpp:20:10\n    #13 0x7fa2169f40b2 in __libc_start_main (/lib/x86_64-linux-gnu/libc.so.6+0x270b2)\n    #14 0x2e154d in _start (/clusterfuzz/run_bot/clusterfuzz/bot/builds/java-example_libfuzzer_asan/custom/jazzer_driver_with_sanitizer+0x2e154d)\n\nAddressSanitizer can not provide additional info.\nSUMMARY: AddressSanitizer: ABRT (/lib/x86_64-linux-gnu/libc.so.6+0x4618b) in raise\n==130874==ABORTING\n", "minidump_keys": "", "minimized_arguments": "-rss_limit_mb=2560 -timeout=60", "minimized_keys": "f055c373-f75f-4ead-990f-145f617c92e5", "one_time_crasher_flag": false, "open": true, "overridden_fuzzer_name": "libFuzzer_ExampleFuzzerNative", "platform": "linux", "platform_id": "linux", "project_name": "test-project", "queue": "jobs-linux", "redzone": 16, "regression": "NA", "security_flag": false, "security_severity": null, "status": "Processed", "symbolized": false, "timeout_multiplier": 1.0, "timestamp": 1638105958, "triaged": false, "uploader_email": null, "window_argument": "", "id": 6109}, "timestamp": 1638105958.588993, "show_blame": false, "show_impact": false, "impacts_production": false, "find_similar_issues_options": [{"type": "open", "label": "Open"}, {"type": "all", "label": "All"}], "auto_delete_timestamp": null, "auto_close_timestamp": null, "memory_tool_display_label": "Sanitizer", "memory_tool_display_value": "address (ASAN)", "last_tested": "1:1 (No component revisions found!)", "is_admin_or_not_oss_fuzz": true, "has_issue_tracker": false, "reproduction_help_url": "", "is_local_development": true, "fuzzer_display": {"engine": "libFuzzer", "target": "ExampleFuzzerNative", "name": "libFuzzer", "fully_qualified_name": "libFuzzer_ExampleFuzzerNative"}}