{"id": 6111, "crash_type": "Out-of-memory (exceeds 2560 MB)", "crash_address": "", "crash_state": "state_load_fuzz\n", "crash_state_lines": ["state_load_fuzz"], "crash_revision": 1, "csrf_token": "D6S+cXG/eQvjQp1jhkN2Yfq5FoCaAiuUjD0oLthouNSAPb8xaAgWvNikB3AHnFnrgfWQIz/OKB4owWUbxHHo3A==", "external_user": false, "footer": "[2021-11-28 13:27:05 UTC] snode10-20211128-16:40: Fuzz task : Fuzzer libFuzzer_state_load_fuzz generated testcase crashed in 5 seconds (r1).\n[2021-11-28 13:29:05 UTC] comput10-20211128-16:40: Minimize task started.\n[2021-11-28 13:30:54 UTC] comput10-20211128-16:40: Minimize task errored out: LibFuzzer minimization failed.\n[2021-11-30 00:10:02 UTC] snode3-20211129-17:26: Progression task started.\n[2021-11-30 00:11:21 UTC] snode3-20211129-17:26: Progression task finished: still crashes on latest custom build.\n", "formatted_reproduction_help": "", "fixed": "NO", "fixed_full": null, "issue_url": null, "is_admin": true, "metadata": {"build_key": "d928a82d-39ea-4aa8-ab11-9d6025aaccfb", "env": {"ASAN_OPTIONS": {}}, "fuzzer_binary_name": "state_load_fuzz", "last_tested_crash_revision": null, "last_tested_crash_time": 1638231081, "last_tested_revision": null}, "minimized_testcase_size": "21 B", "needs_refresh": false, "original_testcase_size": "21 B", "privileged_user": true, "regression": "NA", "crash_stacktrace": {"lines": [{"lineNumber": 1, "content": "+----------------------------------------Release Build Stacktrace----------------------------------------+", "important": false, "type": "Line"}, {"lineNumber": 2, "content": "Command: /clusterfuzz/run_bot/clusterfuzz/bot/builds/gvisor_libfuzzer_asan/custom/state_load_fuzz -rss_limit_mb=2560 -timeout=60 -runs=100 /clusterfuzz/run_bot/clusterfuzz/bot/inputs/fuzzer-testcases/oom-41d898336be41aefd3d4e67f7a77ca6436094060", "important": false, "type": "Line"}, {"lineNumber": 3, "content": "Time ran: 1.0521135330200195", "important": false, "type": "Line"}, {"lineNumber": 4, "content": "", "important": false, "type": "Line"}, {"lineNumber": 5, "content": "INFO: Running with entropic power schedule (0xFF, 100).", "important": false, "type": "Line"}, {"lineNumber": 6, "content": "INFO: Seed: 1400999363", "important": false, "type": "Line"}, {"lineNumber": 7, "content": "INFO: 5162 Extra Counters", "important": false, "type": "Line"}, {"lineNumber": 8, "content": "/clusterfuzz/run_bot/clusterfuzz/bot/builds/gvisor_libfuzzer_asan/custom/state_load_fuzz: Running 1 inputs 100 time(s) each.", "important": false, "type": "Line"}, {"lineNumber": 9, "content": "Running: /clusterfuzz/run_bot/clusterfuzz/bot/inputs/fuzzer-testcases/oom-41d898336be41aefd3d4e67f7a77ca6436094060", "important": false, "type": "Line"}, {"lineNumber": 10, "content": "==2787== ERROR: libFuzzer: out-of-memory (used: 3409Mb; limit: 2560Mb)", "important": true, "type": "Line"}, {"lineNumber": 11, "content": "   To change the out-of-memory limit use -rss_limit_mb=&lt;N&gt;", "important": false, "type": "Line"}, {"lineNumber": 12, "content": "", "important": false, "type": "Line"}, {"lineNumber": 13, "content": "Live Heap Allocations: 24124293 bytes in 30 chunks; quarantined: 18881 bytes in 27 chunks; 5300 other chunks; total chunks: 5357; showing top 95% (at most 8 unique contexts)", "important": false, "type": "Line"}, {"lineNumber": 14, "content": "24121344 byte(s) (99%) in 14 allocation(s)", "important": false, "type": "Line"}, {"lineNumber": 15, "content": "    #0 0x525cfd in __interceptor_malloc /src/llvm-project/compiler-rt/lib/asan/asan_malloc_linux.cpp:129:3", "important": false, "type": "Line"}, {"lineNumber": 16, "content": "    #1 0x438477 in operator new(unsigned long) cxa_noexception.cpp:0", "important": false, "type": "Line"}, {"lineNumber": 17, "content": "    #2 0x470e32 in main /src/llvm-project/compiler-rt/lib/fuzzer/FuzzerMain.cpp:20:10", "important": false, "type": "Line"}, {"lineNumber": 18, "content": "    #3 0x7f2a643060b2 in __libc_start_main", "important": false, "type": "Line"}, {"lineNumber": 19, "content": "", "important": false, "type": "Line"}, {"lineNumber": 20, "content": "SUMMARY: libFuzzer: out-of-memory", "important": false, "type": "Line"}, {"lineNumber": 21, "content": "", "important": false, "type": "Line"}, {"lineNumber": 22, "content": "", "important": false, "type": "Line"}, {"lineNumber": 23, "content": "+----------------------------------------Release Build Unsymbolized Stacktrace (diff)----------------------------------------+", "important": false, "type": "Line"}, {"lineNumber": 24, "content": "", "important": false, "type": "Line"}, {"lineNumber": 25, "content": "Live Heap Allocations: 24124293 bytes in 30 chunks; quarantined: 18881 bytes in 27 chunks; 5300 other chunks; total chunks: 5357; showing top 95% (at most 8 unique contexts)", "important": false, "type": "Line"}, {"lineNumber": 26, "content": "24121344 byte(s) (99%) in 14 allocation(s)", "important": false, "type": "Line"}, {"lineNumber": 27, "content": "    #0 0x525cfd  (/clusterfuzz/run_bot/clusterfuzz/bot/builds/gvisor_libfuzzer_asan/custom/state_load_fuzz+0x525cfd)", "important": false, "type": "Line"}, {"lineNumber": 28, "content": "    #1 0x438477  (/clusterfuzz/run_bot/clusterfuzz/bot/builds/gvisor_libfuzzer_asan/custom/state_load_fuzz+0x438477)", "important": false, "type": "Line"}, {"lineNumber": 29, "content": "    #2 0x470e32  (/clusterfuzz/run_bot/clusterfuzz/bot/builds/gvisor_libfuzzer_asan/custom/state_load_fuzz+0x470e32)", "important": false, "type": "Line"}, {"lineNumber": 30, "content": "    #3 0x7f2a643060b2  (/lib/x86_64-linux-gnu/libc.so.6+0x270b2)", "important": false, "type": "Line"}], "revision": "1"}, "last_tested_crash_stacktrace": {"lines": [{"lineNumber": 1, "content": "[Environment] ASAN_OPTIONS=exitcode=77", "important": false, "type": "Line"}, {"lineNumber": 2, "content": "+----------------------------------------Release Build Stacktrace----------------------------------------+", "important": false, "type": "Line"}, {"lineNumber": 3, "content": "Command: /clusterfuzz/run_bot/clusterfuzz/bot/builds/gvisor_libfuzzer_asan/custom/state_load_fuzz -rss_limit_mb=2560 -timeout=60 -runs=100 /clusterfuzz/run_bot/clusterfuzz/bot/inputs/fuzzer-testcases/oom-41d898336be41aefd3d4e67f7a77ca6436094060", "important": false, "type": "Line"}, {"lineNumber": 4, "content": "Time ran: 2.2280967235565186", "important": false, "type": "Line"}, {"lineNumber": 5, "content": "", "important": false, "type": "Line"}, {"lineNumber": 6, "content": "INFO: Running with entropic power schedule (0xFF, 100).", "important": false, "type": "Line"}, {"lineNumber": 7, "content": "INFO: Seed: 1703746169", "important": false, "type": "Line"}, {"lineNumber": 8, "content": "INFO: 5162 Extra Counters", "important": false, "type": "Line"}, {"lineNumber": 9, "content": "/clusterfuzz/run_bot/clusterfuzz/bot/builds/gvisor_libfuzzer_asan/custom/state_load_fuzz: Running 1 inputs 100 time(s) each.", "important": false, "type": "Line"}, {"lineNumber": 10, "content": "Running: /clusterfuzz/run_bot/clusterfuzz/bot/inputs/fuzzer-testcases/oom-41d898336be41aefd3d4e67f7a77ca6436094060", "important": false, "type": "Line"}, {"lineNumber": 11, "content": "==9738== ERROR: libFuzzer: out-of-memory (used: 3582Mb; limit: 2560Mb)", "important": true, "type": "Line"}, {"lineNumber": 12, "content": "   To change the out-of-memory limit use -rss_limit_mb=&lt;N&gt;", "important": false, "type": "Line"}, {"lineNumber": 13, "content": "", "important": false, "type": "Line"}, {"lineNumber": 14, "content": "Live Heap Allocations: 24126885 bytes in 39 chunks; quarantined: 19385 bytes in 45 chunks; 9334 other chunks; total chunks: 9418; showing top 95% (at most 8 unique contexts)", "important": false, "type": "Line"}, {"lineNumber": 15, "content": "24121344 byte(s) (99%) in 14 allocation(s)", "important": false, "type": "Line"}, {"lineNumber": 16, "content": "    #0 0x525cfd in __interceptor_malloc /src/llvm-project/compiler-rt/lib/asan/asan_malloc_linux.cpp:129:3", "important": false, "type": "Line"}, {"lineNumber": 17, "content": "    #1 0x438477 in operator new(unsigned long) cxa_noexception.cpp:0", "important": false, "type": "Line"}, {"lineNumber": 18, "content": "    #2 0x470e32 in main /src/llvm-project/compiler-rt/lib/fuzzer/FuzzerMain.cpp:20:10", "important": false, "type": "Line"}, {"lineNumber": 19, "content": "    #3 0x7f052d5500b2 in __libc_start_main", "important": false, "type": "Line"}, {"lineNumber": 20, "content": "", "important": false, "type": "Line"}, {"lineNumber": 21, "content": "SUMMARY: libFuzzer: out-of-memory", "important": false, "type": "Line"}, {"lineNumber": 22, "content": "", "important": false, "type": "Line"}, {"lineNumber": 23, "content": "", "important": false, "type": "Line"}, {"lineNumber": 24, "content": "+----------------------------------------Release Build Unsymbolized Stacktrace (diff)----------------------------------------+", "important": false, "type": "Line"}, {"lineNumber": 25, "content": "", "important": false, "type": "Line"}, {"lineNumber": 26, "content": "Live Heap Allocations: 24126885 bytes in 39 chunks; quarantined: 19385 bytes in 45 chunks; 9334 other chunks; total chunks: 9418; showing top 95% (at most 8 unique contexts)", "important": false, "type": "Line"}, {"lineNumber": 27, "content": "24121344 byte(s) (99%) in 14 allocation(s)", "important": false, "type": "Line"}, {"lineNumber": 28, "content": "    #0 0x525cfd  (/clusterfuzz/run_bot/clusterfuzz/bot/builds/gvisor_libfuzzer_asan/custom/state_load_fuzz+0x525cfd)", "important": false, "type": "Line"}, {"lineNumber": 29, "content": "    #1 0x438477  (/clusterfuzz/run_bot/clusterfuzz/bot/builds/gvisor_libfuzzer_asan/custom/state_load_fuzz+0x438477)", "important": false, "type": "Line"}, {"lineNumber": 30, "content": "    #2 0x470e32  (/clusterfuzz/run_bot/clusterfuzz/bot/builds/gvisor_libfuzzer_asan/custom/state_load_fuzz+0x470e32)", "important": false, "type": "Line"}, {"lineNumber": 31, "content": "    #3 0x7f052d5500b2  (/lib/x86_64-linux-gnu/libc.so.6+0x270b2)", "important": false, "type": "Line"}], "revision": null}, "security_severity": null, "security_severities": [{"value": 0, "name": "Critical"}, {"value": 1, "name": "High", "default": true}, {"value": 2, "name": "Medium"}, {"value": 3, "name": "Low"}, {"value": 4, "name": "Missing"}], "stats": {"min_hour": 1, "max_hour": 1}, "suspected_cls": null, "testcase": {"absolute_path": "/clusterfuzz/run_bot/clusterfuzz/bot/inputs/fuzzer-testcases/oom-41d898336be41aefd3d4e67f7a77ca6436094060", "additional_metadata": "{\"build_key\": \"d928a82d-39ea-4aa8-ab11-9d6025aaccfb\", \"env\": {\"ASAN_OPTIONS\": {}}, \"fuzzer_binary_name\": \"state_load_fuzz\", \"last_tested_crash_revision\": null, \"last_tested_crash_time\": {\"__type__\": \"datetime\", \"day\": 30, \"hour\": 0, \"microsecond\": 789412, \"minute\": 11, \"month\": 11, \"second\": 21, \"year\": 2021}, \"last_tested_revision\": null}", "archive_filename": null, "archive_state": 0, "binary_flag": true, "bug_indices": [], "bug_information": "", "comments": "[2021-11-28 13:27:05 UTC] snode10-20211128-16:40: Fuzz task : Fuzzer libFuzzer_state_load_fuzz generated testcase crashed in 5 seconds (r1).\n[2021-11-28 13:29:05 UTC] comput10-20211128-16:40: Minimize task started.\n[2021-11-28 13:30:54 UTC] comput10-20211128-16:40: Minimize task errored out: LibFuzzer minimization failed.\n[2021-11-30 00:10:02 UTC] snode3-20211129-17:26: Progression task started.\n[2021-11-30 00:11:21 UTC] snode3-20211129-17:26: Progression task finished: still crashes on latest custom build.\n", "crash_address": "", "crash_revision": 1, "crash_stacktrace": "+----------------------------------------Release Build Stacktrace----------------------------------------+\nCommand: /clusterfuzz/run_bot/clusterfuzz/bot/builds/gvisor_libfuzzer_asan/custom/state_load_fuzz -rss_limit_mb=2560 -timeout=60 -runs=100 /clusterfuzz/run_bot/clusterfuzz/bot/inputs/fuzzer-testcases/oom-41d898336be41aefd3d4e67f7a77ca6436094060\nTime ran: 1.0521135330200195\n\nINFO: Running with entropic power schedule (0xFF, 100).\nINFO: Seed: 1400999363\nINFO: 5162 Extra Counters\n/clusterfuzz/run_bot/clusterfuzz/bot/builds/gvisor_libfuzzer_asan/custom/state_load_fuzz: Running 1 inputs 100 time(s) each.\nRunning: /clusterfuzz/run_bot/clusterfuzz/bot/inputs/fuzzer-testcases/oom-41d898336be41aefd3d4e67f7a77ca6436094060\n==2787== ERROR: libFuzzer: out-of-memory (used: 3409Mb; limit: 2560Mb)\n   To change the out-of-memory limit use -rss_limit_mb=<N>\n\nLive Heap Allocations: 24124293 bytes in 30 chunks; quarantined: 18881 bytes in 27 chunks; 5300 other chunks; total chunks: 5357; showing top 95% (at most 8 unique contexts)\n24121344 byte(s) (99%) in 14 allocation(s)\n    #0 0x525cfd in __interceptor_malloc /src/llvm-project/compiler-rt/lib/asan/asan_malloc_linux.cpp:129:3\n    #1 0x438477 in operator new(unsigned long) cxa_noexception.cpp:0\n    #2 0x470e32 in main /src/llvm-project/compiler-rt/lib/fuzzer/FuzzerMain.cpp:20:10\n    #3 0x7f2a643060b2 in __libc_start_main\n\nSUMMARY: libFuzzer: out-of-memory\n\n\n+----------------------------------------Release Build Unsymbolized Stacktrace (diff)----------------------------------------+\n\nLive Heap Allocations: 24124293 bytes in 30 chunks; quarantined: 18881 bytes in 27 chunks; 5300 other chunks; total chunks: 5357; showing top 95% (at most 8 unique contexts)\n24121344 byte(s) (99%) in 14 allocation(s)\n    #0 0x525cfd  (/clusterfuzz/run_bot/clusterfuzz/bot/builds/gvisor_libfuzzer_asan/custom/state_load_fuzz+0x525cfd)\n    #1 0x438477  (/clusterfuzz/run_bot/clusterfuzz/bot/builds/gvisor_libfuzzer_asan/custom/state_load_fuzz+0x438477)\n    #2 0x470e32  (/clusterfuzz/run_bot/clusterfuzz/bot/builds/gvisor_libfuzzer_asan/custom/state_load_fuzz+0x470e32)\n    #3 0x7f2a643060b2  (/lib/x86_64-linux-gnu/libc.so.6+0x270b2)\n", "crash_state": "state_load_fuzz\n", "crash_type": "Out-of-memory", "disable_ubsan": false, "duplicate_of": null, "fixed": "", "flaky_stack": false, "fuzzed_keys": "aa662316-b201-4b78-aab6-adcbd19e6b3f", "fuzzer_name": "libFuzzer", "fuzzer_name_indices": ["libFuzzer", "libFuzzer_state_load_fuzz"], "gestures": [], "group_bug_information": 0, "group_id": 0, "has_bug_flag": false, "http_flag": false, "impact_beta_version": null, "impact_beta_version_indices": [], "impact_beta_version_likely": null, "impact_extended_stable_version": null, "impact_extended_stable_version_indices": [], "impact_extended_stable_version_likely": null, "impact_head_version": null, "impact_head_version_indices": [], "impact_head_version_likely": null, "impact_indices": [], "impact_stable_version": null, "impact_stable_version_indices": [], "impact_stable_version_likely": null, "impact_version_indices": [], "is_a_duplicate_flag": false, "is_impact_set_flag": null, "is_leader": true, "job_type": "gvisor_libfuzzer_asan", "keywords": ["state", "state_load_fuzz", "libfuzzer", "gvisor_libfuzzer_asan", "fuzzer", "libfuzzer_state_load_fuzz", "asan", "out-of", "fuzz", "gvisor_libfuzzer", "fuzzer_state", "libfuzzer_asan", "gvisor", "fuzzer_state_load_fuzz", "lib", "memory", "state_load", "libfuzzer_state_load", "libfuzzer_state", "load_fuzz", "out-of-memory", "of-memory", "linux", "of", "fuzzer_state_load", "out", "load"], "last_tested_crash_stacktrace": "[Environment] ASAN_OPTIONS=exitcode=77\n+----------------------------------------Release Build Stacktrace----------------------------------------+\nCommand: /clusterfuzz/run_bot/clusterfuzz/bot/builds/gvisor_libfuzzer_asan/custom/state_load_fuzz -rss_limit_mb=2560 -timeout=60 -runs=100 /clusterfuzz/run_bot/clusterfuzz/bot/inputs/fuzzer-testcases/oom-41d898336be41aefd3d4e67f7a77ca6436094060\nTime ran: 2.2280967235565186\n\nINFO: Running with entropic power schedule (0xFF, 100).\nINFO: Seed: 1703746169\nINFO: 5162 Extra Counters\n/clusterfuzz/run_bot/clusterfuzz/bot/builds/gvisor_libfuzzer_asan/custom/state_load_fuzz: Running 1 inputs 100 time(s) each.\nRunning: /clusterfuzz/run_bot/clusterfuzz/bot/inputs/fuzzer-testcases/oom-41d898336be41aefd3d4e67f7a77ca6436094060\n==9738== ERROR: libFuzzer: out-of-memory (used: 3582Mb; limit: 2560Mb)\n   To change the out-of-memory limit use -rss_limit_mb=<N>\n\nLive Heap Allocations: 24126885 bytes in 39 chunks; quarantined: 19385 bytes in 45 chunks; 9334 other chunks; total chunks: 9418; showing top 95% (at most 8 unique contexts)\n24121344 byte(s) (99%) in 14 allocation(s)\n    #0 0x525cfd in __interceptor_malloc /src/llvm-project/compiler-rt/lib/asan/asan_malloc_linux.cpp:129:3\n    #1 0x438477 in operator new(unsigned long) cxa_noexception.cpp:0\n    #2 0x470e32 in main /src/llvm-project/compiler-rt/lib/fuzzer/FuzzerMain.cpp:20:10\n    #3 0x7f052d5500b2 in __libc_start_main\n\nSUMMARY: libFuzzer: out-of-memory\n\n\n+----------------------------------------Release Build Unsymbolized Stacktrace (diff)----------------------------------------+\n\nLive Heap Allocations: 24126885 bytes in 39 chunks; quarantined: 19385 bytes in 45 chunks; 9334 other chunks; total chunks: 9418; showing top 95% (at most 8 unique contexts)\n24121344 byte(s) (99%) in 14 allocation(s)\n    #0 0x525cfd  (/clusterfuzz/run_bot/clusterfuzz/bot/builds/gvisor_libfuzzer_asan/custom/state_load_fuzz+0x525cfd)\n    #1 0x438477  (/clusterfuzz/run_bot/clusterfuzz/bot/builds/gvisor_libfuzzer_asan/custom/state_load_fuzz+0x438477)\n    #2 0x470e32  (/clusterfuzz/run_bot/clusterfuzz/bot/builds/gvisor_libfuzzer_asan/custom/state_load_fuzz+0x470e32)\n    #3 0x7f052d5500b2  (/lib/x86_64-linux-gnu/libc.so.6+0x270b2)\n", "minidump_keys": "", "minimized_arguments": "-rss_limit_mb=2560 -timeout=60", "minimized_keys": "aa662316-b201-4b78-aab6-adcbd19e6b3f", "one_time_crasher_flag": false, "open": true, "overridden_fuzzer_name": "libFuzzer_state_load_fuzz", "platform": "linux", "platform_id": "linux", "project_name": "test-project", "queue": "jobs-linux", "redzone": 64, "regression": "NA", "security_flag": false, "security_severity": null, "status": "Processed", "symbolized": false, "timeout_multiplier": 1.0, "timestamp": 1638106025, "triaged": false, "uploader_email": null, "window_argument": "", "id": 6111}, "timestamp": 1638106025.552297, "show_blame": false, "show_impact": false, "impacts_production": false, "find_similar_issues_options": [{"type": "open", "label": "Open"}, {"type": "all", "label": "All"}], "auto_delete_timestamp": null, "auto_close_timestamp": null, "memory_tool_display_label": "Sanitizer", "memory_tool_display_value": "address (ASAN)", "last_tested": "1:1 (No component revisions found!)", "is_admin_or_not_oss_fuzz": true, "has_issue_tracker": false, "reproduction_help_url": "", "is_local_development": true, "fuzzer_display": {"engine": "libFuzzer", "target": "state_load_fuzz", "name": "libFuzzer", "fully_qualified_name": "libFuzzer_state_load_fuzz"}}