{"id": 6131, "crash_type": "Out-of-memory", "crash_address": "", "crash_state": "draco_mesh_decoder_fuzzer\n", "crash_state_lines": ["draco_mesh_decoder_fuzzer"], "crash_revision": 1, "csrf_token": "D6S+cXG/eQvjQp1jhkN2Yfq5FoCaAiuUjD0oLthouNSAPb8xaAgWvNikB3AHnFnrgfWQIz/OKB4owWUbxHHo3A==", "external_user": false, "footer": "[2021-11-28 13:26:40 UTC] comput4-20211128-16:37: Fuzz task : Fuzzer libFuzzer_draco_mesh_decoder_fuzzer generated testcase crashed in 1 seconds (r1).\n[2021-11-28 13:29:01 UTC] snode3-20211128-16:47: Minimize task started.\n[2021-11-30 00:09:12 UTC] comput19-20211129-15:14: Progression task started.\n[2021-11-30 00:10:32 UTC] comput19-20211129-15:14: Progression task finished: still crashes on latest custom build.\n", "formatted_reproduction_help": "", "fixed": "NO", "fixed_full": null, "issue_url": null, "is_admin": true, "metadata": {"build_key": "17ecf0ad-b620-497e-9d94-c4febc5492b2", "env": {"ASAN_OPTIONS": {}}, "fuzzer_binary_name": "draco_mesh_decoder_fuzzer", "fuzzing_strategies": {"corpus_subset": 100}, "last_tested_crash_revision": null, "last_tested_crash_time": 1638231032, "last_tested_revision": null}, "minimized_testcase_size": "25 B", "needs_refresh": false, "original_testcase_size": "64 B", "privileged_user": true, "regression": "NA", "crash_stacktrace": {"lines": [{"lineNumber": 1, "content": "[Environment] ASAN_OPTIONS=alloc_dealloc_mismatch=0:allocator_may_return_null=1:allocator_release_to_os_interval_ms=500:allow_user_segv_handler=0:check_malloc_usable_size=0:detect_leaks=1:detect_odr_violation=0:detect_stack_use_after_return=1:exitcode=77:fast_unwind_on_fatal=0:handle_abort=2:handle_segv=2:handle_sigbus=2:handle_sigfpe=2:handle_sigill=2:max_uar_stack_size_log=16:print_scariness=1:print_summary=1:print_suppressions=0:quarantine_size_mb=64:redzone=32:strict_memcmp=1:symbolize=0:use_sigaltstack=1", "important": false, "type": "Line"}, {"lineNumber": 2, "content": "+----------------------------------------Release Build Stacktrace----------------------------------------+", "important": false, "type": "Line"}, {"lineNumber": 3, "content": "INFO: Running with entropic power schedule (0xFF, 100).", "important": false, "type": "Line"}, {"lineNumber": 4, "content": "INFO: Seed: 1174804020", "important": false, "type": "Line"}, {"lineNumber": 5, "content": "INFO: Loaded 1 modules   (19696 inline 8-bit counters): 19696 [0x8b1f60, 0x8b6c50),", "important": false, "type": "Line"}, {"lineNumber": 6, "content": "INFO: Loaded 1 PC tables (19696 PCs): 19696 [0x7e8de0,0x835ce0),", "important": false, "type": "Line"}, {"lineNumber": 7, "content": "INFO:        0 files found in /clusterfuzz/run_bot/clusterfuzz/bot/inputs/fuzzer-testcases-disk/temp-23/new", "important": false, "type": "Line"}, {"lineNumber": 8, "content": "INFO:        0 files found in /clusterfuzz/run_bot/clusterfuzz/bot/inputs/fuzzer-testcases-disk/temp-23/mutations", "important": false, "type": "Line"}, {"lineNumber": 9, "content": "INFO:      100 files found in /clusterfuzz/run_bot/clusterfuzz/bot/inputs/fuzzer-testcases-disk/temp-23/subset", "important": false, "type": "Line"}, {"lineNumber": 10, "content": "INFO: -max_len is not provided; libFuzzer will not generate inputs larger than 7156 bytes", "important": false, "type": "Line"}, {"lineNumber": 11, "content": "INFO: seed corpus: files: 100 min: 4b max: 7156b total: 26582b rss: 60Mb", "important": false, "type": "Line"}, {"lineNumber": 12, "content": "==4683== ERROR: libFuzzer: out-of-memory (malloc(3704677604))", "important": true, "type": "Line"}, {"lineNumber": 13, "content": "   To change the out-of-memory limit use -rss_limit_mb=&lt;N&gt;", "important": false, "type": "Line"}, {"lineNumber": 14, "content": "", "important": false, "type": "Line"}, {"lineNumber": 15, "content": "    #0 0x530a61 in __sanitizer_print_stack_trace /src/llvm-project/compiler-rt/lib/asan/asan_stack.cpp:87:3", "important": false, "type": "Line"}, {"lineNumber": 16, "content": "    #1 0x471498 in fuzzer::PrintStackTrace() cxa_noexception.cpp:0", "important": false, "type": "Line"}, {"lineNumber": 17, "content": "    #2 0x455715 in fuzzer::Fuzzer::HandleMalloc(unsigned long) /src/llvm-project/compiler-rt/lib/fuzzer/FuzzerLoop.cpp:131:3", "important": false, "type": "Line"}, {"lineNumber": 18, "content": "    #3 0x45562a in fuzzer::MallocHook(void const volatile*, unsigned long) /src/llvm-project/compiler-rt/lib/fuzzer/FuzzerLoop.cpp:100:6", "important": false, "type": "Line"}, {"lineNumber": 19, "content": "    #4 0x538037 in __sanitizer::RunMallocHooks(void const*, unsigned long) /src/llvm-project/compiler-rt/lib/sanitizer_common/sanitizer_common.cpp:308:5", "important": false, "type": "Line"}, {"lineNumber": 20, "content": "    #5 0x4a7053 in __asan::Allocator::Allocate(unsigned long, unsigned long, __sanitizer::BufferedStackTrace*, __asan::AllocType, bool) /src/llvm-project/compiler-rt/lib/asan/asan_allocator.cpp:611:5", "important": false, "type": "Line"}, {"lineNumber": 21, "content": "    #6 0x4a7679 in __asan::asan_memalign(unsigned long, unsigned long, __sanitizer::BufferedStackTrace*, __asan::AllocType) /src/llvm-project/compiler-rt/lib/asan/asan_allocator.cpp:1025:16", "important": false, "type": "Line"}, {"lineNumber": 22, "content": "    #7 0x55d822 in operator new(unsigned long) /src/llvm-project/compiler-rt/lib/asan/asan_new_delete.cpp:95:3", "important": false, "type": "Line"}, {"lineNumber": 23, "content": "    #8 0x56f6a2 in __libcpp_operator_new&lt;unsigned long&gt; /usr/local/include/c++/v1/new:245:10", "important": false, "type": "Line"}, {"lineNumber": 24, "content": "    #9 0x56f6a2 in __libcpp_allocate /usr/local/include/c++/v1/new:271:10", "important": false, "type": "Line"}, {"lineNumber": 25, "content": "    #10 0x56f6a2 in allocate /usr/local/include/c++/v1/__memory/allocator.h:105:38", "important": false, "type": "Line"}, {"lineNumber": 26, "content": "    #11 0x56f6a2 in allocate /usr/local/include/c++/v1/__memory/allocator_traits.h:262:20", "important": false, "type": "Line"}, {"lineNumber": 27, "content": "    #12 0x56f6a2 in __split_buffer /usr/local/include/c++/v1/__split_buffer:306:29", "important": false, "type": "Line"}, {"lineNumber": 28, "content": "    #13 0x56f6a2 in std::__1::vector&lt;int, std::__1::allocator&lt;int&gt; &gt;::reserve(unsigned long) /usr/local/include/c++/v1/vector:1596:53", "important": false, "type": "Line"}, {"lineNumber": 29, "content": "    #14 0x5819af in draco::MeshEdgebreakerDecoderImpl&lt;draco::MeshEdgebreakerTraversalPredictiveDecoder&gt;::DecodeConnectivity() /src/draco/src/draco/compression/mesh/mesh_edgebreaker_decoder_impl.cc:363:25", "important": false, "type": "Line"}, {"lineNumber": 30, "content": "    #15 0x567b72 in draco::MeshDecoder::DecodeGeometryData() /src/draco/src/draco/compression/mesh/mesh_decoder.cc:31:8", "important": false, "type": "Line"}, {"lineNumber": 31, "content": "    #16 0x5cf67b in draco::PointCloudDecoder::Decode(draco::DracoOptions&lt;draco::GeometryAttribute::Type&gt; const&amp;, draco::DecoderBuffer*, draco::PointCloud*) /src/draco/src/draco/compression/point_cloud/point_cloud_decoder.cc:119:8", "important": false, "type": "Line"}, {"lineNumber": 32, "content": "    #17 0x567af0 in draco::MeshDecoder::Decode(draco::DracoOptions&lt;draco::GeometryAttribute::Type&gt; const&amp;, draco::DecoderBuffer*, draco::Mesh*) /src/draco/src/draco/compression/mesh/mesh_decoder.cc:24:29", "important": false, "type": "Line"}, {"lineNumber": 33, "content": "    #18 0x5639f7 in draco::Decoder::DecodeBufferToGeometry(draco::DecoderBuffer*, draco::Mesh*) /src/draco/src/draco/compression/decode.cc:124:3", "important": false, "type": "Line"}, {"lineNumber": 34, "content": "    #19 0x564080 in draco::Decoder::DecodeMeshFromBuffer(draco::DecoderBuffer*) /src/draco/src/draco/compression/decode.cc:89:3", "important": false, "type": "Line"}, {"lineNumber": 35, "content": "    #20 0x55ff45 in LLVMFuzzerTestOneInput /src/draco/src/draco/tools/fuzz/draco_mesh_decoder_fuzzer.cc:26:11", "important": false, "type": "Line"}, {"lineNumber": 36, "content": "    #21 0x457953 in fuzzer::Fuzzer::ExecuteCallback(unsigned char const*, unsigned long) cxa_noexception.cpp:0", "important": false, "type": "Line"}, {"lineNumber": 37, "content": "    #22 0x45713a in fuzzer::Fuzzer::RunOne(unsigned char const*, unsigned long, bool, fuzzer::InputInfo*, bool, bool*) cxa_noexception.cpp:0", "important": false, "type": "Line"}, {"lineNumber": 38, "content": "    #23 0x458f94 in fuzzer::Fuzzer::ReadAndExecuteSeedCorpora(std::__Fuzzer::vector&lt;fuzzer::SizedFile, std::__Fuzzer::allocator&lt;fuzzer::SizedFile&gt; &gt;&amp;) cxa_noexception.cpp:0", "important": false, "type": "Line"}, {"lineNumber": 39, "content": "    #24 0x4591c9 in fuzzer::Fuzzer::Loop(std::__Fuzzer::vector&lt;fuzzer::SizedFile, std::__Fuzzer::allocator&lt;fuzzer::SizedFile&gt; &gt;&amp;) cxa_noexception.cpp:0", "important": false, "type": "Line"}, {"lineNumber": 40, "content": "    #25 0x448c0d in fuzzer::FuzzerDriver(int*, char***, int (*)(unsigned char const*, unsigned long)) cxa_noexception.cpp:0", "important": false, "type": "Line"}, {"lineNumber": 41, "content": "    #26 0x471c52 in main /src/llvm-project/compiler-rt/lib/fuzzer/FuzzerMain.cpp:20:10", "important": false, "type": "Line"}, {"lineNumber": 42, "content": "    #27 0x7f7dd1f000b2 in __libc_start_main", "important": false, "type": "Line"}, {"lineNumber": 43, "content": "    #28 0x4204ed in _start", "important": false, "type": "Line"}, {"lineNumber": 44, "content": "", "important": false, "type": "Line"}, {"lineNumber": 45, "content": "MS: 0 ; base unit: 0000000000000000000000000000000000000000", "important": false, "type": "Line"}, {"lineNumber": 46, "content": "0x44,0x52,0x41,0x43,0x4f,0x1,0x1,0x1,0x1,0x1,0x1,0x1,0x1,0x1,0x1,0x3a,0xf,0x89,0xc0,0x36,0x39,0x39,0x34,0x37,0x39,0x35,0x38,0x34,0x35,0x35,0x54,0xaf,0x2d,0x4f,0x1,0x1,0x1,0xff,0xff,0xff,0xff,0xff,0xff,0xff,0x7e,0x1,0x8d,0x6f,0x1,0x34,0x32,0x36,0xb,0x8a,0xf1,0x5b,0x1,0x1,0x1,0x1,0x1,0x0,0xff,0x0,", "important": false, "type": "Line"}, {"lineNumber": 47, "content": "DRACO\\001\\001\\001\\001\\001\\001\\001\\001\\001\\001:\\017\\211\\30069947958455T\\257-O\\001\\001\\001\\377\\377\\377\\377\\377\\377\\377~\\001\\215o\\001426\\013\\212\\361[\\001\\001\\001\\001\\001\\000\\377\\000", "important": false, "type": "Line"}, {"lineNumber": 48, "content": "artifact_prefix=&#x27;/clusterfuzz/run_bot/clusterfuzz/bot/inputs/fuzzer-testcases/&#x27;; Test unit written to /clusterfuzz/run_bot/clusterfuzz/bot/inputs/fuzzer-testcases/oom-09b1887dc94a29212746bddfff01574e8d92e382", "important": false, "type": "Line"}, {"lineNumber": 49, "content": "Base64: RFJBQ08BAQEBAQEBAQEBOg+JwDY5OTQ3OTU4NDU1VK8tTwEBAf////////9+AY1vATQyNguK8VsBAQEBAQD/AA==", "important": false, "type": "Line"}, {"lineNumber": 50, "content": "SUMMARY: libFuzzer: out-of-memory", "important": false, "type": "Line"}, {"lineNumber": 51, "content": "stat::number_of_executed_units: 65", "important": false, "type": "Line"}, {"lineNumber": 52, "content": "stat::average_exec_per_sec:     65", "important": false, "type": "Line"}, {"lineNumber": 53, "content": "stat::new_units_added:          0", "important": false, "type": "Line"}, {"lineNumber": 54, "content": "stat::slowest_unit_time_sec:    0", "important": false, "type": "Line"}, {"lineNumber": 55, "content": "stat::peak_rss_mb:              472", "important": false, "type": "Line"}, {"lineNumber": 56, "content": "", "important": false, "type": "Line"}, {"lineNumber": 57, "content": "", "important": false, "type": "Line"}, {"lineNumber": 58, "content": "+----------------------------------------Release Build Unsymbolized Stacktrace (diff)----------------------------------------+", "important": false, "type": "Line"}, {"lineNumber": 59, "content": "", "important": false, "type": "Line"}, {"lineNumber": 60, "content": "   To change the out-of-memory limit use -rss_limit_mb=&lt;N&gt;", "important": false, "type": "Line"}, {"lineNumber": 61, "content": "", "important": false, "type": "Line"}, {"lineNumber": 62, "content": "    #0 0x530a61  (/clusterfuzz/run_bot/clusterfuzz/bot/builds/draco_libfuzzer_asan/custom/draco_mesh_decoder_fuzzer+0x530a61)", "important": false, "type": "Line"}, {"lineNumber": 63, "content": "    #1 0x471498  (/clusterfuzz/run_bot/clusterfuzz/bot/builds/draco_libfuzzer_asan/custom/draco_mesh_decoder_fuzzer+0x471498)", "important": false, "type": "Line"}, {"lineNumber": 64, "content": "    #2 0x455715  (/clusterfuzz/run_bot/clusterfuzz/bot/builds/draco_libfuzzer_asan/custom/draco_mesh_decoder_fuzzer+0x455715)", "important": false, "type": "Line"}, {"lineNumber": 65, "content": "    #3 0x45562a  (/clusterfuzz/run_bot/clusterfuzz/bot/builds/draco_libfuzzer_asan/custom/draco_mesh_decoder_fuzzer+0x45562a)", "important": false, "type": "Line"}, {"lineNumber": 66, "content": "    #4 0x538037  (/clusterfuzz/run_bot/clusterfuzz/bot/builds/draco_libfuzzer_asan/custom/draco_mesh_decoder_fuzzer+0x538037)", "important": false, "type": "Line"}, {"lineNumber": 67, "content": "    #5 0x4a7053  (/clusterfuzz/run_bot/clusterfuzz/bot/builds/draco_libfuzzer_asan/custom/draco_mesh_decoder_fuzzer+0x4a7053)", "important": false, "type": "Line"}, {"lineNumber": 68, "content": "    #6 0x4a7679  (/clusterfuzz/run_bot/clusterfuzz/bot/builds/draco_libfuzzer_asan/custom/draco_mesh_decoder_fuzzer+0x4a7679)", "important": false, "type": "Line"}, {"lineNumber": 69, "content": "    #7 0x55d822  (/clusterfuzz/run_bot/clusterfuzz/bot/builds/draco_libfuzzer_asan/custom/draco_mesh_decoder_fuzzer+0x55d822)", "important": false, "type": "Line"}, {"lineNumber": 70, "content": "    #8 0x56f6a2  (/clusterfuzz/run_bot/clusterfuzz/bot/builds/draco_libfuzzer_asan/custom/draco_mesh_decoder_fuzzer+0x56f6a2)", "important": false, "type": "Line"}, {"lineNumber": 71, "content": "    #9 0x5819af  (/clusterfuzz/run_bot/clusterfuzz/bot/builds/draco_libfuzzer_asan/custom/draco_mesh_decoder_fuzzer+0x5819af)", "important": false, "type": "Line"}, {"lineNumber": 72, "content": "    #10 0x567b72  (/clusterfuzz/run_bot/clusterfuzz/bot/builds/draco_libfuzzer_asan/custom/draco_mesh_decoder_fuzzer+0x567b72)", "important": false, "type": "Line"}, {"lineNumber": 73, "content": "    #11 0x5cf67b  (/clusterfuzz/run_bot/clusterfuzz/bot/builds/draco_libfuzzer_asan/custom/draco_mesh_decoder_fuzzer+0x5cf67b)", "important": false, "type": "Line"}, {"lineNumber": 74, "content": "    #12 0x567af0  (/clusterfuzz/run_bot/clusterfuzz/bot/builds/draco_libfuzzer_asan/custom/draco_mesh_decoder_fuzzer+0x567af0)", "important": false, "type": "Line"}, {"lineNumber": 75, "content": "    #13 0x5639f7  (/clusterfuzz/run_bot/clusterfuzz/bot/builds/draco_libfuzzer_asan/custom/draco_mesh_decoder_fuzzer+0x5639f7)", "important": false, "type": "Line"}, {"lineNumber": 76, "content": "    #14 0x564080  (/clusterfuzz/run_bot/clusterfuzz/bot/builds/draco_libfuzzer_asan/custom/draco_mesh_decoder_fuzzer+0x564080)", "important": false, "type": "Line"}, {"lineNumber": 77, "content": "    #15 0x55ff45  (/clusterfuzz/run_bot/clusterfuzz/bot/builds/draco_libfuzzer_asan/custom/draco_mesh_decoder_fuzzer+0x55ff45)", "important": false, "type": "Line"}, {"lineNumber": 78, "content": "    #16 0x457953  (/clusterfuzz/run_bot/clusterfuzz/bot/builds/draco_libfuzzer_asan/custom/draco_mesh_decoder_fuzzer+0x457953)", "important": false, "type": "Line"}, {"lineNumber": 79, "content": "    #17 0x45713a  (/clusterfuzz/run_bot/clusterfuzz/bot/builds/draco_libfuzzer_asan/custom/draco_mesh_decoder_fuzzer+0x45713a)", "important": false, "type": "Line"}, {"lineNumber": 80, "content": "    #18 0x458f94  (/clusterfuzz/run_bot/clusterfuzz/bot/builds/draco_libfuzzer_asan/custom/draco_mesh_decoder_fuzzer+0x458f94)", "important": false, "type": "Line"}, {"lineNumber": 81, "content": "    #19 0x4591c9  (/clusterfuzz/run_bot/clusterfuzz/bot/builds/draco_libfuzzer_asan/custom/draco_mesh_decoder_fuzzer+0x4591c9)", "important": false, "type": "Line"}, {"lineNumber": 82, "content": "    #20 0x448c0d  (/clusterfuzz/run_bot/clusterfuzz/bot/builds/draco_libfuzzer_asan/custom/draco_mesh_decoder_fuzzer+0x448c0d)", "important": false, "type": "Line"}, {"lineNumber": 83, "content": "    #21 0x471c52  (/clusterfuzz/run_bot/clusterfuzz/bot/builds/draco_libfuzzer_asan/custom/draco_mesh_decoder_fuzzer+0x471c52)", "important": false, "type": "Line"}, {"lineNumber": 84, "content": "    #22 0x7f7dd1f000b2  (/lib/x86_64-linux-gnu/libc.so.6+0x270b2)", "important": false, "type": "Line"}, {"lineNumber": 85, "content": "    #23 0x4204ed  (/clusterfuzz/run_bot/clusterfuzz/bot/builds/draco_libfuzzer_asan/custom/draco_mesh_decoder_fuzzer+0x4204ed)", "important": false, "type": "Line"}], "revision": "1"}, "last_tested_crash_stacktrace": {"lines": [{"lineNumber": 1, "content": "[Environment] ASAN_OPTIONS=exitcode=77", "important": false, "type": "Line"}, {"lineNumber": 2, "content": "+----------------------------------------Release Build Stacktrace----------------------------------------+", "important": false, "type": "Line"}, {"lineNumber": 3, "content": "Command: /clusterfuzz/run_bot/clusterfuzz/bot/builds/draco_libfuzzer_asan/custom/draco_mesh_decoder_fuzzer -rss_limit_mb=2560 -timeout=60 -runs=100 /clusterfuzz/run_bot/clusterfuzz/bot/inputs/fuzzer-testcases/oom-09b1887dc94a29212746bddfff01574e8d92e382", "important": false, "type": "Line"}, {"lineNumber": 4, "content": "Time ran: 0.2161858081817627", "important": false, "type": "Line"}, {"lineNumber": 5, "content": "", "important": false, "type": "Line"}, {"lineNumber": 6, "content": "INFO: Running with entropic power schedule (0xFF, 100).", "important": false, "type": "Line"}, {"lineNumber": 7, "content": "INFO: Seed: 1656694179", "important": false, "type": "Line"}, {"lineNumber": 8, "content": "INFO: Loaded 1 modules   (19696 inline 8-bit counters): 19696 [0x8b1f60, 0x8b6c50),", "important": false, "type": "Line"}, {"lineNumber": 9, "content": "INFO: Loaded 1 PC tables (19696 PCs): 19696 [0x7e8de0,0x835ce0),", "important": false, "type": "Line"}, {"lineNumber": 10, "content": "/clusterfuzz/run_bot/clusterfuzz/bot/builds/draco_libfuzzer_asan/custom/draco_mesh_decoder_fuzzer: Running 1 inputs 100 time(s) each.", "important": false, "type": "Line"}, {"lineNumber": 11, "content": "Running: /clusterfuzz/run_bot/clusterfuzz/bot/inputs/fuzzer-testcases/oom-09b1887dc94a29212746bddfff01574e8d92e382", "important": false, "type": "Line"}, {"lineNumber": 12, "content": "==130736== ERROR: libFuzzer: out-of-memory (malloc(3557040128))", "important": true, "type": "Line"}, {"lineNumber": 13, "content": "   To change the out-of-memory limit use -rss_limit_mb=&lt;N&gt;", "important": false, "type": "Line"}, {"lineNumber": 14, "content": "", "important": false, "type": "Line"}, {"lineNumber": 15, "content": "    #0 0x530a61 in __sanitizer_print_stack_trace /src/llvm-project/compiler-rt/lib/asan/asan_stack.cpp:87:3", "important": false, "type": "Line"}, {"lineNumber": 16, "content": "    #1 0x471498 in fuzzer::PrintStackTrace() cxa_noexception.cpp:0", "important": false, "type": "Line"}, {"lineNumber": 17, "content": "    #2 0x455715 in fuzzer::Fuzzer::HandleMalloc(unsigned long) /src/llvm-project/compiler-rt/lib/fuzzer/FuzzerLoop.cpp:131:3", "important": false, "type": "Line"}, {"lineNumber": 18, "content": "    #3 0x45562a in fuzzer::MallocHook(void const volatile*, unsigned long) /src/llvm-project/compiler-rt/lib/fuzzer/FuzzerLoop.cpp:100:6", "important": false, "type": "Line"}, {"lineNumber": 19, "content": "    #4 0x538037 in __sanitizer::RunMallocHooks(void const*, unsigned long) /src/llvm-project/compiler-rt/lib/sanitizer_common/sanitizer_common.cpp:308:5", "important": false, "type": "Line"}, {"lineNumber": 20, "content": "    #5 0x4a7053 in __asan::Allocator::Allocate(unsigned long, unsigned long, __sanitizer::BufferedStackTrace*, __asan::AllocType, bool) /src/llvm-project/compiler-rt/lib/asan/asan_allocator.cpp:611:5", "important": false, "type": "Line"}, {"lineNumber": 21, "content": "    #6 0x4a7679 in __asan::asan_memalign(unsigned long, unsigned long, __sanitizer::BufferedStackTrace*, __asan::AllocType) /src/llvm-project/compiler-rt/lib/asan/asan_allocator.cpp:1025:16", "important": false, "type": "Line"}, {"lineNumber": 22, "content": "    #7 0x55d822 in operator new(unsigned long) /src/llvm-project/compiler-rt/lib/asan/asan_new_delete.cpp:95:3", "important": false, "type": "Line"}, {"lineNumber": 23, "content": "    #8 0x5aceb2 in __libcpp_operator_new&lt;unsigned long&gt; /usr/local/include/c++/v1/new:245:10", "important": false, "type": "Line"}, {"lineNumber": 24, "content": "    #9 0x5aceb2 in __libcpp_allocate /usr/local/include/c++/v1/new:271:10", "important": false, "type": "Line"}, {"lineNumber": 25, "content": "    #10 0x5aceb2 in allocate /usr/local/include/c++/v1/__memory/allocator.h:105:38", "important": false, "type": "Line"}, {"lineNumber": 26, "content": "    #11 0x5aceb2 in allocate /usr/local/include/c++/v1/__memory/allocator_traits.h:262:20", "important": false, "type": "Line"}, {"lineNumber": 27, "content": "    #12 0x5aceb2 in __split_buffer /usr/local/include/c++/v1/__split_buffer:306:29", "important": false, "type": "Line"}, {"lineNumber": 28, "content": "    #13 0x5aceb2 in std::__1::vector&lt;unsigned int, std::__1::allocator&lt;unsigned int&gt; &gt;::__append(unsigned long) /usr/local/include/c++/v1/vector:1100:53", "important": false, "type": "Line"}, {"lineNumber": 29, "content": "    #14 0x6e8e77 in resize /usr/local/include/c++/v1/vector:2033:15", "important": false, "type": "Line"}, {"lineNumber": 30, "content": "    #15 0x6e8e77 in draco::RAnsSymbolDecoder&lt;5&gt;::Create(draco::DecoderBuffer*) /src/draco/src/draco/compression/entropy/rans_symbol_decoder.h:78:22", "important": false, "type": "Line"}, {"lineNumber": 31, "content": "    #16 0x6e7cf8 in bool draco::DecodeTaggedSymbols&lt;draco::RAnsSymbolDecoder&gt;(unsigned int, int, draco::DecoderBuffer*, unsigned int*) /src/draco/src/draco/compression/entropy/symbol_decoding.cc:57:20", "important": false, "type": "Line"}, {"lineNumber": 32, "content": "    #17 0x5ca57d in draco::MeshSequentialDecoder::DecodeAndDecompressIndices(unsigned int) /src/draco/src/draco/compression/mesh/mesh_sequential_decoder.cc:145:8", "important": false, "type": "Line"}, {"lineNumber": 33, "content": "    #18 0x5c92e4 in draco::MeshSequentialDecoder::DecodeConnectivity() /src/draco/src/draco/compression/mesh/mesh_sequential_decoder.cc:69:10", "important": false, "type": "Line"}, {"lineNumber": 34, "content": "    #19 0x567b72 in draco::MeshDecoder::DecodeGeometryData() /src/draco/src/draco/compression/mesh/mesh_decoder.cc:31:8", "important": false, "type": "Line"}, {"lineNumber": 35, "content": "    #20 0x5cf67b in draco::PointCloudDecoder::Decode(draco::DracoOptions&lt;draco::GeometryAttribute::Type&gt; const&amp;, draco::DecoderBuffer*, draco::PointCloud*) /src/draco/src/draco/compression/point_cloud/point_cloud_decoder.cc:119:8", "important": false, "type": "Line"}, {"lineNumber": 36, "content": "    #21 0x567af0 in draco::MeshDecoder::Decode(draco::DracoOptions&lt;draco::GeometryAttribute::Type&gt; const&amp;, draco::DecoderBuffer*, draco::Mesh*) /src/draco/src/draco/compression/mesh/mesh_decoder.cc:24:29", "important": false, "type": "Line"}, {"lineNumber": 37, "content": "    #22 0x5639f7 in draco::Decoder::DecodeBufferToGeometry(draco::DecoderBuffer*, draco::Mesh*) /src/draco/src/draco/compression/decode.cc:124:3", "important": false, "type": "Line"}, {"lineNumber": 38, "content": "    #23 0x564080 in draco::Decoder::DecodeMeshFromBuffer(draco::DecoderBuffer*) /src/draco/src/draco/compression/decode.cc:89:3", "important": false, "type": "Line"}, {"lineNumber": 39, "content": "    #24 0x55ff45 in LLVMFuzzerTestOneInput /src/draco/src/draco/tools/fuzz/draco_mesh_decoder_fuzzer.cc:26:11", "important": false, "type": "Line"}, {"lineNumber": 40, "content": "    #25 0x457953 in fuzzer::Fuzzer::ExecuteCallback(unsigned char const*, unsigned long) cxa_noexception.cpp:0", "important": false, "type": "Line"}, {"lineNumber": 41, "content": "    #26 0x443262 in fuzzer::RunOneTest(fuzzer::Fuzzer*, char const*, unsigned long) /src/llvm-project/compiler-rt/lib/fuzzer/FuzzerDriver.cpp:324:6", "important": false, "type": "Line"}, {"lineNumber": 42, "content": "    #27 0x448d2a in fuzzer::FuzzerDriver(int*, char***, int (*)(unsigned char const*, unsigned long)) cxa_noexception.cpp:0", "important": false, "type": "Line"}, {"lineNumber": 43, "content": "    #28 0x471c52 in main /src/llvm-project/compiler-rt/lib/fuzzer/FuzzerMain.cpp:20:10", "important": false, "type": "Line"}, {"lineNumber": 44, "content": "    #29 0x7f79476b20b2 in __libc_start_main", "important": false, "type": "Line"}, {"lineNumber": 45, "content": "    #30 0x4204ed in _start", "important": false, "type": "Line"}, {"lineNumber": 46, "content": "", "important": false, "type": "Line"}, {"lineNumber": 47, "content": "SUMMARY: libFuzzer: out-of-memory", "important": false, "type": "Line"}, {"lineNumber": 48, "content": "", "important": false, "type": "Line"}, {"lineNumber": 49, "content": "", "important": false, "type": "Line"}, {"lineNumber": 50, "content": "+----------------------------------------Release Build Unsymbolized Stacktrace (diff)----------------------------------------+", "important": false, "type": "Line"}, {"lineNumber": 51, "content": "", "important": false, "type": "Line"}, {"lineNumber": 52, "content": "   To change the out-of-memory limit use -rss_limit_mb=&lt;N&gt;", "important": false, "type": "Line"}, {"lineNumber": 53, "content": "", "important": false, "type": "Line"}, {"lineNumber": 54, "content": "    #0 0x530a61  (/clusterfuzz/run_bot/clusterfuzz/bot/builds/draco_libfuzzer_asan/custom/draco_mesh_decoder_fuzzer+0x530a61)", "important": false, "type": "Line"}, {"lineNumber": 55, "content": "    #1 0x471498  (/clusterfuzz/run_bot/clusterfuzz/bot/builds/draco_libfuzzer_asan/custom/draco_mesh_decoder_fuzzer+0x471498)", "important": false, "type": "Line"}, {"lineNumber": 56, "content": "    #2 0x455715  (/clusterfuzz/run_bot/clusterfuzz/bot/builds/draco_libfuzzer_asan/custom/draco_mesh_decoder_fuzzer+0x455715)", "important": false, "type": "Line"}, {"lineNumber": 57, "content": "    #3 0x45562a  (/clusterfuzz/run_bot/clusterfuzz/bot/builds/draco_libfuzzer_asan/custom/draco_mesh_decoder_fuzzer+0x45562a)", "important": false, "type": "Line"}, {"lineNumber": 58, "content": "    #4 0x538037  (/clusterfuzz/run_bot/clusterfuzz/bot/builds/draco_libfuzzer_asan/custom/draco_mesh_decoder_fuzzer+0x538037)", "important": false, "type": "Line"}, {"lineNumber": 59, "content": "    #5 0x4a7053  (/clusterfuzz/run_bot/clusterfuzz/bot/builds/draco_libfuzzer_asan/custom/draco_mesh_decoder_fuzzer+0x4a7053)", "important": false, "type": "Line"}, {"lineNumber": 60, "content": "    #6 0x4a7679  (/clusterfuzz/run_bot/clusterfuzz/bot/builds/draco_libfuzzer_asan/custom/draco_mesh_decoder_fuzzer+0x4a7679)", "important": false, "type": "Line"}, {"lineNumber": 61, "content": "    #7 0x55d822  (/clusterfuzz/run_bot/clusterfuzz/bot/builds/draco_libfuzzer_asan/custom/draco_mesh_decoder_fuzzer+0x55d822)", "important": false, "type": "Line"}, {"lineNumber": 62, "content": "    #8 0x5aceb2  (/clusterfuzz/run_bot/clusterfuzz/bot/builds/draco_libfuzzer_asan/custom/draco_mesh_decoder_fuzzer+0x5aceb2)", "important": false, "type": "Line"}, {"lineNumber": 63, "content": "    #9 0x6e8e77  (/clusterfuzz/run_bot/clusterfuzz/bot/builds/draco_libfuzzer_asan/custom/draco_mesh_decoder_fuzzer+0x6e8e77)", "important": false, "type": "Line"}, {"lineNumber": 64, "content": "    #10 0x6e7cf8  (/clusterfuzz/run_bot/clusterfuzz/bot/builds/draco_libfuzzer_asan/custom/draco_mesh_decoder_fuzzer+0x6e7cf8)", "important": false, "type": "Line"}, {"lineNumber": 65, "content": "    #11 0x5ca57d  (/clusterfuzz/run_bot/clusterfuzz/bot/builds/draco_libfuzzer_asan/custom/draco_mesh_decoder_fuzzer+0x5ca57d)", "important": false, "type": "Line"}, {"lineNumber": 66, "content": "    #12 0x5c92e4  (/clusterfuzz/run_bot/clusterfuzz/bot/builds/draco_libfuzzer_asan/custom/draco_mesh_decoder_fuzzer+0x5c92e4)", "important": false, "type": "Line"}, {"lineNumber": 67, "content": "    #13 0x567b72  (/clusterfuzz/run_bot/clusterfuzz/bot/builds/draco_libfuzzer_asan/custom/draco_mesh_decoder_fuzzer+0x567b72)", "important": false, "type": "Line"}, {"lineNumber": 68, "content": "    #14 0x5cf67b  (/clusterfuzz/run_bot/clusterfuzz/bot/builds/draco_libfuzzer_asan/custom/draco_mesh_decoder_fuzzer+0x5cf67b)", "important": false, "type": "Line"}, {"lineNumber": 69, "content": "    #15 0x567af0  (/clusterfuzz/run_bot/clusterfuzz/bot/builds/draco_libfuzzer_asan/custom/draco_mesh_decoder_fuzzer+0x567af0)", "important": false, "type": "Line"}, {"lineNumber": 70, "content": "    #16 0x5639f7  (/clusterfuzz/run_bot/clusterfuzz/bot/builds/draco_libfuzzer_asan/custom/draco_mesh_decoder_fuzzer+0x5639f7)", "important": false, "type": "Line"}, {"lineNumber": 71, "content": "    #17 0x564080  (/clusterfuzz/run_bot/clusterfuzz/bot/builds/draco_libfuzzer_asan/custom/draco_mesh_decoder_fuzzer+0x564080)", "important": false, "type": "Line"}, {"lineNumber": 72, "content": "    #18 0x55ff45  (/clusterfuzz/run_bot/clusterfuzz/bot/builds/draco_libfuzzer_asan/custom/draco_mesh_decoder_fuzzer+0x55ff45)", "important": false, "type": "Line"}, {"lineNumber": 73, "content": "    #19 0x457953  (/clusterfuzz/run_bot/clusterfuzz/bot/builds/draco_libfuzzer_asan/custom/draco_mesh_decoder_fuzzer+0x457953)", "important": false, "type": "Line"}, {"lineNumber": 74, "content": "    #20 0x443262  (/clusterfuzz/run_bot/clusterfuzz/bot/builds/draco_libfuzzer_asan/custom/draco_mesh_decoder_fuzzer+0x443262)", "important": false, "type": "Line"}, {"lineNumber": 75, "content": "    #21 0x448d2a  (/clusterfuzz/run_bot/clusterfuzz/bot/builds/draco_libfuzzer_asan/custom/draco_mesh_decoder_fuzzer+0x448d2a)", "important": false, "type": "Line"}, {"lineNumber": 76, "content": "    #22 0x471c52  (/clusterfuzz/run_bot/clusterfuzz/bot/builds/draco_libfuzzer_asan/custom/draco_mesh_decoder_fuzzer+0x471c52)", "important": false, "type": "Line"}, {"lineNumber": 77, "content": "    #23 0x7f79476b20b2  (/lib/x86_64-linux-gnu/libc.so.6+0x270b2)", "important": false, "type": "Line"}, {"lineNumber": 78, "content": "    #24 0x4204ed  (/clusterfuzz/run_bot/clusterfuzz/bot/builds/draco_libfuzzer_asan/custom/draco_mesh_decoder_fuzzer+0x4204ed)", "important": false, "type": "Line"}], "revision": null}, "security_severity": null, "security_severities": [{"value": 0, "name": "Critical"}, {"value": 1, "name": "High", "default": true}, {"value": 2, "name": "Medium"}, {"value": 3, "name": "Low"}, {"value": 4, "name": "Missing"}], "stats": {"min_hour": 1, "max_hour": 1}, "suspected_cls": null, "testcase": {"absolute_path": "/clusterfuzz/run_bot/clusterfuzz/bot/inputs/fuzzer-testcases/oom-09b1887dc94a29212746bddfff01574e8d92e382", "additional_metadata": "{\"build_key\": \"17ecf0ad-b620-497e-9d94-c4febc5492b2\", \"env\": {\"ASAN_OPTIONS\": {}}, \"fuzzer_binary_name\": \"draco_mesh_decoder_fuzzer\", \"fuzzing_strategies\": {\"corpus_subset\": 100}, \"last_tested_crash_revision\": null, \"last_tested_crash_time\": {\"__type__\": \"datetime\", \"day\": 30, \"hour\": 0, \"microsecond\": 622718, \"minute\": 10, \"month\": 11, \"second\": 32, \"year\": 2021}, \"last_tested_revision\": null}", "archive_filename": null, "archive_state": 0, "binary_flag": true, "bug_indices": [], "bug_information": "", "comments": "[2021-11-28 13:26:40 UTC] comput4-20211128-16:37: Fuzz task : Fuzzer libFuzzer_draco_mesh_decoder_fuzzer generated testcase crashed in 1 seconds (r1).\n[2021-11-28 13:29:01 UTC] snode3-20211128-16:47: Minimize task started.\n[2021-11-30 00:09:12 UTC] comput19-20211129-15:14: Progression task started.\n[2021-11-30 00:10:32 UTC] comput19-20211129-15:14: Progression task finished: still crashes on latest custom build.\n", "crash_address": "", "crash_revision": 1, "crash_stacktrace": "[Environment] ASAN_OPTIONS=alloc_dealloc_mismatch=0:allocator_may_return_null=1:allocator_release_to_os_interval_ms=500:allow_user_segv_handler=0:check_malloc_usable_size=0:detect_leaks=1:detect_odr_violation=0:detect_stack_use_after_return=1:exitcode=77:fast_unwind_on_fatal=0:handle_abort=2:handle_segv=2:handle_sigbus=2:handle_sigfpe=2:handle_sigill=2:max_uar_stack_size_log=16:print_scariness=1:print_summary=1:print_suppressions=0:quarantine_size_mb=64:redzone=32:strict_memcmp=1:symbolize=0:use_sigaltstack=1\n+----------------------------------------Release Build Stacktrace----------------------------------------+\nINFO: Running with entropic power schedule (0xFF, 100).\nINFO: Seed: 1174804020\nINFO: Loaded 1 modules   (19696 inline 8-bit counters): 19696 [0x8b1f60, 0x8b6c50),\nINFO: Loaded 1 PC tables (19696 PCs): 19696 [0x7e8de0,0x835ce0),\nINFO:        0 files found in /clusterfuzz/run_bot/clusterfuzz/bot/inputs/fuzzer-testcases-disk/temp-23/new\nINFO:        0 files found in /clusterfuzz/run_bot/clusterfuzz/bot/inputs/fuzzer-testcases-disk/temp-23/mutations\nINFO:      100 files found in /clusterfuzz/run_bot/clusterfuzz/bot/inputs/fuzzer-testcases-disk/temp-23/subset\nINFO: -max_len is not provided; libFuzzer will not generate inputs larger than 7156 bytes\nINFO: seed corpus: files: 100 min: 4b max: 7156b total: 26582b rss: 60Mb\n==4683== ERROR: libFuzzer: out-of-memory (malloc(3704677604))\n   To change the out-of-memory limit use -rss_limit_mb=<N>\n\n    #0 0x530a61 in __sanitizer_print_stack_trace /src/llvm-project/compiler-rt/lib/asan/asan_stack.cpp:87:3\n    #1 0x471498 in fuzzer::PrintStackTrace() cxa_noexception.cpp:0\n    #2 0x455715 in fuzzer::Fuzzer::HandleMalloc(unsigned long) /src/llvm-project/compiler-rt/lib/fuzzer/FuzzerLoop.cpp:131:3\n    #3 0x45562a in fuzzer::MallocHook(void const volatile*, unsigned long) /src/llvm-project/compiler-rt/lib/fuzzer/FuzzerLoop.cpp:100:6\n    #4 0x538037 in __sanitizer::RunMallocHooks(void const*, unsigned long) /src/llvm-project/compiler-rt/lib/sanitizer_common/sanitizer_common.cpp:308:5\n    #5 0x4a7053 in __asan::Allocator::Allocate(unsigned long, unsigned long, __sanitizer::BufferedStackTrace*, __asan::AllocType, bool) /src/llvm-project/compiler-rt/lib/asan/asan_allocator.cpp:611:5\n    #6 0x4a7679 in __asan::asan_memalign(unsigned long, unsigned long, __sanitizer::BufferedStackTrace*, __asan::AllocType) /src/llvm-project/compiler-rt/lib/asan/asan_allocator.cpp:1025:16\n    #7 0x55d822 in operator new(unsigned long) /src/llvm-project/compiler-rt/lib/asan/asan_new_delete.cpp:95:3\n    #8 0x56f6a2 in __libcpp_operator_new<unsigned long> /usr/local/include/c++/v1/new:245:10\n    #9 0x56f6a2 in __libcpp_allocate /usr/local/include/c++/v1/new:271:10\n    #10 0x56f6a2 in allocate /usr/local/include/c++/v1/__memory/allocator.h:105:38\n    #11 0x56f6a2 in allocate /usr/local/include/c++/v1/__memory/allocator_traits.h:262:20\n    #12 0x56f6a2 in __split_buffer /usr/local/include/c++/v1/__split_buffer:306:29\n    #13 0x56f6a2 in std::__1::vector<int, std::__1::allocator<int> >::reserve(unsigned long) /usr/local/include/c++/v1/vector:1596:53\n    #14 0x5819af in draco::MeshEdgebreakerDecoderImpl<draco::MeshEdgebreakerTraversalPredictiveDecoder>::DecodeConnectivity() /src/draco/src/draco/compression/mesh/mesh_edgebreaker_decoder_impl.cc:363:25\n    #15 0x567b72 in draco::MeshDecoder::DecodeGeometryData() /src/draco/src/draco/compression/mesh/mesh_decoder.cc:31:8\n    #16 0x5cf67b in draco::PointCloudDecoder::Decode(draco::DracoOptions<draco::GeometryAttribute::Type> const&, draco::DecoderBuffer*, draco::PointCloud*) /src/draco/src/draco/compression/point_cloud/point_cloud_decoder.cc:119:8\n    #17 0x567af0 in draco::MeshDecoder::Decode(draco::DracoOptions<draco::GeometryAttribute::Type> const&, draco::DecoderBuffer*, draco::Mesh*) /src/draco/src/draco/compression/mesh/mesh_decoder.cc:24:29\n    #18 0x5639f7 in draco::Decoder::DecodeBufferToGeometry(draco::DecoderBuffer*, draco::Mesh*) /src/draco/src/draco/compression/decode.cc:124:3\n    #19 0x564080 in draco::Decoder::DecodeMeshFromBuffer(draco::DecoderBuffer*) /src/draco/src/draco/compression/decode.cc:89:3\n    #20 0x55ff45 in LLVMFuzzerTestOneInput /src/draco/src/draco/tools/fuzz/draco_mesh_decoder_fuzzer.cc:26:11\n    #21 0x457953 in fuzzer::Fuzzer::ExecuteCallback(unsigned char const*, unsigned long) cxa_noexception.cpp:0\n    #22 0x45713a in fuzzer::Fuzzer::RunOne(unsigned char const*, unsigned long, bool, fuzzer::InputInfo*, bool, bool*) cxa_noexception.cpp:0\n    #23 0x458f94 in fuzzer::Fuzzer::ReadAndExecuteSeedCorpora(std::__Fuzzer::vector<fuzzer::SizedFile, std::__Fuzzer::allocator<fuzzer::SizedFile> >&) cxa_noexception.cpp:0\n    #24 0x4591c9 in fuzzer::Fuzzer::Loop(std::__Fuzzer::vector<fuzzer::SizedFile, std::__Fuzzer::allocator<fuzzer::SizedFile> >&) cxa_noexception.cpp:0\n    #25 0x448c0d in fuzzer::FuzzerDriver(int*, char***, int (*)(unsigned char const*, unsigned long)) cxa_noexception.cpp:0\n    #26 0x471c52 in main /src/llvm-project/compiler-rt/lib/fuzzer/FuzzerMain.cpp:20:10\n    #27 0x7f7dd1f000b2 in __libc_start_main\n    #28 0x4204ed in _start\n\nMS: 0 ; base unit: 0000000000000000000000000000000000000000\n0x44,0x52,0x41,0x43,0x4f,0x1,0x1,0x1,0x1,0x1,0x1,0x1,0x1,0x1,0x1,0x3a,0xf,0x89,0xc0,0x36,0x39,0x39,0x34,0x37,0x39,0x35,0x38,0x34,0x35,0x35,0x54,0xaf,0x2d,0x4f,0x1,0x1,0x1,0xff,0xff,0xff,0xff,0xff,0xff,0xff,0x7e,0x1,0x8d,0x6f,0x1,0x34,0x32,0x36,0xb,0x8a,0xf1,0x5b,0x1,0x1,0x1,0x1,0x1,0x0,0xff,0x0,\nDRACO\\001\\001\\001\\001\\001\\001\\001\\001\\001\\001:\\017\\211\\30069947958455T\\257-O\\001\\001\\001\\377\\377\\377\\377\\377\\377\\377~\\001\\215o\\001426\\013\\212\\361[\\001\\001\\001\\001\\001\\000\\377\\000\nartifact_prefix='/clusterfuzz/run_bot/clusterfuzz/bot/inputs/fuzzer-testcases/'; Test unit written to /clusterfuzz/run_bot/clusterfuzz/bot/inputs/fuzzer-testcases/oom-09b1887dc94a29212746bddfff01574e8d92e382\nBase64: RFJBQ08BAQEBAQEBAQEBOg+JwDY5OTQ3OTU4NDU1VK8tTwEBAf////////9+AY1vATQyNguK8VsBAQEBAQD/AA==\nSUMMARY: libFuzzer: out-of-memory\nstat::number_of_executed_units: 65\nstat::average_exec_per_sec:     65\nstat::new_units_added:          0\nstat::slowest_unit_time_sec:    0\nstat::peak_rss_mb:              472\n\n\n+----------------------------------------Release Build Unsymbolized Stacktrace (diff)----------------------------------------+\n\n   To change the out-of-memory limit use -rss_limit_mb=<N>\n\n    #0 0x530a61  (/clusterfuzz/run_bot/clusterfuzz/bot/builds/draco_libfuzzer_asan/custom/draco_mesh_decoder_fuzzer+0x530a61)\n    #1 0x471498  (/clusterfuzz/run_bot/clusterfuzz/bot/builds/draco_libfuzzer_asan/custom/draco_mesh_decoder_fuzzer+0x471498)\n    #2 0x455715  (/clusterfuzz/run_bot/clusterfuzz/bot/builds/draco_libfuzzer_asan/custom/draco_mesh_decoder_fuzzer+0x455715)\n    #3 0x45562a  (/clusterfuzz/run_bot/clusterfuzz/bot/builds/draco_libfuzzer_asan/custom/draco_mesh_decoder_fuzzer+0x45562a)\n    #4 0x538037  (/clusterfuzz/run_bot/clusterfuzz/bot/builds/draco_libfuzzer_asan/custom/draco_mesh_decoder_fuzzer+0x538037)\n    #5 0x4a7053  (/clusterfuzz/run_bot/clusterfuzz/bot/builds/draco_libfuzzer_asan/custom/draco_mesh_decoder_fuzzer+0x4a7053)\n    #6 0x4a7679  (/clusterfuzz/run_bot/clusterfuzz/bot/builds/draco_libfuzzer_asan/custom/draco_mesh_decoder_fuzzer+0x4a7679)\n    #7 0x55d822  (/clusterfuzz/run_bot/clusterfuzz/bot/builds/draco_libfuzzer_asan/custom/draco_mesh_decoder_fuzzer+0x55d822)\n    #8 0x56f6a2  (/clusterfuzz/run_bot/clusterfuzz/bot/builds/draco_libfuzzer_asan/custom/draco_mesh_decoder_fuzzer+0x56f6a2)\n    #9 0x5819af  (/clusterfuzz/run_bot/clusterfuzz/bot/builds/draco_libfuzzer_asan/custom/draco_mesh_decoder_fuzzer+0x5819af)\n    #10 0x567b72  (/clusterfuzz/run_bot/clusterfuzz/bot/builds/draco_libfuzzer_asan/custom/draco_mesh_decoder_fuzzer+0x567b72)\n    #11 0x5cf67b  (/clusterfuzz/run_bot/clusterfuzz/bot/builds/draco_libfuzzer_asan/custom/draco_mesh_decoder_fuzzer+0x5cf67b)\n    #12 0x567af0  (/clusterfuzz/run_bot/clusterfuzz/bot/builds/draco_libfuzzer_asan/custom/draco_mesh_decoder_fuzzer+0x567af0)\n    #13 0x5639f7  (/clusterfuzz/run_bot/clusterfuzz/bot/builds/draco_libfuzzer_asan/custom/draco_mesh_decoder_fuzzer+0x5639f7)\n    #14 0x564080  (/clusterfuzz/run_bot/clusterfuzz/bot/builds/draco_libfuzzer_asan/custom/draco_mesh_decoder_fuzzer+0x564080)\n    #15 0x55ff45  (/clusterfuzz/run_bot/clusterfuzz/bot/builds/draco_libfuzzer_asan/custom/draco_mesh_decoder_fuzzer+0x55ff45)\n    #16 0x457953  (/clusterfuzz/run_bot/clusterfuzz/bot/builds/draco_libfuzzer_asan/custom/draco_mesh_decoder_fuzzer+0x457953)\n    #17 0x45713a  (/clusterfuzz/run_bot/clusterfuzz/bot/builds/draco_libfuzzer_asan/custom/draco_mesh_decoder_fuzzer+0x45713a)\n    #18 0x458f94  (/clusterfuzz/run_bot/clusterfuzz/bot/builds/draco_libfuzzer_asan/custom/draco_mesh_decoder_fuzzer+0x458f94)\n    #19 0x4591c9  (/clusterfuzz/run_bot/clusterfuzz/bot/builds/draco_libfuzzer_asan/custom/draco_mesh_decoder_fuzzer+0x4591c9)\n    #20 0x448c0d  (/clusterfuzz/run_bot/clusterfuzz/bot/builds/draco_libfuzzer_asan/custom/draco_mesh_decoder_fuzzer+0x448c0d)\n    #21 0x471c52  (/clusterfuzz/run_bot/clusterfuzz/bot/builds/draco_libfuzzer_asan/custom/draco_mesh_decoder_fuzzer+0x471c52)\n    #22 0x7f7dd1f000b2  (/lib/x86_64-linux-gnu/libc.so.6+0x270b2)\n    #23 0x4204ed  (/clusterfuzz/run_bot/clusterfuzz/bot/builds/draco_libfuzzer_asan/custom/draco_mesh_decoder_fuzzer+0x4204ed)\n", "crash_state": "draco_mesh_decoder_fuzzer\n", "crash_type": "Out-of-memory", "disable_ubsan": false, "duplicate_of": null, "fixed": "", "flaky_stack": false, "fuzzed_keys": "adb89a90-daa8-4ba9-bdd5-8adaf7fad987", "fuzzer_name": "libFuzzer", "fuzzer_name_indices": ["libFuzzer_draco_mesh_decoder_fuzzer", "libFuzzer"], "gestures": [], "group_bug_information": 0, "group_id": 0, "has_bug_flag": false, "http_flag": false, "impact_beta_version": null, "impact_beta_version_indices": [], "impact_beta_version_likely": null, "impact_extended_stable_version": null, "impact_extended_stable_version_indices": [], "impact_extended_stable_version_likely": null, "impact_head_version": null, "impact_head_version_indices": [], "impact_head_version_likely": null, "impact_indices": [], "impact_stable_version": null, "impact_stable_version_indices": [], "impact_stable_version_likely": null, "impact_version_indices": [], "is_a_duplicate_flag": false, "is_impact_set_flag": null, "is_leader": true, "job_type": "draco_libfuzzer_asan", "keywords": ["fuzzer_draco_mesh_decoder", "mesh_decoder_fuzzer", "of-memory", "linux", "decoder", "libfuzzer_draco_mesh_decoder_fuzzer", "fuzzer_draco_mesh", "draco", "out-of", "out-of-memory", "draco_libfuzzer", "libfuzzer_asan", "draco_mesh_decoder_fuzzer", "draco_mesh", "libfuzzer", "fuzzer", "lib", "out", "draco_libfuzzer_asan", "mesh_decoder", "fuzzer_draco_mesh_decoder_fuzzer", "asan", "of", "draco_mesh_decoder", "libfuzzer_draco_mesh", "libfuzzer_draco", "fuzzer_draco", "libfuzzer_draco_mesh_decoder", "decoder_fuzzer", "memory", "mesh"], "last_tested_crash_stacktrace": "[Environment] ASAN_OPTIONS=exitcode=77\n+----------------------------------------Release Build Stacktrace----------------------------------------+\nCommand: /clusterfuzz/run_bot/clusterfuzz/bot/builds/draco_libfuzzer_asan/custom/draco_mesh_decoder_fuzzer -rss_limit_mb=2560 -timeout=60 -runs=100 /clusterfuzz/run_bot/clusterfuzz/bot/inputs/fuzzer-testcases/oom-09b1887dc94a29212746bddfff01574e8d92e382\nTime ran: 0.2161858081817627\n\nINFO: Running with entropic power schedule (0xFF, 100).\nINFO: Seed: 1656694179\nINFO: Loaded 1 modules   (19696 inline 8-bit counters): 19696 [0x8b1f60, 0x8b6c50),\nINFO: Loaded 1 PC tables (19696 PCs): 19696 [0x7e8de0,0x835ce0),\n/clusterfuzz/run_bot/clusterfuzz/bot/builds/draco_libfuzzer_asan/custom/draco_mesh_decoder_fuzzer: Running 1 inputs 100 time(s) each.\nRunning: /clusterfuzz/run_bot/clusterfuzz/bot/inputs/fuzzer-testcases/oom-09b1887dc94a29212746bddfff01574e8d92e382\n==130736== ERROR: libFuzzer: out-of-memory (malloc(3557040128))\n   To change the out-of-memory limit use -rss_limit_mb=<N>\n\n    #0 0x530a61 in __sanitizer_print_stack_trace /src/llvm-project/compiler-rt/lib/asan/asan_stack.cpp:87:3\n    #1 0x471498 in fuzzer::PrintStackTrace() cxa_noexception.cpp:0\n    #2 0x455715 in fuzzer::Fuzzer::HandleMalloc(unsigned long) /src/llvm-project/compiler-rt/lib/fuzzer/FuzzerLoop.cpp:131:3\n    #3 0x45562a in fuzzer::MallocHook(void const volatile*, unsigned long) /src/llvm-project/compiler-rt/lib/fuzzer/FuzzerLoop.cpp:100:6\n    #4 0x538037 in __sanitizer::RunMallocHooks(void const*, unsigned long) /src/llvm-project/compiler-rt/lib/sanitizer_common/sanitizer_common.cpp:308:5\n    #5 0x4a7053 in __asan::Allocator::Allocate(unsigned long, unsigned long, __sanitizer::BufferedStackTrace*, __asan::AllocType, bool) /src/llvm-project/compiler-rt/lib/asan/asan_allocator.cpp:611:5\n    #6 0x4a7679 in __asan::asan_memalign(unsigned long, unsigned long, __sanitizer::BufferedStackTrace*, __asan::AllocType) /src/llvm-project/compiler-rt/lib/asan/asan_allocator.cpp:1025:16\n    #7 0x55d822 in operator new(unsigned long) /src/llvm-project/compiler-rt/lib/asan/asan_new_delete.cpp:95:3\n    #8 0x5aceb2 in __libcpp_operator_new<unsigned long> /usr/local/include/c++/v1/new:245:10\n    #9 0x5aceb2 in __libcpp_allocate /usr/local/include/c++/v1/new:271:10\n    #10 0x5aceb2 in allocate /usr/local/include/c++/v1/__memory/allocator.h:105:38\n    #11 0x5aceb2 in allocate /usr/local/include/c++/v1/__memory/allocator_traits.h:262:20\n    #12 0x5aceb2 in __split_buffer /usr/local/include/c++/v1/__split_buffer:306:29\n    #13 0x5aceb2 in std::__1::vector<unsigned int, std::__1::allocator<unsigned int> >::__append(unsigned long) /usr/local/include/c++/v1/vector:1100:53\n    #14 0x6e8e77 in resize /usr/local/include/c++/v1/vector:2033:15\n    #15 0x6e8e77 in draco::RAnsSymbolDecoder<5>::Create(draco::DecoderBuffer*) /src/draco/src/draco/compression/entropy/rans_symbol_decoder.h:78:22\n    #16 0x6e7cf8 in bool draco::DecodeTaggedSymbols<draco::RAnsSymbolDecoder>(unsigned int, int, draco::DecoderBuffer*, unsigned int*) /src/draco/src/draco/compression/entropy/symbol_decoding.cc:57:20\n    #17 0x5ca57d in draco::MeshSequentialDecoder::DecodeAndDecompressIndices(unsigned int) /src/draco/src/draco/compression/mesh/mesh_sequential_decoder.cc:145:8\n    #18 0x5c92e4 in draco::MeshSequentialDecoder::DecodeConnectivity() /src/draco/src/draco/compression/mesh/mesh_sequential_decoder.cc:69:10\n    #19 0x567b72 in draco::MeshDecoder::DecodeGeometryData() /src/draco/src/draco/compression/mesh/mesh_decoder.cc:31:8\n    #20 0x5cf67b in draco::PointCloudDecoder::Decode(draco::DracoOptions<draco::GeometryAttribute::Type> const&, draco::DecoderBuffer*, draco::PointCloud*) /src/draco/src/draco/compression/point_cloud/point_cloud_decoder.cc:119:8\n    #21 0x567af0 in draco::MeshDecoder::Decode(draco::DracoOptions<draco::GeometryAttribute::Type> const&, draco::DecoderBuffer*, draco::Mesh*) /src/draco/src/draco/compression/mesh/mesh_decoder.cc:24:29\n    #22 0x5639f7 in draco::Decoder::DecodeBufferToGeometry(draco::DecoderBuffer*, draco::Mesh*) /src/draco/src/draco/compression/decode.cc:124:3\n    #23 0x564080 in draco::Decoder::DecodeMeshFromBuffer(draco::DecoderBuffer*) /src/draco/src/draco/compression/decode.cc:89:3\n    #24 0x55ff45 in LLVMFuzzerTestOneInput /src/draco/src/draco/tools/fuzz/draco_mesh_decoder_fuzzer.cc:26:11\n    #25 0x457953 in fuzzer::Fuzzer::ExecuteCallback(unsigned char const*, unsigned long) cxa_noexception.cpp:0\n    #26 0x443262 in fuzzer::RunOneTest(fuzzer::Fuzzer*, char const*, unsigned long) /src/llvm-project/compiler-rt/lib/fuzzer/FuzzerDriver.cpp:324:6\n    #27 0x448d2a in fuzzer::FuzzerDriver(int*, char***, int (*)(unsigned char const*, unsigned long)) cxa_noexception.cpp:0\n    #28 0x471c52 in main /src/llvm-project/compiler-rt/lib/fuzzer/FuzzerMain.cpp:20:10\n    #29 0x7f79476b20b2 in __libc_start_main\n    #30 0x4204ed in _start\n\nSUMMARY: libFuzzer: out-of-memory\n\n\n+----------------------------------------Release Build Unsymbolized Stacktrace (diff)----------------------------------------+\n\n   To change the out-of-memory limit use -rss_limit_mb=<N>\n\n    #0 0x530a61  (/clusterfuzz/run_bot/clusterfuzz/bot/builds/draco_libfuzzer_asan/custom/draco_mesh_decoder_fuzzer+0x530a61)\n    #1 0x471498  (/clusterfuzz/run_bot/clusterfuzz/bot/builds/draco_libfuzzer_asan/custom/draco_mesh_decoder_fuzzer+0x471498)\n    #2 0x455715  (/clusterfuzz/run_bot/clusterfuzz/bot/builds/draco_libfuzzer_asan/custom/draco_mesh_decoder_fuzzer+0x455715)\n    #3 0x45562a  (/clusterfuzz/run_bot/clusterfuzz/bot/builds/draco_libfuzzer_asan/custom/draco_mesh_decoder_fuzzer+0x45562a)\n    #4 0x538037  (/clusterfuzz/run_bot/clusterfuzz/bot/builds/draco_libfuzzer_asan/custom/draco_mesh_decoder_fuzzer+0x538037)\n    #5 0x4a7053  (/clusterfuzz/run_bot/clusterfuzz/bot/builds/draco_libfuzzer_asan/custom/draco_mesh_decoder_fuzzer+0x4a7053)\n    #6 0x4a7679  (/clusterfuzz/run_bot/clusterfuzz/bot/builds/draco_libfuzzer_asan/custom/draco_mesh_decoder_fuzzer+0x4a7679)\n    #7 0x55d822  (/clusterfuzz/run_bot/clusterfuzz/bot/builds/draco_libfuzzer_asan/custom/draco_mesh_decoder_fuzzer+0x55d822)\n    #8 0x5aceb2  (/clusterfuzz/run_bot/clusterfuzz/bot/builds/draco_libfuzzer_asan/custom/draco_mesh_decoder_fuzzer+0x5aceb2)\n    #9 0x6e8e77  (/clusterfuzz/run_bot/clusterfuzz/bot/builds/draco_libfuzzer_asan/custom/draco_mesh_decoder_fuzzer+0x6e8e77)\n    #10 0x6e7cf8  (/clusterfuzz/run_bot/clusterfuzz/bot/builds/draco_libfuzzer_asan/custom/draco_mesh_decoder_fuzzer+0x6e7cf8)\n    #11 0x5ca57d  (/clusterfuzz/run_bot/clusterfuzz/bot/builds/draco_libfuzzer_asan/custom/draco_mesh_decoder_fuzzer+0x5ca57d)\n    #12 0x5c92e4  (/clusterfuzz/run_bot/clusterfuzz/bot/builds/draco_libfuzzer_asan/custom/draco_mesh_decoder_fuzzer+0x5c92e4)\n    #13 0x567b72  (/clusterfuzz/run_bot/clusterfuzz/bot/builds/draco_libfuzzer_asan/custom/draco_mesh_decoder_fuzzer+0x567b72)\n    #14 0x5cf67b  (/clusterfuzz/run_bot/clusterfuzz/bot/builds/draco_libfuzzer_asan/custom/draco_mesh_decoder_fuzzer+0x5cf67b)\n    #15 0x567af0  (/clusterfuzz/run_bot/clusterfuzz/bot/builds/draco_libfuzzer_asan/custom/draco_mesh_decoder_fuzzer+0x567af0)\n    #16 0x5639f7  (/clusterfuzz/run_bot/clusterfuzz/bot/builds/draco_libfuzzer_asan/custom/draco_mesh_decoder_fuzzer+0x5639f7)\n    #17 0x564080  (/clusterfuzz/run_bot/clusterfuzz/bot/builds/draco_libfuzzer_asan/custom/draco_mesh_decoder_fuzzer+0x564080)\n    #18 0x55ff45  (/clusterfuzz/run_bot/clusterfuzz/bot/builds/draco_libfuzzer_asan/custom/draco_mesh_decoder_fuzzer+0x55ff45)\n    #19 0x457953  (/clusterfuzz/run_bot/clusterfuzz/bot/builds/draco_libfuzzer_asan/custom/draco_mesh_decoder_fuzzer+0x457953)\n    #20 0x443262  (/clusterfuzz/run_bot/clusterfuzz/bot/builds/draco_libfuzzer_asan/custom/draco_mesh_decoder_fuzzer+0x443262)\n    #21 0x448d2a  (/clusterfuzz/run_bot/clusterfuzz/bot/builds/draco_libfuzzer_asan/custom/draco_mesh_decoder_fuzzer+0x448d2a)\n    #22 0x471c52  (/clusterfuzz/run_bot/clusterfuzz/bot/builds/draco_libfuzzer_asan/custom/draco_mesh_decoder_fuzzer+0x471c52)\n    #23 0x7f79476b20b2  (/lib/x86_64-linux-gnu/libc.so.6+0x270b2)\n    #24 0x4204ed  (/clusterfuzz/run_bot/clusterfuzz/bot/builds/draco_libfuzzer_asan/custom/draco_mesh_decoder_fuzzer+0x4204ed)\n", "minidump_keys": "", "minimized_arguments": "-rss_limit_mb=2560 -timeout=60", "minimized_keys": "cefc17b9-dbfb-48d4-800a-ed3cfd2860ac", "one_time_crasher_flag": false, "open": true, "overridden_fuzzer_name": "libFuzzer_draco_mesh_decoder_fuzzer", "platform": "linux", "platform_id": "linux", "project_name": "test-project", "queue": "jobs-linux", "redzone": 32, "regression": "NA", "security_flag": false, "security_severity": null, "status": "Processed", "symbolized": false, "timeout_multiplier": 1.0, "timestamp": 1638106000, "triaged": false, "uploader_email": null, "window_argument": "", "id": 6131}, "timestamp": 1638106000.544494, "show_blame": false, "show_impact": false, "impacts_production": false, "find_similar_issues_options": [{"type": "open", "label": "Open"}, {"type": "all", "label": "All"}], "auto_delete_timestamp": null, "auto_close_timestamp": null, "memory_tool_display_label": "Sanitizer", "memory_tool_display_value": "address (ASAN)", "last_tested": "1:1 (No component revisions found!)", "is_admin_or_not_oss_fuzz": true, "has_issue_tracker": false, "reproduction_help_url": "", "is_local_development": true, "fuzzer_display": {"engine": "libFuzzer", "target": "draco_mesh_decoder_fuzzer", "name": "libFuzzer", "fully_qualified_name": "libFuzzer_draco_mesh_decoder_fuzzer"}}