{"id": 6134, "crash_type": "Use-of-uninitialized-value", "crash_address": "", "crash_state": "cb_onig_named\ni_names\nonig_st_foreach\n", "crash_state_lines": ["cb_onig_named", "i_names", "onig_st_foreach"], "crash_revision": 1, "csrf_token": "D6S+cXG/eQvjQp1jhkN2Yfq5FoCaAiuUjD0oLthouNSAPb8xaAgWvNikB3AHnFnrgfWQIz/OKB4owWUbxHHo3A==", "external_user": false, "footer": "[2021-11-28 13:26:50 UTC] comput5-20211128-16:38: Fuzz task : Fuzzer honggfuzz_flb-it-fuzz-parser_fuzzer_OSSFUZZ generated testcase crashed in 9 seconds (r1).\n[2021-11-28 13:27:09 UTC] comput3-20211128-16:38: Minimize task started.\n[2021-11-28 13:29:48 UTC] comput3-20211128-16:38: Minimize task errored out: Engine does not support minimization.\n[2021-11-30 00:10:49 UTC] comput14-20211129-15:14: Progression task started.\n[2021-11-30 00:12:58 UTC] comput14-20211129-15:14: Progression task finished: still crashes on latest custom build.\n", "formatted_reproduction_help": "", "fixed": "NO", "fixed_full": null, "issue_url": null, "is_admin": true, "metadata": {"build_key": "e57a7734-b29a-47c8-8896-de93c11963a5", "fuzzer_binary_name": "flb-it-fuzz-parser_fuzzer_OSSFUZZ", "last_tested_crash_revision": null, "last_tested_crash_time": 1638231178, "last_tested_revision": null}, "minimized_testcase_size": "1 KB", "needs_refresh": false, "original_testcase_size": "1 KB", "privileged_user": true, "regression": "NA", "crash_stacktrace": {"lines": [{"lineNumber": 1, "content": "[Environment] MSAN_OPTIONS=allocator_release_to_os_interval_ms=500:halt_on_error=1:handle_abort=2:handle_segv=2:handle_sigbus=2:handle_sigfpe=2:handle_sigill=2:print_stats=1:print_summary=1:symbolize=0:use_sigaltstack=1", "important": false, "type": "Line"}, {"lineNumber": 2, "content": "+----------------------------------------Release Build Stacktrace----------------------------------------+", "important": false, "type": "Line"}, {"lineNumber": 3, "content": "==4429==WARNING: MemorySanitizer: use-of-uninitialized-value", "important": false, "type": "Line"}, {"lineNumber": 4, "content": "    #0 0x5489b7 in cb_onig_named /src/fluent-bit/src/flb_regex.c:48:34", "important": true, "type": "Line"}, {"lineNumber": 5, "content": "    #1 0x91508f in i_names /src/fluent-bit/lib/onigmo/regparse.c:563:11", "important": true, "type": "Line"}, {"lineNumber": 6, "content": "    #2 0x937776 in st_general_foreach /src/fluent-bit/lib/onigmo/st.c:1505:11", "important": false, "type": "Line"}, {"lineNumber": 7, "content": "    #3 0x937776 in onig_st_foreach /src/fluent-bit/lib/onigmo/st.c:1569:10", "important": true, "type": "Line"}, {"lineNumber": 8, "content": "    #4 0x91504d in onig_foreach_name /src/fluent-bit/lib/onigmo/regparse.c:588:5", "important": false, "type": "Line"}, {"lineNumber": 9, "content": "    #5 0x548120 in flb_regex_parse /src/fluent-bit/src/flb_regex.c:241:11", "important": false, "type": "Line"}, {"lineNumber": 10, "content": "    #6 0x52a06a in flb_parser_regex_do /src/fluent-bit/src/flb_parser_regex.c:155:17", "important": false, "type": "Line"}, {"lineNumber": 11, "content": "    #7 0x5224c1 in flb_parser_do /src/fluent-bit/src/flb_parser.c:896:16", "important": false, "type": "Line"}, {"lineNumber": 12, "content": "    #8 0x4dd2d5 in LLVMFuzzerTestOneInput /src/fluent-bit/tests/internal/fuzzers/parser_fuzzer.c:160:9", "important": false, "type": "Line"}, {"lineNumber": 13, "content": "    #9 0x4d1fee in main", "important": false, "type": "Line"}, {"lineNumber": 14, "content": "    #10 0x7ffff7c5b0b2 in __libc_start_main", "important": false, "type": "Line"}, {"lineNumber": 15, "content": "    #11 0x44f92d in _start", "important": false, "type": "Line"}, {"lineNumber": 16, "content": "", "important": false, "type": "Line"}, {"lineNumber": 17, "content": "  Uninitialized value was created by a heap allocation", "important": false, "type": "Line"}, {"lineNumber": 18, "content": "    #0 0x48070d in __interceptor_malloc /src/llvm-project/compiler-rt/lib/msan/msan_interceptors.cpp:912:3", "important": false, "type": "Line"}, {"lineNumber": 19, "content": "    #1 0x91f939 in name_add /src/fluent-bit/lib/onigmo/regparse.c:788:22", "important": false, "type": "Line"}, {"lineNumber": 20, "content": "", "important": false, "type": "Line"}, {"lineNumber": 21, "content": "SUMMARY: MemorySanitizer: use-of-uninitialized-value (/clusterfuzz/run_bot/clusterfuzz/bot/builds/fluent-bit_honggfuzz_msan/custom/flb-it-fuzz-parser_fuzzer_OSSFUZZ+0x5489b7)", "important": false, "type": "Line"}, {"lineNumber": 22, "content": "Unique heap origins: 476", "important": false, "type": "Line"}, {"lineNumber": 23, "content": "Stack depot allocated bytes: 1900544", "important": false, "type": "Line"}, {"lineNumber": 24, "content": "Unique origin histories: 81", "important": false, "type": "Line"}, {"lineNumber": 25, "content": "History depot allocated bytes: 196608", "important": false, "type": "Line"}, {"lineNumber": 26, "content": "Exiting", "important": false, "type": "Line"}, {"lineNumber": 27, "content": "", "important": false, "type": "Line"}, {"lineNumber": 28, "content": "", "important": false, "type": "Line"}, {"lineNumber": 29, "content": "+----------------------------------------Release Build Unsymbolized Stacktrace (diff)----------------------------------------+", "important": false, "type": "Line"}, {"lineNumber": 30, "content": "", "important": false, "type": "Line"}, {"lineNumber": 31, "content": "==4429==WARNING: MemorySanitizer: use-of-uninitialized-value", "important": false, "type": "Line"}, {"lineNumber": 32, "content": "    #0 0x5489b7  (/clusterfuzz/run_bot/clusterfuzz/bot/builds/fluent-bit_honggfuzz_msan/custom/flb-it-fuzz-parser_fuzzer_OSSFUZZ+0x5489b7)", "important": false, "type": "Line"}, {"lineNumber": 33, "content": "    #1 0x91508f  (/clusterfuzz/run_bot/clusterfuzz/bot/builds/fluent-bit_honggfuzz_msan/custom/flb-it-fuzz-parser_fuzzer_OSSFUZZ+0x91508f)", "important": false, "type": "Line"}, {"lineNumber": 34, "content": "    #2 0x937776  (/clusterfuzz/run_bot/clusterfuzz/bot/builds/fluent-bit_honggfuzz_msan/custom/flb-it-fuzz-parser_fuzzer_OSSFUZZ+0x937776)", "important": false, "type": "Line"}, {"lineNumber": 35, "content": "    #3 0x91504d  (/clusterfuzz/run_bot/clusterfuzz/bot/builds/fluent-bit_honggfuzz_msan/custom/flb-it-fuzz-parser_fuzzer_OSSFUZZ+0x91504d)", "important": false, "type": "Line"}, {"lineNumber": 36, "content": "    #4 0x548120  (/clusterfuzz/run_bot/clusterfuzz/bot/builds/fluent-bit_honggfuzz_msan/custom/flb-it-fuzz-parser_fuzzer_OSSFUZZ+0x548120)", "important": false, "type": "Line"}, {"lineNumber": 37, "content": "    #5 0x52a06a  (/clusterfuzz/run_bot/clusterfuzz/bot/builds/fluent-bit_honggfuzz_msan/custom/flb-it-fuzz-parser_fuzzer_OSSFUZZ+0x52a06a)", "important": false, "type": "Line"}, {"lineNumber": 38, "content": "    #6 0x5224c1  (/clusterfuzz/run_bot/clusterfuzz/bot/builds/fluent-bit_honggfuzz_msan/custom/flb-it-fuzz-parser_fuzzer_OSSFUZZ+0x5224c1)", "important": false, "type": "Line"}, {"lineNumber": 39, "content": "    #7 0x4dd2d5  (/clusterfuzz/run_bot/clusterfuzz/bot/builds/fluent-bit_honggfuzz_msan/custom/flb-it-fuzz-parser_fuzzer_OSSFUZZ+0x4dd2d5)", "important": false, "type": "Line"}, {"lineNumber": 40, "content": "    #8 0x4d1fee  (/clusterfuzz/run_bot/clusterfuzz/bot/builds/fluent-bit_honggfuzz_msan/custom/flb-it-fuzz-parser_fuzzer_OSSFUZZ+0x4d1fee)", "important": false, "type": "Line"}, {"lineNumber": 41, "content": "    #9 0x7ffff7c5b0b2  (/lib/x86_64-linux-gnu/libc.so.6+0x270b2)", "important": false, "type": "Line"}, {"lineNumber": 42, "content": "    #10 0x44f92d  (/clusterfuzz/run_bot/clusterfuzz/bot/builds/fluent-bit_honggfuzz_msan/custom/flb-it-fuzz-parser_fuzzer_OSSFUZZ+0x44f92d)", "important": false, "type": "Line"}, {"lineNumber": 43, "content": "", "important": false, "type": "Line"}, {"lineNumber": 44, "content": "  Uninitialized value was created by a heap allocation", "important": false, "type": "Line"}, {"lineNumber": 45, "content": "    #0 0x48070d  (/clusterfuzz/run_bot/clusterfuzz/bot/builds/fluent-bit_honggfuzz_msan/custom/flb-it-fuzz-parser_fuzzer_OSSFUZZ+0x48070d)", "important": false, "type": "Line"}, {"lineNumber": 46, "content": "    #1 0x91f939  (/clusterfuzz/run_bot/clusterfuzz/bot/builds/fluent-bit_honggfuzz_msan/custom/flb-it-fuzz-parser_fuzzer_OSSFUZZ+0x91f939)", "important": false, "type": "Line"}], "revision": "1"}, "last_tested_crash_stacktrace": {"lines": [{"lineNumber": 1, "content": "[Environment] MSAN_OPTIONS=allocator_release_to_os_interval_ms=500:halt_on_error=1:handle_abort=2:handle_segv=2:handle_sigbus=2:handle_sigfpe=2:handle_sigill=2:print_stats=1:print_summary=1:symbolize=0:use_sigaltstack=1", "important": false, "type": "Line"}, {"lineNumber": 2, "content": "+----------------------------------------Release Build Stacktrace----------------------------------------+", "important": false, "type": "Line"}, {"lineNumber": 3, "content": "Command: /clusterfuzz/run_bot/clusterfuzz/bot/builds/fluent-bit_honggfuzz_msan/custom/flb-it-fuzz-parser_fuzzer_OSSFUZZ", "important": false, "type": "Line"}, {"lineNumber": 4, "content": "Time ran: 0.01586604118347168", "important": false, "type": "Line"}, {"lineNumber": 5, "content": "", "important": false, "type": "Line"}, {"lineNumber": 6, "content": "Accepting input from &#x27;[STDIN]&#x27;", "important": false, "type": "Line"}, {"lineNumber": 7, "content": "Usage for fuzzing: honggfuzz -P [flags] -- /clusterfuzz/run_bot/clusterfuzz/bot/builds/fluent-bit_honggfuzz_msan/custom/flb-it-fuzz-parser_fuzzer_OSSFUZZ", "important": false, "type": "Line"}, {"lineNumber": 8, "content": "[2021/11/30 00:12:58] [ info] Configuration:", "important": false, "type": "Line"}, {"lineNumber": 9, "content": "[2021/11/30 00:12:58] [ info]  flush time     | 5.000000 seconds", "important": false, "type": "Line"}, {"lineNumber": 10, "content": "[2021/11/30 00:12:58] [ info]  grace          | 5 seconds", "important": false, "type": "Line"}, {"lineNumber": 11, "content": "[2021/11/30 00:12:58] [ info]  daemon         | 0", "important": false, "type": "Line"}, {"lineNumber": 12, "content": "[2021/11/30 00:12:58] [ info] ___________", "important": false, "type": "Line"}, {"lineNumber": 13, "content": "[2021/11/30 00:12:58] [ info]  inputs:", "important": false, "type": "Line"}, {"lineNumber": 14, "content": "[2021/11/30 00:12:58] [ info] ___________", "important": false, "type": "Line"}, {"lineNumber": 15, "content": "[2021/11/30 00:12:58] [ info]  filters:", "important": false, "type": "Line"}, {"lineNumber": 16, "content": "[2021/11/30 00:12:58] [ info] ___________", "important": false, "type": "Line"}, {"lineNumber": 17, "content": "[2021/11/30 00:12:58] [ info]  outputs:", "important": false, "type": "Line"}, {"lineNumber": 18, "content": "[2021/11/30 00:12:58] [ info] ___________", "important": false, "type": "Line"}, {"lineNumber": 19, "content": "[2021/11/30 00:12:58] [ info]  collectors:", "important": false, "type": "Line"}, {"lineNumber": 20, "content": "==5027==WARNING: MemorySanitizer: use-of-uninitialized-value", "important": false, "type": "Line"}, {"lineNumber": 21, "content": "    #0 0x5489b7 in cb_onig_named /src/fluent-bit/src/flb_regex.c:48:34", "important": true, "type": "Line"}, {"lineNumber": 22, "content": "    #1 0x91508f in i_names /src/fluent-bit/lib/onigmo/regparse.c:563:11", "important": true, "type": "Line"}, {"lineNumber": 23, "content": "    #2 0x937776 in st_general_foreach /src/fluent-bit/lib/onigmo/st.c:1505:11", "important": false, "type": "Line"}, {"lineNumber": 24, "content": "    #3 0x937776 in onig_st_foreach /src/fluent-bit/lib/onigmo/st.c:1569:10", "important": true, "type": "Line"}, {"lineNumber": 25, "content": "    #4 0x91504d in onig_foreach_name /src/fluent-bit/lib/onigmo/regparse.c:588:5", "important": false, "type": "Line"}, {"lineNumber": 26, "content": "    #5 0x548120 in flb_regex_parse /src/fluent-bit/src/flb_regex.c:241:11", "important": false, "type": "Line"}, {"lineNumber": 27, "content": "    #6 0x52a06a in flb_parser_regex_do /src/fluent-bit/src/flb_parser_regex.c:155:17", "important": false, "type": "Line"}, {"lineNumber": 28, "content": "    #7 0x5224c1 in flb_parser_do /src/fluent-bit/src/flb_parser.c:896:16", "important": false, "type": "Line"}, {"lineNumber": 29, "content": "    #8 0x4dd2d5 in LLVMFuzzerTestOneInput /src/fluent-bit/tests/internal/fuzzers/parser_fuzzer.c:160:9", "important": false, "type": "Line"}, {"lineNumber": 30, "content": "    #9 0x4d1f0b in main", "important": false, "type": "Line"}, {"lineNumber": 31, "content": "    #10 0x7ff61b66a0b2 in __libc_start_main", "important": false, "type": "Line"}, {"lineNumber": 32, "content": "    #11 0x44f92d in _start", "important": false, "type": "Line"}, {"lineNumber": 33, "content": "", "important": false, "type": "Line"}, {"lineNumber": 34, "content": "  Uninitialized value was created by a heap allocation", "important": false, "type": "Line"}, {"lineNumber": 35, "content": "    #0 0x48070d in __interceptor_malloc /src/llvm-project/compiler-rt/lib/msan/msan_interceptors.cpp:912:3", "important": false, "type": "Line"}, {"lineNumber": 36, "content": "    #1 0x91f939 in name_add /src/fluent-bit/lib/onigmo/regparse.c:788:22", "important": false, "type": "Line"}, {"lineNumber": 37, "content": "", "important": false, "type": "Line"}, {"lineNumber": 38, "content": "SUMMARY: MemorySanitizer: use-of-uninitialized-value (/clusterfuzz/run_bot/clusterfuzz/bot/builds/fluent-bit_honggfuzz_msan/custom/flb-it-fuzz-parser_fuzzer_OSSFUZZ+0x5489b7)", "important": false, "type": "Line"}, {"lineNumber": 39, "content": "Unique heap origins: 258", "important": false, "type": "Line"}, {"lineNumber": 40, "content": "Stack depot allocated bytes: 1900544", "important": false, "type": "Line"}, {"lineNumber": 41, "content": "Unique origin histories: 30", "important": false, "type": "Line"}, {"lineNumber": 42, "content": "History depot allocated bytes: 196608", "important": false, "type": "Line"}, {"lineNumber": 43, "content": "Exiting", "important": false, "type": "Line"}, {"lineNumber": 44, "content": "", "important": false, "type": "Line"}, {"lineNumber": 45, "content": "", "important": false, "type": "Line"}, {"lineNumber": 46, "content": "+----------------------------------------Release Build Unsymbolized Stacktrace (diff)----------------------------------------+", "important": false, "type": "Line"}, {"lineNumber": 47, "content": "", "important": false, "type": "Line"}, {"lineNumber": 48, "content": "[2021/11/30 00:12:58] [ info]  collectors:", "important": false, "type": "Line"}, {"lineNumber": 49, "content": "==5027==WARNING: MemorySanitizer: use-of-uninitialized-value", "important": false, "type": "Line"}, {"lineNumber": 50, "content": "    #0 0x5489b7  (/clusterfuzz/run_bot/clusterfuzz/bot/builds/fluent-bit_honggfuzz_msan/custom/flb-it-fuzz-parser_fuzzer_OSSFUZZ+0x5489b7)", "important": false, "type": "Line"}, {"lineNumber": 51, "content": "    #1 0x91508f  (/clusterfuzz/run_bot/clusterfuzz/bot/builds/fluent-bit_honggfuzz_msan/custom/flb-it-fuzz-parser_fuzzer_OSSFUZZ+0x91508f)", "important": false, "type": "Line"}, {"lineNumber": 52, "content": "    #2 0x937776  (/clusterfuzz/run_bot/clusterfuzz/bot/builds/fluent-bit_honggfuzz_msan/custom/flb-it-fuzz-parser_fuzzer_OSSFUZZ+0x937776)", "important": false, "type": "Line"}, {"lineNumber": 53, "content": "    #3 0x91504d  (/clusterfuzz/run_bot/clusterfuzz/bot/builds/fluent-bit_honggfuzz_msan/custom/flb-it-fuzz-parser_fuzzer_OSSFUZZ+0x91504d)", "important": false, "type": "Line"}, {"lineNumber": 54, "content": "    #4 0x548120  (/clusterfuzz/run_bot/clusterfuzz/bot/builds/fluent-bit_honggfuzz_msan/custom/flb-it-fuzz-parser_fuzzer_OSSFUZZ+0x548120)", "important": false, "type": "Line"}, {"lineNumber": 55, "content": "    #5 0x52a06a  (/clusterfuzz/run_bot/clusterfuzz/bot/builds/fluent-bit_honggfuzz_msan/custom/flb-it-fuzz-parser_fuzzer_OSSFUZZ+0x52a06a)", "important": false, "type": "Line"}, {"lineNumber": 56, "content": "    #6 0x5224c1  (/clusterfuzz/run_bot/clusterfuzz/bot/builds/fluent-bit_honggfuzz_msan/custom/flb-it-fuzz-parser_fuzzer_OSSFUZZ+0x5224c1)", "important": false, "type": "Line"}, {"lineNumber": 57, "content": "    #7 0x4dd2d5  (/clusterfuzz/run_bot/clusterfuzz/bot/builds/fluent-bit_honggfuzz_msan/custom/flb-it-fuzz-parser_fuzzer_OSSFUZZ+0x4dd2d5)", "important": false, "type": "Line"}, {"lineNumber": 58, "content": "    #8 0x4d1f0b  (/clusterfuzz/run_bot/clusterfuzz/bot/builds/fluent-bit_honggfuzz_msan/custom/flb-it-fuzz-parser_fuzzer_OSSFUZZ+0x4d1f0b)", "important": false, "type": "Line"}, {"lineNumber": 59, "content": "    #9 0x7ff61b66a0b2  (/lib/x86_64-linux-gnu/libc.so.6+0x270b2)", "important": false, "type": "Line"}, {"lineNumber": 60, "content": "    #10 0x44f92d  (/clusterfuzz/run_bot/clusterfuzz/bot/builds/fluent-bit_honggfuzz_msan/custom/flb-it-fuzz-parser_fuzzer_OSSFUZZ+0x44f92d)", "important": false, "type": "Line"}, {"lineNumber": 61, "content": "", "important": false, "type": "Line"}, {"lineNumber": 62, "content": "  Uninitialized value was created by a heap allocation", "important": false, "type": "Line"}, {"lineNumber": 63, "content": "    #0 0x48070d  (/clusterfuzz/run_bot/clusterfuzz/bot/builds/fluent-bit_honggfuzz_msan/custom/flb-it-fuzz-parser_fuzzer_OSSFUZZ+0x48070d)", "important": false, "type": "Line"}, {"lineNumber": 64, "content": "    #1 0x91f939  (/clusterfuzz/run_bot/clusterfuzz/bot/builds/fluent-bit_honggfuzz_msan/custom/flb-it-fuzz-parser_fuzzer_OSSFUZZ+0x91f939)", "important": false, "type": "Line"}], "revision": null}, "security_severity": "Medium", "security_severities": [{"value": 0, "name": "Critical"}, {"value": 1, "name": "High", "default": true}, {"value": 2, "name": "Medium"}, {"value": 3, "name": "Low"}, {"value": 4, "name": "Missing"}], "stats": {"min_hour": 1, "max_hour": 1}, "suspected_cls": null, "testcase": {"absolute_path": "/clusterfuzz/run_bot/clusterfuzz/bot/inputs/fuzzer-testcases/SIGABRT.PC.7ffff7c7a18b.STACK.19e4544bd6.CODE.-6.ADDR.0.INSTR.[UNKNOWN].fuzz", "additional_metadata": "{\"build_key\": \"e57a7734-b29a-47c8-8896-de93c11963a5\", \"fuzzer_binary_name\": \"flb-it-fuzz-parser_fuzzer_OSSFUZZ\", \"last_tested_crash_revision\": null, \"last_tested_crash_time\": {\"__type__\": \"datetime\", \"day\": 30, \"hour\": 0, \"microsecond\": 259203, \"minute\": 12, \"month\": 11, \"second\": 58, \"year\": 2021}, \"last_tested_revision\": null}", "archive_filename": null, "archive_state": 0, "binary_flag": true, "bug_indices": [], "bug_information": "", "comments": "[2021-11-28 13:26:50 UTC] comput5-20211128-16:38: Fuzz task : Fuzzer honggfuzz_flb-it-fuzz-parser_fuzzer_OSSFUZZ generated testcase crashed in 9 seconds (r1).\n[2021-11-28 13:27:09 UTC] comput3-20211128-16:38: Minimize task started.\n[2021-11-28 13:29:48 UTC] comput3-20211128-16:38: Minimize task errored out: Engine does not support minimization.\n[2021-11-30 00:10:49 UTC] comput14-20211129-15:14: Progression task started.\n[2021-11-30 00:12:58 UTC] comput14-20211129-15:14: Progression task finished: still crashes on latest custom build.\n", "crash_address": "", "crash_revision": 1, "crash_stacktrace": "[Environment] MSAN_OPTIONS=allocator_release_to_os_interval_ms=500:halt_on_error=1:handle_abort=2:handle_segv=2:handle_sigbus=2:handle_sigfpe=2:handle_sigill=2:print_stats=1:print_summary=1:symbolize=0:use_sigaltstack=1\n+----------------------------------------Release Build Stacktrace----------------------------------------+\n==4429==WARNING: MemorySanitizer: use-of-uninitialized-value\n    #0 0x5489b7 in cb_onig_named /src/fluent-bit/src/flb_regex.c:48:34\n    #1 0x91508f in i_names /src/fluent-bit/lib/onigmo/regparse.c:563:11\n    #2 0x937776 in st_general_foreach /src/fluent-bit/lib/onigmo/st.c:1505:11\n    #3 0x937776 in onig_st_foreach /src/fluent-bit/lib/onigmo/st.c:1569:10\n    #4 0x91504d in onig_foreach_name /src/fluent-bit/lib/onigmo/regparse.c:588:5\n    #5 0x548120 in flb_regex_parse /src/fluent-bit/src/flb_regex.c:241:11\n    #6 0x52a06a in flb_parser_regex_do /src/fluent-bit/src/flb_parser_regex.c:155:17\n    #7 0x5224c1 in flb_parser_do /src/fluent-bit/src/flb_parser.c:896:16\n    #8 0x4dd2d5 in LLVMFuzzerTestOneInput /src/fluent-bit/tests/internal/fuzzers/parser_fuzzer.c:160:9\n    #9 0x4d1fee in main\n    #10 0x7ffff7c5b0b2 in __libc_start_main\n    #11 0x44f92d in _start\n\n  Uninitialized value was created by a heap allocation\n    #0 0x48070d in __interceptor_malloc /src/llvm-project/compiler-rt/lib/msan/msan_interceptors.cpp:912:3\n    #1 0x91f939 in name_add /src/fluent-bit/lib/onigmo/regparse.c:788:22\n\nSUMMARY: MemorySanitizer: use-of-uninitialized-value (/clusterfuzz/run_bot/clusterfuzz/bot/builds/fluent-bit_honggfuzz_msan/custom/flb-it-fuzz-parser_fuzzer_OSSFUZZ+0x5489b7)\nUnique heap origins: 476\nStack depot allocated bytes: 1900544\nUnique origin histories: 81\nHistory depot allocated bytes: 196608\nExiting\n\n\n+----------------------------------------Release Build Unsymbolized Stacktrace (diff)----------------------------------------+\n\n==4429==WARNING: MemorySanitizer: use-of-uninitialized-value\n    #0 0x5489b7  (/clusterfuzz/run_bot/clusterfuzz/bot/builds/fluent-bit_honggfuzz_msan/custom/flb-it-fuzz-parser_fuzzer_OSSFUZZ+0x5489b7)\n    #1 0x91508f  (/clusterfuzz/run_bot/clusterfuzz/bot/builds/fluent-bit_honggfuzz_msan/custom/flb-it-fuzz-parser_fuzzer_OSSFUZZ+0x91508f)\n    #2 0x937776  (/clusterfuzz/run_bot/clusterfuzz/bot/builds/fluent-bit_honggfuzz_msan/custom/flb-it-fuzz-parser_fuzzer_OSSFUZZ+0x937776)\n    #3 0x91504d  (/clusterfuzz/run_bot/clusterfuzz/bot/builds/fluent-bit_honggfuzz_msan/custom/flb-it-fuzz-parser_fuzzer_OSSFUZZ+0x91504d)\n    #4 0x548120  (/clusterfuzz/run_bot/clusterfuzz/bot/builds/fluent-bit_honggfuzz_msan/custom/flb-it-fuzz-parser_fuzzer_OSSFUZZ+0x548120)\n    #5 0x52a06a  (/clusterfuzz/run_bot/clusterfuzz/bot/builds/fluent-bit_honggfuzz_msan/custom/flb-it-fuzz-parser_fuzzer_OSSFUZZ+0x52a06a)\n    #6 0x5224c1  (/clusterfuzz/run_bot/clusterfuzz/bot/builds/fluent-bit_honggfuzz_msan/custom/flb-it-fuzz-parser_fuzzer_OSSFUZZ+0x5224c1)\n    #7 0x4dd2d5  (/clusterfuzz/run_bot/clusterfuzz/bot/builds/fluent-bit_honggfuzz_msan/custom/flb-it-fuzz-parser_fuzzer_OSSFUZZ+0x4dd2d5)\n    #8 0x4d1fee  (/clusterfuzz/run_bot/clusterfuzz/bot/builds/fluent-bit_honggfuzz_msan/custom/flb-it-fuzz-parser_fuzzer_OSSFUZZ+0x4d1fee)\n    #9 0x7ffff7c5b0b2  (/lib/x86_64-linux-gnu/libc.so.6+0x270b2)\n    #10 0x44f92d  (/clusterfuzz/run_bot/clusterfuzz/bot/builds/fluent-bit_honggfuzz_msan/custom/flb-it-fuzz-parser_fuzzer_OSSFUZZ+0x44f92d)\n\n  Uninitialized value was created by a heap allocation\n    #0 0x48070d  (/clusterfuzz/run_bot/clusterfuzz/bot/builds/fluent-bit_honggfuzz_msan/custom/flb-it-fuzz-parser_fuzzer_OSSFUZZ+0x48070d)\n    #1 0x91f939  (/clusterfuzz/run_bot/clusterfuzz/bot/builds/fluent-bit_honggfuzz_msan/custom/flb-it-fuzz-parser_fuzzer_OSSFUZZ+0x91f939)\n", "crash_state": "cb_onig_named\ni_names\nonig_st_foreach\n", "crash_type": "Use-of-uninitialized-value", "disable_ubsan": false, "duplicate_of": null, "fixed": "", "flaky_stack": false, "fuzzed_keys": "ee72cc57-9cad-401c-ad2b-c9f41da1b7a9", "fuzzer_name": "honggfuzz", "fuzzer_name_indices": ["honggfuzz", "honggfuzz_flb-it-fuzz-parser_fuzzer_OSSFUZZ"], "gestures": [], "group_bug_information": 0, "group_id": 0, "has_bug_flag": false, "http_flag": false, "impact_beta_version": null, "impact_beta_version_indices": [], "impact_beta_version_likely": null, "impact_extended_stable_version": null, "impact_extended_stable_version_indices": [], "impact_extended_stable_version_likely": null, "impact_head_version": null, "impact_head_version_indices": [], "impact_head_version_likely": null, "impact_indices": [], "impact_stable_version": null, "impact_stable_version_indices": [], "impact_stable_version_likely": null, "impact_version_indices": [], "is_a_duplicate_flag": false, "is_impact_set_flag": null, "is_leader": true, "job_type": "fluent-bit_honggfuzz_msan", "keywords": ["of-uninitialized-value", "parser_fuzzer_ossfuzz", "cb", "honggfuzz_flb-it", "parser", "fluent-bit_honggfuzz_msan", "onig_st_foreach", "it", "honggfuzz_msan", "onig_named", "cb_onig_named", "onig_st", "honggfuzz_flb-it-fuzz-parser_fuzzer_ossfuzz", "it-fuzz-parser_fuzzer", "it-fuzz-parser_fuzzer_ossfuzz", "value", "linux", "fuzz-parser_fuzzer_ossfuzz", "st_foreach", "honggfuzz", "honggfuzz_flb-it-fuzz-parser", "flb-it-fuzz-parser", "fluent-bit_honggfuzz", "named", "cb_onig", "use-of-uninitialized-value", "flb", "use", "use-of", "foreach", "onig", "i_names", "use-of-uninitialized", "uninitialized-value", "fuzz", "fuzz-parser_fuzzer", "msan", "bit", "i", "fuzzer_ossfuzz", "fluent", "flb-it-fuzz", "honggfuzz_flb-it-fuzz-parser_fuzzer", "it-fuzz-parser", "names", "honggfuzz_flb", "bit_honggfuzz_msan", "fuzz-parser", "st", "uninitialized", "flb-it-fuzz-parser_fuzzer", "it-fuzz", "ossfuzz", "honggfuzz_flb-it-fuzz", "of-uninitialized", "of", "flb-it-fuzz-parser_fuzzer_ossfuzz", "parser_fuzzer", "bit_honggfuzz", "flb-it", "fluent-bit", "fuzzer"], "last_tested_crash_stacktrace": "[Environment] MSAN_OPTIONS=allocator_release_to_os_interval_ms=500:halt_on_error=1:handle_abort=2:handle_segv=2:handle_sigbus=2:handle_sigfpe=2:handle_sigill=2:print_stats=1:print_summary=1:symbolize=0:use_sigaltstack=1\n+----------------------------------------Release Build Stacktrace----------------------------------------+\nCommand: /clusterfuzz/run_bot/clusterfuzz/bot/builds/fluent-bit_honggfuzz_msan/custom/flb-it-fuzz-parser_fuzzer_OSSFUZZ\nTime ran: 0.01586604118347168\n\nAccepting input from '[STDIN]'\nUsage for fuzzing: honggfuzz -P [flags] -- /clusterfuzz/run_bot/clusterfuzz/bot/builds/fluent-bit_honggfuzz_msan/custom/flb-it-fuzz-parser_fuzzer_OSSFUZZ\n[2021/11/30 00:12:58] [ info] Configuration:\n[2021/11/30 00:12:58] [ info]  flush time     | 5.000000 seconds\n[2021/11/30 00:12:58] [ info]  grace          | 5 seconds\n[2021/11/30 00:12:58] [ info]  daemon         | 0\n[2021/11/30 00:12:58] [ info] ___________\n[2021/11/30 00:12:58] [ info]  inputs:\n[2021/11/30 00:12:58] [ info] ___________\n[2021/11/30 00:12:58] [ info]  filters:\n[2021/11/30 00:12:58] [ info] ___________\n[2021/11/30 00:12:58] [ info]  outputs:\n[2021/11/30 00:12:58] [ info] ___________\n[2021/11/30 00:12:58] [ info]  collectors:\n==5027==WARNING: MemorySanitizer: use-of-uninitialized-value\n    #0 0x5489b7 in cb_onig_named /src/fluent-bit/src/flb_regex.c:48:34\n    #1 0x91508f in i_names /src/fluent-bit/lib/onigmo/regparse.c:563:11\n    #2 0x937776 in st_general_foreach /src/fluent-bit/lib/onigmo/st.c:1505:11\n    #3 0x937776 in onig_st_foreach /src/fluent-bit/lib/onigmo/st.c:1569:10\n    #4 0x91504d in onig_foreach_name /src/fluent-bit/lib/onigmo/regparse.c:588:5\n    #5 0x548120 in flb_regex_parse /src/fluent-bit/src/flb_regex.c:241:11\n    #6 0x52a06a in flb_parser_regex_do /src/fluent-bit/src/flb_parser_regex.c:155:17\n    #7 0x5224c1 in flb_parser_do /src/fluent-bit/src/flb_parser.c:896:16\n    #8 0x4dd2d5 in LLVMFuzzerTestOneInput /src/fluent-bit/tests/internal/fuzzers/parser_fuzzer.c:160:9\n    #9 0x4d1f0b in main\n    #10 0x7ff61b66a0b2 in __libc_start_main\n    #11 0x44f92d in _start\n\n  Uninitialized value was created by a heap allocation\n    #0 0x48070d in __interceptor_malloc /src/llvm-project/compiler-rt/lib/msan/msan_interceptors.cpp:912:3\n    #1 0x91f939 in name_add /src/fluent-bit/lib/onigmo/regparse.c:788:22\n\nSUMMARY: MemorySanitizer: use-of-uninitialized-value (/clusterfuzz/run_bot/clusterfuzz/bot/builds/fluent-bit_honggfuzz_msan/custom/flb-it-fuzz-parser_fuzzer_OSSFUZZ+0x5489b7)\nUnique heap origins: 258\nStack depot allocated bytes: 1900544\nUnique origin histories: 30\nHistory depot allocated bytes: 196608\nExiting\n\n\n+----------------------------------------Release Build Unsymbolized Stacktrace (diff)----------------------------------------+\n\n[2021/11/30 00:12:58] [ info]  collectors:\n==5027==WARNING: MemorySanitizer: use-of-uninitialized-value\n    #0 0x5489b7  (/clusterfuzz/run_bot/clusterfuzz/bot/builds/fluent-bit_honggfuzz_msan/custom/flb-it-fuzz-parser_fuzzer_OSSFUZZ+0x5489b7)\n    #1 0x91508f  (/clusterfuzz/run_bot/clusterfuzz/bot/builds/fluent-bit_honggfuzz_msan/custom/flb-it-fuzz-parser_fuzzer_OSSFUZZ+0x91508f)\n    #2 0x937776  (/clusterfuzz/run_bot/clusterfuzz/bot/builds/fluent-bit_honggfuzz_msan/custom/flb-it-fuzz-parser_fuzzer_OSSFUZZ+0x937776)\n    #3 0x91504d  (/clusterfuzz/run_bot/clusterfuzz/bot/builds/fluent-bit_honggfuzz_msan/custom/flb-it-fuzz-parser_fuzzer_OSSFUZZ+0x91504d)\n    #4 0x548120  (/clusterfuzz/run_bot/clusterfuzz/bot/builds/fluent-bit_honggfuzz_msan/custom/flb-it-fuzz-parser_fuzzer_OSSFUZZ+0x548120)\n    #5 0x52a06a  (/clusterfuzz/run_bot/clusterfuzz/bot/builds/fluent-bit_honggfuzz_msan/custom/flb-it-fuzz-parser_fuzzer_OSSFUZZ+0x52a06a)\n    #6 0x5224c1  (/clusterfuzz/run_bot/clusterfuzz/bot/builds/fluent-bit_honggfuzz_msan/custom/flb-it-fuzz-parser_fuzzer_OSSFUZZ+0x5224c1)\n    #7 0x4dd2d5  (/clusterfuzz/run_bot/clusterfuzz/bot/builds/fluent-bit_honggfuzz_msan/custom/flb-it-fuzz-parser_fuzzer_OSSFUZZ+0x4dd2d5)\n    #8 0x4d1f0b  (/clusterfuzz/run_bot/clusterfuzz/bot/builds/fluent-bit_honggfuzz_msan/custom/flb-it-fuzz-parser_fuzzer_OSSFUZZ+0x4d1f0b)\n    #9 0x7ff61b66a0b2  (/lib/x86_64-linux-gnu/libc.so.6+0x270b2)\n    #10 0x44f92d  (/clusterfuzz/run_bot/clusterfuzz/bot/builds/fluent-bit_honggfuzz_msan/custom/flb-it-fuzz-parser_fuzzer_OSSFUZZ+0x44f92d)\n\n  Uninitialized value was created by a heap allocation\n    #0 0x48070d  (/clusterfuzz/run_bot/clusterfuzz/bot/builds/fluent-bit_honggfuzz_msan/custom/flb-it-fuzz-parser_fuzzer_OSSFUZZ+0x48070d)\n    #1 0x91f939  (/clusterfuzz/run_bot/clusterfuzz/bot/builds/fluent-bit_honggfuzz_msan/custom/flb-it-fuzz-parser_fuzzer_OSSFUZZ+0x91f939)\n", "minidump_keys": "", "minimized_arguments": "", "minimized_keys": "ee72cc57-9cad-401c-ad2b-c9f41da1b7a9", "one_time_crasher_flag": false, "open": true, "overridden_fuzzer_name": "honggfuzz_flb-it-fuzz-parser_fuzzer_OSSFUZZ", "platform": "linux", "platform_id": "linux", "project_name": "test-project", "queue": "jobs-linux", "redzone": 32, "regression": "NA", "security_flag": true, "security_severity": 2, "status": "Processed", "symbolized": false, "timeout_multiplier": 1.0, "timestamp": 1638106010, "triaged": false, "uploader_email": null, "window_argument": "", "id": 6134}, "timestamp": 1638106010.220984, "show_blame": false, "show_impact": false, "impacts_production": false, "find_similar_issues_options": [{"type": "open", "label": "Open"}, {"type": "all", "label": "All"}], "auto_delete_timestamp": null, "auto_close_timestamp": null, "memory_tool_display_label": "Sanitizer", "memory_tool_display_value": "memory (MSAN)", "last_tested": "1:1 (No component revisions found!)", "is_admin_or_not_oss_fuzz": true, "has_issue_tracker": false, "reproduction_help_url": "", "is_local_development": true, "fuzzer_display": {"engine": "honggfuzz", "target": "flb-it-fuzz-parser_fuzzer_OSSFUZZ", "name": "honggfuzz", "fully_qualified_name": "honggfuzz_flb-it-fuzz-parser_fuzzer_OSSFUZZ"}}