{"id": 6769, "crash_type": "Use-of-uninitialized-value", "crash_address": "", "crash_state": "sqlite3ParseUri\nopenDatabase\n_cgo_6eNUMBER_Cfunc__sqlite3_open_v2\n", "crash_state_lines": ["sqlite3ParseUri", "openDatabase", "_cgo_6eNUMBER_Cfunc__sqlite3_open_v2"], "crash_revision": 1, "csrf_token": "D6S+cXG/eQvjQp1jhkN2Yfq5FoCaAiuUjD0oLthouNSAPb8xaAgWvNikB3AHnFnrgfWQIz/OKB4owWUbxHHo3A==", "external_user": false, "footer": "[2021-11-28 13:30:21 UTC] snode9-20211128-16:45: Fuzz task : Fuzzer libFuzzer_fuzz_open_exec generated testcase crashed in 0 seconds (r1).\n[2021-11-28 13:32:31 UTC] comput6-20211128-14:48: Minimize task started.\n[2021-11-30 00:09:16 UTC] comput3-20211129-15:14: Progression task started.\n[2021-11-30 00:10:33 UTC] comput3-20211129-15:14: Progression task finished: still crashes on latest custom build.\n", "formatted_reproduction_help": "", "fixed": "NO", "fixed_full": null, "issue_url": null, "is_admin": true, "metadata": {"build_key": "bf90b27c-aba9-402f-acaf-75b4dc47b02b", "env": {"MSAN_OPTIONS": {}}, "fuzzer_binary_name": "fuzz_open_exec", "last_tested_crash_revision": null, "last_tested_crash_time": 1638231033, "last_tested_revision": null}, "minimized_testcase_size": "2 B", "needs_refresh": false, "original_testcase_size": "8 KB", "privileged_user": true, "regression": "NA", "crash_stacktrace": {"lines": [{"lineNumber": 1, "content": "[Environment] MSAN_OPTIONS=allocator_release_to_os_interval_ms=500:exitcode=77:halt_on_error=1:handle_abort=2:handle_segv=2:handle_sigbus=2:handle_sigfpe=2:handle_sigill=2:print_stats=1:print_summary=1:symbolize=0:use_sigaltstack=1", "important": false, "type": "Line"}, {"lineNumber": 2, "content": "+----------------------------------------Release Build Stacktrace----------------------------------------+", "important": false, "type": "Line"}, {"lineNumber": 3, "content": "INFO: Running with entropic power schedule (0xFF, 100).", "important": false, "type": "Line"}, {"lineNumber": 4, "content": "INFO: Seed: 1393414746", "important": false, "type": "Line"}, {"lineNumber": 5, "content": "INFO: 12151 Extra Counters", "important": false, "type": "Line"}, {"lineNumber": 6, "content": "INFO:        0 files found in /clusterfuzz/run_bot/clusterfuzz/bot/inputs/fuzzer-testcases-disk/temp-22/new", "important": false, "type": "Line"}, {"lineNumber": 7, "content": "INFO:        0 files found in /clusterfuzz/run_bot/clusterfuzz/bot/inputs/fuzzer-testcases-disk/temp-22/mutations", "important": false, "type": "Line"}, {"lineNumber": 8, "content": "INFO:        4 files found in /clusterfuzz/run_bot/clusterfuzz/bot/inputs/data-bundles/fuzz_open_exec", "important": false, "type": "Line"}, {"lineNumber": 9, "content": "INFO: -max_len is not provided; libFuzzer will not generate inputs larger than 8217 bytes", "important": false, "type": "Line"}, {"lineNumber": 10, "content": "INFO: seed corpus: files: 4 min: 1b max: 8217b total: 16437b rss: 63Mb", "important": false, "type": "Line"}, {"lineNumber": 11, "content": "Uninitialized bytes in __interceptor_strlen at offset 0 inside [0x701000000040, 13)", "important": false, "type": "Line"}, {"lineNumber": 12, "content": "==3922==WARNING: MemorySanitizer: use-of-uninitialized-value", "important": false, "type": "Line"}, {"lineNumber": 13, "content": "    #0 0x74d3c2 in sqlite3Strlen30 /_/github.com/mattn/go-sqlite3@/sqlite3-binding.c:31763:28", "important": false, "type": "Line"}, {"lineNumber": 14, "content": "    #1 0x74d3c2 in sqlite3ParseUri /_/github.com/mattn/go-sqlite3@/sqlite3-binding.c:167936:14", "important": true, "type": "Line"}, {"lineNumber": 15, "content": "    #2 0x6a7154 in openDatabase /_/github.com/mattn/go-sqlite3@/sqlite3-binding.c:168385:10", "important": true, "type": "Line"}, {"lineNumber": 16, "content": "    #3 0x68c7c4 in _sqlite3_open_v2 /_/github.com/mattn/go-sqlite3@/sqlite3.go:53:10", "important": false, "type": "Line"}, {"lineNumber": 17, "content": "    #4 0x68c7c4 in _cgo_6e4747213938_Cfunc__sqlite3_open_v2 /tmp/go-build/cgo-gcc-prolog:152:11", "important": false, "type": "Line"}, {"lineNumber": 18, "content": "    #5 0x58a847 in runtime.asmcgocall.abi0 runtime/asm_amd64.s:765", "important": false, "type": "Line"}, {"lineNumber": 19, "content": "", "important": false, "type": "Line"}, {"lineNumber": 20, "content": "SUMMARY: MemorySanitizer: use-of-uninitialized-value (/clusterfuzz/run_bot/clusterfuzz/bot/builds/go-sqlite3_libfuzzer_msan/custom/fuzz_open_exec+0x74d3c2)", "important": false, "type": "Line"}, {"lineNumber": 21, "content": "Exiting", "important": false, "type": "Line"}, {"lineNumber": 22, "content": "MS: 0 ; base unit: 0000000000000000000000000000000000000000", "important": false, "type": "Line"}, {"lineNumber": 23, "content": "artifact_prefix=&#x27;/clusterfuzz/run_bot/clusterfuzz/bot/inputs/fuzzer-testcases/&#x27;; Test unit written to /clusterfuzz/run_bot/clusterfuzz/bot/inputs/fuzzer-testcases/crash-d52901fb4bcc2377d233ca83ae522dd83cc9372e", "important": false, "type": "Line"}, {"lineNumber": 24, "content": "stat::number_of_executed_units: 4", "important": false, "type": "Line"}, {"lineNumber": 25, "content": "stat::average_exec_per_sec:     0", "important": false, "type": "Line"}, {"lineNumber": 26, "content": "stat::new_units_added:          0", "important": false, "type": "Line"}, {"lineNumber": 27, "content": "stat::slowest_unit_time_sec:    0", "important": false, "type": "Line"}, {"lineNumber": 28, "content": "stat::peak_rss_mb:              63", "important": false, "type": "Line"}, {"lineNumber": 29, "content": "", "important": false, "type": "Line"}, {"lineNumber": 30, "content": "", "important": false, "type": "Line"}, {"lineNumber": 31, "content": "+----------------------------------------Release Build Unsymbolized Stacktrace (diff)----------------------------------------+", "important": false, "type": "Line"}, {"lineNumber": 32, "content": "", "important": false, "type": "Line"}, {"lineNumber": 33, "content": "Uninitialized bytes in __interceptor_strlen at offset 0 inside [0x701000000040, 13)", "important": false, "type": "Line"}, {"lineNumber": 34, "content": "==3922==WARNING: MemorySanitizer: use-of-uninitialized-value", "important": false, "type": "Line"}, {"lineNumber": 35, "content": "    #0 0x74d3c2  (/clusterfuzz/run_bot/clusterfuzz/bot/builds/go-sqlite3_libfuzzer_msan/custom/fuzz_open_exec+0x74d3c2)", "important": false, "type": "Line"}, {"lineNumber": 36, "content": "    #1 0x6a7154  (/clusterfuzz/run_bot/clusterfuzz/bot/builds/go-sqlite3_libfuzzer_msan/custom/fuzz_open_exec+0x6a7154)", "important": false, "type": "Line"}, {"lineNumber": 37, "content": "    #2 0x68c7c4  (/clusterfuzz/run_bot/clusterfuzz/bot/builds/go-sqlite3_libfuzzer_msan/custom/fuzz_open_exec+0x68c7c4)", "important": false, "type": "Line"}, {"lineNumber": 38, "content": "    #3 0x58a847  (/clusterfuzz/run_bot/clusterfuzz/bot/builds/go-sqlite3_libfuzzer_msan/custom/fuzz_open_exec+0x58a847)", "important": false, "type": "Line"}], "revision": "1"}, "last_tested_crash_stacktrace": {"lines": [{"lineNumber": 1, "content": "[Environment] MSAN_OPTIONS=exitcode=77", "important": false, "type": "Line"}, {"lineNumber": 2, "content": "+----------------------------------------Release Build Stacktrace----------------------------------------+", "important": false, "type": "Line"}, {"lineNumber": 3, "content": "Command: /clusterfuzz/run_bot/clusterfuzz/bot/builds/go-sqlite3_libfuzzer_msan/custom/fuzz_open_exec -rss_limit_mb=2560 -timeout=60 -runs=100 /clusterfuzz/run_bot/clusterfuzz/bot/inputs/fuzzer-testcases/crash-d52901fb4bcc2377d233ca83ae522dd83cc9372e", "important": false, "type": "Line"}, {"lineNumber": 4, "content": "Time ran: 0.043177127838134766", "important": false, "type": "Line"}, {"lineNumber": 5, "content": "", "important": false, "type": "Line"}, {"lineNumber": 6, "content": "INFO: Running with entropic power schedule (0xFF, 100).", "important": false, "type": "Line"}, {"lineNumber": 7, "content": "INFO: Seed: 1657762759", "important": false, "type": "Line"}, {"lineNumber": 8, "content": "INFO: 12151 Extra Counters", "important": false, "type": "Line"}, {"lineNumber": 9, "content": "/clusterfuzz/run_bot/clusterfuzz/bot/builds/go-sqlite3_libfuzzer_msan/custom/fuzz_open_exec: Running 1 inputs 100 time(s) each.", "important": false, "type": "Line"}, {"lineNumber": 10, "content": "Running: /clusterfuzz/run_bot/clusterfuzz/bot/inputs/fuzzer-testcases/crash-d52901fb4bcc2377d233ca83ae522dd83cc9372e", "important": false, "type": "Line"}, {"lineNumber": 11, "content": "Uninitialized bytes in __interceptor_strlen at offset 0 inside [0x701000000060, 13)", "important": false, "type": "Line"}, {"lineNumber": 12, "content": "==21529==WARNING: MemorySanitizer: use-of-uninitialized-value", "important": false, "type": "Line"}, {"lineNumber": 13, "content": "    #0 0x74d3c2 in sqlite3Strlen30 /_/github.com/mattn/go-sqlite3@/sqlite3-binding.c:31763:28", "important": false, "type": "Line"}, {"lineNumber": 14, "content": "    #1 0x74d3c2 in sqlite3ParseUri /_/github.com/mattn/go-sqlite3@/sqlite3-binding.c:167936:14", "important": true, "type": "Line"}, {"lineNumber": 15, "content": "    #2 0x6a7154 in openDatabase /_/github.com/mattn/go-sqlite3@/sqlite3-binding.c:168385:10", "important": true, "type": "Line"}, {"lineNumber": 16, "content": "    #3 0x68c7c4 in _sqlite3_open_v2 /_/github.com/mattn/go-sqlite3@/sqlite3.go:53:10", "important": false, "type": "Line"}, {"lineNumber": 17, "content": "    #4 0x68c7c4 in _cgo_6e4747213938_Cfunc__sqlite3_open_v2 /tmp/go-build/cgo-gcc-prolog:152:11", "important": false, "type": "Line"}, {"lineNumber": 18, "content": "    #5 0x58a847 in runtime.asmcgocall.abi0 runtime/asm_amd64.s:765", "important": false, "type": "Line"}, {"lineNumber": 19, "content": "", "important": false, "type": "Line"}, {"lineNumber": 20, "content": "SUMMARY: MemorySanitizer: use-of-uninitialized-value (/clusterfuzz/run_bot/clusterfuzz/bot/builds/go-sqlite3_libfuzzer_msan/custom/fuzz_open_exec+0x74d3c2)", "important": false, "type": "Line"}, {"lineNumber": 21, "content": "Exiting", "important": false, "type": "Line"}, {"lineNumber": 22, "content": "", "important": false, "type": "Line"}, {"lineNumber": 23, "content": "", "important": false, "type": "Line"}, {"lineNumber": 24, "content": "+----------------------------------------Release Build Unsymbolized Stacktrace (diff)----------------------------------------+", "important": false, "type": "Line"}, {"lineNumber": 25, "content": "", "important": false, "type": "Line"}, {"lineNumber": 26, "content": "Uninitialized bytes in __interceptor_strlen at offset 0 inside [0x701000000060, 13)", "important": false, "type": "Line"}, {"lineNumber": 27, "content": "==21529==WARNING: MemorySanitizer: use-of-uninitialized-value", "important": false, "type": "Line"}, {"lineNumber": 28, "content": "    #0 0x74d3c2  (/clusterfuzz/run_bot/clusterfuzz/bot/builds/go-sqlite3_libfuzzer_msan/custom/fuzz_open_exec+0x74d3c2)", "important": false, "type": "Line"}, {"lineNumber": 29, "content": "    #1 0x6a7154  (/clusterfuzz/run_bot/clusterfuzz/bot/builds/go-sqlite3_libfuzzer_msan/custom/fuzz_open_exec+0x6a7154)", "important": false, "type": "Line"}, {"lineNumber": 30, "content": "    #2 0x68c7c4  (/clusterfuzz/run_bot/clusterfuzz/bot/builds/go-sqlite3_libfuzzer_msan/custom/fuzz_open_exec+0x68c7c4)", "important": false, "type": "Line"}, {"lineNumber": 31, "content": "    #3 0x58a847  (/clusterfuzz/run_bot/clusterfuzz/bot/builds/go-sqlite3_libfuzzer_msan/custom/fuzz_open_exec+0x58a847)", "important": false, "type": "Line"}], "revision": null}, "security_severity": "Medium", "security_severities": [{"value": 0, "name": "Critical"}, {"value": 1, "name": "High", "default": true}, {"value": 2, "name": "Medium"}, {"value": 3, "name": "Low"}, {"value": 4, "name": "Missing"}], "stats": {"min_hour": 1, "max_hour": 1}, "suspected_cls": null, "testcase": {"absolute_path": "/clusterfuzz/run_bot/clusterfuzz/bot/inputs/fuzzer-testcases/crash-d52901fb4bcc2377d233ca83ae522dd83cc9372e", "additional_metadata": "{\"build_key\": \"bf90b27c-aba9-402f-acaf-75b4dc47b02b\", \"env\": {\"MSAN_OPTIONS\": {}}, \"fuzzer_binary_name\": \"fuzz_open_exec\", \"last_tested_crash_revision\": null, \"last_tested_crash_time\": {\"__type__\": \"datetime\", \"day\": 30, \"hour\": 0, \"microsecond\": 655932, \"minute\": 10, \"month\": 11, \"second\": 33, \"year\": 2021}, \"last_tested_revision\": null}", "archive_filename": null, "archive_state": 0, "binary_flag": true, "bug_indices": [], "bug_information": "", "comments": "[2021-11-28 13:30:21 UTC] snode9-20211128-16:45: Fuzz task : Fuzzer libFuzzer_fuzz_open_exec generated testcase crashed in 0 seconds (r1).\n[2021-11-28 13:32:31 UTC] comput6-20211128-14:48: Minimize task started.\n[2021-11-30 00:09:16 UTC] comput3-20211129-15:14: Progression task started.\n[2021-11-30 00:10:33 UTC] comput3-20211129-15:14: Progression task finished: still crashes on latest custom build.\n", "crash_address": "", "crash_revision": 1, "crash_stacktrace": "[Environment] MSAN_OPTIONS=allocator_release_to_os_interval_ms=500:exitcode=77:halt_on_error=1:handle_abort=2:handle_segv=2:handle_sigbus=2:handle_sigfpe=2:handle_sigill=2:print_stats=1:print_summary=1:symbolize=0:use_sigaltstack=1\n+----------------------------------------Release Build Stacktrace----------------------------------------+\nINFO: Running with entropic power schedule (0xFF, 100).\nINFO: Seed: 1393414746\nINFO: 12151 Extra Counters\nINFO:        0 files found in /clusterfuzz/run_bot/clusterfuzz/bot/inputs/fuzzer-testcases-disk/temp-22/new\nINFO:        0 files found in /clusterfuzz/run_bot/clusterfuzz/bot/inputs/fuzzer-testcases-disk/temp-22/mutations\nINFO:        4 files found in /clusterfuzz/run_bot/clusterfuzz/bot/inputs/data-bundles/fuzz_open_exec\nINFO: -max_len is not provided; libFuzzer will not generate inputs larger than 8217 bytes\nINFO: seed corpus: files: 4 min: 1b max: 8217b total: 16437b rss: 63Mb\nUninitialized bytes in __interceptor_strlen at offset 0 inside [0x701000000040, 13)\n==3922==WARNING: MemorySanitizer: use-of-uninitialized-value\n    #0 0x74d3c2 in sqlite3Strlen30 /_/github.com/mattn/go-sqlite3@/sqlite3-binding.c:31763:28\n    #1 0x74d3c2 in sqlite3ParseUri /_/github.com/mattn/go-sqlite3@/sqlite3-binding.c:167936:14\n    #2 0x6a7154 in openDatabase /_/github.com/mattn/go-sqlite3@/sqlite3-binding.c:168385:10\n    #3 0x68c7c4 in _sqlite3_open_v2 /_/github.com/mattn/go-sqlite3@/sqlite3.go:53:10\n    #4 0x68c7c4 in _cgo_6e4747213938_Cfunc__sqlite3_open_v2 /tmp/go-build/cgo-gcc-prolog:152:11\n    #5 0x58a847 in runtime.asmcgocall.abi0 runtime/asm_amd64.s:765\n\nSUMMARY: MemorySanitizer: use-of-uninitialized-value (/clusterfuzz/run_bot/clusterfuzz/bot/builds/go-sqlite3_libfuzzer_msan/custom/fuzz_open_exec+0x74d3c2)\nExiting\nMS: 0 ; base unit: 0000000000000000000000000000000000000000\nartifact_prefix='/clusterfuzz/run_bot/clusterfuzz/bot/inputs/fuzzer-testcases/'; Test unit written to /clusterfuzz/run_bot/clusterfuzz/bot/inputs/fuzzer-testcases/crash-d52901fb4bcc2377d233ca83ae522dd83cc9372e\nstat::number_of_executed_units: 4\nstat::average_exec_per_sec:     0\nstat::new_units_added:          0\nstat::slowest_unit_time_sec:    0\nstat::peak_rss_mb:              63\n\n\n+----------------------------------------Release Build Unsymbolized Stacktrace (diff)----------------------------------------+\n\nUninitialized bytes in __interceptor_strlen at offset 0 inside [0x701000000040, 13)\n==3922==WARNING: MemorySanitizer: use-of-uninitialized-value\n    #0 0x74d3c2  (/clusterfuzz/run_bot/clusterfuzz/bot/builds/go-sqlite3_libfuzzer_msan/custom/fuzz_open_exec+0x74d3c2)\n    #1 0x6a7154  (/clusterfuzz/run_bot/clusterfuzz/bot/builds/go-sqlite3_libfuzzer_msan/custom/fuzz_open_exec+0x6a7154)\n    #2 0x68c7c4  (/clusterfuzz/run_bot/clusterfuzz/bot/builds/go-sqlite3_libfuzzer_msan/custom/fuzz_open_exec+0x68c7c4)\n    #3 0x58a847  (/clusterfuzz/run_bot/clusterfuzz/bot/builds/go-sqlite3_libfuzzer_msan/custom/fuzz_open_exec+0x58a847)\n", "crash_state": "sqlite3ParseUri\nopenDatabase\n_cgo_6eNUMBER_Cfunc__sqlite3_open_v2\n", "crash_type": "Use-of-uninitialized-value", "disable_ubsan": false, "duplicate_of": null, "fixed": "", "flaky_stack": false, "fuzzed_keys": "117c3ab3-345b-4130-abab-bbcf74b17eea", "fuzzer_name": "libFuzzer", "fuzzer_name_indices": ["libFuzzer_fuzz_open_exec", "libFuzzer"], "gestures": [], "group_bug_information": 0, "group_id": 0, "has_bug_flag": false, "http_flag": false, "impact_beta_version": null, "impact_beta_version_indices": [], "impact_beta_version_likely": null, "impact_extended_stable_version": null, "impact_extended_stable_version_indices": [], "impact_extended_stable_version_likely": null, "impact_head_version": null, "impact_head_version_indices": [], "impact_head_version_likely": null, "impact_indices": [], "impact_stable_version": null, "impact_stable_version_indices": [], "impact_stable_version_likely": null, "impact_version_indices": [], "is_a_duplicate_flag": false, "is_impact_set_flag": null, "is_leader": true, "job_type": "go-sqlite3_libfuzzer_msan", "keywords": ["cgo_6enumber_cfunc", "fuzzer_fuzz", "of-uninitialized", "6e", "_cgo_6enumber_cfunc__sqlite3", "cgo_6enumber_cfunc__sqlite3_open", "6enumber_cfunc__sqlite3", "number", "cgo_6e", "_cgo_6enumber", "_cgo_6enumber_cfunc__sqlite3_open", "libfuzzer_fuzz", "msan", "sqlite3parseuri", "libfuzzer_msan", "value", "libfuzzer_fuzz_open_exec", "cfunc__sqlite3", "cgo_6enumber_cfunc__sqlite3_open_v2", "sqlite3parse", "_cgo", "cgo_6enumber", "6enumber_cfunc", "sqlite3_libfuzzer_msan", "opendatabase", "number_cfunc__sqlite3", "fuzzer", "use", "uninitialized-value", "lib", "cfunc__sqlite3_open_v2", "cgo", "fuzzer_fuzz_open_exec", "uri", "number_cfunc", "libfuzzer_fuzz_open", "go", "6enumber_cfunc__sqlite3_open_v2", "exec", "go-sqlite3_libfuzzer_msan", "go-sqlite3", "fuzz", "sqlite3_open_v2", "use-of-uninitialized", "sqlite3_libfuzzer", "libfuzzer", "_cgo_6enumber_cfunc", "6enumber_cfunc__sqlite3_open", "open_exec", "of-uninitialized-value", "number_cfunc__sqlite3_open", "_cgo_6enumber_cfunc__sqlite3_open_v2", "of", "fuzzer_fuzz_open", "open_v2", "database", "cfunc__sqlite3_open", "sqlite3_open", "v2", "sqlite3", "cfunc", "fuzz_open", "6enumber", "use-of-uninitialized-value", "number_cfunc__sqlite3_open_v2", "open", "use-of", "fuzz_open_exec", "go-sqlite3_libfuzzer", "cgo_6enumber_cfunc__sqlite3", "uninitialized", "linux", "_cgo_6e"], "last_tested_crash_stacktrace": "[Environment] MSAN_OPTIONS=exitcode=77\n+----------------------------------------Release Build Stacktrace----------------------------------------+\nCommand: /clusterfuzz/run_bot/clusterfuzz/bot/builds/go-sqlite3_libfuzzer_msan/custom/fuzz_open_exec -rss_limit_mb=2560 -timeout=60 -runs=100 /clusterfuzz/run_bot/clusterfuzz/bot/inputs/fuzzer-testcases/crash-d52901fb4bcc2377d233ca83ae522dd83cc9372e\nTime ran: 0.043177127838134766\n\nINFO: Running with entropic power schedule (0xFF, 100).\nINFO: Seed: 1657762759\nINFO: 12151 Extra Counters\n/clusterfuzz/run_bot/clusterfuzz/bot/builds/go-sqlite3_libfuzzer_msan/custom/fuzz_open_exec: Running 1 inputs 100 time(s) each.\nRunning: /clusterfuzz/run_bot/clusterfuzz/bot/inputs/fuzzer-testcases/crash-d52901fb4bcc2377d233ca83ae522dd83cc9372e\nUninitialized bytes in __interceptor_strlen at offset 0 inside [0x701000000060, 13)\n==21529==WARNING: MemorySanitizer: use-of-uninitialized-value\n    #0 0x74d3c2 in sqlite3Strlen30 /_/github.com/mattn/go-sqlite3@/sqlite3-binding.c:31763:28\n    #1 0x74d3c2 in sqlite3ParseUri /_/github.com/mattn/go-sqlite3@/sqlite3-binding.c:167936:14\n    #2 0x6a7154 in openDatabase /_/github.com/mattn/go-sqlite3@/sqlite3-binding.c:168385:10\n    #3 0x68c7c4 in _sqlite3_open_v2 /_/github.com/mattn/go-sqlite3@/sqlite3.go:53:10\n    #4 0x68c7c4 in _cgo_6e4747213938_Cfunc__sqlite3_open_v2 /tmp/go-build/cgo-gcc-prolog:152:11\n    #5 0x58a847 in runtime.asmcgocall.abi0 runtime/asm_amd64.s:765\n\nSUMMARY: MemorySanitizer: use-of-uninitialized-value (/clusterfuzz/run_bot/clusterfuzz/bot/builds/go-sqlite3_libfuzzer_msan/custom/fuzz_open_exec+0x74d3c2)\nExiting\n\n\n+----------------------------------------Release Build Unsymbolized Stacktrace (diff)----------------------------------------+\n\nUninitialized bytes in __interceptor_strlen at offset 0 inside [0x701000000060, 13)\n==21529==WARNING: MemorySanitizer: use-of-uninitialized-value\n    #0 0x74d3c2  (/clusterfuzz/run_bot/clusterfuzz/bot/builds/go-sqlite3_libfuzzer_msan/custom/fuzz_open_exec+0x74d3c2)\n    #1 0x6a7154  (/clusterfuzz/run_bot/clusterfuzz/bot/builds/go-sqlite3_libfuzzer_msan/custom/fuzz_open_exec+0x6a7154)\n    #2 0x68c7c4  (/clusterfuzz/run_bot/clusterfuzz/bot/builds/go-sqlite3_libfuzzer_msan/custom/fuzz_open_exec+0x68c7c4)\n    #3 0x58a847  (/clusterfuzz/run_bot/clusterfuzz/bot/builds/go-sqlite3_libfuzzer_msan/custom/fuzz_open_exec+0x58a847)\n", "minidump_keys": "", "minimized_arguments": "-rss_limit_mb=2560 -timeout=60", "minimized_keys": "8d30fad4-6612-4abb-a290-105b76785266", "one_time_crasher_flag": false, "open": true, "overridden_fuzzer_name": "libFuzzer_fuzz_open_exec", "platform": "linux", "platform_id": "linux", "project_name": "test-project", "queue": "jobs-linux", "redzone": 64, "regression": "NA", "security_flag": true, "security_severity": 2, "status": "Processed", "symbolized": false, "timeout_multiplier": 1.0, "timestamp": 1638106221, "triaged": false, "uploader_email": null, "window_argument": "", "id": 6769}, "timestamp": 1638106221.063084, "show_blame": false, "show_impact": false, "impacts_production": false, "find_similar_issues_options": [{"type": "open", "label": "Open"}, {"type": "all", "label": "All"}], "auto_delete_timestamp": null, "auto_close_timestamp": null, "memory_tool_display_label": "Sanitizer", "memory_tool_display_value": "memory (MSAN)", "last_tested": "1:1 (No component revisions found!)", "is_admin_or_not_oss_fuzz": true, "has_issue_tracker": false, "reproduction_help_url": "", "is_local_development": true, "fuzzer_display": {"engine": "libFuzzer", "target": "fuzz_open_exec", "name": "libFuzzer", "fully_qualified_name": "libFuzzer_fuzz_open_exec"}}