{"id": 7226, "crash_type": "Heap-double-free", "crash_address": "0x61500007a000", "crash_state": "alloc.h\n", "crash_state_lines": ["alloc.h"], "crash_revision": 1, "csrf_token": "D6S+cXG/eQvjQp1jhkN2Yfq5FoCaAiuUjD0oLthouNSAPb8xaAgWvNikB3AHnFnrgfWQIz/OKB4owWUbxHHo3A==", "external_user": false, "footer": "[2021-11-28 13:29:21 UTC] snode6-20211128-16:43: Fuzz task : Fuzzer afl_format_command_fuzzer generated testcase crashed in 1 seconds (r1).\n", "formatted_reproduction_help": "", "fixed": "NA", "fixed_full": null, "issue_url": null, "is_admin": true, "metadata": {"build_key": "05535cc4-4da0-4766-8207-223cda42e2aa", "fuzzer_binary_name": "format_command_fuzzer", "fuzzing_strategies": {"corpus_subset": 75}}, "minimized_testcase_size": null, "needs_refresh": false, "original_testcase_size": "32 B", "privileged_user": true, "regression": "NA", "crash_stacktrace": {"lines": [{"lineNumber": 1, "content": "[Environment] ASAN_OPTIONS=abort_on_error=1:alloc_dealloc_mismatch=0:allocator_may_return_null=1:allocator_release_to_os_interval_ms=500:allow_user_segv_handler=0:check_malloc_usable_size=0:detect_leaks=1:detect_odr_violation=0:detect_stack_use_after_return=1:fast_unwind_on_fatal=0:handle_abort=2:handle_segv=2:handle_sigbus=2:handle_sigfpe=2:handle_sigill=2:max_uar_stack_size_log=16:print_scariness=1:print_summary=1:print_suppressions=0:quarantine_size_mb=64:redzone=512:strict_memcmp=1:symbolize=0:use_sigaltstack=1", "important": false, "type": "Line"}, {"lineNumber": 2, "content": "+----------------------------------------Release Build Stacktrace----------------------------------------+", "important": false, "type": "Line"}, {"lineNumber": 3, "content": "=================================================================", "important": false, "type": "Line"}, {"lineNumber": 4, "content": "==4930==ERROR: AddressSanitizer: attempting double-free on 0x61500007a000 in thread T0:", "important": false, "type": "Line"}, {"lineNumber": 5, "content": "SCARINESS: 42 (double-free)", "important": false, "type": "Line"}, {"lineNumber": 6, "content": "    #0 0x49e49f in free /src/llvm-project/compiler-rt/lib/asan/asan_malloc_linux.cpp:111:3", "important": false, "type": "Line"}, {"lineNumber": 7, "content": "    #1 0x4d646f in hi_free /src/hiredis/alloc.h:79:5", "important": true, "type": "Line"}, {"lineNumber": 8, "content": "    #2 0x4d646f in LLVMFuzzerTestOneInput /src/hiredis/format_command_fuzzer.c:54:9", "important": false, "type": "Line"}, {"lineNumber": 9, "content": "    #3 0x4d576f in main /src/aflplusplus/utils/aflpp_driver/aflpp_driver.c:303:7", "important": false, "type": "Line"}, {"lineNumber": 10, "content": "    #4 0x7f2bba6620b2 in __libc_start_main", "important": false, "type": "Line"}, {"lineNumber": 11, "content": "    #5 0x41d4ad in _start", "important": false, "type": "Line"}, {"lineNumber": 12, "content": "", "important": false, "type": "Line"}, {"lineNumber": 13, "content": "0x61500007a000 is located 0 bytes inside of 15-byte region [0x61500007a000,0x61500007a00f)", "important": false, "type": "Line"}, {"lineNumber": 14, "content": "freed by thread T0 here:", "important": false, "type": "Line"}, {"lineNumber": 15, "content": "    #0 0x49e49f in free /src/llvm-project/compiler-rt/lib/asan/asan_malloc_linux.cpp:111:3", "important": false, "type": "Line"}, {"lineNumber": 16, "content": "", "important": false, "type": "Line"}, {"lineNumber": 17, "content": "previously allocated by thread T0 here:", "important": false, "type": "Line"}, {"lineNumber": 18, "content": "    #0 0x49e70a in __interceptor_malloc /src/llvm-project/compiler-rt/lib/asan/asan_malloc_linux.cpp:129:3", "important": false, "type": "Line"}, {"lineNumber": 19, "content": "", "important": false, "type": "Line"}, {"lineNumber": 20, "content": "SUMMARY: AddressSanitizer: double-free (/clusterfuzz/run_bot/clusterfuzz/bot/builds/hiredis_afl_asan/custom/format_command_fuzzer+0x49e49f)", "important": false, "type": "Line"}, {"lineNumber": 21, "content": "==4930==ABORTING", "important": false, "type": "Line"}, {"lineNumber": 22, "content": "", "important": false, "type": "Line"}, {"lineNumber": 23, "content": "", "important": false, "type": "Line"}, {"lineNumber": 24, "content": "+----------------------------------------Release Build Unsymbolized Stacktrace (diff)----------------------------------------+", "important": false, "type": "Line"}, {"lineNumber": 25, "content": "", "important": false, "type": "Line"}, {"lineNumber": 26, "content": "==4930==ERROR: AddressSanitizer: attempting double-free on 0x61500007a000 in thread T0:", "important": false, "type": "Line"}, {"lineNumber": 27, "content": "SCARINESS: 42 (double-free)", "important": false, "type": "Line"}, {"lineNumber": 28, "content": "    #0 0x49e49f  (/clusterfuzz/run_bot/clusterfuzz/bot/builds/hiredis_afl_asan/custom/format_command_fuzzer+0x49e49f)", "important": false, "type": "Line"}, {"lineNumber": 29, "content": "    #1 0x4d646f  (/clusterfuzz/run_bot/clusterfuzz/bot/builds/hiredis_afl_asan/custom/format_command_fuzzer+0x4d646f)", "important": false, "type": "Line"}, {"lineNumber": 30, "content": "    #2 0x4d576f  (/clusterfuzz/run_bot/clusterfuzz/bot/builds/hiredis_afl_asan/custom/format_command_fuzzer+0x4d576f)", "important": false, "type": "Line"}, {"lineNumber": 31, "content": "    #3 0x7f2bba6620b2  (/lib/x86_64-linux-gnu/libc.so.6+0x270b2)", "important": false, "type": "Line"}, {"lineNumber": 32, "content": "    #4 0x41d4ad  (/clusterfuzz/run_bot/clusterfuzz/bot/builds/hiredis_afl_asan/custom/format_command_fuzzer+0x41d4ad)", "important": false, "type": "Line"}, {"lineNumber": 33, "content": "", "important": false, "type": "Line"}, {"lineNumber": 34, "content": "0x61500007a000 is located 0 bytes inside of 15-byte region [0x61500007a000,0x61500007a00f)", "important": false, "type": "Line"}, {"lineNumber": 35, "content": "freed by thread T0 here:", "important": false, "type": "Line"}, {"lineNumber": 36, "content": "    #0 0x49e49f  (/clusterfuzz/run_bot/clusterfuzz/bot/builds/hiredis_afl_asan/custom/format_command_fuzzer+0x49e49f)", "important": false, "type": "Line"}, {"lineNumber": 37, "content": "", "important": false, "type": "Line"}, {"lineNumber": 38, "content": "previously allocated by thread T0 here:", "important": false, "type": "Line"}, {"lineNumber": 39, "content": "    #0 0x49e70a  (/clusterfuzz/run_bot/clusterfuzz/bot/builds/hiredis_afl_asan/custom/format_command_fuzzer+0x49e70a)", "important": false, "type": "Line"}], "revision": "1"}, "last_tested_crash_stacktrace": {"lines": [], "revision": null}, "security_severity": "High", "security_severities": [{"value": 0, "name": "Critical"}, {"value": 1, "name": "High", "default": true}, {"value": 2, "name": "Medium"}, {"value": 3, "name": "Low"}, {"value": 4, "name": "Missing"}], "stats": {"min_hour": 1, "max_hour": 1}, "suspected_cls": null, "testcase": {"absolute_path": "/clusterfuzz/run_bot/clusterfuzz/bot/inputs/fuzzer-testcases/crash", "additional_metadata": "{\"build_key\": \"05535cc4-4da0-4766-8207-223cda42e2aa\", \"fuzzer_binary_name\": \"format_command_fuzzer\", \"fuzzing_strategies\": {\"corpus_subset\": 75}}", "archive_filename": null, "archive_state": 0, "binary_flag": true, "bug_indices": [], "bug_information": "", "comments": "[2021-11-28 13:29:21 UTC] snode6-20211128-16:43: Fuzz task : Fuzzer afl_format_command_fuzzer generated testcase crashed in 1 seconds (r1).\n", "crash_address": "0x61500007a000", "crash_revision": 1, "crash_stacktrace": "[Environment] ASAN_OPTIONS=abort_on_error=1:alloc_dealloc_mismatch=0:allocator_may_return_null=1:allocator_release_to_os_interval_ms=500:allow_user_segv_handler=0:check_malloc_usable_size=0:detect_leaks=1:detect_odr_violation=0:detect_stack_use_after_return=1:fast_unwind_on_fatal=0:handle_abort=2:handle_segv=2:handle_sigbus=2:handle_sigfpe=2:handle_sigill=2:max_uar_stack_size_log=16:print_scariness=1:print_summary=1:print_suppressions=0:quarantine_size_mb=64:redzone=512:strict_memcmp=1:symbolize=0:use_sigaltstack=1\n+----------------------------------------Release Build Stacktrace----------------------------------------+\n=================================================================\n==4930==ERROR: AddressSanitizer: attempting double-free on 0x61500007a000 in thread T0:\nSCARINESS: 42 (double-free)\n    #0 0x49e49f in free /src/llvm-project/compiler-rt/lib/asan/asan_malloc_linux.cpp:111:3\n    #1 0x4d646f in hi_free /src/hiredis/alloc.h:79:5\n    #2 0x4d646f in LLVMFuzzerTestOneInput /src/hiredis/format_command_fuzzer.c:54:9\n    #3 0x4d576f in main /src/aflplusplus/utils/aflpp_driver/aflpp_driver.c:303:7\n    #4 0x7f2bba6620b2 in __libc_start_main\n    #5 0x41d4ad in _start\n\n0x61500007a000 is located 0 bytes inside of 15-byte region [0x61500007a000,0x61500007a00f)\nfreed by thread T0 here:\n    #0 0x49e49f in free /src/llvm-project/compiler-rt/lib/asan/asan_malloc_linux.cpp:111:3\n\npreviously allocated by thread T0 here:\n    #0 0x49e70a in __interceptor_malloc /src/llvm-project/compiler-rt/lib/asan/asan_malloc_linux.cpp:129:3\n\nSUMMARY: AddressSanitizer: double-free (/clusterfuzz/run_bot/clusterfuzz/bot/builds/hiredis_afl_asan/custom/format_command_fuzzer+0x49e49f)\n==4930==ABORTING\n\n\n+----------------------------------------Release Build Unsymbolized Stacktrace (diff)----------------------------------------+\n\n==4930==ERROR: AddressSanitizer: attempting double-free on 0x61500007a000 in thread T0:\nSCARINESS: 42 (double-free)\n    #0 0x49e49f  (/clusterfuzz/run_bot/clusterfuzz/bot/builds/hiredis_afl_asan/custom/format_command_fuzzer+0x49e49f)\n    #1 0x4d646f  (/clusterfuzz/run_bot/clusterfuzz/bot/builds/hiredis_afl_asan/custom/format_command_fuzzer+0x4d646f)\n    #2 0x4d576f  (/clusterfuzz/run_bot/clusterfuzz/bot/builds/hiredis_afl_asan/custom/format_command_fuzzer+0x4d576f)\n    #3 0x7f2bba6620b2  (/lib/x86_64-linux-gnu/libc.so.6+0x270b2)\n    #4 0x41d4ad  (/clusterfuzz/run_bot/clusterfuzz/bot/builds/hiredis_afl_asan/custom/format_command_fuzzer+0x41d4ad)\n\n0x61500007a000 is located 0 bytes inside of 15-byte region [0x61500007a000,0x61500007a00f)\nfreed by thread T0 here:\n    #0 0x49e49f  (/clusterfuzz/run_bot/clusterfuzz/bot/builds/hiredis_afl_asan/custom/format_command_fuzzer+0x49e49f)\n\npreviously allocated by thread T0 here:\n    #0 0x49e70a  (/clusterfuzz/run_bot/clusterfuzz/bot/builds/hiredis_afl_asan/custom/format_command_fuzzer+0x49e70a)\n", "crash_state": "alloc.h\n", "crash_type": "Heap-double-free", "disable_ubsan": false, "duplicate_of": null, "fixed": "NA", "flaky_stack": false, "fuzzed_keys": "6139ebf0-7968-4ed0-a550-de3cc083dd56", "fuzzer_name": "afl", "fuzzer_name_indices": ["afl_format_command_fuzzer", "afl"], "gestures": [], "group_bug_information": 0, "group_id": 8403, "has_bug_flag": false, "http_flag": false, "impact_beta_version": null, "impact_beta_version_indices": [], "impact_beta_version_likely": null, "impact_extended_stable_version": null, "impact_extended_stable_version_indices": [], "impact_extended_stable_version_likely": null, "impact_head_version": null, "impact_head_version_indices": [], "impact_head_version_likely": null, "impact_indices": [], "impact_stable_version": null, "impact_stable_version_indices": [], "impact_stable_version_likely": null, "impact_version_indices": [], "is_a_duplicate_flag": false, "is_impact_set_flag": null, "is_leader": true, "job_type": "hiredis_afl_asan", "keywords": ["asan", "afl_asan", "heap", "afl_format_command", "command", "afl", "afl_format", "format_command", "h", "format_command_fuzzer", "afl_format_command_fuzzer", "heap-double-free", "alloc", "linux", "heap-double", "command_fuzzer", "double-free", "free", "alloc.h", "format", "hiredis_afl", "double", "hiredis_afl_asan", "fuzzer", "hiredis"], "last_tested_crash_stacktrace": null, "minidump_keys": "", "minimized_arguments": "", "minimized_keys": "NA", "one_time_crasher_flag": true, "open": true, "overridden_fuzzer_name": "afl_format_command_fuzzer", "platform": "linux", "platform_id": "linux", "project_name": "test-project", "queue": "jobs-linux", "redzone": 512, "regression": "NA", "security_flag": true, "security_severity": 1, "status": "Processed", "symbolized": false, "timeout_multiplier": 1.0, "timestamp": 1638106161, "triaged": false, "uploader_email": null, "window_argument": "", "id": 7226}, "timestamp": 1638106161.234007, "show_blame": false, "show_impact": false, "impacts_production": false, "find_similar_issues_options": [{"type": "open", "label": "Open"}, {"type": "all", "label": "All"}], "auto_delete_timestamp": 1638710961.234007, "auto_close_timestamp": null, "memory_tool_display_label": "Sanitizer", "memory_tool_display_value": "address (ASAN)", "last_tested": "1:1 (No component revisions found!)", "is_admin_or_not_oss_fuzz": true, "has_issue_tracker": false, "reproduction_help_url": "", "is_local_development": true, "fuzzer_display": {"engine": "afl", "target": "format_command_fuzzer", "name": "afl", "fully_qualified_name": "afl_format_command_fuzzer"}}