{"id": 8513, "crash_type": "Index out of range", "crash_address": "", "crash_state": "gopacket.(*lazyPacket).decodeNextLayer\ngopacket.(*lazyPacket).Layers\n", "crash_state_lines": ["gopacket.(*lazyPacket).decodeNextLayer", "gopacket.(*lazyPacket).Layers"], "crash_revision": 1, "csrf_token": "D6S+cXG/eQvjQp1jhkN2Yfq5FoCaAiuUjD0oLthouNSAPb8xaAgWvNikB3AHnFnrgfWQIz/OKB4owWUbxHHo3A==", "external_user": false, "footer": "[2021-11-28 13:29:18 UTC] comput4-20211128-16:36: Fuzz task : Fuzzer afl_fuzz_layers generated testcase crashed in 1 seconds (r1).\n[2021-11-28 13:40:08 UTC] comput7-20211128-16:38: Minimize task started.\n[2021-11-28 13:41:26 UTC] comput7-20211128-16:38: Minimize task errored out: Engine does not support minimization.\n[2021-11-30 00:09:00 UTC] comput5-20211129-15:14: Progression task started.\n[2021-11-30 00:10:18 UTC] comput5-20211129-15:14: Progression task finished: still crashes on latest custom build.\n", "formatted_reproduction_help": "", "fixed": "NO", "fixed_full": null, "issue_url": null, "is_admin": true, "metadata": {"build_key": "468e3fd1-3386-48d9-b1d4-25efa17254db", "fuzzer_binary_name": "fuzz_layers", "last_tested_crash_revision": null, "last_tested_crash_time": 1638231018, "last_tested_revision": null}, "minimized_testcase_size": "4 B", "needs_refresh": false, "original_testcase_size": "4 B", "privileged_user": true, "regression": "NA", "crash_stacktrace": {"lines": [{"lineNumber": 1, "content": "[Environment] ASAN_OPTIONS=abort_on_error=1:alloc_dealloc_mismatch=0:allocator_may_return_null=1:allocator_release_to_os_interval_ms=500:allow_user_segv_handler=0:check_malloc_usable_size=0:detect_leaks=1:detect_odr_violation=0:detect_stack_use_after_return=1:fast_unwind_on_fatal=0:handle_abort=2:handle_segv=2:handle_sigbus=2:handle_sigfpe=2:handle_sigill=2:max_uar_stack_size_log=16:print_scariness=1:print_summary=1:print_suppressions=0:quarantine_size_mb=64:redzone=32:strict_memcmp=1:symbolize=0:use_sigaltstack=1", "important": false, "type": "Line"}, {"lineNumber": 2, "content": "+----------------------------------------Release Build Stacktrace----------------------------------------+", "important": false, "type": "Line"}, {"lineNumber": 3, "content": "panic: runtime error: slice bounds out of range [:6] with capacity 4", "important": false, "type": "Line"}, {"lineNumber": 4, "content": "", "important": false, "type": "Line"}, {"lineNumber": 5, "content": "goroutine 17 [running, locked to thread]:", "important": false, "type": "Line"}, {"lineNumber": 6, "content": "github.com/google/gopacket/layers.(*USBRequestBlockSetup).DecodeFromBytes(0x0, {0x7fc0bf1fc007, 0x10c000210840, 0x4e4c47}, {0x38, 0x6d3840})", "important": false, "type": "Line"}, {"lineNumber": 7, "content": "\tgithub.com/google/gopacket/layers/usb.go:222 +0x132", "important": false, "type": "Line"}, {"lineNumber": 8, "content": "github.com/google/gopacket/layers.decodingLayerDecoder({0x6e74b8, 0x10c000205440}, {0x7fc0bf1fc007, 0x4, 0x4}, {0x6e7d70, 0x10c000210840})", "important": false, "type": "Line"}, {"lineNumber": 9, "content": "\tgithub.com/google/gopacket/layers/base.go:39 +0x88", "important": false, "type": "Line"}, {"lineNumber": 10, "content": "github.com/google/gopacket/layers.decodeUSBRequestBlockSetup({0x7fc0bf1fc007, 0x4, 0x4}, {0x6e7d70, 0x10c000210840})", "important": false, "type": "Line"}, {"lineNumber": 11, "content": "\tgithub.com/google/gopacket/layers/usb.go:231 +0x70", "important": false, "type": "Line"}, {"lineNumber": 12, "content": "github.com/google/gopacket.DecodeFunc.Decode(0x0, {0x7fc0bf1fc007, 0x57ba47, 0x0}, {0x6e7d70, 0x10c000210840})", "important": false, "type": "Line"}, {"lineNumber": 13, "content": "\tgithub.com/google/gopacket/decode.go:87 +0x4d", "important": false, "type": "Line"}, {"lineNumber": 14, "content": "github.com/google/gopacket.LayerType.Decode(0x6d, {0x7fc0bf1fc007, 0x4, 0x4}, {0x6e7d70, 0x10c000210840})", "important": false, "type": "Line"}, {"lineNumber": 15, "content": "\tgithub.com/google/gopacket/layertype.go:95 +0x12d", "important": false, "type": "Line"}, {"lineNumber": 16, "content": "github.com/google/gopacket.(*lazyPacket).decodeNextLayer(0x10c000210840)", "important": true, "type": "Line"}, {"lineNumber": 17, "content": "\tgithub.com/google/gopacket/packet.go:527 +0x18b", "important": false, "type": "Line"}, {"lineNumber": 18, "content": "github.com/google/gopacket.(*lazyPacket).Layers(0x10c000210840)", "important": true, "type": "Line"}, {"lineNumber": 19, "content": "\tgithub.com/google/gopacket/packet.go:564 +0x3e", "important": false, "type": "Line"}, {"lineNumber": 20, "content": "github.com/google/gopacket/layers.FuzzLayer({0x7fc0bf1fc004, 0x7, 0x7})", "important": false, "type": "Line"}, {"lineNumber": 21, "content": "\tgithub.com/google/gopacket/layers/fuzz_layer.go:32 +0x15e", "important": false, "type": "Line"}, {"lineNumber": 22, "content": "main.LLVMFuzzerTestOneInput(...)", "important": false, "type": "Line"}, {"lineNumber": 23, "content": "\t./main.4138260126.go:21", "important": false, "type": "Line"}, {"lineNumber": 24, "content": "panic: runtime error: index out of range [1] with length 1", "important": false, "type": "Line"}, {"lineNumber": 25, "content": "", "important": false, "type": "Line"}, {"lineNumber": 26, "content": "goroutine 17 [running, locked to thread]:", "important": false, "type": "Line"}, {"lineNumber": 27, "content": "github.com/google/gopacket/layers.(*GRE).DecodeFromBytes(0x10c0000622a0, {0x7fc0bf1fc007, 0x1, 0x1}, {0x58, 0x6dc6c0})", "important": false, "type": "Line"}, {"lineNumber": 28, "content": "\tgithub.com/google/gopacket/layers/gre.go:45 +0x725", "important": false, "type": "Line"}, {"lineNumber": 29, "content": "github.com/google/gopacket/layers.decodingLayerDecoder({0x6e6e38, 0x10c0000622a0}, {0x7fc0bf1fc007, 0x1, 0x1}, {0x6e7d70, 0x10c0000e3600})", "important": false, "type": "Line"}, {"lineNumber": 30, "content": "\tgithub.com/google/gopacket/layers/base.go:39 +0x88", "important": false, "type": "Line"}, {"lineNumber": 31, "content": "github.com/google/gopacket/layers.decodeGRE({0x7fc0bf1fc007, 0x1, 0x1}, {0x6e7d70, 0x10c0000e3600})", "important": false, "type": "Line"}, {"lineNumber": 32, "content": "\tgithub.com/google/gopacket/layers/gre.go:199 +0x70", "important": false, "type": "Line"}, {"lineNumber": 33, "content": "github.com/google/gopacket.DecodeFunc.Decode(0x0, {0x7fc0bf1fc007, 0x57ba47, 0x0}, {0x6e7d70, 0x10c0000e3600})", "important": false, "type": "Line"}, {"lineNumber": 34, "content": "\tgithub.com/google/gopacket/decode.go:87 +0x4d", "important": false, "type": "Line"}, {"lineNumber": 35, "content": "github.com/google/gopacket.LayerType.Decode(0x12, {0x7fc0bf1fc007, 0x1, 0x1}, {0x6e7d70, 0x10c0000e3600})", "important": false, "type": "Line"}, {"lineNumber": 36, "content": "\tgithub.com/google/gopacket/layertype.go:95 +0x12d", "important": false, "type": "Line"}, {"lineNumber": 37, "content": "github.com/google/gopacket.(*lazyPacket).decodeNextLayer(0x10c0000e3600)", "important": true, "type": "Line"}, {"lineNumber": 38, "content": "\tgithub.com/google/gopacket/packet.go:527 +0x18b", "important": false, "type": "Line"}, {"lineNumber": 39, "content": "github.com/google/gopacket.(*lazyPacket).Layers(0x10c0000e3600)", "important": true, "type": "Line"}, {"lineNumber": 40, "content": "\tgithub.com/google/gopacket/packet.go:564 +0x3e", "important": false, "type": "Line"}, {"lineNumber": 41, "content": "github.com/google/gopacket/layers.FuzzLayer({0x7fc0bf1fc004, 0x4, 0x4})", "important": false, "type": "Line"}, {"lineNumber": 42, "content": "\tgithub.com/google/gopacket/layers/fuzz_layer.go:32 +0x15e", "important": false, "type": "Line"}, {"lineNumber": 43, "content": "main.LLVMFuzzerTestOneInput(...)", "important": false, "type": "Line"}, {"lineNumber": 44, "content": "\t./main.4138260126.go:21", "important": false, "type": "Line"}], "revision": "1"}, "last_tested_crash_stacktrace": {"lines": [{"lineNumber": 1, "content": "[Environment] ASAN_OPTIONS=abort_on_error=1:alloc_dealloc_mismatch=0:allocator_may_return_null=1:allocator_release_to_os_interval_ms=500:allow_user_segv_handler=0:check_malloc_usable_size=0:detect_leaks=1:detect_odr_violation=0:detect_stack_use_after_return=1:fast_unwind_on_fatal=0:handle_abort=2:handle_segv=2:handle_sigbus=2:handle_sigfpe=2:handle_sigill=2:max_uar_stack_size_log=16:print_scariness=1:print_summary=1:print_suppressions=0:quarantine_size_mb=64:redzone=32:strict_memcmp=1:symbolize=0:use_sigaltstack=1", "important": false, "type": "Line"}, {"lineNumber": 2, "content": "+----------------------------------------Release Build Stacktrace----------------------------------------+", "important": false, "type": "Line"}, {"lineNumber": 3, "content": "Command: /clusterfuzz/run_bot/clusterfuzz/bot/builds/gopacket_afl_asan/custom/fuzz_layers /clusterfuzz/run_bot/clusterfuzz/bot/inputs/fuzzer-testcases/crash", "important": false, "type": "Line"}, {"lineNumber": 4, "content": "Time ran: 0.014680862426757812", "important": false, "type": "Line"}, {"lineNumber": 5, "content": "", "important": false, "type": "Line"}, {"lineNumber": 6, "content": "panic: runtime error: slice bounds out of range [:7] with capacity 1", "important": false, "type": "Line"}, {"lineNumber": 7, "content": "", "important": false, "type": "Line"}, {"lineNumber": 8, "content": "goroutine 17 [running, locked to thread]:", "important": false, "type": "Line"}, {"lineNumber": 9, "content": "github.com/google/gopacket/layers.decodeFDDI({0x10c00001a3bc, 0x4e2c2e, 0x621910}, {0x6e7d70, 0x10c000208160})", "important": false, "type": "Line"}, {"lineNumber": 10, "content": "\tgithub.com/google/gopacket/layers/fddi.go:34 +0x208", "important": false, "type": "Line"}, {"lineNumber": 11, "content": "github.com/google/gopacket.DecodeFunc.Decode(0x0, {0x10c00001a3bc, 0x0, 0x0}, {0x6e7d70, 0x10c000208160})", "important": false, "type": "Line"}, {"lineNumber": 12, "content": "\tgithub.com/google/gopacket/decode.go:87 +0x4d", "important": false, "type": "Line"}, {"lineNumber": 13, "content": "github.com/google/gopacket.LayerType.Decode(0x35, {0x10c00001a3bc, 0x1, 0x1}, {0x6e7d70, 0x10c000208160})", "important": false, "type": "Line"}, {"lineNumber": 14, "content": "\tgithub.com/google/gopacket/layertype.go:95 +0x12d", "important": false, "type": "Line"}, {"lineNumber": 15, "content": "github.com/google/gopacket.(*lazyPacket).decodeNextLayer(0x10c000208160)", "important": true, "type": "Line"}, {"lineNumber": 16, "content": "\tgithub.com/google/gopacket/packet.go:527 +0x18b", "important": false, "type": "Line"}, {"lineNumber": 17, "content": "github.com/google/gopacket.(*lazyPacket).Layers(0x10c000208160)", "important": true, "type": "Line"}, {"lineNumber": 18, "content": "\tgithub.com/google/gopacket/packet.go:564 +0x3e", "important": false, "type": "Line"}, {"lineNumber": 19, "content": "github.com/google/gopacket/layers.FuzzLayer({0x7f70b6ffc800, 0x4, 0x4})", "important": false, "type": "Line"}, {"lineNumber": 20, "content": "\tgithub.com/google/gopacket/layers/fuzz_layer.go:32 +0x15e", "important": false, "type": "Line"}, {"lineNumber": 21, "content": "main.LLVMFuzzerTestOneInput(...)", "important": false, "type": "Line"}, {"lineNumber": 22, "content": "\t./main.4138260126.go:21", "important": false, "type": "Line"}, {"lineNumber": 23, "content": "AddressSanitizer:DEADLYSIGNAL", "important": false, "type": "Line"}, {"lineNumber": 24, "content": "=================================================================", "important": false, "type": "Line"}, {"lineNumber": 25, "content": "==106176==ERROR: AddressSanitizer: ABRT on unknown address 0x03e800019ec0 (pc 0x000000537101 bp 0x10c0000c2a98 sp 0x10c0000c2a80 T0)", "important": false, "type": "Line"}, {"lineNumber": 26, "content": "SCARINESS: 10 (signal)", "important": false, "type": "Line"}, {"lineNumber": 27, "content": "    #0 0x537101 in runtime.raise.abi0 runtime/sys_linux_amd64.s:165", "important": false, "type": "Line"}, {"lineNumber": 28, "content": "", "important": false, "type": "Line"}, {"lineNumber": 29, "content": "AddressSanitizer can not provide additional info.", "important": false, "type": "Line"}, {"lineNumber": 30, "content": "SUMMARY: AddressSanitizer: ABRT (/clusterfuzz/run_bot/clusterfuzz/bot/builds/gopacket_afl_asan/custom/fuzz_layers+0x537101)", "important": false, "type": "Line"}, {"lineNumber": 31, "content": "==106176==ABORTING", "important": false, "type": "Line"}, {"lineNumber": 32, "content": "", "important": false, "type": "Line"}, {"lineNumber": 33, "content": "", "important": false, "type": "Line"}, {"lineNumber": 34, "content": "+----------------------------------------Release Build Unsymbolized Stacktrace (diff)----------------------------------------+", "important": false, "type": "Line"}, {"lineNumber": 35, "content": "", "important": false, "type": "Line"}, {"lineNumber": 36, "content": "==106176==ERROR: AddressSanitizer: ABRT on unknown address 0x03e800019ec0 (pc 0x000000537101 bp 0x10c0000c2a98 sp 0x10c0000c2a80 T0)", "important": false, "type": "Line"}, {"lineNumber": 37, "content": "SCARINESS: 10 (signal)", "important": false, "type": "Line"}, {"lineNumber": 38, "content": "    #0 0x537101  (/clusterfuzz/run_bot/clusterfuzz/bot/builds/gopacket_afl_asan/custom/fuzz_layers+0x537101)", "important": false, "type": "Line"}, {"lineNumber": 39, "content": "", "important": false, "type": "Line"}, {"lineNumber": 40, "content": "AddressSanitizer can not provide additional info.", "important": false, "type": "Line"}], "revision": null}, "security_severity": null, "security_severities": [{"value": 0, "name": "Critical"}, {"value": 1, "name": "High", "default": true}, {"value": 2, "name": "Medium"}, {"value": 3, "name": "Low"}, {"value": 4, "name": "Missing"}], "stats": {"min_hour": 1, "max_hour": 1}, "suspected_cls": null, "testcase": {"absolute_path": "/clusterfuzz/run_bot/clusterfuzz/bot/inputs/fuzzer-testcases/crash", "additional_metadata": "{\"build_key\": \"468e3fd1-3386-48d9-b1d4-25efa17254db\", \"fuzzer_binary_name\": \"fuzz_layers\", \"last_tested_crash_revision\": null, \"last_tested_crash_time\": {\"__type__\": \"datetime\", \"day\": 30, \"hour\": 0, \"microsecond\": 129659, \"minute\": 10, \"month\": 11, \"second\": 18, \"year\": 2021}, \"last_tested_revision\": null}", "archive_filename": null, "archive_state": 0, "binary_flag": true, "bug_indices": [], "bug_information": "", "comments": "[2021-11-28 13:29:18 UTC] comput4-20211128-16:36: Fuzz task : Fuzzer afl_fuzz_layers generated testcase crashed in 1 seconds (r1).\n[2021-11-28 13:40:08 UTC] comput7-20211128-16:38: Minimize task started.\n[2021-11-28 13:41:26 UTC] comput7-20211128-16:38: Minimize task errored out: Engine does not support minimization.\n[2021-11-30 00:09:00 UTC] comput5-20211129-15:14: Progression task started.\n[2021-11-30 00:10:18 UTC] comput5-20211129-15:14: Progression task finished: still crashes on latest custom build.\n", "crash_address": "", "crash_revision": 1, "crash_stacktrace": "[Environment] ASAN_OPTIONS=abort_on_error=1:alloc_dealloc_mismatch=0:allocator_may_return_null=1:allocator_release_to_os_interval_ms=500:allow_user_segv_handler=0:check_malloc_usable_size=0:detect_leaks=1:detect_odr_violation=0:detect_stack_use_after_return=1:fast_unwind_on_fatal=0:handle_abort=2:handle_segv=2:handle_sigbus=2:handle_sigfpe=2:handle_sigill=2:max_uar_stack_size_log=16:print_scariness=1:print_summary=1:print_suppressions=0:quarantine_size_mb=64:redzone=32:strict_memcmp=1:symbolize=0:use_sigaltstack=1\n+----------------------------------------Release Build Stacktrace----------------------------------------+\npanic: runtime error: slice bounds out of range [:6] with capacity 4\n\ngoroutine 17 [running, locked to thread]:\ngithub.com/google/gopacket/layers.(*USBRequestBlockSetup).DecodeFromBytes(0x0, {0x7fc0bf1fc007, 0x10c000210840, 0x4e4c47}, {0x38, 0x6d3840})\n\tgithub.com/google/gopacket/layers/usb.go:222 +0x132\ngithub.com/google/gopacket/layers.decodingLayerDecoder({0x6e74b8, 0x10c000205440}, {0x7fc0bf1fc007, 0x4, 0x4}, {0x6e7d70, 0x10c000210840})\n\tgithub.com/google/gopacket/layers/base.go:39 +0x88\ngithub.com/google/gopacket/layers.decodeUSBRequestBlockSetup({0x7fc0bf1fc007, 0x4, 0x4}, {0x6e7d70, 0x10c000210840})\n\tgithub.com/google/gopacket/layers/usb.go:231 +0x70\ngithub.com/google/gopacket.DecodeFunc.Decode(0x0, {0x7fc0bf1fc007, 0x57ba47, 0x0}, {0x6e7d70, 0x10c000210840})\n\tgithub.com/google/gopacket/decode.go:87 +0x4d\ngithub.com/google/gopacket.LayerType.Decode(0x6d, {0x7fc0bf1fc007, 0x4, 0x4}, {0x6e7d70, 0x10c000210840})\n\tgithub.com/google/gopacket/layertype.go:95 +0x12d\ngithub.com/google/gopacket.(*lazyPacket).decodeNextLayer(0x10c000210840)\n\tgithub.com/google/gopacket/packet.go:527 +0x18b\ngithub.com/google/gopacket.(*lazyPacket).Layers(0x10c000210840)\n\tgithub.com/google/gopacket/packet.go:564 +0x3e\ngithub.com/google/gopacket/layers.FuzzLayer({0x7fc0bf1fc004, 0x7, 0x7})\n\tgithub.com/google/gopacket/layers/fuzz_layer.go:32 +0x15e\nmain.LLVMFuzzerTestOneInput(...)\n\t./main.4138260126.go:21\npanic: runtime error: index out of range [1] with length 1\n\ngoroutine 17 [running, locked to thread]:\ngithub.com/google/gopacket/layers.(*GRE).DecodeFromBytes(0x10c0000622a0, {0x7fc0bf1fc007, 0x1, 0x1}, {0x58, 0x6dc6c0})\n\tgithub.com/google/gopacket/layers/gre.go:45 +0x725\ngithub.com/google/gopacket/layers.decodingLayerDecoder({0x6e6e38, 0x10c0000622a0}, {0x7fc0bf1fc007, 0x1, 0x1}, {0x6e7d70, 0x10c0000e3600})\n\tgithub.com/google/gopacket/layers/base.go:39 +0x88\ngithub.com/google/gopacket/layers.decodeGRE({0x7fc0bf1fc007, 0x1, 0x1}, {0x6e7d70, 0x10c0000e3600})\n\tgithub.com/google/gopacket/layers/gre.go:199 +0x70\ngithub.com/google/gopacket.DecodeFunc.Decode(0x0, {0x7fc0bf1fc007, 0x57ba47, 0x0}, {0x6e7d70, 0x10c0000e3600})\n\tgithub.com/google/gopacket/decode.go:87 +0x4d\ngithub.com/google/gopacket.LayerType.Decode(0x12, {0x7fc0bf1fc007, 0x1, 0x1}, {0x6e7d70, 0x10c0000e3600})\n\tgithub.com/google/gopacket/layertype.go:95 +0x12d\ngithub.com/google/gopacket.(*lazyPacket).decodeNextLayer(0x10c0000e3600)\n\tgithub.com/google/gopacket/packet.go:527 +0x18b\ngithub.com/google/gopacket.(*lazyPacket).Layers(0x10c0000e3600)\n\tgithub.com/google/gopacket/packet.go:564 +0x3e\ngithub.com/google/gopacket/layers.FuzzLayer({0x7fc0bf1fc004, 0x4, 0x4})\n\tgithub.com/google/gopacket/layers/fuzz_layer.go:32 +0x15e\nmain.LLVMFuzzerTestOneInput(...)\n\t./main.4138260126.go:21\n", "crash_state": "gopacket.(*lazyPacket).decodeNextLayer\ngopacket.(*lazyPacket).Layers\n", "crash_type": "Index out of range", "disable_ubsan": false, "duplicate_of": null, "fixed": "", "flaky_stack": false, "fuzzed_keys": "d5ade06b-25fa-4bac-8011-4187e9601131", "fuzzer_name": "afl", "fuzzer_name_indices": ["afl_fuzz_layers", "afl"], "gestures": [], "group_bug_information": 0, "group_id": 0, "has_bug_flag": false, "http_flag": false, "impact_beta_version": null, "impact_beta_version_indices": [], "impact_beta_version_likely": null, "impact_extended_stable_version": null, "impact_extended_stable_version_indices": [], "impact_extended_stable_version_likely": null, "impact_head_version": null, "impact_head_version_indices": [], "impact_head_version_likely": null, "impact_indices": [], "impact_stable_version": null, "impact_stable_version_indices": [], "impact_stable_version_likely": null, "impact_version_indices": [], "is_a_duplicate_flag": false, "is_impact_set_flag": null, "is_leader": true, "job_type": "gopacket_afl_asan", "keywords": ["lazypacket).layers", "out of", "gopacket_afl_asan", "gopacket_afl", "packet).decodenext", "gopacket.(*lazypacket).decode", "next", "nextlayer", "decodenext", "lazypacket", "packet).layers", "of range", "lazypacket).decodenext", "gopacket.(*lazypacket", "afl_asan", "linux", "index out of range", "gopacket.(*lazypacket).decodenextlayer", "afl", "decode", "gopacket.(*lazypacket).layers", "lazypacket).decodenextlayer", "packet).decode", "asan", "lazypacket).decode", "packet).decodenextlayer", "afl_fuzz_layers", "of", "lazy", "gopacket.(*lazypacket).decodenext", "out", "index", "gopacket.(*lazy", "fuzz_layers", "index out of", "layers", "index out", "fuzz", "gopacket", "range", "packet", "decodenextlayer", "afl_fuzz", "out of range", "layer"], "last_tested_crash_stacktrace": "[Environment] ASAN_OPTIONS=abort_on_error=1:alloc_dealloc_mismatch=0:allocator_may_return_null=1:allocator_release_to_os_interval_ms=500:allow_user_segv_handler=0:check_malloc_usable_size=0:detect_leaks=1:detect_odr_violation=0:detect_stack_use_after_return=1:fast_unwind_on_fatal=0:handle_abort=2:handle_segv=2:handle_sigbus=2:handle_sigfpe=2:handle_sigill=2:max_uar_stack_size_log=16:print_scariness=1:print_summary=1:print_suppressions=0:quarantine_size_mb=64:redzone=32:strict_memcmp=1:symbolize=0:use_sigaltstack=1\n+----------------------------------------Release Build Stacktrace----------------------------------------+\nCommand: /clusterfuzz/run_bot/clusterfuzz/bot/builds/gopacket_afl_asan/custom/fuzz_layers /clusterfuzz/run_bot/clusterfuzz/bot/inputs/fuzzer-testcases/crash\nTime ran: 0.014680862426757812\n\npanic: runtime error: slice bounds out of range [:7] with capacity 1\n\ngoroutine 17 [running, locked to thread]:\ngithub.com/google/gopacket/layers.decodeFDDI({0x10c00001a3bc, 0x4e2c2e, 0x621910}, {0x6e7d70, 0x10c000208160})\n\tgithub.com/google/gopacket/layers/fddi.go:34 +0x208\ngithub.com/google/gopacket.DecodeFunc.Decode(0x0, {0x10c00001a3bc, 0x0, 0x0}, {0x6e7d70, 0x10c000208160})\n\tgithub.com/google/gopacket/decode.go:87 +0x4d\ngithub.com/google/gopacket.LayerType.Decode(0x35, {0x10c00001a3bc, 0x1, 0x1}, {0x6e7d70, 0x10c000208160})\n\tgithub.com/google/gopacket/layertype.go:95 +0x12d\ngithub.com/google/gopacket.(*lazyPacket).decodeNextLayer(0x10c000208160)\n\tgithub.com/google/gopacket/packet.go:527 +0x18b\ngithub.com/google/gopacket.(*lazyPacket).Layers(0x10c000208160)\n\tgithub.com/google/gopacket/packet.go:564 +0x3e\ngithub.com/google/gopacket/layers.FuzzLayer({0x7f70b6ffc800, 0x4, 0x4})\n\tgithub.com/google/gopacket/layers/fuzz_layer.go:32 +0x15e\nmain.LLVMFuzzerTestOneInput(...)\n\t./main.4138260126.go:21\nAddressSanitizer:DEADLYSIGNAL\n=================================================================\n==106176==ERROR: AddressSanitizer: ABRT on unknown address 0x03e800019ec0 (pc 0x000000537101 bp 0x10c0000c2a98 sp 0x10c0000c2a80 T0)\nSCARINESS: 10 (signal)\n    #0 0x537101 in runtime.raise.abi0 runtime/sys_linux_amd64.s:165\n\nAddressSanitizer can not provide additional info.\nSUMMARY: AddressSanitizer: ABRT (/clusterfuzz/run_bot/clusterfuzz/bot/builds/gopacket_afl_asan/custom/fuzz_layers+0x537101)\n==106176==ABORTING\n\n\n+----------------------------------------Release Build Unsymbolized Stacktrace (diff)----------------------------------------+\n\n==106176==ERROR: AddressSanitizer: ABRT on unknown address 0x03e800019ec0 (pc 0x000000537101 bp 0x10c0000c2a98 sp 0x10c0000c2a80 T0)\nSCARINESS: 10 (signal)\n    #0 0x537101  (/clusterfuzz/run_bot/clusterfuzz/bot/builds/gopacket_afl_asan/custom/fuzz_layers+0x537101)\n\nAddressSanitizer can not provide additional info.", "minidump_keys": "", "minimized_arguments": "", "minimized_keys": "d5ade06b-25fa-4bac-8011-4187e9601131", "one_time_crasher_flag": false, "open": true, "overridden_fuzzer_name": "afl_fuzz_layers", "platform": "linux", "platform_id": "linux", "project_name": "test-project", "queue": "jobs-linux", "redzone": 32, "regression": "NA", "security_flag": false, "security_severity": null, "status": "Processed", "symbolized": false, "timeout_multiplier": 1.0, "timestamp": 1638106158, "triaged": false, "uploader_email": null, "window_argument": "", "id": 8513}, "timestamp": 1638106158.251157, "show_blame": false, "show_impact": false, "impacts_production": false, "find_similar_issues_options": [{"type": "open", "label": "Open"}, {"type": "all", "label": "All"}], "auto_delete_timestamp": null, "auto_close_timestamp": null, "memory_tool_display_label": "Sanitizer", "memory_tool_display_value": "address (ASAN)", "last_tested": "1:1 (No component revisions found!)", "is_admin_or_not_oss_fuzz": true, "has_issue_tracker": false, "reproduction_help_url": "", "is_local_development": true, "fuzzer_display": {"engine": "afl", "target": "fuzz_layers", "name": "afl", "fully_qualified_name": "afl_fuzz_layers"}}