{"id": 8818, "crash_type": "Use-of-uninitialized-value", "crash_address": "", "crash_state": "fuzz_rfc1035.c\n", "crash_state_lines": ["fuzz_rfc1035.c"], "crash_revision": 1, "csrf_token": "D6S+cXG/eQvjQp1jhkN2Yfq5FoCaAiuUjD0oLthouNSAPb8xaAgWvNikB3AHnFnrgfWQIz/OKB4owWUbxHHo3A==", "external_user": false, "footer": "[2021-11-28 13:30:34 UTC] snode10-20211128-16:39: Fuzz task : Fuzzer afl_fuzz_rfc1035 generated testcase crashed in 4 seconds (r1).\n", "formatted_reproduction_help": "", "fixed": "NA", "fixed_full": null, "issue_url": null, "is_admin": true, "metadata": {"build_key": "e84eb3f6-8bef-4f2d-a1db-cf63111c1afe", "fuzzer_binary_name": "fuzz_rfc1035"}, "minimized_testcase_size": null, "needs_refresh": false, "original_testcase_size": "4 KB", "privileged_user": true, "regression": "NA", "crash_stacktrace": {"lines": [{"lineNumber": 1, "content": "[Environment] MSAN_OPTIONS=allocator_release_to_os_interval_ms=500:exit_code=86:halt_on_error=1:handle_abort=2:handle_segv=2:handle_sigbus=2:handle_sigfpe=2:handle_sigill=2:print_stats=1:print_summary=1:symbolize=0:use_sigaltstack=1", "important": false, "type": "Line"}, {"lineNumber": 2, "content": "+----------------------------------------Release Build Stacktrace----------------------------------------+", "important": false, "type": "Line"}, {"lineNumber": 3, "content": "==4833==WARNING: MemorySanitizer: use-of-uninitialized-value", "important": false, "type": "Line"}, {"lineNumber": 4, "content": "<b>    #0 0x4aab3a in LLVMFuzzerTestOneInput /src/fuzz_rfc1035.c:216:7</b>", "important": true, "type": "Line"}, {"lineNumber": 5, "content": "<b>    #1 0x4a0acf in main /src/aflplusplus/utils/aflpp_driver/aflpp_driver.c:303:7</b>", "important": false, "type": "Line"}, {"lineNumber": 6, "content": "<b>    #2 0x7efeeef420b2 in __libc_start_main</b>", "important": false, "type": "Line"}, {"lineNumber": 7, "content": "<b>    #3 0x41e64d in _start</b>", "important": false, "type": "Line"}, {"lineNumber": 8, "content": "", "important": false, "type": "Line"}, {"lineNumber": 9, "content": "SUMMARY: MemorySanitizer: use-of-uninitialized-value (/clusterfuzz/run_bot/clusterfuzz/bot/builds/dnsmasq_afl_msan/custom/fuzz_rfc1035+0x4aab3a)", "important": false, "type": "Line"}, {"lineNumber": 10, "content": "  ORIGIN: invalid (0). Might be a bug in MemorySanitizer origin tracking.", "important": false, "type": "Line"}, {"lineNumber": 11, "content": "    This could still be a bug in your code, too!", "important": false, "type": "Line"}, {"lineNumber": 12, "content": "Unique heap origins: 3", "important": false, "type": "Line"}, {"lineNumber": 13, "content": "Stack depot allocated bytes: 1900544", "important": false, "type": "Line"}, {"lineNumber": 14, "content": "Unique origin histories: 1", "important": false, "type": "Line"}, {"lineNumber": 15, "content": "History depot allocated bytes: 196608", "important": false, "type": "Line"}, {"lineNumber": 16, "content": "Exiting", "important": false, "type": "Line"}, {"lineNumber": 17, "content": "==4834==WARNING: MemorySanitizer: use-of-uninitialized-value", "important": false, "type": "Line"}, {"lineNumber": 18, "content": "<b>    #0 0x4aab3a in LLVMFuzzerTestOneInput /src/fuzz_rfc1035.c:216:7</b>", "important": true, "type": "Line"}, {"lineNumber": 19, "content": "<b>    #1 0x4a0acf in main /src/aflplusplus/utils/aflpp_driver/aflpp_driver.c:303:7</b>", "important": false, "type": "Line"}, {"lineNumber": 20, "content": "<b>    #2 0x7efeeef420b2 in __libc_start_main</b>", "important": false, "type": "Line"}, {"lineNumber": 21, "content": "<b>    #3 0x41e64d in _start</b>", "important": false, "type": "Line"}, {"lineNumber": 22, "content": "", "important": false, "type": "Line"}, {"lineNumber": 23, "content": "SUMMARY: MemorySanitizer: use-of-uninitialized-value (/clusterfuzz/run_bot/clusterfuzz/bot/builds/dnsmasq_afl_msan/custom/fuzz_rfc1035+0x4aab3a)", "important": false, "type": "Line"}, {"lineNumber": 24, "content": "  ORIGIN: invalid (0). Might be a bug in MemorySanitizer origin tracking.", "important": false, "type": "Line"}, {"lineNumber": 25, "content": "    This could still be a bug in your code, too!", "important": false, "type": "Line"}, {"lineNumber": 26, "content": "Unique heap origins: 3", "important": false, "type": "Line"}, {"lineNumber": 27, "content": "Stack depot allocated bytes: 1900544", "important": false, "type": "Line"}, {"lineNumber": 28, "content": "Unique origin histories: 1", "important": false, "type": "Line"}, {"lineNumber": 29, "content": "History depot allocated bytes: 196608", "important": false, "type": "Line"}, {"lineNumber": 30, "content": "Exiting", "important": false, "type": "Line"}, {"lineNumber": 31, "content": "==4835==WARNING: MemorySanitizer: use-of-uninitialized-value", "important": false, "type": "Line"}, {"lineNumber": 32, "content": "    #0 0x4aab3a in LLVMFuzzerTestOneInput /src/fuzz_rfc1035.c:216:7", "important": true, "type": "Line"}, {"lineNumber": 33, "content": "    #1 0x4a0acf in main /src/aflplusplus/utils/aflpp_driver/aflpp_driver.c:303:7", "important": false, "type": "Line"}, {"lineNumber": 34, "content": "    #2 0x7efeeef420b2 in __libc_start_main", "important": false, "type": "Line"}, {"lineNumber": 35, "content": "    #3 0x41e64d in _start", "important": false, "type": "Line"}, {"lineNumber": 36, "content": "", "important": false, "type": "Line"}, {"lineNumber": 37, "content": "SUMMARY: MemorySanitizer: use-of-uninitialized-value (/clusterfuzz/run_bot/clusterfuzz/bot/builds/dnsmasq_afl_msan/custom/fuzz_rfc1035+0x4aab3a)", "important": false, "type": "Line"}, {"lineNumber": 38, "content": "  ORIGIN: invalid (0). Might be a bug in MemorySanitizer origin tracking.", "important": false, "type": "Line"}, {"lineNumber": 39, "content": "    This could still be a bug in your code, too!", "important": false, "type": "Line"}, {"lineNumber": 40, "content": "Unique heap origins: 4", "important": false, "type": "Line"}, {"lineNumber": 41, "content": "Stack depot allocated bytes: 1900544", "important": false, "type": "Line"}, {"lineNumber": 42, "content": "Unique origin histories: 2", "important": false, "type": "Line"}, {"lineNumber": 43, "content": "History depot allocated bytes: 196608", "important": false, "type": "Line"}, {"lineNumber": 44, "content": "Exiting", "important": false, "type": "Line"}, {"lineNumber": 45, "content": "==4836==WARNING: MemorySanitizer: use-of-uninitialized-value", "important": false, "type": "Line"}, {"lineNumber": 46, "content": "    #0 0x4aab3a in LLVMFuzzerTestOneInput /src/fuzz_rfc1035.c:216:7", "important": true, "type": "Line"}, {"lineNumber": 47, "content": "    #1 0x4a0acf in main /src/aflplusplus/utils/aflpp_driver/aflpp_driver.c:303:7", "important": false, "type": "Line"}, {"lineNumber": 48, "content": "    #2 0x7efeeef420b2 in __libc_start_main", "important": false, "type": "Line"}, {"lineNumber": 49, "content": "    #3 0x41e64d in _start", "important": false, "type": "Line"}, {"lineNumber": 50, "content": "", "important": false, "type": "Line"}, {"lineNumber": 51, "content": "SUMMARY: MemorySanitizer: use-of-uninitialized-value (/clusterfuzz/run_bot/clusterfuzz/bot/builds/dnsmasq_afl_msan/custom/fuzz_rfc1035+0x4aab3a)", "important": false, "type": "Line"}, {"lineNumber": 52, "content": "  ORIGIN: invalid (0). Might be a bug in MemorySanitizer origin tracking.", "important": false, "type": "Line"}, {"lineNumber": 53, "content": "    This could still be a bug in your code, too!", "important": false, "type": "Line"}, {"lineNumber": 54, "content": "Unique heap origins: 4", "important": false, "type": "Line"}, {"lineNumber": 55, "content": "Stack depot allocated bytes: 1900544", "important": false, "type": "Line"}, {"lineNumber": 56, "content": "Unique origin histories: 2", "important": false, "type": "Line"}, {"lineNumber": 57, "content": "History depot allocated bytes: 196608", "important": false, "type": "Line"}, {"lineNumber": 58, "content": "Exiting", "important": false, "type": "Line"}, {"lineNumber": 59, "content": "==4837==WARNING: MemorySanitizer: use-of-uninitialized-value", "important": false, "type": "Line"}, {"lineNumber": 60, "content": "    #0 0x4aab3a in LLVMFuzzerTestOneInput /src/fuzz_rfc1035.c:216:7", "important": true, "type": "Line"}, {"lineNumber": 61, "content": "    #1 0x4a0acf in main /src/aflplusplus/utils/aflpp_driver/aflpp_driver.c:303:7", "important": false, "type": "Line"}, {"lineNumber": 62, "content": "    #2 0x7efeeef420b2 in __libc_start_main", "important": false, "type": "Line"}, {"lineNumber": 63, "content": "    #3 0x41e64d in _start", "important": false, "type": "Line"}, {"lineNumber": 64, "content": "", "important": false, "type": "Line"}, {"lineNumber": 65, "content": "SUMMARY: MemorySanitizer: use-of-uninitialized-value (/clusterfuzz/run_bot/clusterfuzz/bot/builds/dnsmasq_afl_msan/custom/fuzz_rfc1035+0x4aab3a)", "important": false, "type": "Line"}, {"lineNumber": 66, "content": "  ORIGIN: invalid (0). Might be a bug in MemorySanitizer origin tracking.", "important": false, "type": "Line"}, {"lineNumber": 67, "content": "    This could still be a bug in your code, too!", "important": false, "type": "Line"}, {"lineNumber": 68, "content": "Unique heap origins: 4", "important": false, "type": "Line"}, {"lineNumber": 69, "content": "Stack depot allocated bytes: 1900544", "important": false, "type": "Line"}, {"lineNumber": 70, "content": "Unique origin histories: 2", "important": false, "type": "Line"}, {"lineNumber": 71, "content": "History depot allocated bytes: 196608", "important": false, "type": "Line"}, {"lineNumber": 72, "content": "Exiting", "important": false, "type": "Line"}, {"lineNumber": 73, "content": "", "important": false, "type": "Line"}, {"lineNumber": 74, "content": "", "important": false, "type": "Line"}, {"lineNumber": 75, "content": "+----------------------------------------Release Build Unsymbolized Stacktrace (diff)----------------------------------------+", "important": false, "type": "Line"}, {"lineNumber": 76, "content": "", "important": false, "type": "Line"}, {"lineNumber": 77, "content": "==4833==WARNING: MemorySanitizer: use-of-uninitialized-value", "important": false, "type": "Line"}, {"lineNumber": 78, "content": "    #0 0x4aab3a  (/clusterfuzz/run_bot/clusterfuzz/bot/builds/dnsmasq_afl_msan/custom/fuzz_rfc1035+0x4aab3a)", "important": false, "type": "Line"}, {"lineNumber": 79, "content": "    #1 0x4a0acf  (/clusterfuzz/run_bot/clusterfuzz/bot/builds/dnsmasq_afl_msan/custom/fuzz_rfc1035+0x4a0acf)", "important": false, "type": "Line"}, {"lineNumber": 80, "content": "    #2 0x7efeeef420b2  (/lib/x86_64-linux-gnu/libc.so.6+0x270b2)", "important": false, "type": "Line"}, {"lineNumber": 81, "content": "    #3 0x41e64d  (/clusterfuzz/run_bot/clusterfuzz/bot/builds/dnsmasq_afl_msan/custom/fuzz_rfc1035+0x41e64d)", "important": false, "type": "Line"}, {"lineNumber": 82, "content": "", "important": false, "type": "Line"}, {"lineNumber": 83, "content": "SUMMARY: MemorySanitizer: use-of-uninitialized-value (/clusterfuzz/run_bot/clusterfuzz/bot/builds/dnsmasq_afl_msan/custom/fuzz_rfc1035+0x4aab3a) ", "important": false, "type": "Line"}, {"lineNumber": 84, "content": "  ORIGIN: invalid (0). Might be a bug in MemorySanitizer origin tracking.", "important": false, "type": "Line"}, {"lineNumber": 85, "content": "    This could still be a bug in your code, too!", "important": false, "type": "Line"}, {"lineNumber": 86, "content": "Unique heap origins: 3", "important": false, "type": "Line"}, {"lineNumber": 87, "content": "Stack depot allocated bytes: 1900544", "important": false, "type": "Line"}, {"lineNumber": 88, "content": "Unique origin histories: 1", "important": false, "type": "Line"}, {"lineNumber": 89, "content": "History depot allocated bytes: 196608", "important": false, "type": "Line"}, {"lineNumber": 90, "content": "Exiting", "important": false, "type": "Line"}, {"lineNumber": 91, "content": "==4834==WARNING: MemorySanitizer: use-of-uninitialized-value", "important": false, "type": "Line"}, {"lineNumber": 92, "content": "    #0 0x4aab3a  (/clusterfuzz/run_bot/clusterfuzz/bot/builds/dnsmasq_afl_msan/custom/fuzz_rfc1035+0x4aab3a)", "important": false, "type": "Line"}, {"lineNumber": 93, "content": "    #1 0x4a0acf  (/clusterfuzz/run_bot/clusterfuzz/bot/builds/dnsmasq_afl_msan/custom/fuzz_rfc1035+0x4a0acf)", "important": false, "type": "Line"}, {"lineNumber": 94, "content": "    #2 0x7efeeef420b2  (/lib/x86_64-linux-gnu/libc.so.6+0x270b2)", "important": false, "type": "Line"}, {"lineNumber": 95, "content": "    #3 0x41e64d  (/clusterfuzz/run_bot/clusterfuzz/bot/builds/dnsmasq_afl_msan/custom/fuzz_rfc1035+0x41e64d)", "important": false, "type": "Line"}, {"lineNumber": 96, "content": "", "important": false, "type": "Line"}, {"lineNumber": 97, "content": "SUMMARY: MemorySanitizer: use-of-uninitialized-value (/clusterfuzz/run_bot/clusterfuzz/bot/builds/dnsmasq_afl_msan/custom/fuzz_rfc1035+0x4aab3a) ", "important": false, "type": "Line"}, {"lineNumber": 98, "content": "  ORIGIN: invalid (0). Might be a bug in MemorySanitizer origin tracking.", "important": false, "type": "Line"}, {"lineNumber": 99, "content": "    This could still be a bug in your code, too!", "important": false, "type": "Line"}, {"lineNumber": 100, "content": "Unique heap origins: 3", "important": false, "type": "Line"}, {"lineNumber": 101, "content": "Stack depot allocated bytes: 1900544", "important": false, "type": "Line"}, {"lineNumber": 102, "content": "Unique origin histories: 1", "important": false, "type": "Line"}, {"lineNumber": 103, "content": "History depot allocated bytes: 196608", "important": false, "type": "Line"}, {"lineNumber": 104, "content": "Exiting", "important": false, "type": "Line"}, {"lineNumber": 105, "content": "==4835==WARNING: MemorySanitizer: use-of-uninitialized-value", "important": false, "type": "Line"}, {"lineNumber": 106, "content": "    #0 0x4aab3a  (/clusterfuzz/run_bot/clusterfuzz/bot/builds/dnsmasq_afl_msan/custom/fuzz_rfc1035+0x4aab3a)", "important": false, "type": "Line"}, {"lineNumber": 107, "content": "    #1 0x4a0acf  (/clusterfuzz/run_bot/clusterfuzz/bot/builds/dnsmasq_afl_msan/custom/fuzz_rfc1035+0x4a0acf)", "important": false, "type": "Line"}, {"lineNumber": 108, "content": "    #2 0x7efeeef420b2  (/lib/x86_64-linux-gnu/libc.so.6+0x270b2)", "important": false, "type": "Line"}, {"lineNumber": 109, "content": "    #3 0x41e64d  (/clusterfuzz/run_bot/clusterfuzz/bot/builds/dnsmasq_afl_msan/custom/fuzz_rfc1035+0x41e64d)", "important": false, "type": "Line"}, {"lineNumber": 110, "content": "", "important": false, "type": "Line"}, {"lineNumber": 111, "content": "SUMMARY: MemorySanitizer: use-of-uninitialized-value (/clusterfuzz/run_bot/clusterfuzz/bot/builds/dnsmasq_afl_msan/custom/fuzz_rfc1035+0x4aab3a) ", "important": false, "type": "Line"}, {"lineNumber": 112, "content": "  ORIGIN: invalid (0). Might be a bug in MemorySanitizer origin tracking.", "important": false, "type": "Line"}, {"lineNumber": 113, "content": "    This could still be a bug in your code, too!", "important": false, "type": "Line"}, {"lineNumber": 114, "content": "Unique heap origins: 4", "important": false, "type": "Line"}, {"lineNumber": 115, "content": "Stack depot allocated bytes: 1900544", "important": false, "type": "Line"}, {"lineNumber": 116, "content": "Unique origin histories: 2", "important": false, "type": "Line"}, {"lineNumber": 117, "content": "History depot allocated bytes: 196608", "important": false, "type": "Line"}, {"lineNumber": 118, "content": "Exiting", "important": false, "type": "Line"}, {"lineNumber": 119, "content": "==4836==WARNING: MemorySanitizer: use-of-uninitialized-value", "important": false, "type": "Line"}, {"lineNumber": 120, "content": "    #0 0x4aab3a  (/clusterfuzz/run_bot/clusterfuzz/bot/builds/dnsmasq_afl_msan/custom/fuzz_rfc1035+0x4aab3a)", "important": false, "type": "Line"}, {"lineNumber": 121, "content": "    #1 0x4a0acf  (/clusterfuzz/run_bot/clusterfuzz/bot/builds/dnsmasq_afl_msan/custom/fuzz_rfc1035+0x4a0acf)", "important": false, "type": "Line"}, {"lineNumber": 122, "content": "    #2 0x7efeeef420b2  (/lib/x86_64-linux-gnu/libc.so.6+0x270b2)", "important": false, "type": "Line"}, {"lineNumber": 123, "content": "    #3 0x41e64d  (/clusterfuzz/run_bot/clusterfuzz/bot/builds/dnsmasq_afl_msan/custom/fuzz_rfc1035+0x41e64d)", "important": false, "type": "Line"}, {"lineNumber": 124, "content": "", "important": false, "type": "Line"}, {"lineNumber": 125, "content": "SUMMARY: MemorySanitizer: use-of-uninitialized-value (/clusterfuzz/run_bot/clusterfuzz/bot/builds/dnsmasq_afl_msan/custom/fuzz_rfc1035+0x4aab3a) ", "important": false, "type": "Line"}, {"lineNumber": 126, "content": "  ORIGIN: invalid (0). Might be a bug in MemorySanitizer origin tracking.", "important": false, "type": "Line"}, {"lineNumber": 127, "content": "    This could still be a bug in your code, too!", "important": false, "type": "Line"}, {"lineNumber": 128, "content": "Unique heap origins: 4", "important": false, "type": "Line"}, {"lineNumber": 129, "content": "Stack depot allocated bytes: 1900544", "important": false, "type": "Line"}, {"lineNumber": 130, "content": "Unique origin histories: 2", "important": false, "type": "Line"}, {"lineNumber": 131, "content": "History depot allocated bytes: 196608", "important": false, "type": "Line"}, {"lineNumber": 132, "content": "Exiting", "important": false, "type": "Line"}, {"lineNumber": 133, "content": "==4837==WARNING: MemorySanitizer: use-of-uninitialized-value", "important": false, "type": "Line"}, {"lineNumber": 134, "content": "    #0 0x4aab3a  (/clusterfuzz/run_bot/clusterfuzz/bot/builds/dnsmasq_afl_msan/custom/fuzz_rfc1035+0x4aab3a)", "important": false, "type": "Line"}, {"lineNumber": 135, "content": "    #1 0x4a0acf  (/clusterfuzz/run_bot/clusterfuzz/bot/builds/dnsmasq_afl_msan/custom/fuzz_rfc1035+0x4a0acf)", "important": false, "type": "Line"}, {"lineNumber": 136, "content": "    #2 0x7efeeef420b2  (/lib/x86_64-linux-gnu/libc.so.6+0x270b2)", "important": false, "type": "Line"}, {"lineNumber": 137, "content": "    #3 0x41e64d  (/clusterfuzz/run_bot/clusterfuzz/bot/builds/dnsmasq_afl_msan/custom/fuzz_rfc1035+0x41e64d)", "important": false, "type": "Line"}], "revision": "1"}, "last_tested_crash_stacktrace": {"lines": [], "revision": null}, "security_severity": "Medium", "security_severities": [{"value": 0, "name": "Critical"}, {"value": 1, "name": "High", "default": true}, {"value": 2, "name": "Medium"}, {"value": 3, "name": "Low"}, {"value": 4, "name": "Missing"}], "stats": {"min_hour": 1, "max_hour": 1}, "suspected_cls": null, "testcase": {"absolute_path": "/clusterfuzz/run_bot/clusterfuzz/bot/inputs/fuzzer-testcases/crash", "additional_metadata": "{\"build_key\": \"e84eb3f6-8bef-4f2d-a1db-cf63111c1afe\", \"fuzzer_binary_name\": \"fuzz_rfc1035\"}", "archive_filename": null, "archive_state": 0, "binary_flag": true, "bug_indices": [], "bug_information": "", "comments": "[2021-11-28 13:30:34 UTC] snode10-20211128-16:39: Fuzz task : Fuzzer afl_fuzz_rfc1035 generated testcase crashed in 4 seconds (r1).\n", "crash_address": "", "crash_revision": 1, "crash_stacktrace": "[Environment] MSAN_OPTIONS=allocator_release_to_os_interval_ms=500:exit_code=86:halt_on_error=1:handle_abort=2:handle_segv=2:handle_sigbus=2:handle_sigfpe=2:handle_sigill=2:print_stats=1:print_summary=1:symbolize=0:use_sigaltstack=1\n+----------------------------------------Release Build Stacktrace----------------------------------------+\n==4833==WARNING: MemorySanitizer: use-of-uninitialized-value\n    #0 0x4aab3a in LLVMFuzzerTestOneInput /src/fuzz_rfc1035.c:216:7\n    #1 0x4a0acf in main /src/aflplusplus/utils/aflpp_driver/aflpp_driver.c:303:7\n    #2 0x7efeeef420b2 in __libc_start_main\n    #3 0x41e64d in _start\n\nSUMMARY: MemorySanitizer: use-of-uninitialized-value (/clusterfuzz/run_bot/clusterfuzz/bot/builds/dnsmasq_afl_msan/custom/fuzz_rfc1035+0x4aab3a)\n  ORIGIN: invalid (0). Might be a bug in MemorySanitizer origin tracking.\n    This could still be a bug in your code, too!\nUnique heap origins: 3\nStack depot allocated bytes: 1900544\nUnique origin histories: 1\nHistory depot allocated bytes: 196608\nExiting\n==4834==WARNING: MemorySanitizer: use-of-uninitialized-value\n    #0 0x4aab3a in LLVMFuzzerTestOneInput /src/fuzz_rfc1035.c:216:7\n    #1 0x4a0acf in main /src/aflplusplus/utils/aflpp_driver/aflpp_driver.c:303:7\n    #2 0x7efeeef420b2 in __libc_start_main\n    #3 0x41e64d in _start\n\nSUMMARY: MemorySanitizer: use-of-uninitialized-value (/clusterfuzz/run_bot/clusterfuzz/bot/builds/dnsmasq_afl_msan/custom/fuzz_rfc1035+0x4aab3a)\n  ORIGIN: invalid (0). Might be a bug in MemorySanitizer origin tracking.\n    This could still be a bug in your code, too!\nUnique heap origins: 3\nStack depot allocated bytes: 1900544\nUnique origin histories: 1\nHistory depot allocated bytes: 196608\nExiting\n==4835==WARNING: MemorySanitizer: use-of-uninitialized-value\n    #0 0x4aab3a in LLVMFuzzerTestOneInput /src/fuzz_rfc1035.c:216:7\n    #1 0x4a0acf in main /src/aflplusplus/utils/aflpp_driver/aflpp_driver.c:303:7\n    #2 0x7efeeef420b2 in __libc_start_main\n    #3 0x41e64d in _start\n\nSUMMARY: MemorySanitizer: use-of-uninitialized-value (/clusterfuzz/run_bot/clusterfuzz/bot/builds/dnsmasq_afl_msan/custom/fuzz_rfc1035+0x4aab3a)\n  ORIGIN: invalid (0). Might be a bug in MemorySanitizer origin tracking.\n    This could still be a bug in your code, too!\nUnique heap origins: 4\nStack depot allocated bytes: 1900544\nUnique origin histories: 2\nHistory depot allocated bytes: 196608\nExiting\n==4836==WARNING: MemorySanitizer: use-of-uninitialized-value\n    #0 0x4aab3a in LLVMFuzzerTestOneInput /src/fuzz_rfc1035.c:216:7\n    #1 0x4a0acf in main /src/aflplusplus/utils/aflpp_driver/aflpp_driver.c:303:7\n    #2 0x7efeeef420b2 in __libc_start_main\n    #3 0x41e64d in _start\n\nSUMMARY: MemorySanitizer: use-of-uninitialized-value (/clusterfuzz/run_bot/clusterfuzz/bot/builds/dnsmasq_afl_msan/custom/fuzz_rfc1035+0x4aab3a)\n  ORIGIN: invalid (0). Might be a bug in MemorySanitizer origin tracking.\n    This could still be a bug in your code, too!\nUnique heap origins: 4\nStack depot allocated bytes: 1900544\nUnique origin histories: 2\nHistory depot allocated bytes: 196608\nExiting\n==4837==WARNING: MemorySanitizer: use-of-uninitialized-value\n    #0 0x4aab3a in LLVMFuzzerTestOneInput /src/fuzz_rfc1035.c:216:7\n    #1 0x4a0acf in main /src/aflplusplus/utils/aflpp_driver/aflpp_driver.c:303:7\n    #2 0x7efeeef420b2 in __libc_start_main\n    #3 0x41e64d in _start\n\nSUMMARY: MemorySanitizer: use-of-uninitialized-value (/clusterfuzz/run_bot/clusterfuzz/bot/builds/dnsmasq_afl_msan/custom/fuzz_rfc1035+0x4aab3a)\n  ORIGIN: invalid (0). Might be a bug in MemorySanitizer origin tracking.\n    This could still be a bug in your code, too!\nUnique heap origins: 4\nStack depot allocated bytes: 1900544\nUnique origin histories: 2\nHistory depot allocated bytes: 196608\nExiting\n\n\n+----------------------------------------Release Build Unsymbolized Stacktrace (diff)----------------------------------------+\n\n==4833==WARNING: MemorySanitizer: use-of-uninitialized-value\n    #0 0x4aab3a  (/clusterfuzz/run_bot/clusterfuzz/bot/builds/dnsmasq_afl_msan/custom/fuzz_rfc1035+0x4aab3a)\n    #1 0x4a0acf  (/clusterfuzz/run_bot/clusterfuzz/bot/builds/dnsmasq_afl_msan/custom/fuzz_rfc1035+0x4a0acf)\n    #2 0x7efeeef420b2  (/lib/x86_64-linux-gnu/libc.so.6+0x270b2)\n    #3 0x41e64d  (/clusterfuzz/run_bot/clusterfuzz/bot/builds/dnsmasq_afl_msan/custom/fuzz_rfc1035+0x41e64d)\n\nSUMMARY: MemorySanitizer: use-of-uninitialized-value (/clusterfuzz/run_bot/clusterfuzz/bot/builds/dnsmasq_afl_msan/custom/fuzz_rfc1035+0x4aab3a) \n  ORIGIN: invalid (0). Might be a bug in MemorySanitizer origin tracking.\n    This could still be a bug in your code, too!\nUnique heap origins: 3\nStack depot allocated bytes: 1900544\nUnique origin histories: 1\nHistory depot allocated bytes: 196608\nExiting\n==4834==WARNING: MemorySanitizer: use-of-uninitialized-value\n    #0 0x4aab3a  (/clusterfuzz/run_bot/clusterfuzz/bot/builds/dnsmasq_afl_msan/custom/fuzz_rfc1035+0x4aab3a)\n    #1 0x4a0acf  (/clusterfuzz/run_bot/clusterfuzz/bot/builds/dnsmasq_afl_msan/custom/fuzz_rfc1035+0x4a0acf)\n    #2 0x7efeeef420b2  (/lib/x86_64-linux-gnu/libc.so.6+0x270b2)\n    #3 0x41e64d  (/clusterfuzz/run_bot/clusterfuzz/bot/builds/dnsmasq_afl_msan/custom/fuzz_rfc1035+0x41e64d)\n\nSUMMARY: MemorySanitizer: use-of-uninitialized-value (/clusterfuzz/run_bot/clusterfuzz/bot/builds/dnsmasq_afl_msan/custom/fuzz_rfc1035+0x4aab3a) \n  ORIGIN: invalid (0). Might be a bug in MemorySanitizer origin tracking.\n    This could still be a bug in your code, too!\nUnique heap origins: 3\nStack depot allocated bytes: 1900544\nUnique origin histories: 1\nHistory depot allocated bytes: 196608\nExiting\n==4835==WARNING: MemorySanitizer: use-of-uninitialized-value\n    #0 0x4aab3a  (/clusterfuzz/run_bot/clusterfuzz/bot/builds/dnsmasq_afl_msan/custom/fuzz_rfc1035+0x4aab3a)\n    #1 0x4a0acf  (/clusterfuzz/run_bot/clusterfuzz/bot/builds/dnsmasq_afl_msan/custom/fuzz_rfc1035+0x4a0acf)\n    #2 0x7efeeef420b2  (/lib/x86_64-linux-gnu/libc.so.6+0x270b2)\n    #3 0x41e64d  (/clusterfuzz/run_bot/clusterfuzz/bot/builds/dnsmasq_afl_msan/custom/fuzz_rfc1035+0x41e64d)\n\nSUMMARY: MemorySanitizer: use-of-uninitialized-value (/clusterfuzz/run_bot/clusterfuzz/bot/builds/dnsmasq_afl_msan/custom/fuzz_rfc1035+0x4aab3a) \n  ORIGIN: invalid (0). Might be a bug in MemorySanitizer origin tracking.\n    This could still be a bug in your code, too!\nUnique heap origins: 4\nStack depot allocated bytes: 1900544\nUnique origin histories: 2\nHistory depot allocated bytes: 196608\nExiting\n==4836==WARNING: MemorySanitizer: use-of-uninitialized-value\n    #0 0x4aab3a  (/clusterfuzz/run_bot/clusterfuzz/bot/builds/dnsmasq_afl_msan/custom/fuzz_rfc1035+0x4aab3a)\n    #1 0x4a0acf  (/clusterfuzz/run_bot/clusterfuzz/bot/builds/dnsmasq_afl_msan/custom/fuzz_rfc1035+0x4a0acf)\n    #2 0x7efeeef420b2  (/lib/x86_64-linux-gnu/libc.so.6+0x270b2)\n    #3 0x41e64d  (/clusterfuzz/run_bot/clusterfuzz/bot/builds/dnsmasq_afl_msan/custom/fuzz_rfc1035+0x41e64d)\n\nSUMMARY: MemorySanitizer: use-of-uninitialized-value (/clusterfuzz/run_bot/clusterfuzz/bot/builds/dnsmasq_afl_msan/custom/fuzz_rfc1035+0x4aab3a) \n  ORIGIN: invalid (0). Might be a bug in MemorySanitizer origin tracking.\n    This could still be a bug in your code, too!\nUnique heap origins: 4\nStack depot allocated bytes: 1900544\nUnique origin histories: 2\nHistory depot allocated bytes: 196608\nExiting\n==4837==WARNING: MemorySanitizer: use-of-uninitialized-value\n    #0 0x4aab3a  (/clusterfuzz/run_bot/clusterfuzz/bot/builds/dnsmasq_afl_msan/custom/fuzz_rfc1035+0x4aab3a)\n    #1 0x4a0acf  (/clusterfuzz/run_bot/clusterfuzz/bot/builds/dnsmasq_afl_msan/custom/fuzz_rfc1035+0x4a0acf)\n    #2 0x7efeeef420b2  (/lib/x86_64-linux-gnu/libc.so.6+0x270b2)\n    #3 0x41e64d  (/clusterfuzz/run_bot/clusterfuzz/bot/builds/dnsmasq_afl_msan/custom/fuzz_rfc1035+0x41e64d)\n", "crash_state": "fuzz_rfc1035.c\n", "crash_type": "Use-of-uninitialized-value", "disable_ubsan": false, "duplicate_of": null, "fixed": "NA", "flaky_stack": false, "fuzzed_keys": "bf32c864-57aa-42f3-bcde-c54361ef26f6", "fuzzer_name": "afl", "fuzzer_name_indices": ["afl_fuzz_rfc1035", "afl"], "gestures": [], "group_bug_information": 0, "group_id": 0, "has_bug_flag": false, "http_flag": false, "impact_beta_version": null, "impact_beta_version_indices": [], "impact_beta_version_likely": null, "impact_extended_stable_version": null, "impact_extended_stable_version_indices": [], "impact_extended_stable_version_likely": null, "impact_head_version": null, "impact_head_version_indices": [], "impact_head_version_likely": null, "impact_indices": [], "impact_stable_version": null, "impact_stable_version_indices": [], "impact_stable_version_likely": null, "impact_version_indices": [], "is_a_duplicate_flag": false, "is_impact_set_flag": null, "is_leader": true, "job_type": "dnsmasq_afl_msan", "keywords": ["rfc1035", "uninitialized", "afl", "fuzz_rfc1035", "use", "of", "dnsmasq_afl", "afl_fuzz", "fuzz_rfc1035.c", "msan", "of-uninitialized-value", "rfc1035.c", "c", "use-of", "use-of-uninitialized", "of-uninitialized", "value", "linux", "dnsmasq_afl_msan", "uninitialized-value", "dnsmasq", "afl_fuzz_rfc1035", "use-of-uninitialized-value", "fuzz", "afl_msan"], "last_tested_crash_stacktrace": null, "minidump_keys": "", "minimized_arguments": "", "minimized_keys": "NA", "one_time_crasher_flag": true, "open": true, "overridden_fuzzer_name": "afl_fuzz_rfc1035", "platform": "linux", "platform_id": "linux", "project_name": "test-project", "queue": "jobs-linux", "redzone": 16, "regression": "NA", "security_flag": true, "security_severity": 2, "status": "Processed", "symbolized": false, "timeout_multiplier": 1.0, "timestamp": 1638106234, "triaged": false, "uploader_email": null, "window_argument": "", "id": 8818}, "timestamp": 1638106234.37738, "show_blame": false, "show_impact": false, "impacts_production": false, "find_similar_issues_options": [{"type": "open", "label": "Open"}, {"type": "all", "label": "All"}], "auto_delete_timestamp": 1638711034.37738, "auto_close_timestamp": null, "memory_tool_display_label": "Sanitizer", "memory_tool_display_value": "memory (MSAN)", "last_tested": "1:1 (No component revisions found!)", "is_admin_or_not_oss_fuzz": true, "has_issue_tracker": false, "reproduction_help_url": "", "is_local_development": true, "fuzzer_display": {"engine": "afl", "target": "fuzz_rfc1035", "name": "afl", "fully_qualified_name": "afl_fuzz_rfc1035"}}