{"hasMore": false, "items": [{"id": 6131, "crashType": "Out-of-memory", "crashStateLines": ["draco_mesh_decoder_fuzzer"], "jobType": "draco_libfuzzer_asan", "isClosed": false, "isFixed": "", "isReproducible": true, "isSecurity": false, "isImpactSet": null, "impacts": {"extendedStable": null, "stable": null, "beta": null, "head": null}, "regressionRange": "", "fixedRange": "", "groupId": 0, "projectName": "test-project", "platform": "linux", "issueId": 0, "showImpacts": false, "impactsProduction": false, "timestamp": 1638106000.544494}, {"id": 6109, "crashType": "Abrt", "crashStateLines": ["__cxxabiv1::failed_throw", "jazzer::JVM::FindClass", "jazzer::FuzzTargetRunner::FuzzTargetRunner"], "jobType": "java-example_libfuzzer_asan", "isClosed": false, "isFixed": "", "isReproducible": true, "isSecurity": false, "isImpactSet": null, "impacts": {"extendedStable": null, "stable": null, "beta": null, "head": null}, "regressionRange": "", "fixedRange": "", "groupId": 0, "projectName": "test-project", "platform": "linux", "issueId": 0, "showImpacts": false, "impactsProduction": false, "timestamp": 1638105958.588993}, {"id": 6103, "crashType": "Use-of-uninitialized-value", "crashStateLines": ["coap_split_uri_sub", "coap_split_uri"], "jobType": "libcoap_libfuzzer_msan", "isClosed": false, "isFixed": "", "isReproducible": true, "isSecurity": true, "isImpactSet": false, "impacts": {"extendedStable": null, "stable": null, "beta": null, "head": null}, "regressionRange": "", "fixedRange": "", "groupId": 8406, "projectName": "test-project", "platform": "linux", "issueId": 0, "showImpacts": false, "impactsProduction": false, "timestamp": 1638105949.557941}, {"id": 6099, "crashType": "Use-of-uninitialized-value", "crashStateLines": ["print_hash_info", "process_elf_file", "process_dwflmod"], "jobType": "elfutils_libfuzzer_msan", "isClosed": false, "isFixed": "", "isReproducible": true, "isSecurity": true, "isImpactSet": null, "impacts": {"extendedStable": null, "stable": null, "beta": null, "head": null}, "regressionRange": "", "fixedRange": "", "groupId": 0, "projectName": "test-project", "platform": "linux", "issueId": 0, "showImpacts": false, "impactsProduction": false, "timestamp": 1638105940.337981}, {"id": 6097, "crashType": "Slice bounds out of range", "crashStateLines": ["NULL"], "jobType": "gopacket_libfuzzer_msan", "isClosed": false, "isFixed": "", "isReproducible": true, "isSecurity": false, "isImpactSet": null, "impacts": {"extendedStable": null, "stable": null, "beta": null, "head": null}, "regressionRange": "", "fixedRange": "", "groupId": 0, "projectName": "test-project", "platform": "linux", "issueId": 0, "showImpacts": false, "impactsProduction": false, "timestamp": 1638105937.771134}, {"id": 4151, "crashType": "Use-of-uninitialized-value", "crashStateLines": ["geos::geomgraph::PlanarGraph::~PlanarGraph", "geos::operation::overlay::OverlayOp::~OverlayOp", "geos::operation::overlay::OverlayOp::overlayOp"], "jobType": "geos_honggfuzz_msan", "isClosed": false, "isFixed": "", "isReproducible": true, "isSecurity": true, "isImpactSet": null, "impacts": {"extendedStable": null, "stable": null, "beta": null, "head": null}, "regressionRange": "", "fixedRange": "", "groupId": 6066, "projectName": "test-project", "platform": "linux", "issueId": 0, "showImpacts": false, "impactsProduction": false, "timestamp": 1638101949.679608}, {"id": 4149, "crashType": "Timeout", "crashStateLines": ["fuzz_asm_arm_armv8be"], "jobType": "keystone_libfuzzer_msan", "isClosed": false, "isFixed": "", "isReproducible": true, "isSecurity": false, "isImpactSet": null, "impacts": {"extendedStable": null, "stable": null, "beta": null, "head": null}, "regressionRange": "", "fixedRange": "", "groupId": 0, "projectName": "test-project", "platform": "linux", "issueId": 0, "showImpacts": false, "impactsProduction": false, "timestamp": 1638101945.065587}, {"id": 4150, "crashType": "Null-dereference READ", "crashStateLines": ["blosc2_stdio_seek", "blosc_d", "do_job"], "jobType": "c-blosc2_libfuzzer_asan", "isClosed": false, "isFixed": "", "isReproducible": true, "isSecurity": false, "isImpactSet": null, "impacts": {"extendedStable": null, "stable": null, "beta": null, "head": null}, "regressionRange": "", "fixedRange": "", "groupId": 0, "projectName": "test-project", "platform": "linux", "issueId": 0, "showImpacts": false, "impactsProduction": false, "timestamp": 1638101939.809915}, {"id": 3695, "crashType": "Use-of-uninitialized-value", "crashStateLines": ["driver_h3.cc"], "jobType": "h2o_libfuzzer_msan", "isClosed": false, "isFixed": "", "isReproducible": true, "isSecurity": true, "isImpactSet": false, "impacts": {"extendedStable": null, "stable": null, "beta": null, "head": null}, "regressionRange": "", "fixedRange": "", "groupId": 0, "projectName": "test-project", "platform": "linux", "issueId": 0, "showImpacts": false, "impactsProduction": false, "timestamp": 1638101682.356622}, {"id": 2344, "crashType": "Direct-leak", "crashStateLines": ["dwfl_begin", "process_file", "fuzz.cc"], "jobType": "elfutils_libfuzzer_asan", "isClosed": false, "isFixed": "", "isReproducible": true, "isSecurity": false, "isImpactSet": null, "impacts": {"extendedStable": null, "stable": null, "beta": null, "head": null}, "regressionRange": "", "fixedRange": "", "groupId": 0, "projectName": "test-project", "platform": "linux", "issueId": 0, "showImpacts": false, "impactsProduction": false, "timestamp": 1638101513.713501}, {"id": 2337, "crashType": "Use-of-uninitialized-value", "crashStateLines": ["format_command_fuzzer.c", "format_command_fuzzer.c"], "jobType": "hiredis_libfuzzer_msan", "isClosed": false, "isFixed": "", "isReproducible": true, "isSecurity": true, "isImpactSet": false, "impacts": {"extendedStable": null, "stable": null, "beta": null, "head": null}, "regressionRange": "", "fixedRange": "", "groupId": 0, "projectName": "test-project", "platform": "linux", "issueId": 0, "showImpacts": false, "impactsProduction": false, "timestamp": 1638101376.162015}, {"id": 2343, "crashType": "Use-of-uninitialized-value", "crashStateLines": ["_PyLong_FromSTwoDigits", "long_and", "binary_op1"], "jobType": "cpython3_libfuzzer_msan", "isClosed": false, "isFixed": "", "isReproducible": true, "isSecurity": true, "isImpactSet": null, "impacts": {"extendedStable": null, "stable": null, "beta": null, "head": null}, "regressionRange": "", "fixedRange": "", "groupId": 0, "projectName": "test-project", "platform": "linux", "issueId": 0, "showImpacts": false, "impactsProduction": false, "timestamp": 1638101331.9443}, {"id": 2338, "crashType": "Heap-buffer-overflow READ 4", "crashStateLines": ["DoStuff", "do_stuff_fuzzer.cpp"], "jobType": "example_honggfuzz_asan", "isClosed": false, "isFixed": "", "isReproducible": true, "isSecurity": true, "isImpactSet": null, "impacts": {"extendedStable": null, "stable": null, "beta": null, "head": null}, "regressionRange": "", "fixedRange": "", "groupId": 0, "projectName": "test-project", "platform": "linux", "issueId": 0, "showImpacts": false, "impactsProduction": false, "timestamp": 1638101299.261034}, {"id": 2333, "crashType": "Use-of-uninitialized-value", "crashStateLines": ["Validate", "FreeImage_ValidateFIF", "FreeImage_GetFileTypeFromMemory"], "jobType": "freeimage_libfuzzer_msan", "isClosed": false, "isFixed": "", "isReproducible": true, "isSecurity": true, "isImpactSet": false, "impacts": {"extendedStable": null, "stable": null, "beta": null, "head": null}, "regressionRange": "", "fixedRange": "", "groupId": 0, "projectName": "test-project", "platform": "linux", "issueId": 0, "showImpacts": false, "impactsProduction": false, "timestamp": 1638101198.936574}, {"id": 431, "crashType": "Stack-overflow", "crashStateLines": ["nlohmann::detail::binary_reader<nlohmann::basic_json<std::__1::map, std::__1::ve"], "jobType": "json_honggfuzz_asan", "isClosed": false, "isFixed": "", "isReproducible": true, "isSecurity": false, "isImpactSet": null, "impacts": {"extendedStable": null, "stable": null, "beta": null, "head": null}, "regressionRange": "", "fixedRange": "", "groupId": 0, "projectName": "test-project", "platform": "linux", "issueId": 0, "showImpacts": false, "impactsProduction": false, "timestamp": 1638095411.527351}, {"id": 424, "crashType": "Use-of-uninitialized-value", "crashStateLines": ["do_compress", "_lzo1c_do_compress", "lzo1c_9_compress"], "jobType": "lzo_libfuzzer_msan", "isClosed": false, "isFixed": "", "isReproducible": true, "isSecurity": true, "isImpactSet": false, "impacts": {"extendedStable": null, "stable": null, "beta": null, "head": null}, "regressionRange": "", "fixedRange": "", "groupId": 441, "projectName": "test-project", "platform": "linux", "issueId": 0, "showImpacts": false, "impactsProduction": false, "timestamp": 1638095092.196811}, {"id": 408, "crashType": "Timeout", "crashStateLines": ["fuzz_asm_mips64be"], "jobType": "keystone_libfuzzer_asan", "isClosed": false, "isFixed": "", "isReproducible": true, "isSecurity": false, "isImpactSet": false, "impacts": {"extendedStable": null, "stable": null, "beta": null, "head": null}, "regressionRange": "", "fixedRange": "", "groupId": 0, "projectName": "test-project", "platform": "linux", "issueId": 0, "showImpacts": false, "impactsProduction": false, "timestamp": 1638095069.263773}, {"id": 379, "crashType": "Heap-buffer-overflow READ 1", "crashStateLines": ["lzo1f_decompress_safe", "lzo_decompress_target.c"], "jobType": "lzo_libfuzzer_asan", "isClosed": false, "isFixed": "", "isReproducible": true, "isSecurity": true, "isImpactSet": false, "impacts": {"extendedStable": null, "stable": null, "beta": null, "head": null}, "regressionRange": "", "fixedRange": "", "groupId": 23384, "projectName": "test-project", "platform": "linux", "issueId": 0, "showImpacts": false, "impactsProduction": false, "timestamp": 1638094860.73418}, {"id": 24, "crashType": "Use-of-uninitialized-value", "crashStateLines": ["FcConfigFileExists", "FcConfigFilename", "_FcConfigParse"], "jobType": "libass_honggfuzz_msan", "isClosed": false, "isFixed": "", "isReproducible": true, "isSecurity": true, "isImpactSet": null, "impacts": {"extendedStable": null, "stable": null, "beta": null, "head": null}, "regressionRange": "", "fixedRange": "", "groupId": 0, "projectName": "test-project", "platform": "linux", "issueId": 0, "showImpacts": false, "impactsProduction": false, "timestamp": 1638088468.251016}], "page": 5, "pageSize": 20, "totalItems": 99, "totalPages": 5}